Type,Adjective,Noun,HEX,OKLCH_L,OKLCH_C,OKLCH_H,RGB_R,RGB_G,RGB_B,RGB,CMYK_C,CMYK_M,CMYK_Y,CMYK_K,CMYK,CIE_L,CIE_A,CIE_B,CIE_LAB,ERP_Code,Note,Tags,Sheen,Profile,Visual_Pattern,Tactile_Texture,Material,Illuminant,Observer,Measurement_Method,Measurement_Date,Measurement_Device,R400 nm,R410 nm,R420 nm,R430 nm,R440 nm,R450 nm,R460 nm,R470 nm,R480 nm,R490 nm,R500 nm,R510 nm,R520 nm,R530 nm,R540 nm,R550 nm,R560 nm,R570 nm,R580 nm,R590 nm,R600 nm,R610 nm,R620 nm,R630 nm,R640 nm,R650 nm,R660 nm,R670 nm,R680 nm,R690 nm,R700 nm,Spectral
DB,egger,U999 Black,#1a1a1a,0.2177867278046916,0.00000845815242355016,72.58924660566481,26,26,26,"[26, 26, 26]",0%,0%,0%,90%,"[0%, 0%, 0%, 90%]",9.26,0.00,0.00,"[9.26, 0.00, 0.00]",https://www.egger.com/en/furniture-interior-design/decors/U999_19?country=US,https://cdn.egger.com/img/pim/8854562930718/8854562963486/original.png,,,,,,,,,,,,,,,,,,,,,,,,,,,,,,,,,,,,,,,,,,,
DB,egger,W1000 Premium White,#f2f2f2,0.9611523611354927,0.000037328138654936395,72.58924660566441,242,242,242,"[242, 242, 242]",0%,0%,0%,5%,"[0%, 0%, 0%, 5%]",95.49,0.00,0.01,"[95.49, 0.00, 0.01]",https://www.egger.com/en/furniture-interior-design/decors/W1000_9?country=US,https://cdn.egger.com/img/pim/8854982164510/8855117987870/original.png,,,,,,,,,,,,,,,,,,,,,,,,,,,,,,,,,,,,,,,,,,,
DB,egger,H3131 Davos Oak Natural,#B89B78,0.7068074590816319,0.0592437519025268,71.87667517846171,184,155,120,"[184, 155, 120]",0%,16%,35%,28%,"[0%, 16%, 35%, 28%]",65.98,7.37,22.63,"[65.98, 7.37, 22.63]",https://www.egger.com/en/furniture-interior-design/decors/H3131_12?country=US,https://cdn.egger.com/img/pim/8854956769310/8855114678302/original.png,,,,,,,,,,,,,,,,,,,,,,,,,,,,,,,,,,,,,,,,,,,
DB,egger,H1180 Halifax Oak Natural,#A88B68,0.654822268877199,0.06013131021234172,71.71485280792996,168,139,104,"[168, 139, 104]",0%,17%,38%,34%,"[0%, 17%, 38%, 34%]",59.94,7.65,23.10,"[59.94, 7.65, 23.10]",https://www.egger.com/en/furniture-interior-design/decors/H1180_37?country=US,https://cdn.egger.com/img/pim/8854365503518/8854523150366/original.jpg?width=768&srcext=png,,,,,,,,,,,,,,,,,,,,,,,,,,,,,,,,,,,,,,,,,,,
DB,egger,U708 Light Grey,#D3D4D5,0.8694512441458473,0.0017262380483997807,247.74426609228578,211,212,213,"[211, 212, 213]",1%,0%,0%,16%,"[1%, 0%, 0%, 16%]",84.86,-0.21,-0.61,"[84.86, -0.21, -0.61]",https://www.egger.com/en/furniture-interior-design/decors/U708_9?country=US,https://cdn.egger.com/img/pim/8854452371486/8855432232990/original.png,,,,,,,,,,,,,,,,,,,,,,,,,,,,,,,,,,,,,,,,,,,
DB,egger,U732 Dust Grey,#7A7B7D,0.5826966668907061,0.0032419825841648086,264.6130396747184,122,123,125,"[122, 123, 125]",2%,2%,0%,51%,"[2%, 2%, 0%, 51%]",51.58,-0.09,-1.23,"[51.58, -0.09, -1.23]",https://www.egger.com/en/furniture-interior-design/decors/U732_9?country=US,https://cdn.egger.com/img/pim/8854975971358/8855116480542/original.png,,,,,,,,,,,,,,,,,,,,,,,,,,,,,,,,,,,,,,,,,,,
DB,egger,U961 Graphite Grey,#444547,0.3901861640008283,0.003597122714300093,264.5675338839617,68,69,71,"[68, 69, 71]",4%,3%,0%,72%,"[4%, 3%, 0%, 72%]",29.25,-0.09,-1.36,"[29.25, -0.09, -1.36]",https://www.egger.com/en/furniture-interior-design/decors/U961_7?country=US,https://cdn.egger.com/img/pim/8854469476382/8854469509150/original.png,,,,,,,,,,,,,,,,,,,,,,,,,,,,,,,,,,,,,,,,,,,
DB,egger,U727 Stone Grey,#9A9690,0.674723082090659,0.009922370237594205,78.24151747505977,154,150,144,"[154, 150, 144]",0%,3%,6%,40%,"[0%, 3%, 6%, 40%]",62.29,0.69,3.73,"[62.29, 0.69, 3.73]",https://www.egger.com/en/furniture-interior-design/decors/U727_9?country=US,https://cdn.egger.com/img/pim/8854455648286/8854455681054/original.jpg?width=768&srcext=png,,,,,,,,,,,,,,,,,,,,,,,,,,,,,,,,,,,,,,,,,,,
DB,egger,W980 Platinum White,#F4F4F4,0.9671542991978017,0.000037561235076910325,72.58924660548928,244,244,244,"[244, 244, 244]",0%,0%,0%,4%,"[0%, 0%, 0%, 4%]",96.19,0.00,0.01,"[96.19, 0.00, 0.01]",https://www.egger.com/en/furniture-interior-design/decors/W980_7?country=US,https://cdn.egger.com/img/pim/8854566305822/8855317610526/original.png,,,,,,,,,,,,,,,,,,,,,,,,,,,,,,,,,,,,,,,,,,,
DB,egger,U156 Sand Beige,#E6D9C6,0.8906714322094625,0.029288745164920436,77.52026764628135,230,217,198,"[230, 217, 198]",0%,6%,14%,10%,"[0%, 6%, 14%, 10%]",87.37,2.31,11.10,"[87.37, 2.31, 11.10]",https://www.egger.com/en/furniture-interior-design/decors/U156_9?country=US,https://cdn.egger.com/img/pim/8854427598878/8855430168606/original.png,,,,,,,,,,,,,,,,,,,,,,,,,,,,,,,,,,,,,,,,,,,
DB,egger,H3710 Natural Carini Walnut,#796453,0.519707051918036,0.0378618392151558,62.48235448282094,121,100,83,"[121, 100, 83]",0%,17%,31%,53%,"[0%, 17%, 31%, 53%]",44.21,6.47,13.37,"[44.21, 6.47, 13.37]",https://www.egger.com/en/furniture-interior-design/decors/H3710_12?country=US,https://cdn.egger.com/img/pim/8854420127774/8854545104926/original.jpg?width=768&srcext=png,Textured Laminates,,,,,,D65,10,M1,2026-04-21T20:48:08.458Z,Nix Spectro L,9.19772252e-2,9.63606134e-2,9.15692106e-2,8.80524024e-2,8.54544297e-2,8.52037996e-2,8.77226323e-2,9.27751407e-2,1.01615034e-1,1.14339006e-1,1.24770615e-1,1.27870429e-1,1.27524160e-1,1.25932547e-1,1.24103214e-1,1.22435729e-1,1.23715782e-1,1.30109262e-1,1.42992482e-1,1.64648959e-1,1.81264985e-1,1.87337622e-1,1.87376088e-1,1.86393687e-1,1.85710505e-1,1.86416188e-1,1.86620206e-1,1.87146714e-1,1.87940446e-1,1.88782173e-1,1.89408237e-1,"[0.0919772252,0.0963606134,0.0915692106,0.0880524024,0.0854544297,0.0852037996,0.0877226323,0.0927751407,0.101615034,0.114339006,0.124770615,0.127870429,0.12752416,0.125932547,0.124103214,0.122435729,0.123715782,0.130109262,0.142992482,0.164648959,0.181264985,0.187337622,0.187376088,0.186393687,0.185710505,0.186416188,0.186620206,0.187146714,0.187940446,0.188782173,0.189408237]"
DB,egger,U599 PM Indigo Blue PerfectSense,#383c43,0.35566880013503394,0.013570845056309214,260.6044062058711,56,60,67,"[56, 60, 67]",16%,10%,0%,74%,"[16%, 10%, 0%, 74%]",25.21,-0.54,-5.02,"[25.21, -0.54, -5.02]",https://www.egger.com/en/furniture-interior-design/decors/U599_PM?country=US,,Solid Laminates,,,,,,D65,10,M1,2026-09-28T20:37:09.394Z,Nix Spectro L,4.79386255e-2,5.32776706e-2,5.54610416e-2,5.61624795e-2,5.63528322e-2,5.62732615e-2,5.57682745e-2,5.49635150e-2,5.40752374e-2,5.28631367e-2,5.15574865e-2,4.98130180e-2,4.80320819e-2,4.65202577e-2,4.54628766e-2,4.43850555e-2,4.32002425e-2,4.24235389e-2,4.22105014e-2,4.20933954e-2,4.18782048e-2,4.17546235e-2,4.18115646e-2,4.19245869e-2,4.21146266e-2,4.25336815e-2,4.26905669e-2,4.26017545e-2,4.22934964e-2,4.19962145e-2,4.16342251e-2,"[0.0479386255,0.0532776706,0.0554610416,0.0561624795,0.0563528322,0.0562732615,0.0557682745,0.054963515,0.0540752374,0.0528631367,0.0515574865,0.049813018,0.0480320819,0.0465202577,0.0454628766,0.0443850555,0.0432002425,0.0424235389,0.0422105014,0.0420933954,0.0418782048,0.0417546235,0.0418115646,0.0419245869,0.0421146266,0.0425336815,0.0426905669,0.0426017545,0.0422934964,0.0419962145,0.0416342251]"
DB,egger,U999 PM Black PerfectSense,#383839,0.3407618986425787,0.0014091538734310684,294.9204429015049,56,56,57,"[56, 56, 57]",2%,2%,0%,78%,"[2%, 2%, 0%, 78%]",23.51,0.21,-0.48,"[23.51, 0.21, -0.48]",https://www.egger.com/en/furniture-interior-design/decors/U999_PM?country=US,,Solid Laminates,,,,,,D65,10,M1,2026-09-28T22:34:08.331Z,Nix Spectro L,3.80017728e-2,4.10443164e-2,4.13149260e-2,4.11345541e-2,4.09025267e-2,4.06477444e-2,4.02887300e-2,3.99714731e-2,3.98864135e-2,3.97859715e-2,3.98219921e-2,3.97322088e-2,3.95980865e-2,3.94277088e-2,3.93312007e-2,3.92316684e-2,3.92166205e-2,3.93976368e-2,3.96536969e-2,3.98422986e-2,3.98222975e-2,3.96867938e-2,3.95657472e-2,3.94658461e-2,3.94193493e-2,3.95433933e-2,3.94739695e-2,3.93826067e-2,3.92919421e-2,3.92321967e-2,3.91434215e-2,"[0.0380017728,0.0410443164,0.041314926,0.0411345541,0.0409025267,0.0406477444,0.04028873,0.0399714731,0.0398864135,0.0397859715,0.0398219921,0.0397322088,0.0395980865,0.0394277088,0.0393312007,0.0392316684,0.0392166205,0.0393976368,0.0396536969,0.0398422986,0.0398222975,0.0396867938,0.0395657472,0.0394658461,0.0394193493,0.0395433933,0.0394739695,0.0393826067,0.0392919421,0.0392321967,0.0391434215]"
DB,egger,W1100 PM Alpine White PerfectSense,#ebeceb,0.9421878830475864,0.0018046623427460631,122.37478209028785,235,236,235,"[235, 236, 235]",0%,0%,0%,7%,"[0%, 0%, 0%, 7%]",93.31,-0.33,0.58,"[93.31, -0.33, 0.58]",https://www.egger.com/en/furniture-interior-design/decors/W1100_PM?country=US,,Solid Laminates,,,,,,D65,10,M1,2026-09-28T22:35:09.555Z,Nix Spectro L,6.11180007e-1,7.17890227e-1,7.84025729e-1,8.12453449e-1,8.26018071e-1,8.37282193e-1,8.44766068e-1,8.46228206e-1,8.46161497e-1,8.45852852e-1,8.46141076e-1,8.43473363e-1,8.39612055e-1,8.35816717e-1,8.33599353e-1,8.29427707e-1,8.28041339e-1,8.31905568e-1,8.37812090e-1,8.42742169e-1,8.43075728e-1,8.41078269e-1,8.39895463e-1,8.37914884e-1,8.35536122e-1,8.37634790e-1,8.36477768e-1,8.35737145e-1,8.36152840e-1,8.37090683e-1,8.37985229e-1,"[0.611180007,0.717890227,0.784025729,0.812453449,0.826018071,0.837282193,0.844766068,0.846228206,0.846161497,0.845852852,0.846141076,0.843473363,0.839612055,0.835816717,0.833599353,0.829427707,0.828041339,0.831905568,0.83781209,0.842742169,0.843075728,0.841078269,0.839895463,0.837914884,0.835536122,0.83763479,0.836477768,0.835737145,0.83615284,0.837090683,0.837985229]"
DB,egger,U708 PM Light Grey PerfectSense,#c8c8c3,0.8309592064938324,0.006282128572850714,101.48180737130372,200,200,195,"[200, 200, 195]",0%,0%,3%,22%,"[0%, 0%, 3%, 22%]",80.44,-0.44,2.35,"[80.44, -0.44, 2.35]",https://www.egger.com/en/furniture-interior-design/decors/U708_PM?country=US,,Solid Laminates,,,,,,D65,10,M1,2026-09-28T22:36:00.775Z,Nix Spectro L,4.15248173e-1,4.83835310e-1,5.24205971e-1,5.40984297e-1,5.48341572e-1,5.54575467e-1,5.58750904e-1,5.59491241e-1,5.59949398e-1,5.61381376e-1,5.65674353e-1,5.69887924e-1,5.72513485e-1,5.73665237e-1,5.74318707e-1,5.72945046e-1,5.73319459e-1,5.76743996e-1,5.80208135e-1,5.81540489e-1,5.79960561e-1,5.78072047e-1,5.77669072e-1,5.76724076e-1,5.75409877e-1,5.77246845e-1,5.76942694e-1,5.76823378e-1,5.77222037e-1,5.77942002e-1,5.78533006e-1,"[0.415248173,0.48383531,0.524205971,0.540984297,0.548341572,0.554575467,0.558750904,0.559491241,0.559949398,0.561381376,0.565674353,0.569887924,0.572513485,0.573665237,0.574318707,0.572945046,0.573319459,0.576743996,0.580208135,0.581540489,0.579960561,0.578072047,0.577669072,0.576724076,0.575409877,0.577246845,0.576942694,0.576823378,0.577222037,0.577942002,0.578533006]"
DB,egger,U732 PM Dust Grey PerfectSense,#858482,0.6148851081575658,0.0032929702396134832,90.43774509673744,133,132,130,"[133, 132, 130]",0%,1%,2%,48%,"[0%, 1%, 2%, 48%]",55.34,-0.02,1.26,"[55.34, -0.02, 1.26]",https://www.egger.com/en/furniture-interior-design/decors/U732_PM?country=US,,Solid Laminates,,,,,,D65,10,M1,2026-09-28T22:36:48.256Z,Nix Spectro L,1.77135059e-1,2.03922078e-1,2.18492189e-1,2.24217299e-1,2.26361516e-1,2.27897137e-1,2.28343976e-1,2.27452326e-1,2.26506150e-1,2.25904551e-1,2.27341476e-1,2.29635367e-1,2.31271923e-1,2.32136610e-1,2.32689911e-1,2.32352605e-1,2.32423955e-1,2.33676213e-1,2.35118747e-1,2.35645926e-1,2.34894088e-1,2.33991903e-1,2.33699635e-1,2.33442584e-1,2.33421010e-1,2.34951243e-1,2.35805663e-1,2.36858809e-1,2.38056350e-1,2.39276135e-1,2.40246838e-1,"[0.177135059,0.203922078,0.218492189,0.224217299,0.226361516,0.227897137,0.228343976,0.227452326,0.22650615,0.225904551,0.227341476,0.229635367,0.231271923,0.23213661,0.232689911,0.232352605,0.232423955,0.233676213,0.235118747,0.235645926,0.234894088,0.233991903,0.233699635,0.233442584,0.23342101,0.234951243,0.235805663,0.236858809,0.23805635,0.239276135,0.240246838]"
DB,egger,U961 PM Graphite Grey PerfectSense,#4d4c4c,0.4167902342075413,0.0013659790382428733,11.838663833255225,77,76,76,"[77, 76, 76]",0%,1%,1%,70%,"[0%, 1%, 1%, 70%]",32.33,0.45,0.11,"[32.33, 0.45, 0.11]",https://www.egger.com/en/furniture-interior-design/decors/U961_PM?country=US,,Solid Laminates,,,,,,D65,10,M1,2026-09-28T22:37:37.172Z,Nix Spectro L,6.28208540e-2,6.97376072e-2,7.21237794e-2,7.27541938e-2,7.27832273e-2,7.27054790e-2,7.23409697e-2,7.18057454e-2,7.14898109e-2,7.12618455e-2,7.15524554e-2,7.18654051e-2,7.19750017e-2,7.19147831e-2,7.18841210e-2,7.17083916e-2,7.16673672e-2,7.20831677e-2,7.27505818e-2,7.33481988e-2,7.35034898e-2,7.34395757e-2,7.34279811e-2,7.34292954e-2,7.35748082e-2,7.42056489e-2,7.45925650e-2,7.49886185e-2,7.53563657e-2,7.57242411e-2,7.59762228e-2,"[0.062820854,0.0697376072,0.0721237794,0.0727541938,0.0727832273,0.072705479,0.0723409697,0.0718057454,0.0714898109,0.0712618455,0.0715524554,0.0718654051,0.0719750017,0.0719147831,0.071884121,0.0717083916,0.0716673672,0.0720831677,0.0727505818,0.0733481988,0.0735034898,0.0734395757,0.0734279811,0.0734292954,0.0735748082,0.0742056489,0.074592565,0.0749886185,0.0753563657,0.0757242411,0.0759762228]"
DB,egger,W1000 TM9 Premium White PerfectSense,#eceee7,0.9456615764789125,0.008889765706916977,115.93740938754263,236,238,231,"[236, 238, 231]",1%,0%,3%,7%,"[1%, 0%, 3%, 7%]",93.79,-1.33,3.04,"[93.79, -1.33, 3.04]",https://www.egger.com/en/furniture-interior-design/decors/W1000_TM?country=US,,Solid Laminates,,,,,,D65,10,M1,2026-09-28T22:38:30.525Z,Nix Spectro L,5.50203347e-1,6.61617923e-1,7.39191234e-1,7.76160967e-1,7.97308123e-1,8.14451551e-1,8.26649046e-1,8.31947541e-1,8.35251427e-1,8.39107704e-1,8.44694400e-1,8.48544466e-1,8.50075293e-1,8.49900341e-1,8.48866761e-1,8.44663954e-1,8.44319153e-1,8.49221182e-1,8.53354931e-1,8.53907585e-1,8.50334036e-1,8.47117710e-1,8.46765065e-1,8.45169091e-1,8.42181098e-1,8.43224645e-1,8.41147494e-1,8.39630187e-1,8.39059973e-1,8.38973725e-1,8.38858676e-1,"[0.550203347,0.661617923,0.739191234,0.776160967,0.797308123,0.814451551,0.826649046,0.831947541,0.835251427,0.839107704,0.8446944,0.848544466,0.850075293,0.849900341,0.848866761,0.844663954,0.844319153,0.849221182,0.853354931,0.853907585,0.850334036,0.84711771,0.846765065,0.845169091,0.842181098,0.843224645,0.841147494,0.839630187,0.839059973,0.838973725,0.838858676]"
DB,egger,U999 TM9 Black PerfectSense,#383839,0.3408259154686346,0.0010857964908116177,288.24849058093366,56,56,57,"[56, 56, 57]",2%,2%,0%,78%,"[2%, 2%, 0%, 78%]",23.53,0.12,-0.39,"[23.53, 0.12, -0.39]",https://www.egger.com/en/furniture-interior-design/decors/U999_TM?country=US,,Solid Laminates,,,,,,D65,10,M1,2026-09-28T22:39:13.023Z,Nix Spectro L,3.72011647e-2,4.03067864e-2,4.07899603e-2,4.07729246e-2,4.06727090e-2,4.05172214e-2,4.02392261e-2,3.99858937e-2,3.99551660e-2,3.99171263e-2,3.99838567e-2,3.98736753e-2,3.97015497e-2,3.94953683e-2,3.93624291e-2,3.92302141e-2,3.92178684e-2,3.94328713e-2,3.97035912e-2,3.98726530e-2,3.98167275e-2,3.96532439e-2,3.95225056e-2,3.94212067e-2,3.93745251e-2,3.95054564e-2,3.94545108e-2,3.93839329e-2,3.93059194e-2,3.92538942e-2,3.91652934e-2,"[0.0372011647,0.0403067864,0.0407899603,0.0407729246,0.040672709,0.0405172214,0.0402392261,0.0399858937,0.039955166,0.0399171263,0.0399838567,0.0398736753,0.0397015497,0.0394953683,0.0393624291,0.0392302141,0.0392178684,0.0394328713,0.0397035912,0.039872653,0.0398167275,0.0396532439,0.0395225056,0.0394212067,0.0393745251,0.0395054564,0.0394545108,0.0393839329,0.0393059194,0.0392538942,0.0391652934]"
DB,egger,W1101 ST9 Alpine White Colored Core,#efedee,0.9486345639261484,0.0017324319008010945,338.0752453137327,239,237,238,"[239, 237, 238]",0%,1%,0%,6%,"[0%, 1%, 0%, 6%]",94.02,0.55,-0.24,"[94.02, 0.55, -0.24]",https://www.egger.com/en/furniture-interior-design/decors/W1101_9?country=US,,Solid Laminates,,,,,,D65,10,M1,2026-09-28T22:40:15.475Z,Nix Spectro L,6.40844846e-1,7.49175394e-1,8.14210618e-1,8.41505957e-1,8.53686965e-1,8.64066422e-1,8.71408510e-1,8.73198855e-1,8.73951793e-1,8.74637341e-1,8.73632944e-1,8.66194046e-1,8.57341874e-1,8.49667954e-1,8.45031166e-1,8.39191461e-1,8.36620116e-1,8.40235889e-1,8.46587026e-1,8.53303528e-1,8.58082938e-1,8.64333308e-1,8.72504115e-1,8.76833320e-1,8.79413247e-1,8.86670887e-1,8.89673781e-1,8.91413116e-1,8.92575717e-1,8.94027102e-1,8.95088911e-1,"[0.640844846,0.749175394,0.814210618,0.841505957,0.853686965,0.864066422,0.87140851,0.873198855,0.873951793,0.874637341,0.873632944,0.866194046,0.857341874,0.849667954,0.845031166,0.839191461,0.836620116,0.840235889,0.846587026,0.853303528,0.858082938,0.864333308,0.872504115,0.87683332,0.879413247,0.886670887,0.889673781,0.891413116,0.892575717,0.894027102,0.895088911]"
DB,egger,W1001 ST9 Premium White Colored Core,#efefeb,0.9512161450234818,0.005734597598464785,108.86323255241291,239,239,235,"[239, 239, 235]",0%,0%,2%,6%,"[0%, 0%, 2%, 6%]",94.39,-0.64,2.06,"[94.39, -0.64, 2.06]",https://www.egger.com/en/furniture-interior-design/decors/W1001_9?country=US,,Solid Laminates,,,,,,D65,10,M1,2026-09-28T22:41:11.817Z,Nix Spectro L,6.00353491e-1,7.10655010e-1,7.81160998e-1,8.12356043e-1,8.28074646e-1,8.41012383e-1,8.50027955e-1,8.52954590e-1,8.54697978e-1,8.57619917e-1,8.62612450e-1,8.64976752e-1,8.64552712e-1,8.62718499e-1,8.60869670e-1,8.56107271e-1,8.54670060e-1,8.59021652e-1,8.64180672e-1,8.66624880e-1,8.65359998e-1,8.64725280e-1,8.66862607e-1,8.67549479e-1,8.67661107e-1,8.73057842e-1,8.75562632e-1,8.78361332e-1,8.81519794e-1,8.84821212e-1,8.87445700e-1,"[0.600353491,0.71065501,0.781160998,0.812356043,0.828074646,0.841012383,0.850027955,0.85295459,0.854697978,0.857619917,0.86261245,0.864976752,0.864552712,0.862718499,0.86086967,0.856107271,0.85467006,0.859021652,0.864180672,0.86662488,0.865359998,0.86472528,0.866862607,0.867549479,0.867661107,0.873057842,0.875562632,0.878361332,0.881519794,0.884821212,0.8874457]"
DB,egger,U7801 ST9 Light Grey Colored Core,#c7c6c2,0.8264418462189554,0.0056427775445921655,96.7569956638888,199,198,194,"[199, 198, 194]",0%,1%,3%,22%,"[0%, 1%, 3%, 22%]",79.90,-0.24,2.14,"[79.90, -0.24, 2.14]",https://www.egger.com/en/furniture-interior-design/decors/U7801_9?country=US,,Solid Laminates,,,,,,D65,10,M1,2026-09-28T22:42:02.150Z,Nix Spectro L,4.27017874e-1,4.91303456e-1,5.25572085e-1,5.38496971e-1,5.42671549e-1,5.46535420e-1,5.49218154e-1,5.49241018e-1,5.49641621e-1,5.51485860e-1,5.56232953e-1,5.60420740e-1,5.62858140e-1,5.63843811e-1,5.64547253e-1,5.63415217e-1,5.63802528e-1,5.67111659e-1,5.70431197e-1,5.71334493e-1,5.69780087e-1,5.68602657e-1,5.69166219e-1,5.69084811e-1,5.68804932e-1,5.71918035e-1,5.72927558e-1,5.73900712e-1,5.75120795e-1,5.76588261e-1,5.77776718e-1,"[0.427017874,0.491303456,0.525572085,0.538496971,0.542671549,0.54653542,0.549218154,0.549241018,0.549641621,0.55148586,0.556232953,0.56042074,0.56285814,0.563843811,0.564547253,0.563415217,0.563802528,0.567111659,0.570431197,0.571334493,0.569780087,0.568602657,0.569166219,0.569084811,0.568804932,0.571918035,0.572927558,0.573900712,0.575120795,0.576588261,0.577776718]"
DB,egger,U9631 ST9 Diamond Grey Colored Core,#5c5c5c,0.47377817129565375,0.0011147077387269673,280.35395559228414,92,92,92,"[92, 92, 92]",0%,0%,0%,64%,"[0%, 0%, 0%, 64%]",38.95,0.07,-0.42,"[38.95, 0.07, -0.42]",https://www.egger.com/en/furniture-interior-design/decors/U9631_9?country=US,,Solid Laminates,,,,,,D65,10,M1,2026-09-28T22:42:53.826Z,Nix Spectro L,9.54760984e-2,1.05528711e-1,1.08708239e-1,1.09357283e-1,1.09008364e-1,1.08658099e-1,1.08005323e-1,1.07109244e-1,1.06519432e-1,1.06051593e-1,1.06281793e-1,1.06506357e-1,1.06496410e-1,1.06305902e-1,1.06266998e-1,1.06021306e-1,1.05830191e-1,1.06188676e-1,1.06832145e-1,1.07133204e-1,1.06762627e-1,1.06108764e-1,1.05607320e-1,1.05273923e-1,1.05151170e-1,1.05670299e-1,1.05792527e-1,1.05874190e-1,1.05940790e-1,1.06061089e-1,1.06104906e-1,"[0.0954760984,0.105528711,0.108708239,0.109357283,0.109008364,0.108658099,0.108005323,0.107109244,0.106519432,0.106051593,0.106281793,0.106506357,0.10649641,0.106305902,0.106266998,0.106021306,0.105830191,0.106188676,0.106832145,0.107133204,0.106762627,0.106108764,0.10560732,0.105273923,0.10515117,0.105670299,0.105792527,0.10587419,0.10594079,0.106061089,0.106104906]"
DB,egger,U7021 ST9 Cashmere Grey Colored Core,#c4bab2,0.7952259069467886,0.015918959542396725,62.28198871802664,196,186,178,"[196, 186, 178]",0%,5%,9%,23%,"[0%, 5%, 9%, 23%]",76.22,2.53,5.44,"[76.22, 2.53, 5.44]",https://www.egger.com/en/furniture-interior-design/decors/U7021_9?country=US,,Solid Laminates,,,,,,D65,10,M1,2026-09-28T22:44:11.917Z,Nix Spectro L,3.60556722e-1,4.12463355e-1,4.37837362e-1,4.47097975e-1,4.49863142e-1,4.52925229e-1,4.55759770e-1,4.57324338e-1,4.60319829e-1,4.65208501e-1,4.71323806e-1,4.75594789e-1,4.79355025e-1,4.82652968e-1,4.86531645e-1,4.90863311e-1,4.99194872e-1,5.11002362e-1,5.21706629e-1,5.30912006e-1,5.35613608e-1,5.36920571e-1,5.37570882e-1,5.37145364e-1,5.36520481e-1,5.39132965e-1,5.39925790e-1,5.41027915e-1,5.42574811e-1,5.44374597e-1,5.45919275e-1,"[0.360556722,0.412463355,0.437837362,0.447097975,0.449863142,0.452925229,0.45575977,0.457324338,0.460319829,0.465208501,0.471323806,0.475594789,0.479355025,0.482652968,0.486531645,0.490863311,0.499194872,0.511002362,0.521706629,0.530912006,0.535613608,0.536920571,0.537570882,0.537145364,0.536520481,0.539132965,0.53992579,0.541027915,0.542574811,0.544374597,0.545919275]"
DB,egger,W1100 ST19 Alpine White,#eeeeef,0.9498902496047086,0.000664849169739982,254.76314613658383,238,238,239,"[238, 238, 239]",0%,0%,0%,6%,"[0%, 0%, 0%, 6%]",94.19,-0.06,-0.24,"[94.19, -0.06, -0.24]",https://www.egger.com/en/furniture-interior-design/decors/W1100_19?country=US,https://cdn.egger.com/img/pim/8854525018142/8854525050910/original.png,Textured Laminates,,,,,,D65,10,M1,2026-09-28T22:46:55.503Z,Nix Spectro L,6.66766524e-1,7.70946956e-1,8.29541278e-1,8.52552795e-1,8.61100793e-1,8.68500888e-1,8.73037052e-1,8.72255099e-1,8.70566058e-1,8.68729627e-1,8.67972803e-1,8.64404833e-1,8.59887171e-1,8.55668700e-1,8.53664899e-1,8.49910629e-1,8.48085845e-1,8.51152742e-1,8.57020891e-1,8.62263072e-1,8.62970197e-1,8.61012387e-1,8.59466827e-1,8.57324207e-1,8.55185783e-1,8.57779443e-1,8.56898046e-1,8.56282055e-1,8.56886983e-1,8.58083856e-1,8.59281790e-1,"[0.666766524,0.770946956,0.829541278,0.852552795,0.861100793,0.868500888,0.873037052,0.872255099,0.870566058,0.868729627,0.867972803,0.864404833,0.859887171,0.8556687,0.853664899,0.849910629,0.848085845,0.851152742,0.857020891,0.862263072,0.862970197,0.861012387,0.859466827,0.857324207,0.855185783,0.857779443,0.856898046,0.856282055,0.856886983,0.858083856,0.85928179]"
DB,egger,W1100 ST9 Alpine White,#eceded,0.9449511143764517,0.0010288333821360804,253.1367851163909,236,237,237,"[236, 237, 237]",0%,0%,0%,7%,"[0%, 0%, 0%, 7%]",93.61,-0.10,-0.38,"[93.61, -0.10, -0.38]",https://www.egger.com/en/furniture-interior-design/decors/W1100_9?country=US,,Solid Laminates,,,,,,D65,10,M1,2026-09-28T22:47:48.949Z,Nix Spectro L,6.59730017e-1,7.62221205e-1,8.19490921e-1,8.41691208e-1,8.49633014e-1,8.56626570e-1,8.61021960e-1,8.60259926e-1,8.58654904e-1,8.56935418e-1,8.56051946e-1,8.52044332e-1,8.47113502e-1,8.42606688e-1,8.40444720e-1,8.36646378e-1,8.34792602e-1,8.37774372e-1,8.43552792e-1,8.48641467e-1,8.49183357e-1,8.46920693e-1,8.45021975e-1,8.42658472e-1,8.40319431e-1,8.42628717e-1,8.41491604e-1,8.40550172e-1,8.40832007e-1,8.41733336e-1,8.42673802e-1,"[0.659730017,0.762221205,0.819490921,0.841691208,0.849633014,0.85662657,0.86102196,0.860259926,0.858654904,0.856935418,0.856051946,0.852044332,0.847113502,0.842606688,0.84044472,0.836646378,0.834792602,0.837774372,0.843552792,0.848641467,0.849183357,0.846920693,0.845021975,0.842658472,0.840319431,0.842628717,0.841491604,0.840550172,0.840832007,0.841733336,0.842673802]"
DB,egger,U999 ST19 Black,#424344,0.3813754509944933,0.00295193757600425,277.00357771415975,66,67,68,"[66, 67, 68]",3%,1%,0%,73%,"[3%, 1%, 0%, 73%]",28.22,0.14,-1.11,"[28.22, 0.14, -1.11]",https://www.egger.com/en/furniture-interior-design/decors/U999_19?country=US,https://cdn.egger.com/img/pim/8860203089950/8860203122718/original.png,Textured Laminates,,,,,,D65,10,M1,2026-09-28T22:48:31.853Z,Nix Spectro L,5.85599631e-2,6.20592490e-2,6.11108750e-2,5.99951267e-2,5.88650197e-2,5.79869375e-2,5.72100818e-2,5.66467710e-2,5.65479018e-2,5.65434471e-2,5.66375352e-2,5.63415691e-2,5.59390783e-2,5.55183813e-2,5.53138018e-2,5.51194929e-2,5.48964530e-2,5.49306639e-2,5.52163623e-2,5.54585367e-2,5.54145671e-2,5.51642589e-2,5.48905857e-2,5.46928756e-2,5.46189792e-2,5.48069417e-2,5.47061816e-2,5.45338891e-2,5.43533973e-2,5.42326011e-2,5.41015886e-2,"[0.0585599631,0.062059249,0.061110875,0.0599951267,0.0588650197,0.0579869375,0.0572100818,0.056646771,0.0565479018,0.0565434471,0.0566375352,0.0563415691,0.0559390783,0.0555183813,0.0553138018,0.0551194929,0.054896453,0.0549306639,0.0552163623,0.0554585367,0.0554145671,0.0551642589,0.0548905857,0.0546928756,0.0546189792,0.0548069417,0.0547061816,0.0545338891,0.0543533973,0.0542326011,0.0541015886]"
DB,egger,W1050 ST7 Coastal White,#eaebea,0.9390750027780767,0.0025479586953154865,139.78381150931068,234,235,234,"[234, 235, 234]",0%,0%,0%,8%,"[0%, 0%, 0%, 8%]",92.97,-0.66,0.62,"[92.97, -0.66, 0.62]",https://www.egger.com/en/furniture-interior-design/decors/W1050_7?country=US,,Solid Laminates,,,,,,D65,10,M1,2026-09-28T22:49:23.505Z,Nix Spectro L,6.36804867e-1,7.35452151e-1,7.90434766e-1,8.11951244e-1,8.19855452e-1,8.26953590e-1,8.31796503e-1,8.31894195e-1,8.31588244e-1,8.32083380e-1,8.34611297e-1,8.34801924e-1,8.33182335e-1,8.30777872e-1,8.29354692e-1,8.25538278e-1,8.23542917e-1,8.26041198e-1,8.30320489e-1,8.32752645e-1,8.31004333e-1,8.27677786e-1,8.25677359e-1,8.23265994e-1,8.20535111e-1,8.22137749e-1,8.20326352e-1,8.18489158e-1,8.17605829e-1,8.17390490e-1,8.17292333e-1,"[0.636804867,0.735452151,0.790434766,0.811951244,0.819855452,0.82695359,0.831796503,0.831894195,0.831588244,0.83208338,0.834611297,0.834801924,0.833182335,0.830777872,0.829354692,0.825538278,0.823542917,0.826041198,0.830320489,0.832752645,0.831004333,0.827677786,0.825677359,0.823265994,0.820535111,0.822137749,0.820326352,0.818489158,0.817605829,0.81739049,0.817292333]"
DB,egger,W960 ST7 Classics White,#e4e6e3,0.9232623341877315,0.004943285058304201,135.05757206760023,228,230,227,"[228, 230, 227]",1%,0%,1%,10%,"[1%, 0%, 1%, 10%]",91.16,-1.20,1.32,"[91.16, -1.20, 1.32]",https://www.egger.com/en/furniture-interior-design/decors/W960_7?country=US,,Solid Laminates,,,,,,D65,10,M1,2026-09-28T22:50:14.624Z,Nix Spectro L,6.33764827e-1,7.17877984e-1,7.56442285e-1,7.68746746e-1,7.70111823e-1,7.73014271e-1,7.76299238e-1,7.77286804e-1,7.80070961e-1,7.85455585e-1,7.92676353e-1,7.95851541e-1,7.95920420e-1,7.94159150e-1,7.92621458e-1,7.88313985e-1,7.85112870e-1,7.85910618e-1,7.88452768e-1,7.89014387e-1,7.86346364e-1,7.83087683e-1,7.81452000e-1,7.79416013e-1,7.77114725e-1,7.78927529e-1,7.77359307e-1,7.75578749e-1,7.74671543e-1,7.74481142e-1,7.74466681e-1,"[0.633764827,0.717877984,0.756442285,0.768746746,0.770111823,0.773014271,0.776299238,0.777286804,0.780070961,0.785455585,0.792676353,0.795851541,0.79592042,0.79415915,0.792621458,0.788313985,0.78511287,0.785910618,0.788452768,0.789014387,0.786346364,0.783087683,0.781452,0.779416013,0.777114725,0.778927529,0.777359307,0.775578749,0.774671543,0.774481142,0.774466681]"
DB,egger,U216 ST9 Came Beige,#e8e2d7,0.9149515905568983,0.016547462920337774,83.8716959229975,232,226,215,"[232, 226, 215]",0%,3%,7%,9%,"[0%, 3%, 7%, 9%]",90.19,0.62,6.32,"[90.19, 0.62, 6.32]",https://www.egger.com/en/furniture-interior-design/decors/U216_9?country=US,,Solid Laminates,,,,,,D65,10,M1,2026-09-28T22:51:10.513Z,Nix Spectro L,5.82952309e-1,6.53434968e-1,6.79780638e-1,6.86441529e-1,6.84901571e-1,6.86228108e-1,6.89690506e-1,6.93041146e-1,7.00426888e-1,7.12803698e-1,7.28379810e-1,7.40575302e-1,7.49308312e-1,7.54782951e-1,7.58902764e-1,7.61166751e-1,7.66919839e-1,7.77033532e-1,7.86906075e-1,7.94967687e-1,7.97541475e-1,7.96253932e-1,7.94774115e-1,7.92332184e-1,7.89362383e-1,7.90526676e-1,7.88519299e-1,7.86693931e-1,7.85881925e-1,7.85837936e-1,7.85993290e-1,"[0.582952309,0.653434968,0.679780638,0.686441529,0.684901571,0.686228108,0.689690506,0.693041146,0.700426888,0.712803698,0.72837981,0.740575302,0.749308312,0.754782951,0.758902764,0.761166751,0.766919839,0.777033532,0.786906075,0.794967687,0.797541475,0.796253932,0.794774115,0.792332184,0.789362383,0.790526676,0.788519299,0.786693931,0.785881925,0.785837936,0.78599329]"
DB,egger,U104 ST7 Alabaster White,#ebe7d6,0.9255548184976087,0.022161736941128357,94.73041359211527,235,231,214,"[235, 231, 214]",0%,2%,9%,8%,"[0%, 2%, 9%, 8%]",91.50,-0.56,8.50,"[91.50, -0.56, 8.50]",https://www.egger.com/en/furniture-interior-design/decors/U104_7?country=US,,Solid Laminates,,,,,,D65,10,M1,2026-09-28T22:51:58.929Z,Nix Spectro L,5.22468495e-1,6.06439269e-1,6.53356373e-1,6.73046398e-1,6.82069147e-1,6.90532708e-1,6.97612512e-1,7.01666200e-1,7.07247174e-1,7.17142844e-1,7.34851611e-1,7.56122959e-1,7.74102831e-1,7.86768842e-1,7.94886029e-1,7.99382246e-1,8.07663059e-1,8.18702018e-1,8.24290085e-1,8.22373509e-1,8.16245317e-1,8.11767888e-1,8.11104560e-1,8.09381127e-1,8.06211114e-1,8.06956553e-1,8.04882455e-1,8.03316665e-1,8.02516580e-1,8.02335477e-1,8.02201664e-1,"[0.522468495,0.606439269,0.653356373,0.673046398,0.682069147,0.690532708,0.697612512,0.7016662,0.707247174,0.717142844,0.734851611,0.756122959,0.774102831,0.786768842,0.794886029,0.799382246,0.807663059,0.818702018,0.824290085,0.822373509,0.816245317,0.811767888,0.81110456,0.809381127,0.806211114,0.806956553,0.804882455,0.803316665,0.80251658,0.802335477,0.802201664]"
DB,egger,U705 ST9 Angora Grey,#d9d3cb,0.8690043305908999,0.012569812059181675,72.07558289086109,217,211,203,"[217, 211, 203]",0%,3%,6%,15%,"[0%, 3%, 6%, 15%]",84.82,1.32,4.60,"[84.82, 1.32, 4.60]",https://www.egger.com/en/furniture-interior-design/decors/U705_9?country=US,,Solid Laminates,,,,,,D65,10,M1,2026-09-28T22:52:43.737Z,Nix Spectro L,4.65154546e-1,5.38978446e-1,5.80142963e-1,5.96678317e-1,6.03279340e-1,6.09037316e-1,6.12995338e-1,6.13713658e-1,6.14725280e-1,6.17311811e-1,6.23526716e-1,6.30370474e-1,6.36406302e-1,6.41100121e-1,6.45516646e-1,6.49006498e-1,6.56090772e-1,6.66670334e-1,6.75661218e-1,6.81648898e-1,6.82952607e-1,6.82129586e-1,6.81987679e-1,6.80862522e-1,6.79232919e-1,6.81373072e-1,6.81064570e-1,6.81041420e-1,6.81629026e-1,6.82625413e-1,6.83483768e-1,"[0.465154546,0.538978446,0.580142963,0.596678317,0.60327934,0.609037316,0.612995338,0.613713658,0.61472528,0.617311811,0.623526716,0.630370474,0.636406302,0.641100121,0.645516646,0.649006498,0.656090772,0.666670334,0.675661218,0.681648898,0.682952607,0.682129586,0.681987679,0.680862522,0.679232919,0.681373072,0.68106457,0.68104142,0.681629026,0.682625413,0.683483768]"
DB,egger,U750 ST9 Taupe Grey,#c6bfb4,0.806914209595071,0.01691072265858301,79.97768164804745,198,191,180,"[198, 191, 180]",0%,4%,9%,22%,"[0%, 4%, 9%, 22%]",77.65,1.04,6.42,"[77.65, 1.04, 6.42]",https://www.egger.com/en/furniture-interior-design/decors/U750_9?country=US,,Solid Laminates,,,,,,D65,10,M1,2026-09-28T22:53:30.044Z,Nix Spectro L,3.35910720e-1,3.97084397e-1,4.35379004e-1,4.52529758e-1,4.61410791e-1,4.68556756e-1,4.73295695e-1,4.74875653e-1,4.76339173e-1,4.79444391e-1,4.87195969e-1,4.97516418e-1,5.06656611e-1,5.13503838e-1,5.18521965e-1,5.22028255e-1,5.28763998e-1,5.38184118e-1,5.45091867e-1,5.48644197e-1,5.48705494e-1,5.48356688e-1,5.49426198e-1,5.49375653e-1,5.48687375e-1,5.51135802e-1,5.51930737e-1,5.53274071e-1,5.55004847e-1,5.56883693e-1,5.58409441e-1,"[0.33591072,0.397084397,0.435379004,0.452529758,0.461410791,0.468556756,0.473295695,0.474875653,0.476339173,0.479444391,0.487195969,0.497516418,0.506656611,0.513503838,0.518521965,0.522028255,0.528763998,0.538184118,0.545091867,0.548644197,0.548705494,0.548356688,0.549426198,0.549375653,0.548687375,0.551135802,0.551930737,0.553274071,0.555004847,0.556883693,0.558409441]"
DB,egger,U702 ST9 Cashmere Grey,#c4bbb3,0.7978425655871635,0.014870319435975474,65.8295938725995,196,187,179,"[196, 187, 179]",0%,5%,9%,23%,"[0%, 5%, 9%, 23%]",76.54,2.08,5.23,"[76.54, 2.08, 5.23]",https://www.egger.com/en/furniture-interior-design/decors/U702_9?country=US,,Solid Laminates,,,,,,D65,10,M1,2026-09-28T22:54:14.586Z,Nix Spectro L,3.53827775e-1,4.09532315e-1,4.40081733e-1,4.52331948e-1,4.57215852e-1,4.61467510e-1,4.64423960e-1,4.65156001e-1,4.66430914e-1,4.69167840e-1,4.74684530e-1,4.80547422e-1,4.85944778e-1,4.90405273e-1,4.94762808e-1,4.98917937e-1,5.06594586e-1,5.17330289e-1,5.26607299e-1,5.33771133e-1,5.36680448e-1,5.37038827e-1,5.37389898e-1,5.36803603e-1,5.35911715e-1,5.38162184e-1,5.38620567e-1,5.39395571e-1,5.40581417e-1,5.42013383e-1,5.43204141e-1,"[0.353827775,0.409532315,0.440081733,0.452331948,0.457215852,0.46146751,0.46442396,0.465156001,0.466430914,0.46916784,0.47468453,0.480547422,0.485944778,0.490405273,0.494762808,0.498917937,0.506594586,0.517330289,0.526607299,0.533771133,0.536680448,0.537038827,0.537389898,0.536803603,0.535911715,0.538162184,0.538620567,0.539395571,0.540581417,0.542013383,0.543204141]"
DB,egger,U201 ST9 Pebble Grey,#aba69d,0.726343196699634,0.013281092205270108,80.41657387119324,171,166,157,"[171, 166, 157]",0%,3%,8%,33%,"[0%, 3%, 8%, 33%]",68.29,0.77,5.04,"[68.29, 0.77, 5.04]",https://www.egger.com/en/furniture-interior-design/decors/U201_9?country=US,,Solid Laminates,,,,,,D65,10,M1,2026-09-28T22:54:56.728Z,Nix Spectro L,2.54440343e-1,2.98219991e-1,3.24834996e-1,3.36680490e-1,3.42729813e-1,3.47512209e-1,3.50429738e-1,3.51081264e-1,3.51671118e-1,3.53270483e-1,3.58195519e-1,3.64911729e-1,3.70875096e-1,3.75325149e-1,3.78678048e-1,3.81026357e-1,3.85576433e-1,3.92112577e-1,3.97037232e-1,3.99516565e-1,3.99085325e-1,3.97826272e-1,3.97439229e-1,3.96616983e-1,3.95434999e-1,3.96387500e-1,3.96066970e-1,3.96034086e-1,3.96254677e-1,3.96666318e-1,3.96933770e-1,"[0.254440343,0.298219991,0.324834996,0.33668049,0.342729813,0.347512209,0.350429738,0.351081264,0.351671118,0.353270483,0.358195519,0.364911729,0.370875096,0.375325149,0.378678048,0.381026357,0.385576433,0.392112577,0.397037232,0.399516565,0.399085325,0.397826272,0.397439229,0.396616983,0.395434999,0.3963875,0.39606697,0.396034086,0.396254677,0.396666318,0.39693377]"
DB,egger,U727 ST9 Stone Grey,#a3988d,0.6852933643925242,0.02044888567491376,66.33938077271563,163,152,141,"[163, 152, 141]",0%,7%,13%,36%,"[0%, 7%, 13%, 36%]",63.48,2.87,7.26,"[63.48, 2.87, 7.26]",https://www.egger.com/en/furniture-interior-design/decors/U727_9?country=US,,Solid Laminates,,,,,,D65,10,M1,2026-09-28T22:55:37.788Z,Nix Spectro L,1.98256907e-1,2.33775118e-1,2.55491471e-1,2.65469730e-1,2.70932955e-1,2.75048429e-1,2.77364010e-1,2.77886951e-1,2.78485566e-1,2.80024886e-1,2.84665221e-1,2.91533166e-1,2.98447216e-1,3.04343104e-1,3.09470898e-1,3.14675820e-1,3.22979683e-1,3.33249068e-1,3.41309530e-1,3.47317445e-1,3.49769288e-1,3.50048369e-1,3.50228488e-1,3.49756318e-1,3.49027240e-1,3.50345266e-1,3.50739479e-1,3.51583433e-1,3.52619225e-1,3.53743529e-1,3.54608124e-1,"[0.198256907,0.233775118,0.255491471,0.26546973,0.270932955,0.275048429,0.27736401,0.277886951,0.278485566,0.280024886,0.284665221,0.291533166,0.298447216,0.304343104,0.309470898,0.31467582,0.322979683,0.333249068,0.34130953,0.347317445,0.349769288,0.350048369,0.350228488,0.349756318,0.34902724,0.350345266,0.350739479,0.351583433,0.352619225,0.353743529,0.354608124]"
DB,egger,U767 ST9 Cubanit Grey,#847e77,0.5958649661993008,0.012722958887378217,65.89663241633355,132,126,119,"[132, 126, 119]",0%,5%,10%,48%,"[0%, 5%, 10%, 48%]",53.11,1.79,4.48,"[53.11, 1.79, 4.48]",https://www.egger.com/en/furniture-interior-design/decors/U767_9?country=US,,Solid Laminates,,,,,,D65,10,M1,2026-09-28T22:56:25.584Z,Nix Spectro L,1.43024889e-1,1.66001222e-1,1.79125169e-1,1.84958971e-1,1.87969291e-1,1.90138206e-1,1.91083509e-1,1.90894270e-1,1.90780684e-1,1.91113526e-1,1.93396530e-1,1.96938911e-1,2.00400496e-1,2.03246969e-1,2.05736244e-1,2.08110169e-1,2.12023759e-1,2.17179239e-1,2.21353826e-1,2.24285489e-1,2.25117901e-1,2.24793312e-1,2.24551943e-1,2.24106196e-1,2.23643303e-1,2.24495947e-1,2.24720904e-1,2.25177994e-1,2.25722799e-1,2.26329738e-1,2.26765174e-1,"[0.143024889,0.166001222,0.179125169,0.184958971,0.187969291,0.190138206,0.191083509,0.19089427,0.190780684,0.191113526,0.19339653,0.196938911,0.200400496,0.203246969,0.205736244,0.208110169,0.212023759,0.217179239,0.221353826,0.224285489,0.225117901,0.224793312,0.224551943,0.224106196,0.223643303,0.224495947,0.224720904,0.225177994,0.225722799,0.226329738,0.226765174]"
DB,egger,U604 ST9 Reed Green,#7f8980,0.6181448131325707,0.01754887442230042,146.87043099899205,127,137,128,"[127, 137, 128]",7%,0%,7%,46%,"[7%, 0%, 7%, 46%]",55.94,-5.02,3.62,"[55.94, -5.02, 3.62]",https://www.egger.com/en/furniture-interior-design/decors/U604_9?country=US,,Solid Laminates,,,,,,D65,10,M1,2026-09-28T22:57:15.285Z,Nix Spectro L,1.43144703e-1,1.73541847e-1,1.95829916e-1,2.07269976e-1,2.14597070e-1,2.20055306e-1,2.23322773e-1,2.24433202e-1,2.25058550e-1,2.27002856e-1,2.33364019e-1,2.42459002e-1,2.48843393e-1,2.52028549e-1,2.52029806e-1,2.48791716e-1,2.45294335e-1,2.42618370e-1,2.38378674e-1,2.30189970e-1,2.21709338e-1,2.16724962e-1,2.15370223e-1,2.14636195e-1,2.13534421e-1,2.13487312e-1,2.12935057e-1,2.12264127e-1,2.11158681e-1,2.10099411e-1,2.08854952e-1,"[0.143144703,0.173541847,0.195829916,0.207269976,0.21459707,0.220055306,0.223322773,0.224433202,0.22505855,0.227002856,0.233364019,0.242459002,0.248843393,0.252028549,0.252029806,0.248791716,0.245294335,0.24261837,0.238378674,0.23018997,0.221709338,0.216724962,0.215370223,0.214636195,0.213534421,0.213487312,0.212935057,0.212264127,0.211158681,0.210099411,0.208854952]"
DB,egger,U335 ST9 Rusty Red,#85605b,0.5261354676989025,0.05021284214618815,27.104446139731238,133,96,91,"[133, 96, 91]",0%,28%,32%,48%,"[0%, 28%, 32%, 48%]",44.58,15.30,9.15,"[44.58, 15.30, 9.15]",https://www.egger.com/en/furniture-interior-design/decors/U335_9?country=US,,Solid Laminates,,,,,,D65,10,M1,2026-09-28T22:57:59.946Z,Nix Spectro L,8.90048727e-2,1.04581141e-1,1.10562637e-1,1.11376470e-1,1.10079943e-1,1.08646557e-1,1.07187027e-1,1.05830525e-1,1.05721878e-1,1.07714163e-1,1.11051254e-1,1.12590845e-1,1.12592292e-1,1.12600102e-1,1.13542002e-1,1.15626895e-1,1.20821881e-1,1.31359950e-1,1.48919025e-1,1.76266050e-1,1.99641177e-1,2.14348218e-1,2.23183137e-1,2.29056925e-1,2.36084798e-1,2.46888882e-1,2.57959974e-1,2.69530028e-1,2.80304104e-1,2.90090138e-1,2.98046666e-1,"[0.0890048727,0.104581141,0.110562637,0.11137647,0.110079943,0.108646557,0.107187027,0.105830525,0.105721878,0.107714163,0.111051254,0.112590845,0.112592292,0.112600102,0.113542002,0.115626895,0.120821881,0.13135995,0.148919025,0.17626605,0.199641177,0.214348218,0.223183137,0.229056925,0.236084798,0.246888882,0.257959974,0.269530028,0.280304104,0.290090138,0.298046666]"
DB,egger,U502 ST9 Misty Blue,#617385,0.5479158490116753,0.03565672679782383,247.60878535820984,97,115,133,"[97, 115, 133]",27%,14%,0%,48%,"[27%, 14%, 0%, 48%]",47.52,-3.80,-12.27,"[47.52, -3.80, -12.27]",https://www.egger.com/en/furniture-interior-design/decors/U502_9?country=US,,Solid Laminates,,,,,,D65,10,M1,2026-09-28T22:58:45.311Z,Nix Spectro L,1.97045186e-1,2.19684950e-1,2.29529777e-1,2.32032609e-1,2.31115404e-1,2.30199894e-1,2.28704527e-1,2.25961724e-1,2.22700879e-1,2.18384227e-1,2.12404203e-1,2.02580193e-1,1.91667035e-1,1.81920153e-1,1.74377510e-1,1.65759578e-1,1.55003399e-1,1.45704329e-1,1.40471271e-1,1.36823031e-1,1.35200888e-1,1.36770979e-1,1.40042758e-1,1.42623430e-1,1.44990414e-1,1.48125011e-1,1.49825567e-1,1.49869865e-1,1.48679373e-1,1.47513130e-1,1.46217802e-1,"[0.197045186,0.21968495,0.229529777,0.232032609,0.231115404,0.230199894,0.228704527,0.225961724,0.222700879,0.218384227,0.212404203,0.202580193,0.191667035,0.181920153,0.17437751,0.165759578,0.155003399,0.145704329,0.140471271,0.136823031,0.135200888,0.136770979,0.140042758,0.14262343,0.144990414,0.148125011,0.149825567,0.149869865,0.148679373,0.14751313,0.146217802]"
DB,egger,U755 ST9 White Grey,#dbdad5,0.8878736730877286,0.007237810068359603,94.49068498491675,219,218,213,"[219, 218, 213]",0%,0%,3%,14%,"[0%, 0%, 3%, 14%]",87.04,-0.20,2.75,"[87.04, -0.20, 2.75]",https://www.egger.com/en/furniture-interior-design/decors/U755_9?country=US,,Solid Laminates,,,,,,D65,10,M1,2026-09-28T22:59:30.195Z,Nix Spectro L,5.11838555e-1,5.93369544e-1,6.39899123e-1,6.58763492e-1,6.66391921e-1,6.73033488e-1,6.77605164e-1,6.78304458e-1,6.78917933e-1,6.80896926e-1,6.86271763e-1,6.91465306e-1,6.95024669e-1,6.96987069e-1,6.98585606e-1,6.98123455e-1,7.00059783e-1,7.05573738e-1,7.10633540e-1,7.12597871e-1,7.10681641e-1,7.07984495e-1,7.06924260e-1,7.05312192e-1,7.03251493e-1,7.04990292e-1,7.04061770e-1,7.03284681e-1,7.03180063e-1,7.03551340e-1,7.03870380e-1,"[0.511838555,0.593369544,0.639899123,0.658763492,0.666391921,0.673033488,0.677605164,0.678304458,0.678917933,0.680896926,0.686271763,0.691465306,0.695024669,0.696987069,0.698585606,0.698123455,0.700059783,0.705573738,0.71063354,0.712597871,0.710681641,0.707984495,0.70692426,0.705312192,0.703251493,0.704990292,0.70406177,0.703284681,0.703180063,0.70355134,0.70387038]"
DB,egger,U765 ST7 Silver Grey,#9d9e9b,0.696756691163818,0.004454283607219422,112.61487940140773,157,158,155,"[157, 158, 155]",1%,0%,2%,38%,"[1%, 0%, 2%, 38%]",64.87,-0.59,1.56,"[64.87, -0.59, 1.56]",https://www.egger.com/en/furniture-interior-design/decors/U765_7?country=US,,Solid Laminates,,,,,,D65,10,M1,2026-09-28T23:00:16.105Z,Nix Spectro L,2.62955147e-1,3.00198996e-1,3.18920934e-1,3.25666940e-1,3.27460325e-1,3.29172444e-1,3.30282605e-1,3.29993784e-1,3.30145800e-1,3.31398463e-1,3.34914160e-1,3.38274837e-1,3.40136904e-1,3.40706968e-1,3.40732962e-1,3.39248550e-1,3.38246310e-1,3.38901919e-1,3.39709640e-1,3.39081132e-1,3.37628299e-1,3.37474120e-1,3.38885856e-1,3.39627796e-1,3.40055853e-1,3.42435360e-1,3.43400490e-1,3.44024593e-1,3.44465882e-1,3.45037216e-1,3.45407003e-1,"[0.262955147,0.300198996,0.318920934,0.32566694,0.327460325,0.329172444,0.330282605,0.329993784,0.3301458,0.331398463,0.33491416,0.338274837,0.340136904,0.340706968,0.340732962,0.33924855,0.33824631,0.338901919,0.33970964,0.339081132,0.337628299,0.33747412,0.338885856,0.339627796,0.340055853,0.34243536,0.34340049,0.344024593,0.344465882,0.345037216,0.345407003]"
DB,egger,U780 ST9 Monument Grey,#7d8689,0.6129105163351567,0.0113762860602588,218.50578985210495,125,134,137,"[125, 134, 137]",9%,2%,0%,46%,"[9%, 2%, 0%, 46%]",55.17,-2.96,-2.71,"[55.17, -2.96, -2.71]",https://www.egger.com/en/furniture-interior-design/decors/U780_9?country=US,,Solid Laminates,,,,,,D65,10,M1,2026-09-28T23:00:56.392Z,Nix Spectro L,2.09323171e-1,2.34656101e-1,2.45618790e-1,2.48894247e-1,2.48772889e-1,2.48709908e-1,2.48178160e-1,2.46690288e-1,2.45494166e-1,2.44850147e-1,2.45736814e-1,2.45894858e-1,2.44432509e-1,2.42076340e-1,2.39615554e-1,2.35512003e-1,2.30438411e-1,2.26493898e-1,2.23740017e-1,2.19676837e-1,2.15405768e-1,2.12749636e-1,2.11883873e-1,2.11556575e-1,2.11503020e-1,2.12778571e-1,2.13150290e-1,2.13010478e-1,2.12507051e-1,2.12110695e-1,2.11577290e-1,"[0.209323171,0.234656101,0.24561879,0.248894247,0.248772889,0.248709908,0.24817816,0.246690288,0.245494166,0.244850147,0.245736814,0.245894858,0.244432509,0.24207634,0.239615554,0.235512003,0.230438411,0.226493898,0.223740017,0.219676837,0.215405768,0.212749636,0.211883873,0.211556575,0.21150302,0.212778571,0.21315029,0.213010478,0.212507051,0.212110695,0.21157729]"
DB,egger,U779 ST7 Fog Grey,#c6c4bf,0.8205666108031386,0.007409927163766882,89.17832700174262,198,196,191,"[198, 196, 191]",0%,1%,4%,22%,"[0%, 1%, 4%, 22%]",79.22,0.03,2.83,"[79.22, 0.03, 2.83]",https://www.egger.com/en/furniture-interior-design/decors/U779_7?country=US,,Solid Laminates,,,,,,D65,10,M1,2026-09-28T23:01:42.106Z,Nix Spectro L,4.09766567e-1,4.72359085e-1,5.06008613e-1,5.18862021e-1,5.23236406e-1,5.27336252e-1,5.30438209e-1,5.31119859e-1,5.32401812e-1,5.35352302e-1,5.40770829e-1,5.45152605e-1,5.47836161e-1,5.49182081e-1,5.50324607e-1,5.50005841e-1,5.51777852e-1,5.56693614e-1,5.61317003e-1,5.63266540e-1,5.62173641e-1,5.60612369e-1,5.60401094e-1,5.59910774e-1,5.59667885e-1,5.63142133e-1,5.64960659e-1,5.67249870e-1,5.70077169e-1,5.73035538e-1,5.75523400e-1,"[0.409766567,0.472359085,0.506008613,0.518862021,0.523236406,0.527336252,0.530438209,0.531119859,0.532401812,0.535352302,0.540770829,0.545152605,0.547836161,0.549182081,0.550324607,0.550005841,0.551777852,0.556693614,0.561317003,0.56326654,0.562173641,0.560612369,0.560401094,0.559910774,0.559667885,0.563142133,0.564960659,0.56724987,0.570077169,0.573035538,0.5755234]"
DB,egger,U732 ST9 Dust Grey,#858584,0.616206923716598,0.001662593015550505,87.90152104394741,133,133,132,"[133, 133, 132]",0%,0%,1%,48%,"[0%, 0%, 1%, 48%]",55.49,0.02,0.63,"[55.49, 0.02, 0.63]",https://www.egger.com/en/furniture-interior-design/decors/U732_9?country=US,,Solid Laminates,,,,,,D65,10,M1,2026-09-28T23:02:22.965Z,Nix Spectro L,1.89416385e-1,2.14916486e-1,2.27100971e-1,2.31287673e-1,2.32129696e-1,2.32684708e-1,2.32406092e-1,2.31024635e-1,2.29798141e-1,2.28978768e-1,2.30182651e-1,2.32043347e-1,2.33255586e-1,2.33791292e-1,2.34228480e-1,2.33870563e-1,2.33747101e-1,2.34782365e-1,2.36166069e-1,2.36584821e-1,2.35680196e-1,2.34547925e-1,2.33994001e-1,2.33618569e-1,2.33599812e-1,2.35177702e-1,2.36046222e-1,2.37009445e-1,2.38050678e-1,2.39133614e-1,2.39978477e-1,"[0.189416385,0.214916486,0.227100971,0.231287673,0.232129696,0.232684708,0.232406092,0.231024635,0.229798141,0.228978768,0.230182651,0.232043347,0.233255586,0.233791292,0.23422848,0.233870563,0.233747101,0.234782365,0.236166069,0.236584821,0.235680196,0.234547925,0.233994001,0.233618569,0.233599812,0.235177702,0.236046222,0.237009445,0.238050678,0.239133614,0.239978477]"
DB,egger,U599 ST9 Indigo Blue,#3c4047,0.37033293697786007,0.013345327440206795,263.02242821530274,60,64,71,"[60, 64, 71]",15%,10%,0%,72%,"[15%, 10%, 0%, 72%]",26.90,-0.35,-4.97,"[26.90, -0.35, -4.97]",https://www.egger.com/en/furniture-interior-design/decors/U599_9?country=US,,Solid Laminates,,,,,,D65,10,M1,2026-09-28T23:03:15.935Z,Nix Spectro L,5.87248899e-2,6.35246292e-2,6.42064422e-2,6.39351845e-2,6.32782064e-2,6.25673637e-2,6.16296425e-2,6.05782188e-2,5.96435800e-2,5.85239828e-2,5.73619798e-2,5.56123935e-2,5.37651047e-2,5.21850422e-2,5.11456728e-2,5.01368776e-2,4.89828184e-2,4.82801512e-2,4.81755339e-2,4.80656862e-2,4.77554962e-2,4.74660397e-2,4.73701835e-2,4.74109851e-2,4.75816555e-2,4.80335079e-2,4.81800705e-2,4.79836844e-2,4.74848390e-2,4.70151126e-2,4.64868784e-2,"[0.0587248899,0.0635246292,0.0642064422,0.0639351845,0.0632782064,0.0625673637,0.0616296425,0.0605782188,0.05964358,0.0585239828,0.0573619798,0.0556123935,0.0537651047,0.0521850422,0.0511456728,0.0501368776,0.0489828184,0.0482801512,0.0481755339,0.0480656862,0.0477554962,0.0474660397,0.0473701835,0.0474109851,0.0475816555,0.0480335079,0.0481800705,0.0479836844,0.047484839,0.0470151126,0.0464868784]"
DB,egger,U963 ST9 Diamond Grey,#5b5b5c,0.47210256759387514,0.0016564176469234565,300.61575170799733,91,91,92,"[91, 91, 92]",1%,1%,0%,64%,"[1%, 1%, 0%, 64%]",38.75,0.29,-0.54,"[38.75, 0.29, -0.54]",https://www.egger.com/en/furniture-interior-design/decors/U963_9?country=US,,Solid Laminates,,,,,,D65,10,M1,2026-09-28T23:04:06.067Z,Nix Spectro L,9.57150087e-2,1.05693704e-1,1.08706892e-1,1.09184939e-1,1.08601224e-1,1.08000985e-1,1.07098404e-1,1.05953209e-1,1.05107139e-1,1.04412760e-1,1.04635879e-1,1.05065045e-1,1.05216019e-1,1.05123872e-1,1.05130173e-1,1.04867521e-1,1.04552971e-1,1.04765040e-1,1.05360375e-1,1.05692178e-1,1.05486789e-1,1.05168490e-1,1.05040866e-1,1.05021879e-1,1.05288959e-1,1.06317556e-1,1.07011066e-1,1.07706097e-1,1.08364078e-1,1.09021223e-1,1.09517829e-1,"[0.0957150087,0.105693704,0.108706892,0.109184939,0.108601224,0.108000985,0.107098404,0.105953209,0.105107139,0.10441276,0.104635879,0.105065045,0.105216019,0.105123872,0.105130173,0.104867521,0.104552971,0.10476504,0.105360375,0.105692178,0.105486789,0.10516849,0.105040866,0.105021879,0.105288959,0.106317556,0.107011066,0.107706097,0.108364078,0.109021223,0.109517829]"
DB,egger,U961 ST7 Graphite Grey,#414042,0.3744202221052205,0.00368264969847456,310.5039591053337,65,64,66,"[65, 64, 66]",2%,3%,0%,74%,"[2%, 3%, 0%, 74%]",27.39,0.82,-1.05,"[27.39, 0.82, -1.05]",https://www.egger.com/en/furniture-interior-design/decors/U961_7?country=US,,Solid Laminates,,,,,,D65,10,M1,2026-09-28T23:04:47.467Z,Nix Spectro L,7.27388442e-2,7.24630728e-2,6.56861588e-2,6.08282909e-2,5.66300444e-2,5.35665117e-2,5.15455745e-2,5.05140930e-2,5.06324798e-2,5.13543606e-2,5.22880018e-2,5.24741001e-2,5.23497030e-2,5.20869777e-2,5.21030702e-2,5.22016205e-2,5.20317838e-2,5.19944854e-2,5.24185106e-2,5.29161699e-2,5.31769224e-2,5.30462563e-2,5.27148657e-2,5.25470167e-2,5.26917450e-2,5.32294787e-2,5.34781530e-2,5.35972051e-2,5.37117951e-2,5.38994528e-2,5.40575251e-2,"[0.0727388442,0.0724630728,0.0656861588,0.0608282909,0.0566300444,0.0535665117,0.0515455745,0.050514093,0.0506324798,0.0513543606,0.0522880018,0.0524741001,0.052349703,0.0520869777,0.0521030702,0.0522016205,0.0520317838,0.0519944854,0.0524185106,0.0529161699,0.0531769224,0.0530462563,0.0527148657,0.0525470167,0.052691745,0.0532294787,0.053478153,0.0535972051,0.0537117951,0.0538994528,0.0540575251]"
DB,egger,U999 ST7 Black,#2b2b2c,0.288632155760066,0.0028705794265249398,285.4321748653322,43,43,44,"[43, 43, 44]",2%,2%,0%,83%,"[2%, 2%, 0%, 83%]",17.46,0.28,-1.05,"[17.46, 0.28, -1.05]",https://www.egger.com/en/furniture-interior-design/decors/U999_7?country=US,,Solid Laminates,,,,,,D65,10,M1,2026-09-28T23:05:27.086Z,Nix Spectro L,2.79939789e-2,2.89112408e-2,2.76296552e-2,2.66930602e-2,2.59735771e-2,2.53199097e-2,2.47511644e-2,2.44056053e-2,2.43906219e-2,2.44959258e-2,2.46680196e-2,2.45252520e-2,2.42518444e-2,2.39623923e-2,2.37728745e-2,2.36555364e-2,2.36572776e-2,2.38784477e-2,2.41482738e-2,2.42593143e-2,2.41506442e-2,2.39029311e-2,2.37077318e-2,2.36245479e-2,2.36339249e-2,2.37864986e-2,2.38279026e-2,2.37540971e-2,2.35608101e-2,2.33838689e-2,2.31518839e-2,"[0.0279939789,0.0289112408,0.0276296552,0.0266930602,0.0259735771,0.0253199097,0.0247511644,0.0244056053,0.0243906219,0.0244959258,0.0246680196,0.024525252,0.0242518444,0.0239623923,0.0237728745,0.0236555364,0.0236572776,0.0238784477,0.0241482738,0.0242593143,0.0241506442,0.0239029311,0.0237077318,0.0236245479,0.0236339249,0.0237864986,0.0238279026,0.0237540971,0.0235608101,0.0233838689,0.0231518839]"
DB,egger,H1176 ST37 White Halifax Oak,#bcb0a0,0.7637033002319324,0.02651947212673137,77.05443342796218,188,176,160,"[188, 176, 160]",0%,6%,15%,26%,"[0%, 6%, 15%, 26%]",72.64,2.18,10.04,"[72.64, 2.18, 10.04]",https://www.egger.com/en/furniture-interior-design/decors/H1176_37?country=US,https://cdn.egger.com/img/pim/8854364979230/8854522626078/AR_16_9.webp?width=1440&srcext=png,Textured Laminates,,,,,,D65,10,M1,2026-09-28T23:52:39.992Z,Nix Spectro L,3.36142665e-1,3.61379892e-1,3.57877833e-1,3.52622312e-1,3.46946567e-1,3.47321296e-1,3.54769808e-1,3.67683208e-1,3.89176971e-1,4.18789530e-1,4.40213680e-1,4.42036653e-1,4.37074524e-1,4.30648983e-1,4.25249660e-1,4.20571971e-1,4.22256911e-1,4.33415496e-1,4.52177799e-1,4.79588664e-1,4.98519266e-1,5.03215307e-1,5.00955075e-1,4.97976482e-1,4.95537943e-1,4.96421534e-1,4.95764375e-1,4.95461226e-1,4.95755541e-1,4.96430737e-1,4.96927685e-1,"[0.336142665,0.361379892,0.357877833,0.352622312,0.346946567,0.347321296,0.354769808,0.367683208,0.389176971,0.41878953,0.44021368,0.442036653,0.437074524,0.430648983,0.42524966,0.420571971,0.422256911,0.433415496,0.452177799,0.479588664,0.498519266,0.503215307,0.500955075,0.497976482,0.495537943,0.496421534,0.495764375,0.495461226,0.495755541,0.496430737,0.496927685]"
DB,egger,H1180 ST37 Natural Halifax Oak,#b39a7b,0.7010018279461838,0.05201829512209965,73.35603788665321,179,154,123,"[179, 154, 123]",0%,14%,31%,30%,"[0%, 14%, 31%, 30%]",65.33,5.92,19.88,"[65.33, 5.92, 19.88]",https://www.egger.com/en/furniture-interior-design/decors/H1180_37?country=US,https://cdn.egger.com/img/pim/8854365503518/8854523150366/original.jpg?width=768&srcext=png,Textured Laminates,,,,,,D65,10,M1,2026-09-28T23:53:39.289Z,Nix Spectro L,2.28586748e-1,2.33833250e-1,2.16122520e-1,2.04840860e-1,1.96774316e-1,1.95996931e-1,2.03993326e-1,2.19631577e-1,2.45654163e-1,2.81418604e-1,3.08619732e-1,3.15723866e-1,3.15780979e-1,3.13583970e-1,3.11369604e-1,3.10772926e-1,3.18151879e-1,3.35487413e-1,3.61166137e-1,3.99432892e-1,4.27872300e-1,4.37700474e-1,4.37189132e-1,4.34660345e-1,4.32316816e-1,4.32769710e-1,4.31967980e-1,4.32096034e-1,4.33258569e-1,4.34773546e-1,4.36171716e-1,"[0.228586748,0.23383325,0.21612252,0.20484086,0.196774316,0.195996931,0.203993326,0.219631577,0.245654163,0.281418604,0.308619732,0.315723866,0.315780979,0.31358397,0.311369604,0.310772926,0.318151879,0.335487413,0.361166137,0.399432892,0.4278723,0.437700474,0.437189132,0.434660345,0.432316816,0.43276971,0.43196798,0.432096034,0.433258569,0.434773546,0.436171716]"
DB,egger,H1181 ST37 Tobacco Halifax Oak,#826d5e,0.5498757551130499,0.03532662316588914,57.67469177500408,130,109,94,"[130, 109, 94]",0%,16%,28%,49%,"[0%, 16%, 28%, 49%]",47.68,6.79,11.82,"[47.68, 6.79, 11.82]",https://www.egger.com/en/furniture-interior-design/decors/H1181_37?country=US,https://cdn.egger.com/img/pim/8854365765662/8854523215902/AR_16_9.webp?width=1440&srcext=png,Textured Laminates,,,,,,D65,10,M1,2026-09-28T23:54:50.749Z,Nix Spectro L,1.30413987e-1,1.33409445e-1,1.23597378e-1,1.16813913e-1,1.11392838e-1,1.09209821e-1,1.10762343e-1,1.15693370e-1,1.25252666e-1,1.38968182e-1,1.49326715e-1,1.50874102e-1,1.49447164e-1,1.47464469e-1,1.46216264e-1,1.46091992e-1,1.49491140e-1,1.58071536e-1,1.72285700e-1,1.94202673e-1,2.10638279e-1,2.16309789e-1,2.15921670e-1,2.14688957e-1,2.13926408e-1,2.14778203e-1,2.14972463e-1,2.15361801e-1,2.15990829e-1,2.16747278e-1,2.17332703e-1,"[0.130413987,0.133409445,0.123597378,0.116813913,0.111392838,0.109209821,0.110762343,0.11569337,0.125252666,0.138968182,0.149326715,0.150874102,0.149447164,0.147464469,0.146216264,0.146091992,0.14949114,0.158071536,0.1722857,0.194202673,0.210638279,0.216309789,0.21592167,0.214688957,0.213926408,0.214778203,0.214972463,0.215361801,0.215990829,0.216747278,0.217332703]"
DB,egger,H3180 ST37 Brown Halifax Oak,#68594d,0.4758572335189032,0.02691761205690455,59.93477686010243,104,89,77,"[104, 89, 77]",0%,14%,26%,59%,"[0%, 14%, 26%, 59%]",39.13,4.84,9.18,"[39.13, 4.84, 9.18]",https://www.egger.com/en/furniture-interior-design/decors/H3180_37?country=US,https://cdn.egger.com/img/pim/8860203974686/8860204007454/AR_16_9.webp?width=1440&srcext=png,Textured Laminates,,,,,,D65,10,M1,2026-09-28T23:55:40.269Z,Nix Spectro L,6.91134043e-2,7.61216193e-2,7.71576270e-2,7.72101119e-2,7.70865172e-2,7.73353010e-2,7.80116558e-2,7.93032378e-2,8.19618165e-2,8.60646188e-2,9.03260008e-2,9.30706039e-2,9.49933246e-2,9.64175388e-2,9.77112249e-2,9.94674042e-2,1.03174563e-1,1.08916506e-1,1.15661214e-1,1.24194115e-1,1.29980685e-1,1.31697989e-1,1.31470428e-1,1.30948131e-1,1.30588011e-1,1.31166327e-1,1.31481571e-1,1.31966859e-1,1.32445642e-1,1.32939117e-1,1.33244011e-1,"[0.0691134043,0.0761216193,0.077157627,0.0772101119,0.0770865172,0.077335301,0.0780116558,0.0793032378,0.0819618165,0.0860646188,0.0903260008,0.0930706039,0.0949933246,0.0964175388,0.0977112249,0.0994674042,0.103174563,0.108916506,0.115661214,0.124194115,0.129980685,0.131697989,0.131470428,0.130948131,0.130588011,0.131166327,0.131481571,0.131966859,0.132445642,0.132939117,0.133244011]"
DB,egger,H1384 ST40 White Castella Oak,#ccc2b3,0.8183141982772318,0.023795632195678002,77.34281261076637,204,194,179,"[204, 194, 179]",0%,5%,12%,20%,"[0%, 5%, 12%, 20%]",78.97,1.88,8.99,"[78.97, 1.88, 8.99]",https://www.egger.com/en/furniture-interior-design/decors/H1384_40?country=US,https://cdn.egger.com/img/pim/8854529900574/8854529933342/AR_16_9.webp?width=1440&srcext=png,Textured Laminates,,,,,,D65,10,M1,2026-09-28T23:59:03.135Z,Nix Spectro L,4.07981294e-1,4.44131267e-1,4.47122437e-1,4.45389158e-1,4.42315161e-1,4.45630306e-1,4.56371534e-1,4.72528702e-1,4.97497952e-1,5.29687345e-1,5.49609411e-1,5.46527970e-1,5.38205290e-1,5.30055177e-1,5.24504185e-1,5.20936012e-1,5.25058401e-1,5.38089120e-1,5.55354166e-1,5.78709793e-1,5.96255505e-1,6.04753482e-1,6.08389068e-1,6.08746994e-1,6.07815206e-1,6.09699667e-1,6.08611989e-1,6.07333672e-1,6.06590211e-1,6.06457663e-1,6.06541038e-1,"[0.407981294,0.444131267,0.447122437,0.445389158,0.442315161,0.445630306,0.456371534,0.472528702,0.497497952,0.529687345,0.549609411,0.54652797,0.53820529,0.530055177,0.524504185,0.520936012,0.525058401,0.53808912,0.555354166,0.578709793,0.596255505,0.604753482,0.608389068,0.608746994,0.607815206,0.609699667,0.608611989,0.607333672,0.606590211,0.606457663,0.606541038]"
DB,egger,H1367 ST40 Light Natural Castella Oak,#b19a7e,0.6984599337066237,0.04714587138200465,71.52770526093343,177,154,126,"[177, 154, 126]",0%,13%,29%,31%,"[0%, 13%, 29%, 31%]",65.02,5.76,17.75,"[65.02, 5.76, 17.75]",https://www.egger.com/en/furniture-interior-design/decors/H1367_40?country=US,https://static.richelieu.com/documents/docsGr/163/251/7/1632517/2616952_700.jpg,Textured Laminates,,,,,,D65,10,M1,2026-09-29T00:01:59.907Z,Nix Spectro L,2.40481260e-1,2.44349337e-1,2.24545029e-1,2.12379745e-1,2.04004207e-1,2.03599390e-1,2.12783292e-1,2.30260447e-1,2.58542973e-1,2.95740616e-1,3.20146698e-1,3.20546585e-1,3.15094709e-1,3.09284276e-1,3.05427891e-1,3.04636651e-1,3.12436122e-1,3.29899597e-1,3.54324883e-1,3.90140325e-1,4.17701846e-1,4.29076880e-1,4.30892479e-1,4.29832268e-1,4.28436613e-1,4.29427499e-1,4.28733146e-1,4.28754711e-1,4.29839498e-1,4.31344754e-1,4.32900232e-1,"[0.24048126,0.244349337,0.224545029,0.212379745,0.204004207,0.20359939,0.212783292,0.230260447,0.258542973,0.295740616,0.320146698,0.320546585,0.315094709,0.309284276,0.305427891,0.304636651,0.312436122,0.329899597,0.354324883,0.390140325,0.417701846,0.42907688,0.430892479,0.429832268,0.428436613,0.429427499,0.428733146,0.428754711,0.429839498,0.431344754,0.432900232]"
DB,egger,H1385 ST40 Natural Castella Oak,#ad9171,0.6735403702509393,0.055303932661222466,69.59802127812748,173,145,113,"[173, 145, 113]",0%,16%,35%,32%,"[0%, 16%, 35%, 32%]",62.10,7.54,20.80,"[62.10, 7.54, 20.80]",https://www.egger.com/en/furniture-interior-design/decors/H1385_40?country=US,https://cdn.egger.com/img/pim/8854530293790/8854530326558/AR_16_9.webp?width=1440&srcext=png,Textured Laminates,,,,,,D65,10,M1,2026-09-29T00:02:56.709Z,Nix Spectro L,2.09776255e-1,2.07923254e-1,1.84012386e-1,1.70084929e-1,1.60907009e-1,1.60004318e-1,1.69224128e-1,1.87409753e-1,2.17015135e-1,2.56242886e-1,2.82003534e-1,2.82232738e-1,2.76014289e-1,2.69460973e-1,2.65005621e-1,2.63979021e-1,2.72208574e-1,2.91218781e-1,3.18870461e-1,3.60399044e-1,3.92673230e-1,4.06217980e-1,4.08647168e-1,4.07845128e-1,4.06651688e-1,4.07797855e-1,4.07296884e-1,4.07219434e-1,4.07833391e-1,4.08832204e-1,4.09826142e-1,"[0.209776255,0.207923254,0.184012386,0.170084929,0.160907009,0.160004318,0.169224128,0.187409753,0.217015135,0.256242886,0.282003534,0.282232738,0.276014289,0.269460973,0.265005621,0.263979021,0.272208574,0.291218781,0.318870461,0.360399044,0.39267323,0.40621798,0.408647168,0.407845128,0.406651688,0.407797855,0.407296884,0.407219434,0.407833391,0.408832204,0.409826142]"
DB,egger,H1386 ST40 Brown Castella Oak,#846b57,0.5472226685498687,0.0437416377123588,60.402977806583806,132,107,87,"[132, 107, 87]",0%,19%,34%,48%,"[0%, 19%, 34%, 48%]",47.36,7.99,15.22,"[47.36, 7.99, 15.22]",https://www.egger.com/en/furniture-interior-design/decors/H1386_40?country=US,https://cdn.egger.com/img/pim/8854530687006/8854530719774/AR_16_9.webp?width=1440&srcext=png,Textured Laminates,,,,,,D65,10,M1,2026-09-29T00:03:58.866Z,Nix Spectro L,1.16495146e-1,1.17435086e-1,1.06407316e-1,9.95340630e-2,9.46985051e-2,9.35222581e-2,9.66772422e-2,1.03804833e-1,1.16207060e-1,1.33167672e-1,1.45130181e-1,1.46266922e-1,1.44217727e-1,1.41732377e-1,1.40087697e-1,1.39903629e-1,1.44002259e-1,1.53836206e-1,1.69757843e-1,1.94959858e-1,2.14841151e-1,2.23422620e-1,2.25144172e-1,2.24948856e-1,2.24681535e-1,2.25796565e-1,2.25976223e-1,2.26337704e-1,2.26985255e-1,2.27779013e-1,2.28477103e-1,"[0.116495146,0.117435086,0.106407316,0.099534063,0.0946985051,0.0935222581,0.0966772422,0.103804833,0.11620706,0.133167672,0.145130181,0.146266922,0.144217727,0.141732377,0.140087697,0.139903629,0.144002259,0.153836206,0.169757843,0.194959858,0.214841151,0.22342262,0.225144172,0.224948856,0.224681535,0.225796565,0.225976223,0.226337704,0.226985255,0.227779013,0.228477103]"
DB,egger,Q1176 RO White Halifax Oak,#beb09e,0.7637549874942142,0.029903832355265458,72.19333787527034,190,176,158,"[190, 176, 158]",0%,7%,17%,25%,"[0%, 7%, 17%, 25%]",72.61,3.31,11.09,"[72.61, 3.31, 11.09]",https://www.egger.com/en/furniture-interior-design/decors/Q1176_RO?country=US,https://cdn.egger.com/img/pim/8854496280606/8854496313374/AR_16_9.webp?width=1440&srcext=png,Edge tapes,,,,,,D65,10,M1,2026-09-29T00:06:01.166Z,Nix Spectro L,3.17330587e-1,3.49132133e-1,3.54447913e-1,3.52894473e-1,3.48567325e-1,3.47503704e-1,3.49553668e-1,3.53601563e-1,3.62704509e-1,3.78551453e-1,3.98593909e-1,4.15003014e-1,4.25150383e-1,4.30190212e-1,4.31834531e-1,4.30694163e-1,4.32159787e-1,4.40100664e-1,4.56497186e-1,4.83281779e-1,5.02279693e-1,5.07596999e-1,5.05970824e-1,5.03159326e-1,5.00538456e-1,5.00951797e-1,4.99637288e-1,4.98794639e-1,4.98713487e-1,4.99014258e-1,4.99242455e-1,"[0.317330587,0.349132133,0.354447913,0.352894473,0.348567325,0.347503704,0.349553668,0.353601563,0.362704509,0.378551453,0.398593909,0.415003014,0.425150383,0.430190212,0.431834531,0.430694163,0.432159787,0.440100664,0.456497186,0.483281779,0.502279693,0.507596999,0.505970824,0.503159326,0.500538456,0.500951797,0.499637288,0.498794639,0.498713487,0.499014258,0.499242455]"
DB,egger,Q1180 RO Natural Halifax Oak,#a78e72,0.6625465576566016,0.04912240061553026,70.25678444151038,167,142,114,"[167, 142, 114]",0%,15%,32%,35%,"[0%, 15%, 32%, 35%]",60.84,6.42,18.44,"[60.84, 6.42, 18.44]",https://www.egger.com/en/furniture-interior-design/decors/Q1180_RO?country=US,,Edge tapes,,,,,,D65,10,M1,2026-09-29T00:07:03.747Z,Nix Spectro L,1.75129604e-1,1.89385748e-1,1.86911151e-1,1.83043826e-1,1.78746533e-1,1.77006045e-1,1.77913377e-1,1.81155926e-1,1.89198485e-1,2.04455096e-1,2.26082626e-1,2.46832442e-1,2.60928810e-1,2.68991357e-1,2.72308266e-1,2.72745413e-1,2.75891089e-1,2.85649699e-1,3.05161530e-1,3.37902272e-1,3.61854351e-1,3.69174093e-1,3.67715293e-1,3.64960098e-1,3.62370378e-1,3.62143040e-1,3.60871482e-1,3.59907746e-1,3.59178090e-1,3.58678222e-1,3.58003151e-1,"[0.175129604,0.189385748,0.186911151,0.183043826,0.178746533,0.177006045,0.177913377,0.181155926,0.189198485,0.204455096,0.226082626,0.246832442,0.26092881,0.268991357,0.272308266,0.272745413,0.275891089,0.285649699,0.30516153,0.337902272,0.361854351,0.369174093,0.367715293,0.364960098,0.362370378,0.36214304,0.360871482,0.359907746,0.35917809,0.358678222,0.358003151]"
DB,egger,Q1467 RO Light Natural Castella Oak,#b79e82,0.7136720211689604,0.04841276440928661,69.46986160176323,183,158,130,"[183, 158, 130]",0%,14%,29%,28%,"[0%, 14%, 29%, 28%]",66.77,6.46,18.00,"[66.77, 6.46, 18.00]",https://www.egger.com/en/furniture-interior-design/decors/Q1467_RO?country=US,,Edge tapes,,,,,,D65,10,M1,2026-09-29T00:08:10.224Z,Nix Spectro L,2.23984158e-1,2.43745884e-1,2.42714956e-1,2.38910964e-1,2.34132299e-1,2.32501996e-1,2.34104568e-1,2.38368914e-1,2.48270202e-1,2.66467702e-1,2.91252691e-1,3.14053953e-1,3.29228383e-1,3.37720799e-1,3.41122860e-1,3.41350055e-1,3.44914633e-1,3.56405282e-1,3.79496527e-1,4.18211365e-1,4.46533489e-1,4.55113578e-1,4.53206217e-1,4.49777973e-1,4.46611661e-1,4.46349066e-1,4.44787991e-1,4.43758190e-1,4.43259138e-1,4.43052500e-1,4.42668378e-1,"[0.223984158,0.243745884,0.242714956,0.238910964,0.234132299,0.232501996,0.234104568,0.238368914,0.248270202,0.266467702,0.291252691,0.314053953,0.329228383,0.337720799,0.34112286,0.341350055,0.344914633,0.356405282,0.379496527,0.418211365,0.446533489,0.455113578,0.453206217,0.449777973,0.446611661,0.446349066,0.444787991,0.44375819,0.443259138,0.4430525,0.442668378]"
DB,egger,Q1386 RO Brown Castella Oak,#8d725a,0.5710092925329138,0.0482584902918503,63.150058026458396,141,114,90,"[141, 114, 90]",0%,19%,36%,45%,"[0%, 19%, 36%, 45%]",50.14,8.21,17.30,"[50.14, 8.21, 17.30]",https://www.egger.com/en/furniture-interior-design/decors/Q1386_RO?country=US,,Edge tapes,,,,,,D65,10,M1,2026-09-29T00:09:09.399Z,Nix Spectro L,1.16120848e-1,1.22796707e-1,1.17963246e-1,1.13544343e-1,1.09403627e-1,1.07272218e-1,1.07155269e-1,1.08936910e-1,1.14284056e-1,1.24704584e-1,1.39327206e-1,1.52773792e-1,1.61465010e-1,1.66147912e-1,1.67891887e-1,1.67873690e-1,1.69826281e-1,1.77280974e-1,1.94268131e-1,2.24181423e-1,2.46576950e-1,2.53466284e-1,2.51729298e-1,2.48965871e-1,2.46465850e-1,2.45482245e-1,2.43643001e-1,2.42018729e-1,2.40727630e-1,2.39676017e-1,2.38625821e-1,"[0.116120848,0.122796707,0.117963246,0.113544343,0.109403627,0.107272218,0.107155269,0.10893691,0.114284056,0.124704584,0.139327206,0.152773792,0.16146501,0.166147912,0.167891887,0.16787369,0.169826281,0.177280974,0.194268131,0.224181423,0.24657695,0.253466284,0.251729298,0.248965871,0.24646585,0.245482245,0.243643001,0.242018729,0.24072763,0.239676017,0.238625821]"
DB,egger,H1816 ST7 Natural Maple,#d3b38c,0.7843231684290217,0.06369593988249325,71.38180655482779,211,179,140,"[211, 179, 140]",0%,15%,34%,17%,"[0%, 15%, 34%, 17%]",74.97,8.05,24.21,"[74.97, 8.05, 24.21]",https://www.egger.com/en/furniture-interior-design/decors/H1816_7?country=US,https://cdn.egger.com/img/pim/8854533275678/8854533308446/AR_16_9.webp?width=1440&srcext=png,Textured Laminates,,,,,,D65,10,M1,2026-09-29T00:10:35.999Z,Nix Spectro L,3.16991097e-1,3.19822145e-1,2.89472032e-1,2.69942144e-1,2.55736309e-1,2.54241350e-1,2.68056101e-1,2.94625103e-1,3.38618517e-1,4.00398791e-1,4.48019946e-1,4.58896577e-1,4.53624332e-1,4.42842966e-1,4.30876219e-1,4.18675238e-1,4.17401701e-1,4.36564612e-1,4.83081234e-1,5.65530145e-1,6.29131258e-1,6.50910532e-1,6.48433971e-1,6.42510617e-1,6.37677991e-1,6.37453973e-1,6.35389328e-1,6.34956264e-1,6.36637926e-1,6.38807833e-1,6.40757203e-1,"[0.316991097,0.319822145,0.289472032,0.269942144,0.255736309,0.25424135,0.268056101,0.294625103,0.338618517,0.400398791,0.448019946,0.458896577,0.453624332,0.442842966,0.430876219,0.418675238,0.417401701,0.436564612,0.483081234,0.565530145,0.629131258,0.650910532,0.648433971,0.642510617,0.637677991,0.637453973,0.635389328,0.634956264,0.636637926,0.638807833,0.640757203]"
DB,egger,H1815 ST7 Hardrock Maple,#d1b183,0.7769923743266586,0.07139291498616182,75.24712769536808,209,177,131,"[209, 177, 131]",0%,15%,37%,18%,"[0%, 15%, 37%, 18%]",74.17,7.70,27.94,"[74.17, 7.70, 27.94]",https://www.egger.com/en/furniture-interior-design/decors/H1815_7?country=US,https://cdn.egger.com/img/pim/8854533079070/8854533111838/AR_16_9.webp?width=1440&srcext=png,Textured Laminates,,,,,,D65,10,M1,2026-09-29T00:11:34.492Z,Nix Spectro L,1.62048388e-1,1.98505330e-1,2.19763669e-1,2.30347472e-1,2.37973222e-1,2.46449238e-1,2.56366071e-1,2.67536789e-1,2.84343660e-1,3.12007987e-1,3.48656881e-1,3.84713948e-1,4.10742944e-1,4.26992178e-1,4.34334570e-1,4.37224132e-1,4.47514594e-1,4.69000942e-1,5.02902853e-1,5.56367409e-1,5.95275855e-1,6.08105528e-1,6.07382190e-1,6.03628898e-1,5.99401951e-1,5.99048376e-1,5.97785270e-1,5.98513985e-1,6.00432682e-1,6.02415907e-1,6.03810680e-1,"[0.162048388,0.19850533,0.219763669,0.230347472,0.237973222,0.246449238,0.256366071,0.267536789,0.28434366,0.312007987,0.348656881,0.384713948,0.410742944,0.426992178,0.43433457,0.437224132,0.447514594,0.469000942,0.502902853,0.556367409,0.595275855,0.608105528,0.60738219,0.603628898,0.599401951,0.599048376,0.59778527,0.598513985,0.600432682,0.602415907,0.60381068]"
DB,egger,H1225 ST12 Trondheim Ash,#dddcdd,0.8951742277581635,0.002951798747890525,330.0744192455659,221,220,221,"[221, 220, 221]",0%,0%,0%,13%,"[0%, 0%, 0%, 13%]",87.80,0.87,-0.55,"[87.80, 0.87, -0.55]",https://www.egger.com/en/furniture-interior-design/decors/H1225_12?country=US,https://cdn.egger.com/img/pim/8854525018142/8854525050910/AR_16_9.webp?width=1440&srcext=png,Textured Laminates,,,,,,D65,10,M1,2026-09-29T00:12:30.039Z,Nix Spectro L,5.81984508e-1,6.63957250e-1,7.04223001e-1,7.17953396e-1,7.20846868e-1,7.25051522e-1,7.29679275e-1,7.32128334e-1,7.36310172e-1,7.42354596e-1,7.44697130e-1,7.36248219e-1,7.24664652e-1,7.13985169e-1,7.06732810e-1,6.98585606e-1,6.92996573e-1,6.95009196e-1,7.05624902e-1,7.22873688e-1,7.34641933e-1,7.38348377e-1,7.38504088e-1,7.37478626e-1,7.36967611e-1,7.41147876e-1,7.42331409e-1,7.43506300e-1,7.45504272e-1,7.47858417e-1,7.49912119e-1,"[0.581984508,0.66395725,0.704223001,0.717953396,0.720846868,0.725051522,0.729679275,0.732128334,0.736310172,0.742354596,0.74469713,0.736248219,0.724664652,0.713985169,0.70673281,0.698585606,0.692996573,0.695009196,0.705624902,0.722873688,0.734641933,0.738348377,0.738504088,0.737478626,0.736967611,0.741147876,0.742331409,0.7435063,0.745504272,0.747858417,0.749912119]"
DB,egger,H3860 ST9 Champagne Hard Maple,#d4c5b3,0.8300559910847528,0.030051362022627235,72.99801419541302,212,197,179,"[212, 197, 179]",0%,7%,16%,17%,"[0%, 7%, 16%, 17%]",80.31,3.17,11.18,"[80.31, 3.17, 11.18]",https://www.egger.com/en/furniture-interior-design/decors/H3860_9?country=US,https://cdn.egger.com/img/pim/8854423273502/8854545891358/AR_16_9.webp?width=1440&srcext=png,Textured Laminates,,,,,,D65,10,M1,2026-09-29T00:15:32.144Z,Nix Spectro L,4.18218529e-1,4.53879726e-1,4.54305786e-1,4.49934691e-1,4.44058836e-1,4.45261037e-1,4.54451007e-1,4.69446200e-1,4.94344419e-1,5.29301536e-1,5.56571817e-1,5.62254477e-1,5.58785117e-1,5.52241623e-1,5.45670259e-1,5.38511240e-1,5.38142729e-1,5.50041294e-1,5.75640869e-1,6.17751968e-1,6.48478079e-1,6.57512462e-1,6.54919171e-1,6.50685656e-1,6.47090411e-1,6.47629857e-1,6.46029663e-1,6.45455670e-1,6.46447349e-1,6.47950518e-1,6.49361670e-1,"[0.418218529,0.453879726,0.454305786,0.449934691,0.444058836,0.445261037,0.454451007,0.4694462,0.494344419,0.529301536,0.556571817,0.562254477,0.558785117,0.552241623,0.545670259,0.53851124,0.538142729,0.550041294,0.575640869,0.617751968,0.648478079,0.657512462,0.654919171,0.650685656,0.647090411,0.647629857,0.646029663,0.64545567,0.646447349,0.647950518,0.64936167]"
DB,egger,H1223 ST19 Sevilla Ash,#d8d2c6,0.8651756498141177,0.016959390637470685,82.46482703968951,216,210,198,"[216, 210, 198]",0%,3%,8%,15%,"[0%, 3%, 8%, 15%]",84.42,0.79,6.47,"[84.42, 0.79, 6.47]",https://www.egger.com/en/furniture-interior-design/decors/H1223_19?country=US,https://cdn.egger.com/img/pim/8854524428318/8854524461086/AR_16_9.webp?width=1440&srcext=png,Textured Laminates,,,,,,D65,10,M1,2026-09-29T00:16:14.697Z,Nix Spectro L,4.79986054e-1,5.35489953e-1,5.54383981e-1,5.60072482e-1,5.60906446e-1,5.66304350e-1,5.76779044e-1,5.90190458e-1,6.10461140e-1,6.36754942e-1,6.53286421e-1,6.50133526e-1,6.42258406e-1,6.34556115e-1,6.29436684e-1,6.25573218e-1,6.28887641e-1,6.40992117e-1,6.56715357e-1,6.75736296e-1,6.87518942e-1,6.89992440e-1,6.88675892e-1,6.86185658e-1,6.83555520e-1,6.84780896e-1,6.83496010e-1,6.82722414e-1,6.83015704e-1,6.83876157e-1,6.84742892e-1,"[0.479986054,0.535489953,0.554383981,0.560072482,0.560906446,0.56630435,0.576779044,0.590190458,0.61046114,0.636754942,0.653286421,0.650133526,0.642258406,0.634556115,0.629436684,0.625573218,0.628887641,0.640992117,0.656715357,0.675736296,0.687518942,0.68999244,0.688675892,0.686185658,0.68355552,0.684780896,0.68349601,0.682722414,0.683015704,0.683876157,0.684742892]"
DB,egger,H3078 ST22 White Havana Pine,#d9d7ce,0.8781262108751424,0.011588372256419587,92.06668852737585,217,215,206,"[217, 215, 206]",0%,1%,5%,15%,"[0%, 1%, 5%, 15%]",85.93,-0.14,4.43,"[85.93, -0.14, 4.43]",https://www.egger.com/en/furniture-interior-design/decors/H3078_22?country=US,https://cdn.egger.com/img/pim/8860202795038/8860202827806/AR_16_9.webp?width=1440&srcext=png,Textured Laminates,,,,,,D65,10,M1,2026-09-29T00:17:15.703Z,Nix Spectro L,5.20570308e-1,5.85629523e-1,6.11781168e-1,6.19760704e-1,6.20385349e-1,6.23583162e-1,6.28967190e-1,6.34549081e-1,6.44216573e-1,6.58546484e-1,6.71779323e-1,6.76280582e-1,6.76375175e-1,6.74457967e-1,6.72618401e-1,6.69241226e-1,6.69313276e-1,6.75399590e-1,6.84306788e-1,6.94092095e-1,6.98500705e-1,6.97857702e-1,6.96218336e-1,6.94030309e-1,6.91797650e-1,6.93512118e-1,6.92612159e-1,6.91811919e-1,6.91653323e-1,6.92030430e-1,6.92360806e-1,"[0.520570308,0.585629523,0.611781168,0.619760704,0.620385349,0.623583162,0.62896719,0.634549081,0.644216573,0.658546484,0.671779323,0.676280582,0.676375175,0.674457967,0.672618401,0.669241226,0.669313276,0.67539959,0.684306788,0.694092095,0.698500705,0.697857702,0.696218336,0.694030309,0.69179765,0.693512118,0.692612159,0.691811919,0.691653323,0.69203043,0.692360806]"
DB,egger,H3081 ST22 Black Havana Pine,#4b494d,0.40894407689410955,0.006337051069869601,308.93207146434975,75,73,77,"[75, 73, 77]",3%,5%,0%,70%,"[3%, 5%, 0%, 70%]",31.36,1.38,-1.85,"[31.36, 1.38, -1.85]",https://www.egger.com/en/furniture-interior-design/decors/H3081_22?country=US,https://cdn.egger.com/img/pim/8860203089950/8860203122718/original.png,Textured Laminates,,,,,,D65,10,M1,2026-09-29T00:18:03.280Z,Nix Spectro L,1.15221623e-1,1.10703981e-1,9.51147750e-2,8.46438318e-2,7.59290770e-2,6.98441118e-2,6.62811242e-2,6.50294304e-2,6.62365764e-2,6.87499620e-2,7.06128344e-2,6.98891968e-2,6.85707130e-2,6.72821127e-2,6.68740287e-2,6.69092759e-2,6.64887130e-2,6.64286442e-2,6.76350944e-2,6.95931278e-2,7.09032983e-2,7.06738189e-2,6.95127770e-2,6.87496759e-2,6.85807973e-2,6.89114004e-2,6.87522419e-2,6.83446288e-2,6.80209897e-2,6.78921804e-2,6.78524271e-2,"[0.115221623,0.110703981,0.095114775,0.0846438318,0.075929077,0.0698441118,0.0662811242,0.0650294304,0.0662365764,0.068749962,0.0706128344,0.0698891968,0.068570713,0.0672821127,0.0668740287,0.0669092759,0.066488713,0.0664286442,0.0676350944,0.0695931278,0.0709032983,0.0706738189,0.069512777,0.0687496759,0.0685807973,0.0689114004,0.0687522419,0.0683446288,0.0680209897,0.0678921804,0.0678524271]"
DB,egger,H3146 ST19 Beige Grey Lorenzo Oak,#a1978c,0.681389196518596,0.01898458412718003,68.61217892212665,161,151,140,"[161, 151, 140]",0%,6%,13%,37%,"[0%, 6%, 13%, 37%]",63.04,2.42,6.85,"[63.04, 2.42, 6.85]",https://www.egger.com/en/furniture-interior-design/decors/H3146_19?country=US,https://cdn.egger.com/img/pim/8854398107678/8854537142302/AR_16_9.webp?width=1440&srcext=png,Textured Laminates,,,,,,D65,10,M1,2026-09-29T00:18:54.738Z,Nix Spectro L,1.92579806e-1,2.26941183e-1,2.47890589e-1,2.58050904e-1,2.64347002e-1,2.70024997e-1,2.75018597e-1,2.79133564e-1,2.84319440e-1,2.90970784e-1,2.96592540e-1,2.98892164e-1,3.00379580e-1,3.01623696e-1,3.03095281e-1,3.05103755e-1,3.11029536e-1,3.20282567e-1,3.28678930e-1,3.36808467e-1,3.41977662e-1,3.45018160e-1,3.47579640e-1,3.48546547e-1,3.48784173e-1,3.50904489e-1,3.51826340e-1,3.52879155e-1,3.53856224e-1,3.54891175e-1,3.55654478e-1,"[0.192579806,0.226941183,0.247890589,0.258050904,0.264347002,0.270024997,0.275018597,0.279133564,0.28431944,0.290970784,0.29659254,0.298892164,0.30037958,0.301623696,0.303095281,0.305103755,0.311029536,0.320282567,0.32867893,0.336808467,0.341977662,0.34501816,0.34757964,0.348546547,0.348784173,0.350904489,0.35182634,0.352879155,0.353856224,0.354891175,0.355654478]"
DB,egger,H3003 ST19 Norwich Oak,#635e5b,0.4861019022477014,0.007912755238988052,59.76530778967856,99,94,91,"[99, 94, 91]",0%,5%,8%,61%,"[0%, 5%, 8%, 61%]",40.37,1.35,2.63,"[40.37, 1.35, 2.63]",https://www.egger.com/en/furniture-interior-design/decors/H3003_19?country=US,https://cdn.egger.com/img/pim/8854535012382/8854535045150/AR_16_9.webp?width=1440&srcext=png,Textured Laminates,,,,,,D65,10,M1,2026-09-29T00:19:42.049Z,Nix Spectro L,9.28058177e-2,1.01642397e-1,1.03509326e-1,1.03862637e-1,1.03778879e-1,1.04259187e-1,1.05264321e-1,1.06799068e-1,1.09548008e-1,1.13058308e-1,1.15106076e-1,1.14129435e-1,1.12562211e-1,1.11147343e-1,1.10338292e-1,1.09922884e-1,1.10699524e-1,1.13044916e-1,1.16241714e-1,1.20349546e-1,1.23075496e-1,1.23917626e-1,1.23867793e-1,1.23573865e-1,1.23346765e-1,1.23792693e-1,1.23752916e-1,1.23775776e-1,1.23895234e-1,1.24091579e-1,1.24236393e-1,"[0.0928058177,0.101642397,0.103509326,0.103862637,0.103778879,0.104259187,0.105264321,0.106799068,0.109548008,0.113058308,0.115106076,0.114129435,0.112562211,0.111147343,0.110338292,0.109922884,0.110699524,0.113044916,0.116241714,0.120349546,0.123075496,0.123917626,0.123867793,0.123573865,0.123346765,0.123792693,0.123752916,0.123775776,0.123895234,0.124091579,0.124236393]"
DB,egger,H1701 ST12 White Tossini Elm,#c6bba8,0.7957314829229611,0.028440033205064007,79.74738450794945,198,187,168,"[198, 187, 168]",0%,6%,15%,22%,"[0%, 6%, 15%, 22%]",76.37,1.90,10.87,"[76.37, 1.90, 10.87]",https://www.egger.com/en/furniture-interior-design/decors/H1701_12?country=US,https://cdn.egger.com/img/pim/8854531506206/8854531538974/AR_16_9.webp?width=1440&srcext=png,Textured Laminates,,,,,,D65,10,M1,2026-09-29T00:20:36.142Z,Nix Spectro L,3.82187635e-1,4.08792323e-1,4.02743661e-1,3.95569575e-1,3.88297212e-1,3.88494039e-1,3.97284150e-1,4.12580770e-1,4.37868220e-1,4.72514057e-1,4.97941864e-1,5.01439780e-1,4.97010559e-1,4.90348470e-1,4.84203261e-1,4.78219414e-1,4.78628635e-1,4.89061600e-1,5.08520848e-1,5.38752532e-1,5.60739040e-1,5.67715335e-1,5.66721320e-1,5.64137614e-1,5.61877787e-1,5.63144767e-1,5.62480998e-1,5.62613845e-1,5.64022398e-1,5.65886629e-1,5.67661965e-1,"[0.382187635,0.408792323,0.402743661,0.395569575,0.388297212,0.388494039,0.39728415,0.41258077,0.43786822,0.472514057,0.497941864,0.50143978,0.497010559,0.49034847,0.484203261,0.478219414,0.478628635,0.4890616,0.508520848,0.538752532,0.56073904,0.567715335,0.56672132,0.564137614,0.561877787,0.563144767,0.562480998,0.562613845,0.564022398,0.565886629,0.567661965]"
DB,egger,H1210 ST12 Grey Beige Tossini Elm,#93877c,0.6309005755436814,0.021381552809247778,64.99623893613818,147,135,124,"[147, 135, 124]",0%,8%,16%,42%,"[0%, 8%, 16%, 42%]",57.16,3.17,7.53,"[57.16, 3.17, 7.53]",https://www.egger.com/en/furniture-interior-design/decors/H1210_12?country=US,https://cdn.egger.com/img/pim/8860195291166/8860195323934/AR_16_9.webp?width=1440&srcext=png,Textured Laminates,,,,,,D65,10,M1,2026-09-29T00:21:30.397Z,Nix Spectro L,2.28415960e-1,2.34991542e-1,2.20541686e-1,2.09614080e-1,2.00008669e-1,1.95913407e-1,1.98018992e-1,2.05168808e-1,2.19399759e-1,2.40586415e-1,2.56902343e-1,2.58176050e-1,2.52471229e-1,2.44817746e-1,2.37585190e-1,2.29770860e-1,2.24726599e-1,2.27938810e-1,2.43109357e-1,2.71302968e-1,2.92418879e-1,2.98462486e-1,2.96267617e-1,2.93805099e-1,2.92566627e-1,2.93878239e-1,2.94307369e-1,2.94699353e-1,2.95261616e-1,2.95984346e-1,2.96401441e-1,"[0.22841596,0.234991542,0.220541686,0.20961408,0.200008669,0.195913407,0.198018992,0.205168808,0.219399759,0.240586415,0.256902343,0.25817605,0.252471229,0.244817746,0.23758519,0.22977086,0.224726599,0.22793881,0.243109357,0.271302968,0.292418879,0.298462486,0.296267617,0.293805099,0.292566627,0.293878239,0.294307369,0.294699353,0.295261616,0.295984346,0.296401441]"
DB,egger,H1222 ST12 Fox Grey Tossini Elm,#98948e,0.6675899265968764,0.010113225842321256,72.97471553950379,152,148,142,"[152, 148, 142]",0%,3%,7%,40%,"[0%, 3%, 7%, 40%]",61.45,1.01,3.72,"[61.45, 1.01, 3.72]",https://www.egger.com/en/furniture-interior-design/decors/H1222_12?country=US,https://cdn.egger.com/img/pim/8854524166174/8854524198942/AR_16_9.webp?width=1440&srcext=png,Textured Laminates,,,,,,D65,10,M1,2026-09-29T00:22:16.395Z,Nix Spectro L,2.49454212e-1,2.71951580e-1,2.74525404e-1,2.72597018e-1,2.68750137e-1,2.67740083e-1,2.69671774e-1,2.73492396e-1,2.81195968e-1,2.92989981e-1,3.02852523e-1,3.04113197e-1,3.00908673e-1,2.96228135e-1,2.91736960e-1,2.86227340e-1,2.82420614e-1,2.84061521e-1,2.92752969e-1,3.08169675e-1,3.18967849e-1,3.21419972e-1,3.19784600e-1,3.18060213e-1,3.17084438e-1,3.18461746e-1,3.18797374e-1,3.19146138e-1,3.19722879e-1,3.20458353e-1,3.20948982e-1,"[0.249454212,0.27195158,0.274525404,0.272597018,0.268750137,0.267740083,0.269671774,0.273492396,0.281195968,0.292989981,0.302852523,0.304113197,0.300908673,0.296228135,0.29173696,0.28622734,0.282420614,0.284061521,0.292752969,0.308169675,0.318967849,0.321419972,0.3197846,0.318060213,0.317084438,0.318461746,0.318797374,0.319146138,0.319722879,0.320458353,0.320948982]"
DB,egger,H3790 ST12 Honey Caroni Walnut,#a68e6f,0.6611735494202094,0.05226722198828214,74.65805524396484,166,142,111,"[166, 142, 111]",0%,14%,33%,35%,"[0%, 14%, 33%, 35%]",60.73,5.63,20.18,"[60.73, 5.63, 20.18]",https://www.egger.com/en/furniture-interior-design/decors/H3790_12?country=US,https://cdn.egger.com/img/pim/8854421700638/8854545498142/AR_16_9.webp?width=1440&srcext=png,Textured Laminates,,,,,,D65,10,M1,2026-09-29T00:23:17.554Z,Nix Spectro L,1.82640758e-1,1.85320625e-1,1.69433743e-1,1.59677792e-1,1.53052941e-1,1.53580362e-1,1.62926432e-1,1.79831257e-1,2.07196718e-1,2.45230472e-1,2.74214754e-1,2.80413508e-1,2.76627666e-1,2.69459903e-1,2.61423555e-1,2.53116310e-1,2.51514566e-1,2.62192559e-1,2.88179895e-1,3.34034318e-1,3.69412535e-1,3.82015747e-1,3.81492150e-1,3.78897667e-1,3.76958919e-1,3.77914345e-1,3.77980304e-1,3.79066825e-1,3.81158513e-1,3.83380294e-1,3.85231364e-1,"[0.182640758,0.185320625,0.169433743,0.159677792,0.153052941,0.153580362,0.162926432,0.179831257,0.207196718,0.245230472,0.274214754,0.280413508,0.276627666,0.269459903,0.261423555,0.25311631,0.251514566,0.262192559,0.288179895,0.334034318,0.369412535,0.382015747,0.38149215,0.378897667,0.376958919,0.377914345,0.377980304,0.379066825,0.381158513,0.383380294,0.385231364]"
DB,egger,H3791 ST12 Auburn Carini Walnut,#785e48,0.5020402412633035,0.04743921276984575,60.11281064646221,120,94,72,"[120, 94, 72]",0%,22%,40%,53%,"[0%, 22%, 40%, 53%]",42.10,8.88,16.64,"[42.10, 8.88, 16.64]",https://www.egger.com/en/furniture-interior-design/decors/H3791_12?country=US,https://cdn.egger.com/img/pim/8854422093854/8854545596446/AR_16_9.webp?width=1440&srcext=png,Textured Laminates,,,,,,D65,10,M1,2026-09-29T00:24:14.105Z,Nix Spectro L,6.87667288e-2,7.19564609e-2,6.80586636e-2,6.55075267e-2,6.39218450e-2,6.46710858e-2,6.83518104e-2,7.47187182e-2,8.51887718e-2,1.00176692e-1,1.12117232e-1,1.14824127e-1,1.12999435e-1,1.09703963e-1,1.06099696e-1,1.02471365e-1,1.02272463e-1,1.08897743e-1,1.25368083e-1,1.54901887e-1,1.77989259e-1,1.86685768e-1,1.86920437e-1,1.85771182e-1,1.85030830e-1,1.85813588e-1,1.86157581e-1,1.86919376e-1,1.87990367e-1,1.89038500e-1,1.89784348e-1,"[0.0687667288,0.0719564609,0.0680586636,0.0655075267,0.063921845,0.0646710858,0.0683518104,0.0747187182,0.0851887718,0.100176692,0.112117232,0.114824127,0.112999435,0.109703963,0.106099696,0.102471365,0.102272463,0.108897743,0.125368083,0.154901887,0.177989259,0.186685768,0.186920437,0.185771182,0.18503083,0.185813588,0.186157581,0.186919376,0.187990367,0.1890385,0.189784348]"
DB,egger,H3710 ST12 Natural Carini Walnut,#776351,0.5137483490696831,0.036626242275990796,63.81778415064383,119,99,81,"[119, 99, 81]",0%,17%,32%,53%,"[0%, 17%, 32%, 53%]",43.53,6.00,13.08,"[43.53, 6.00, 13.08]",https://www.egger.com/en/furniture-interior-design/decors/H3710_12?country=US,https://cdn.egger.com/img/pim/8854420127774/8854545104926/original.jpg?width=768&srcext=png,Textured Laminates,,,,,,D65,10,M1,2026-09-29T00:24:59.791Z,Nix Spectro L,7.58929476e-2,8.28142747e-2,8.29297274e-2,8.26049134e-2,8.24691847e-2,8.38235334e-2,8.70907739e-2,9.21464339e-2,1.00279194e-1,1.11841539e-1,1.21413344e-1,1.24397831e-1,1.24081138e-1,1.22519729e-1,1.20555283e-1,1.18570325e-1,1.19531436e-1,1.25561018e-1,1.37854648e-1,1.58544406e-1,1.74225664e-1,1.79750204e-1,1.79553303e-1,1.78463030e-1,1.77675593e-1,1.78241366e-1,1.78440151e-1,1.79091841e-1,1.80052331e-1,1.81008738e-1,1.81708089e-1,"[0.0758929476,0.0828142747,0.0829297274,0.0826049134,0.0824691847,0.0838235334,0.0870907739,0.0921464339,0.100279194,0.111841539,0.121413344,0.124397831,0.124081138,0.122519729,0.120555283,0.118570325,0.119531436,0.125561018,0.137854648,0.158544406,0.174225664,0.179750204,0.179553303,0.17846303,0.177675593,0.178241366,0.178440151,0.179091841,0.180052331,0.181008738,0.181708089]"
DB,egger,H3794 ST12 Chocolate Carini Walnut,#544b42,0.4177787131077565,0.018161432959387727,63.685676989135004,84,75,66,"[84, 75, 66]",0%,11%,21%,67%,"[0%, 11%, 21%, 67%]",32.44,2.86,6.36,"[32.44, 2.86, 6.36]",https://www.egger.com/en/furniture-interior-design/decors/H3794_12?country=US,https://cdn.egger.com/img/pim/8854422487070/8854545694750/AR_16_9.webp?width=1440&srcext=png,Textured Laminates,,,,,,D65,10,M1,2026-09-29T00:26:50.182Z,Nix Spectro L,5.37446648e-2,5.68441942e-2,5.55510439e-2,5.46307541e-2,5.40758513e-2,5.44022828e-2,5.57891481e-2,5.82608253e-2,6.24585792e-2,6.82239935e-2,7.23941013e-2,7.24913359e-2,7.09552348e-2,6.90351352e-2,6.72401682e-2,6.55295074e-2,6.51345134e-2,6.72339626e-2,7.23506555e-2,8.11055809e-2,8.75142708e-2,8.93016383e-2,8.85815755e-2,8.77251267e-2,8.71382967e-2,8.71705502e-2,8.69803384e-2,8.69455919e-2,8.70363906e-2,8.71596888e-2,8.71827498e-2,"[0.0537446648,0.0568441942,0.0555510439,0.0546307541,0.0540758513,0.0544022828,0.0557891481,0.0582608253,0.0624585792,0.0682239935,0.0723941013,0.0724913359,0.0709552348,0.0690351352,0.0672401682,0.0655295074,0.0651345134,0.0672339626,0.0723506555,0.0811055809,0.0875142708,0.0893016383,0.0885815755,0.0877251267,0.0871382967,0.0871705502,0.0869803384,0.0869455919,0.0870363906,0.0871596888,0.0871827498]"
DB,egger,H1714 ST19 Lincoln Walnut,#796357,0.5171489827477246,0.033549866513477355,50.06783975664621,121,99,87,"[121, 99, 87]",0%,18%,28%,53%,"[0%, 18%, 28%, 53%]",43.83,7.60,10.18,"[43.83, 7.60, 10.18]",https://www.egger.com/en/furniture-interior-design/decors/H1714_19?country=US,https://cdn.egger.com/img/pim/8854386606110/8854531768350/AR_16_9.webp?width=1440&srcext=png,Textured Laminates,,,,,,D65,10,M1,2026-09-29T00:28:51.734Z,Nix Spectro L,1.17659050e-1,1.19134477e-1,1.09010702e-1,1.01924410e-1,9.61529538e-2,9.34051082e-2,9.39620867e-2,9.74974662e-2,1.05187011e-1,1.16860777e-1,1.26438154e-1,1.28405118e-1,1.26692903e-1,1.23814364e-1,1.21116358e-1,1.18488479e-1,1.17985810e-1,1.22863591e-1,1.36455861e-1,1.61154854e-1,1.80539644e-1,1.87735721e-1,1.87639663e-1,1.86508235e-1,1.85968938e-1,1.86893398e-1,1.87142065e-1,1.87569216e-1,1.88296485e-1,1.89109367e-1,1.89754507e-1,"[0.11765905,0.119134477,0.109010702,0.10192441,0.0961529538,0.0934051082,0.0939620867,0.0974974662,0.105187011,0.116860777,0.126438154,0.128405118,0.126692903,0.123814364,0.121116358,0.118488479,0.11798581,0.122863591,0.136455861,0.161154854,0.180539644,0.187735721,0.187639663,0.186508235,0.185968938,0.186893398,0.187142065,0.187569216,0.188296485,0.189109367,0.189754507]"
DB,egger,H1307 ST19 Brown Warmia Walnut,#705a4f,0.4871745939003541,0.033137931144873414,49.68957055331862,112,90,79,"[112, 90, 79]",0%,20%,29%,56%,"[0%, 20%, 29%, 56%]",40.36,7.58,10.02,"[40.36, 7.58, 10.02]",https://www.egger.com/en/furniture-interior-design/decors/H1307_19?country=US,https://cdn.egger.com/img/pim/8854527180830/8854527213598/AR_16_9.webp?width=1440&srcext=png,Textured Laminates,,,,,,D65,10,M1,2026-09-29T00:29:50.679Z,Nix Spectro L,7.53903285e-2,8.19955140e-2,8.18530396e-2,8.10674399e-2,8.02231014e-2,8.01352367e-2,8.08716133e-2,8.25644493e-2,8.61205593e-2,9.16196853e-2,9.67254311e-2,9.88396674e-2,9.95198116e-2,9.97066155e-2,1.00029367e-1,1.00904652e-1,1.04078875e-1,1.10658343e-1,1.21228544e-1,1.37488303e-1,1.49602249e-1,1.53854859e-1,1.53710103e-1,1.52919340e-1,1.52475479e-1,1.53209430e-1,1.53588569e-1,1.54245666e-1,1.55050826e-1,1.55860153e-1,1.56449431e-1,"[0.0753903285,0.081995514,0.0818530396,0.0810674399,0.0802231014,0.0801352367,0.0808716133,0.0825644493,0.0861205593,0.0916196853,0.0967254311,0.0988396674,0.0995198116,0.0997066155,0.100029367,0.100904652,0.104078875,0.110658343,0.121228544,0.137488303,0.149602249,0.153854859,0.153710103,0.15291934,0.152475479,0.15320943,0.153588569,0.154245666,0.155050826,0.155860153,0.156449431]"
DB,egger,H3041 ST12 Natural Eucalyptus,#554740,0.41074247793937657,0.021577658656931713,51.42466508988082,85,71,64,"[85, 71, 64]",0%,16%,25%,67%,"[0%, 16%, 25%, 67%]",31.56,4.71,6.63,"[31.56, 4.71, 6.63]",https://www.egger.com/en/furniture-interior-design/decors/H3041_12?country=US,https://cdn.egger.com/img/pim/8860202303518/8860202336286/AR_16_9.webp?width=1440&srcext=png,Textured Laminates,,,,,,D65,10,M1,2026-09-29T00:30:48.428Z,Nix Spectro L,4.25032064e-2,4.78831962e-2,5.00145152e-2,5.09537637e-2,5.16409367e-2,5.24171248e-2,5.33232480e-2,5.45147091e-2,5.65795943e-2,5.96178792e-2,6.23819999e-2,6.32985204e-2,6.31859921e-2,6.27005354e-2,6.21601745e-2,6.16902530e-2,6.24653190e-2,6.53451435e-2,7.07705334e-2,7.95309231e-2,8.59424353e-2,8.79443482e-2,8.75680655e-2,8.69530007e-2,8.65537316e-2,8.67982432e-2,8.68665755e-2,8.71128395e-2,8.74367848e-2,8.77492160e-2,8.79105791e-2,"[0.0425032064,0.0478831962,0.0500145152,0.0509537637,0.0516409367,0.0524171248,0.053323248,0.0545147091,0.0565795943,0.0596178792,0.0623819999,0.0632985204,0.0631859921,0.0627005354,0.0621601745,0.061690253,0.062465319,0.0653451435,0.0707705334,0.0795309231,0.0859424353,0.0879443482,0.0875680655,0.0869530007,0.0865537316,0.0867982432,0.0868665755,0.0871128395,0.0874367848,0.087749216,0.0879105791]"
DB,egger,H3303 ST10 Natural Hamilton Oak,#a98d6b,0.6599774102349634,0.057698368768962,70.90195960607593,169,141,107,"[169, 141, 107]",0%,17%,37%,34%,"[0%, 17%, 37%, 34%]",60.54,7.53,21.98,"[60.54, 7.53, 21.98]",https://www.egger.com/en/furniture-interior-design/decors/H3303_10?country=US,https://cdn.egger.com/img/pim/8854408724510/8854540386334/AR_16_9.webp?width=1440&srcext=png,Textured Laminates,,,,,,D65,10,M1,2026-09-29T00:31:48.065Z,Nix Spectro L,1.87024823e-1,1.87567228e-1,1.68136248e-1,1.55801341e-1,1.46813741e-1,1.44968402e-1,1.51691246e-1,1.65850437e-1,1.90222111e-1,2.25272077e-1,2.54335433e-1,2.64444035e-1,2.65013456e-1,2.61525935e-1,2.56431231e-1,2.50829709e-1,2.51367670e-1,2.63420421e-1,2.90725285e-1,3.38587642e-1,3.76053840e-1,3.90545875e-1,3.91511041e-1,3.89772308e-1,3.88458645e-1,3.90036052e-1,3.90484017e-1,3.91702950e-1,3.93720114e-1,3.95883876e-1,3.97693688e-1,"[0.187024823,0.187567228,0.168136248,0.155801341,0.146813741,0.144968402,0.151691246,0.165850437,0.190222111,0.225272077,0.254335433,0.264444035,0.265013456,0.261525935,0.256431231,0.250829709,0.25136767,0.263420421,0.290725285,0.338587642,0.37605384,0.390545875,0.391511041,0.389772308,0.388458645,0.390036052,0.390484017,0.39170295,0.393720114,0.395883876,0.397693688]"
DB,egger,H3171 ST12 Oiled Kendal Oak,#ae8d6b,0.6656005487240079,0.06176600170506534,67.00668152982371,174,141,107,"[174, 141, 107]",0%,19%,39%,32%,"[0%, 19%, 39%, 32%]",61.13,9.42,23.01,"[61.13, 9.42, 23.01]",https://www.egger.com/en/furniture-interior-design/decors/H3171_12?country=US,https://cdn.egger.com/img/pim/8854402826270/8854539403294/AR_16_9.webp?width=1440&srcext=png,Textured Laminates,,,,,,D65,10,M1,2026-09-29T00:32:41.777Z,Nix Spectro L,1.43636388e-1,1.55419463e-1,1.52376670e-1,1.49785459e-1,1.48160502e-1,1.50608221e-1,1.58232531e-1,1.70459327e-1,1.90148234e-1,2.18603179e-1,2.43523589e-1,2.54590333e-1,2.58095425e-1,2.58110633e-1,2.56423318e-1,2.54783741e-1,2.60436288e-1,2.77377418e-1,3.07810938e-1,3.57513320e-1,3.95237279e-1,4.08746463e-1,4.08553863e-1,4.05966246e-1,4.03855467e-1,4.04832381e-1,4.05066353e-1,4.06537724e-1,4.08929986e-1,4.11360681e-1,4.13297921e-1,"[0.143636388,0.155419463,0.15237667,0.149785459,0.148160502,0.150608221,0.158232531,0.170459327,0.190148234,0.218603179,0.243523589,0.254590333,0.258095425,0.258110633,0.256423318,0.254783741,0.260436288,0.277377418,0.307810938,0.35751332,0.395237279,0.408746463,0.408553863,0.405966246,0.403855467,0.404832381,0.405066353,0.406537724,0.408929986,0.411360681,0.413297921]"
DB,egger,H1715 ST12 Parona Walnut,#a88a6e,0.6531288867772904,0.054001223430869646,63.78674171899763,168,138,110,"[168, 138, 110]",0%,18%,35%,34%,"[0%, 18%, 35%, 34%]",59.66,9.00,19.44,"[59.66, 9.00, 19.44]",https://www.egger.com/en/furniture-interior-design/decors/H1715_12?country=US,https://cdn.egger.com/img/pim/8854657925150/8854657957918/AR_16_9.webp?width=1440&srcext=png,Textured Laminates,,,,,,D65,10,M1,2026-09-29T00:33:26.889Z,Nix Spectro L,1.62561592e-1,1.72819069e-1,1.66661993e-1,1.61632344e-1,1.57555625e-1,1.57578805e-1,1.62548187e-1,1.71859747e-1,1.87981692e-1,2.11746925e-1,2.32741123e-1,2.41878471e-1,2.44752952e-1,2.44839069e-1,2.43907425e-1,2.43316942e-1,2.48859385e-1,2.64005914e-1,2.90758431e-1,3.33849323e-1,3.66416514e-1,3.77874589e-1,3.77413297e-1,3.75043023e-1,3.73302668e-1,3.74473941e-1,3.74862456e-1,3.76206905e-1,3.78332978e-1,3.80538857e-1,3.82320392e-1,"[0.162561592,0.172819069,0.166661993,0.161632344,0.157555625,0.157578805,0.162548187,0.171859747,0.187981692,0.211746925,0.232741123,0.241878471,0.244752952,0.244839069,0.243907425,0.243316942,0.248859385,0.264005914,0.290758431,0.333849323,0.366416514,0.377874589,0.377413297,0.375043023,0.373302668,0.374473941,0.374862456,0.376206905,0.378332978,0.380538857,0.382320392]"
DB,egger,H3195 ST19 White Fineline,#d9dad6,0.8860203983564557,0.005055084008739676,117.29977931228916,217,218,214,"[217, 218, 214]",0%,0%,2%,15%,"[0%, 0%, 2%, 15%]",86.83,-0.80,1.71,"[86.83, -0.80, 1.71]",https://www.egger.com/en/furniture-interior-design/decors/H3195_19?country=US,https://cdn.egger.com/img/pim/8854406758430/8854540091422/AR_16_9.webp?width=1440&srcext=png,Textured Laminates,,,,,,D65,10,M1,2026-09-29T00:34:27.199Z,Nix Spectro L,5.38733983e-1,6.15955412e-1,6.55137408e-1,6.69555438e-1,6.73784256e-1,6.78470838e-1,6.82705772e-1,6.84471643e-1,6.87588763e-1,6.93052638e-1,6.99730623e-1,7.02083933e-1,7.01380432e-1,6.99171066e-1,6.97243154e-1,6.93076825e-1,6.90795040e-1,6.93193805e-1,6.97723460e-1,7.01213133e-1,7.00724924e-1,6.98247516e-1,6.96635389e-1,6.94835961e-1,6.93087423e-1,6.95365477e-1,6.95023465e-1,6.94707191e-1,6.94971275e-1,6.95683563e-1,6.96262205e-1,"[0.538733983,0.615955412,0.655137408,0.669555438,0.673784256,0.678470838,0.682705772,0.684471643,0.687588763,0.693052638,0.699730623,0.702083933,0.701380432,0.699171066,0.697243154,0.693076825,0.69079504,0.693193805,0.69772346,0.701213133,0.700724924,0.698247516,0.696635389,0.694835961,0.693087423,0.695365477,0.695023465,0.694707191,0.694971275,0.695683563,0.696262205]"
DB,egger,H3197 ST19 Medium Grey Fineline,#9d9791,0.6808550310588035,0.011538438200625337,69.01160221549821,157,151,145,"[157, 151, 145]",0%,4%,8%,38%,"[0%, 4%, 8%, 38%]",62.98,1.41,4.15,"[62.98, 1.41, 4.15]",https://www.egger.com/en/furniture-interior-design/decors/H3197_19?country=US,https://cdn.egger.com/img/pim/8854407544862/8854540189726/AR_16_9.webp?width=1440&srcext=png,Textured Laminates,,,,,,D65,10,M1,2026-09-29T00:35:25.703Z,Nix Spectro L,2.69906330e-1,2.91795617e-1,2.91819197e-1,2.88501066e-1,2.83669889e-1,2.81892869e-1,2.83223012e-1,2.86754882e-1,2.94318223e-1,3.05362618e-1,3.13745540e-1,3.13971770e-1,3.11486351e-1,3.08529079e-1,3.06643885e-1,3.05096996e-1,3.06015480e-1,3.11056828e-1,3.18991673e-1,3.29283804e-1,3.35966086e-1,3.37685770e-1,3.37245405e-1,3.36454237e-1,3.36103570e-1,3.38036430e-1,3.38745689e-1,3.39378715e-1,3.40138048e-1,3.41105956e-1,3.41887295e-1,"[0.26990633,0.291795617,0.291819197,0.288501066,0.283669889,0.281892869,0.283223012,0.286754882,0.294318223,0.305362618,0.31374554,0.31397177,0.311486351,0.308529079,0.306643885,0.305096996,0.30601548,0.311056828,0.318991673,0.329283804,0.335966086,0.33768577,0.337245405,0.336454237,0.33610357,0.33803643,0.338745689,0.339378715,0.340138048,0.341105956,0.341887295]"
DB,egger,H3198 ST19 Dark Grey Fineline,#6d6864,0.5200342677170751,0.009038056454344755,64.96825274977289,109,104,100,"[109, 104, 100]",0%,5%,8%,57%,"[0%, 5%, 8%, 57%]",44.32,1.30,3.16,"[44.32, 1.30, 3.16]",https://www.egger.com/en/furniture-interior-design/decors/H3198_19?country=US,https://cdn.egger.com/img/pim/8854407938078/8854540288030/AR_16_9.webp?width=1440&srcext=png,Textured Laminates,,,,,,D65,10,M1,2026-09-29T00:36:15.980Z,Nix Spectro L,1.25900871e-1,1.33639035e-1,1.31104796e-1,1.28494623e-1,1.25840391e-1,1.24762724e-1,1.25354853e-1,1.27445069e-1,1.31942093e-1,1.38394254e-1,1.42927873e-1,1.42285839e-1,1.39919505e-1,1.37368645e-1,1.35500269e-1,1.33939327e-1,1.33777872e-1,1.36238347e-1,1.40944612e-1,1.47645375e-1,1.52045354e-1,1.52930012e-1,1.52209237e-1,1.51532724e-1,1.51267883e-1,1.52118292e-1,1.52477595e-1,1.52746421e-1,1.52926582e-1,1.53180224e-1,1.53281289e-1,"[0.125900871,0.133639035,0.131104796,0.128494623,0.125840391,0.124762724,0.125354853,0.127445069,0.131942093,0.138394254,0.142927873,0.142285839,0.139919505,0.137368645,0.135500269,0.133939327,0.133777872,0.136238347,0.140944612,0.147645375,0.152045354,0.152930012,0.152209237,0.151532724,0.151267883,0.152118292,0.152477595,0.152746421,0.152926582,0.153180224,0.153281289]"
DB,egger,H1290 ST19 White Frozen Wood,#d3d3d0,0.86560420593726,0.0038516042920352417,113.38327782714396,211,211,208,"[211, 211, 208]",0%,0%,1%,17%,"[0%, 0%, 1%, 17%]",84.45,-0.53,1.34,"[84.45, -0.53, 1.34]",https://www.egger.com/en/furniture-interior-design/decors/H1290_19?country=US,https://cdn.egger.com/img/pim/8854372450334/8854526492702/AR_16_9.webp?width=1440&srcext=png,Textured Laminates,,,,,,D65,10,M1,2026-09-29T00:37:03.166Z,Nix Spectro L,4.81872648e-1,5.60052228e-1,6.05526841e-1,6.24315727e-1,6.32327271e-1,6.39129245e-1,6.43656003e-1,6.44305980e-1,6.44673347e-1,6.46147716e-1,6.50042260e-1,6.52389681e-1,6.52473497e-1,6.51194966e-1,6.49874556e-1,6.46156991e-1,6.44069862e-1,6.46048045e-1,6.49514484e-1,6.51852965e-1,6.51375198e-1,6.50849652e-1,6.51991451e-1,6.52046955e-1,6.51492429e-1,6.54492807e-1,6.54814863e-1,6.54775214e-1,6.54767585e-1,6.55085218e-1,6.55209267e-1,"[0.481872648,0.560052228,0.605526841,0.624315727,0.632327271,0.639129245,0.643656003,0.64430598,0.644673347,0.646147716,0.65004226,0.652389681,0.652473497,0.651194966,0.649874556,0.646156991,0.644069862,0.646048045,0.649514484,0.651852965,0.651375198,0.650849652,0.651991451,0.652046955,0.651492429,0.654492807,0.654814863,0.654775214,0.654767585,0.655085218,0.655209267]"
DB,egger,H1288 ST19 Stone Grey Frozen Wood,#a4998f,0.6898349541356964,0.019493790520255294,68.4666346091766,164,153,143,"[164, 153, 143]",0%,7%,13%,36%,"[0%, 7%, 13%, 36%]",64.02,2.50,7.02,"[64.02, 2.50, 7.02]",https://www.egger.com/en/furniture-interior-design/decors/H1288_19?country=US,https://cdn.egger.com/img/pim/8860196372510/8860196405278/AR_16_9.webp?width=1440&srcext=png,Textured Laminates,,,,,,D65,10,M1,2026-09-29T00:37:55.871Z,Nix Spectro L,1.89671865e-1,2.28051403e-1,2.53799886e-1,2.66689748e-1,2.74858373e-1,2.81478089e-1,2.86366296e-1,2.89484411e-1,2.92820120e-1,2.97117275e-1,3.01931077e-1,3.05832291e-1,3.09416628e-1,3.12545055e-1,3.15447944e-1,3.18680775e-1,3.25765842e-1,3.35563153e-1,3.43035030e-1,3.48726773e-1,3.52160150e-1,3.55512470e-1,3.59597844e-1,3.61654216e-1,3.62587219e-1,3.65381229e-1,3.66854692e-1,3.68231392e-1,3.69187975e-1,3.70150346e-1,3.70778495e-1,"[0.189671865,0.228051403,0.253799886,0.266689748,0.274858373,0.281478089,0.286366296,0.289484411,0.29282012,0.297117275,0.301931077,0.305832291,0.309416628,0.312545055,0.315447944,0.318680775,0.325765842,0.335563153,0.34303503,0.348726773,0.35216015,0.35551247,0.359597844,0.361654216,0.362587219,0.365381229,0.366854692,0.368231392,0.369187975,0.370150346,0.370778495]"
DB,egger,H1292 ST19 Carbon Frozen Wood,#525151,0.43744425091414635,0.0013297422327424072,23.223097310062542,82,81,81,"[82, 81, 81]",0%,1%,1%,68%,"[0%, 1%, 1%, 68%]",34.73,0.41,0.20,"[34.73, 0.41, 0.20]",https://www.egger.com/en/furniture-interior-design/decors/H1292_19?country=US,https://static.richelieu.com/documents/docsGr/123/243/5/1232435/1582563_300.jpg,Textured Laminates,,,,,,D65,10,M1,2026-09-29T00:38:53.930Z,Nix Spectro L,7.65414312e-2,8.29787225e-2,8.38027492e-2,8.36328655e-2,8.31220016e-2,8.28668356e-2,8.27354938e-2,8.28487083e-2,8.36716861e-2,8.48271117e-2,8.55513692e-2,8.48618492e-2,8.38272616e-2,8.28411892e-2,8.22524443e-2,8.17911193e-2,8.17595318e-2,8.25803906e-2,8.38843510e-2,8.53452727e-2,8.60070512e-2,8.58702689e-2,8.55001912e-2,8.51890251e-2,8.50138843e-2,8.53000402e-2,8.52200717e-2,8.50613922e-2,8.48507226e-2,8.47027972e-2,8.45152706e-2,"[0.0765414312,0.0829787225,0.0838027492,0.0836328655,0.0831220016,0.0828668356,0.0827354938,0.0828487083,0.0836716861,0.0848271117,0.0855513692,0.0848618492,0.0838272616,0.0828411892,0.0822524443,0.0817911193,0.0817595318,0.0825803906,0.083884351,0.0853452727,0.0860070512,0.0858702689,0.0855001912,0.0851890251,0.0850138843,0.0853000402,0.0852200717,0.0850613922,0.0848507226,0.0847027972,0.0845152706]"
DB,egger,H3165 ST12 Lights Vicenza Oak,#bfac95,0.7553326355434742,0.038708010324183355,73.94817596671396,191,172,149,"[191, 172, 149]",0%,10%,22%,25%,"[0%, 10%, 22%, 25%]",71.65,4.04,14.60,"[71.65, 4.04, 14.60]",https://www.egger.com/en/furniture-interior-design/decors/H3165_12?country=US,https://cdn.egger.com/img/pim/8854538911774/8854538944542/AR_16_9.webp?width=1440&srcext=png,Textured Laminates,,,,,,D65,10,M1,2026-09-29T00:40:07.677Z,Nix Spectro L,3.09554708e-1,3.25312418e-1,3.13106406e-1,3.03909874e-1,2.96384585e-1,2.96434158e-1,3.05501348e-1,3.21978211e-1,3.48954535e-1,3.85275066e-1,4.10772908e-1,4.13390255e-1,4.09319025e-1,4.04054201e-1,4.00124675e-1,3.98282909e-1,4.04742789e-1,4.21360916e-1,4.45308745e-1,4.79555053e-1,5.04385483e-1,5.12418550e-1,5.11381865e-1,5.08660817e-1,5.06294578e-1,5.07211405e-1,5.06603402e-1,5.07008862e-1,5.08690661e-1,5.10779917e-1,5.12748986e-1,"[0.309554708,0.325312418,0.313106406,0.303909874,0.296384585,0.296434158,0.305501348,0.321978211,0.348954535,0.385275066,0.410772908,0.413390255,0.409319025,0.404054201,0.400124675,0.398282909,0.404742789,0.421360916,0.445308745,0.479555053,0.504385483,0.51241855,0.511381865,0.508660817,0.506294578,0.507211405,0.506603402,0.507008862,0.508690661,0.510779917,0.512748986]"
DB,egger,H3157 ST12 Vicenza Oak,#c2a988,0.7494450268634376,0.05390444828108813,74.92363984592413,194,169,136,"[194, 169, 136]",0%,13%,30%,24%,"[0%, 13%, 30%, 24%]",70.98,5.63,20.73,"[70.98, 5.63, 20.73]",https://www.egger.com/en/furniture-interior-design/decors/H3157_12?country=US,https://cdn.egger.com/img/pim/8854400466974/8854538420254/AR_16_9.webp?width=1440&srcext=png,Textured Laminates,,,,,,D65,10,M1,2026-09-29T00:41:00.185Z,Nix Spectro L,2.69749147e-1,2.77941895e-1,2.59698308e-1,2.48370111e-1,2.40676650e-1,2.41883528e-1,2.54090831e-1,2.75731921e-1,3.10248607e-1,3.56690329e-1,3.89754647e-1,3.94758272e-1,3.91016895e-1,3.85367811e-1,3.80574733e-1,3.78337735e-1,3.86781222e-1,4.08133167e-1,4.39359301e-1,4.85254413e-1,5.19134378e-1,5.30625749e-1,5.29807842e-1,5.26672733e-1,5.23820376e-1,5.24477494e-1,5.23780632e-1,5.24375749e-1,5.26319253e-1,5.28638303e-1,5.30740535e-1,"[0.269749147,0.277941895,0.259698308,0.248370111,0.24067665,0.241883528,0.254090831,0.275731921,0.310248607,0.356690329,0.389754647,0.394758272,0.391016895,0.385367811,0.380574733,0.378337735,0.386781222,0.408133167,0.439359301,0.485254413,0.519134378,0.530625749,0.529807842,0.526672733,0.523820376,0.524477494,0.523780632,0.524375749,0.526319253,0.528638303,0.530740535]"
DB,egger,H3158 ST19 Grey Vicenza Oak,#877d73,0.5953809487336905,0.019318672396488944,67.45560340061252,135,125,115,"[135, 125, 115]",0%,7%,15%,47%,"[0%, 7%, 15%, 47%]",53.06,2.61,6.93,"[53.06, 2.61, 6.93]",https://www.egger.com/en/furniture-interior-design/decors/H3158_19?country=US,https://cdn.egger.com/img/pim/8854401253406/8854538616862/AR_16_9.webp?width=1440&srcext=png,Textured Laminates,,,,,,D65,10,M1,2026-09-29T00:41:52.465Z,Nix Spectro L,1.70718536e-1,1.81361738e-1,1.77501854e-1,1.73771358e-1,1.70170894e-1,1.69320241e-1,1.71547961e-1,1.76400951e-1,1.85291266e-1,1.97645536e-1,2.06479257e-1,2.06765988e-1,2.04359508e-1,2.01536885e-1,1.99522707e-1,1.98190922e-1,1.99728552e-1,2.05508706e-1,2.14697939e-1,2.27846310e-1,2.37150863e-1,2.40039986e-1,2.39635652e-1,2.38759342e-1,2.38273123e-1,2.39458591e-1,2.39895406e-1,2.40497524e-1,2.41297218e-1,2.42220604e-1,2.42962462e-1,"[0.170718536,0.181361738,0.177501854,0.173771358,0.170170894,0.169320241,0.171547961,0.176400951,0.185291266,0.197645536,0.206479257,0.206765988,0.204359508,0.201536885,0.199522707,0.198190922,0.199728552,0.205508706,0.214697939,0.22784631,0.237150863,0.240039986,0.239635652,0.238759342,0.238273123,0.239458591,0.239895406,0.240497524,0.241297218,0.242220604,0.242962462]"
DB,egger,F637 ST10 White Chromix,#d1cec5,0.8511571560510605,0.01274638457703502,93.18102297223982,209,206,197,"[209, 206, 197]",0%,1%,6%,18%,"[0%, 1%, 6%, 18%]",82.81,-0.24,4.88,"[82.81, -0.24, 4.88]",https://www.egger.com/en/furniture-interior-design/decors/F637_10?country=US,https://cdn.egger.com/img/pim/8854345842718/8854517710878/AR_16_9.webp?width=1440&srcext=png,Textured Laminates,,,,,,D65,10,M1,2026-09-29T00:42:59.746Z,Nix Spectro L,4.59413040e-1,5.19513226e-1,5.45833015e-1,5.54822969e-1,5.56953299e-1,5.61343718e-1,5.67771482e-1,5.74338806e-1,5.84663486e-1,5.99317706e-1,6.12206399e-1,6.16234016e-1,6.16101742e-1,6.14121270e-1,6.12090790e-1,6.08673966e-1,6.08894563e-1,6.14898300e-1,6.23570049e-1,6.33443844e-1,6.38163805e-1,6.37681377e-1,6.35923123e-1,6.33600545e-1,6.31149316e-1,6.32221591e-1,6.30965543e-1,6.30053723e-1,6.30006063e-1,6.30455673e-1,6.30895591e-1,"[0.45941304,0.519513226,0.545833015,0.554822969,0.556953299,0.561343718,0.567771482,0.574338806,0.584663486,0.599317706,0.612206399,0.616234016,0.616101742,0.61412127,0.61209079,0.608673966,0.608894563,0.6148983,0.623570049,0.633443844,0.638163805,0.637681377,0.635923123,0.633600545,0.631149316,0.632221591,0.630965543,0.630053723,0.630006063,0.630455673,0.630895591]"
DB,egger,F638 ST10 Chromix Silver,#a4a29e,0.7137680846151027,0.006475263022401594,85.83418443047356,164,162,158,"[164, 162, 158]",0%,1%,4%,36%,"[0%, 1%, 4%, 36%]",66.82,0.15,2.47,"[66.82, 0.15, 2.47]",https://www.egger.com/en/furniture-interior-design/decors/F638_10?country=US,https://static.richelieu.com/documents/docsGr/123/246/7/1232467/1582679_300.jpg,Textured Laminates,,,,,,D65,10,M1,2026-09-29T00:43:49.565Z,Nix Spectro L,3.17024153e-1,3.45312625e-1,3.48768431e-1,3.46408057e-1,3.41464180e-1,3.39855343e-1,3.41507447e-1,3.45074713e-1,3.52699709e-1,3.64050317e-1,3.72874987e-1,3.72694653e-1,3.68758851e-1,3.63853621e-1,3.59794158e-1,3.55028248e-1,3.51868874e-1,3.53467530e-1,3.60392946e-1,3.71580589e-1,3.78714287e-1,3.79422140e-1,3.77259707e-1,3.75194561e-1,3.73809689e-1,3.74876100e-1,3.74504733e-1,3.74140656e-1,3.74255252e-1,3.74688762e-1,3.75061440e-1,"[0.317024153,0.345312625,0.348768431,0.346408057,0.34146418,0.339855343,0.341507447,0.345074713,0.352699709,0.364050317,0.372874987,0.372694653,0.368758851,0.363853621,0.359794158,0.355028248,0.351868874,0.35346753,0.360392946,0.371580589,0.378714287,0.37942214,0.377259707,0.375194561,0.373809689,0.3748761,0.374504733,0.374140656,0.374255252,0.374688762,0.37506144]"
DB,egger,F422 ST10 White Linen,#dadad8,0.888264375450694,0.003833401818825612,113.05824412239144,218,218,216,"[218, 218, 216]",0%,0%,1%,15%,"[0%, 0%, 1%, 15%]",87.08,-0.52,1.34,"[87.08, -0.52, 1.34]",https://www.egger.com/en/furniture-interior-design/decors/F422_10?country=US,https://cdn.egger.com/img/pim/8854335291422/8854514728990/AR_16_9.webp?width=1440&srcext=png,Textured Laminates,,,,,,D65,10,M1,2026-09-29T00:44:35.594Z,Nix Spectro L,5.33385420e-1,6.15133488e-1,6.59749341e-1,6.76897001e-1,6.82852066e-1,6.88706648e-1,6.93502641e-1,6.95088661e-1,6.97538924e-1,7.02592492e-1,7.09592545e-1,7.12092352e-1,7.10241437e-1,7.06291151e-1,7.02171409e-1,6.94811594e-1,6.88949311e-1,6.89345241e-1,6.96110904e-1,7.06512463e-1,7.11500812e-1,7.10497475e-1,7.08079863e-1,7.05513358e-1,7.03248775e-1,7.05242717e-1,7.04652083e-1,7.04123700e-1,7.04228401e-1,7.04735708e-1,7.05035639e-1,"[0.53338542,0.615133488,0.659749341,0.676897001,0.682852066,0.688706648,0.693502641,0.695088661,0.697538924,0.702592492,0.709592545,0.712092352,0.710241437,0.706291151,0.702171409,0.694811594,0.688949311,0.689345241,0.696110904,0.706512463,0.711500812,0.710497475,0.708079863,0.705513358,0.703248775,0.705242717,0.704652083,0.7041237,0.704228401,0.704735708,0.705035639]"
DB,egger,F433 ST10 Anthracite Line,#7d7976,0.5790149440221347,0.006037384882284432,63.796734108719875,125,121,118,"[125, 121, 118]",0%,3%,6%,51%,"[0%, 3%, 6%, 51%]",51.16,0.90,2.08,"[51.16, 0.90, 2.08]",https://www.egger.com/en/furniture-interior-design/decors/F433_10?country=US,https://cdn.egger.com/img/pim/8854336077854/8854514925598/AR_16_9.webp?width=1440&srcext=png,Textured Laminates,,,,,,D65,10,M1,2026-09-29T00:45:20.537Z,Nix Spectro L,1.74726221e-1,1.88533431e-1,1.88373560e-1,1.86070207e-1,1.82764789e-1,1.81136245e-1,1.81130487e-1,1.82322302e-1,1.85843456e-1,1.91369423e-1,1.95790011e-1,1.95593211e-1,1.93628538e-1,1.91353169e-1,1.89793319e-1,1.88316762e-1,1.88062489e-1,1.90433586e-1,1.94947913e-1,2.00826243e-1,2.04242465e-1,2.04403305e-1,2.03330296e-1,2.02472585e-1,2.02129874e-1,2.03281683e-1,2.03751454e-1,2.04042357e-1,2.04234385e-1,2.04538211e-1,2.04668477e-1,"[0.174726221,0.188533431,0.18837356,0.186070207,0.182764789,0.181136245,0.181130487,0.182322302,0.185843456,0.191369423,0.195790011,0.195593211,0.193628538,0.191353169,0.189793319,0.188316762,0.188062489,0.190433586,0.194947913,0.200826243,0.204242465,0.204403305,0.203330296,0.202472585,0.202129874,0.203281683,0.203751454,0.204042357,0.204234385,0.204538211,0.204668477]"
DB,egger,F416 ST10 Beige Textile,#bab0a2,0.7605864510248131,0.022502508706737482,76.23644107443874,186,176,162,"[186, 176, 162]",0%,5%,13%,27%,"[0%, 5%, 13%, 27%]",72.27,1.92,8.47,"[72.27, 1.92, 8.47]",https://www.egger.com/en/furniture-interior-design/decors/F416_10?country=US,https://cdn.egger.com/img/pim/8854334504990/8854514532382/AR_16_9.webp?width=1440&srcext=png,Textured Laminates,,,,,,D65,10,M1,2026-09-29T00:46:04.327Z,Nix Spectro L,3.09670043e-1,3.45538694e-1,3.57166582e-1,3.60405606e-1,3.60514516e-1,3.63249612e-1,3.68858540e-1,3.76271850e-1,3.88205934e-1,4.04715014e-1,4.18386048e-1,4.23070586e-1,4.24523729e-1,4.24687374e-1,4.24959040e-1,4.25547922e-1,4.30965608e-1,4.41745353e-1,4.54041970e-1,4.68326437e-1,4.77457827e-1,4.80335975e-1,4.80641413e-1,4.79743469e-1,4.78695035e-1,4.80524659e-1,4.80810410e-1,4.81616491e-1,4.83024228e-1,4.84691983e-1,4.86152971e-1,"[0.309670043,0.345538694,0.357166582,0.360405606,0.360514516,0.363249612,0.36885854,0.37627185,0.388205934,0.404715014,0.418386048,0.423070586,0.424523729,0.424687374,0.42495904,0.425547922,0.430965608,0.441745353,0.45404197,0.468326437,0.477457827,0.480335975,0.480641413,0.479743469,0.478695035,0.480524659,0.48081041,0.481616491,0.483024228,0.484691983,0.486152971]"
DB,egger,F417 ST10 Grey Textile,#afaca9,0.7470282061699597,0.0053774285984070505,67.01983836445368,175,172,169,"[175, 172, 169]",0%,2%,3%,31%,"[0%, 2%, 3%, 31%]",70.65,0.70,1.90,"[70.65, 0.70, 1.90]",https://www.egger.com/en/furniture-interior-design/decors/F417_10?country=US,https://cdn.egger.com/img/pim/8854334898206/8854514630686/AR_16_9.webp?width=1440&srcext=png,Textured Laminates,,,,,,D65,10,M1,2026-09-29T00:46:45.691Z,Nix Spectro L,3.54602689e-1,3.89346480e-1,3.96482104e-1,3.96196687e-1,3.92754143e-1,3.93169743e-1,3.97942150e-1,4.05400735e-1,4.18095112e-1,4.35237288e-1,4.44321537e-1,4.36535150e-1,4.24412972e-1,4.13221580e-1,4.05269063e-1,3.98303175e-1,3.95453966e-1,3.99980807e-1,4.10197872e-1,4.24770141e-1,4.34923375e-1,4.38728684e-1,4.39831823e-1,4.40109634e-1,4.40814018e-1,4.44750786e-1,4.46999776e-1,4.48558581e-1,4.49644595e-1,4.50864202e-1,4.51627022e-1,"[0.354602689,0.38934648,0.396482104,0.396196687,0.392754143,0.393169743,0.39794215,0.405400735,0.418095112,0.435237288,0.444321537,0.43653515,0.424412972,0.41322158,0.405269063,0.398303175,0.395453966,0.399980807,0.410197872,0.424770141,0.434923375,0.438728684,0.439831823,0.440109634,0.440814018,0.444750786,0.446999776,0.448558581,0.449644595,0.450864202,0.451627022]"
DB,egger,H8906 ST10 Three Layer Thermo Brown,#756252,0.5098155437811062,0.03544562317895691,61.51819693935289,117,98,82,"[117, 98, 82]",0%,16%,30%,54%,"[0%, 16%, 30%, 54%]",43.06,6.20,12.38,"[43.06, 6.20, 12.38]",https://www.egger.com/en/furniture-interior-design/decors/H8906_10?country=US,,Edge tapes,,,,,,D65,10,M1,2026-09-29T00:47:46.832Z,Nix Spectro L,9.00074407e-2,9.55469295e-2,9.26789999e-2,8.98973182e-2,8.72201696e-2,8.57969567e-2,8.56497213e-2,8.67628768e-2,9.02958542e-2,9.71475244e-2,1.06416997e-1,1.14273986e-1,1.18865779e-1,1.20967928e-1,1.21369733e-1,1.20642926e-1,1.21216929e-1,1.25628147e-1,1.36379074e-1,1.55317864e-1,1.69339421e-1,1.73471984e-1,1.72230807e-1,1.70467559e-1,1.68969026e-1,1.68572360e-1,1.67603853e-1,1.66657406e-1,1.65768769e-1,1.65017092e-1,1.64202535e-1,"[0.0900074407,0.0955469295,0.0926789999,0.0898973182,0.0872201696,0.0857969567,0.0856497213,0.0867628768,0.0902958542,0.0971475244,0.106416997,0.114273986,0.118865779,0.120967928,0.121369733,0.120642926,0.121216929,0.125628147,0.136379074,0.155317864,0.169339421,0.173471984,0.172230807,0.170467559,0.168969026,0.16857236,0.167603853,0.166657406,0.165768769,0.165017092,0.164202535]"
DB,egger,H8913 ST10 Three Layer Mountain Larch,#c7ac8a,0.7597149113398658,0.055875769345203774,73.95539977686121,199,172,138,"[199, 172, 138]",0%,14%,31%,22%,"[0%, 14%, 31%, 22%]",72.16,6.16,21.41,"[72.16, 6.16, 21.41]",https://www.egger.com/en/furniture-interior-design/decors/H8913_10?country=US,https://cdn.egger.com/img/pim/8854495723550/8854495756318/AR_16_9.webp?width=1440&srcext=png,Edge tapes,,,,,,D65,10,M1,2026-09-29T00:48:30.241Z,Nix Spectro L,2.51678252e-1,2.75434738e-1,2.75391167e-1,2.72034550e-1,2.67489052e-1,2.66260058e-1,2.68627864e-1,2.74034405e-1,2.85939682e-1,3.07803839e-1,3.38959330e-1,3.70317173e-1,3.93296367e-1,4.07764667e-1,4.15138662e-1,4.18727618e-1,4.26643223e-1,4.42112046e-1,4.65887046e-1,5.02391189e-1,5.29197204e-1,5.39463687e-1,5.41253984e-1,5.40196478e-1,5.38436484e-1,5.39955926e-1,5.39778638e-1,5.39775908e-1,5.39681709e-1,5.39836597e-1,5.39653015e-1,"[0.251678252,0.275434738,0.275391167,0.27203455,0.267489052,0.266260058,0.268627864,0.274034405,0.285939682,0.307803839,0.33895933,0.370317173,0.393296367,0.407764667,0.415138662,0.418727618,0.426643223,0.442112046,0.465887046,0.502391189,0.529197204,0.539463687,0.541253984,0.540196478,0.538436484,0.539955926,0.539778638,0.539775908,0.539681709,0.539836597,0.539653015]"