Type,Adjective,Noun,HEX,OKLCH_L,OKLCH_C,OKLCH_H,RGB_R,RGB_G,RGB_B,RGB,CMYK_C,CMYK_M,CMYK_Y,CMYK_K,CMYK,CIE_L,CIE_A,CIE_B,CIE_LAB,ERP_Code,Note,Tags,Sheen,Profile,Visual_Pattern,Tactile_Texture,Material,Illuminant,Observer,Measurement_Method,Measurement_Date,Measurement_Device,R400 nm,R410 nm,R420 nm,R430 nm,R440 nm,R450 nm,R460 nm,R470 nm,R480 nm,R490 nm,R500 nm,R510 nm,R520 nm,R530 nm,R540 nm,R550 nm,R560 nm,R570 nm,R580 nm,R590 nm,R600 nm,R610 nm,R620 nm,R630 nm,R640 nm,R650 nm,R660 nm,R670 nm,R680 nm,R690 nm,R700 nm,Spectral
DB,ncs,NCS 0300-N,#f7f7f7,0.9761398006642519,0.00003791020372976814,72.5892466051265,247,247,247,"[247, 247, 247]",0%,0%,0%,3%,"[0%, 0%, 0%, 3%]",97.23,0.00,0.01,"[97.23, 0.00, 0.01]",https://www.google.com/search?tbm=isch&q=ncs%20NCS%200300-N%20color%20swatch,,,,,,,,,,,,,,,,,,,,,,,,,,,,,,,,,,,,,,,,,,,,
DB,ncs,NCS 0500-N,#f2f2f2,0.9611523611354927,0.000037328138654936395,72.58924660566441,242,242,242,"[242, 242, 242]",0%,0%,0%,5%,"[0%, 0%, 0%, 5%]",95.49,0.00,0.01,"[95.49, 0.00, 0.01]",https://www.google.com/search?tbm=isch&q=ncs%20NCS%200500-N%20color%20swatch,,,,,,,,,,,,,,,,,,,,,,,,,,,,,,,,,,,,,,,,,,,,
DB,ncs,NCS 0502-B,#f5fbff,0.9847169100000228,0.00828122474709387,236.47766469600742,245,251,255,"[245, 251, 255]",4%,2%,0%,0%,"[4%, 2%, 0%, 0%]",98.25,-1.50,-2.63,"[98.25, -1.50, -2.63]",https://www.google.com/search?tbm=isch&q=ncs%20NCS%200502-B%20color%20swatch,,,,,,,,,,,,,,,,,,,,,,,,,,,,,,,,,,,,,,,,,,,,
DB,ncs,NCS 0502-B50G,#f7fffe,0.9937500383958713,0.008503683676569253,187.8867610745359,247,255,254,"[247, 255, 254]",3%,0%,0%,0%,"[3%, 0%, 0%, 0%]",99.37,-2.85,-0.47,"[99.37, -2.85, -0.47]",https://www.google.com/search?tbm=isch&q=ncs%20NCS%200502-B50G%20color%20swatch,,,,,,,,,,,,,,,,,,,,,,,,,,,,,,,,,,,,,,,,,,,,
DB,ncs,NCS 0502-G,#f4fff8,0.9898930627063467,0.014747645129581903,158.11741292314355,244,255,248,"[244, 255, 248]",4%,0%,3%,0%,"[4%, 0%, 3%, 0%]",99.03,-4.66,2.05,"[99.03, -4.66, 2.05]",https://www.google.com/search?tbm=isch&q=ncs%20NCS%200502-G%20color%20swatch,,,,,,,,,,,,,,,,,,,,,,,,,,,,,,,,,,,,,,,,,,,,
DB,ncs,NCS 0502-G50Y,#fdfff6,0.9960363971361654,0.012001846774063777,116.67198838104906,253,255,246,"[253, 255, 246]",1%,0%,4%,0%,"[1%, 0%, 4%, 0%]",99.66,-1.84,4.08,"[99.66, -1.84, 4.08]",https://www.google.com/search?tbm=isch&q=ncs%20NCS%200502-G50Y%20color%20swatch,,,,,,,,,,,,,,,,,,,,,,,,,,,,,,,,,,,,,,,,,,,,
DB,ncs,NCS 0502-R,#fff1f2,0.9694127018482943,0.015187928242579373,12.54466209882412,255,241,242,"[255, 241, 242]",0%,5%,5%,0%,"[0%, 5%, 5%, 0%]",96.28,5.00,1.31,"[96.28, 5.00, 1.31]",https://www.google.com/search?tbm=isch&q=ncs%20NCS%200502-R%20color%20swatch,,,,,,,,,,,,,,,,,,,,,,,,,,,,,,,,,,,,,,,,,,,,
DB,ncs,NCS 0502-R50B,#fef6fd,0.9813025120715864,0.012490698763846031,329.734533939382,254,246,253,"[254, 246, 253]",0%,3%,0%,0%,"[0%, 3%, 0%, 0%]",97.66,3.67,-2.36,"[97.66, 3.67, -2.36]",https://www.google.com/search?tbm=isch&q=ncs%20NCS%200502-R50B%20color%20swatch,,,,,,,,,,,,,,,,,,,,,,,,,,,,,,,,,,,,,,,,,,,,
DB,ncs,NCS 0502-Y,#fffdf6,0.993660203548132,0.009487580139390411,93.48012604769042,255,253,246,"[255, 253, 246]",0%,1%,4%,0%,"[0%, 1%, 4%, 0%]",99.32,-0.21,3.62,"[99.32, -0.21, 3.62]",https://www.google.com/search?tbm=isch&q=ncs%20NCS%200502-Y%20color%20swatch,,,,,,,,,,,,,,,,,,,,,,,,,,,,,,,,,,,,,,,,,,,,
DB,ncs,NCS 0502-Y50R,#fef8f4,0.9826493065836106,0.008394354639039245,56.38346189505722,254,248,244,"[254, 248, 244]",0%,2%,4%,0%,"[0%, 2%, 4%, 0%]",97.97,1.56,2.69,"[97.97, 1.56, 2.69]",https://www.google.com/search?tbm=isch&q=ncs%20NCS%200502-Y50R%20color%20swatch,,,,,,,,,,,,,,,,,,,,,,,,,,,,,,,,,,,,,,,,,,,,
DB,ncs,NCS 0505-B,#e8f6fe,0.9650806420972448,0.018290154219460536,232.45797078325563,232,246,254,"[232, 246, 254]",9%,3%,0%,0%,"[9%, 3%, 0%, 0%]",96.01,-3.64,-5.51,"[96.01, -3.64, -5.51]",https://www.google.com/search?tbm=isch&q=ncs%20NCS%200505-B%20color%20swatch,,,,,,,,,,,,,,,,,,,,,,,,,,,,,,,,,,,,,,,,,,,,
DB,ncs,NCS 0505-B20G,#eafbff,0.9767323527661642,0.018627257238903627,213.33308724628,234,251,255,"[234, 251, 255]",8%,2%,0%,0%,"[8%, 2%, 0%, 0%]",97.44,-5.19,-3.92,"[97.44, -5.19, -3.92]",https://www.google.com/search?tbm=isch&q=ncs%20NCS%200505-B20G%20color%20swatch,,,,,,,,,,,,,,,,,,,,,,,,,,,,,,,,,,,,,,,,,,,,
DB,ncs,NCS 0505-B50G,#ecfffe,0.985823479190951,0.01986451740908801,192.9233890006077,236,255,254,"[236, 255, 254]",7%,0%,0%,0%,"[7%, 0%, 0%, 0%]",98.57,-6.54,-1.75,"[98.57, -6.54, -1.75]",https://www.google.com/search?tbm=isch&q=ncs%20NCS%200505-B50G%20color%20swatch,,,,,,,,,,,,,,,,,,,,,,,,,,,,,,,,,,,,,,,,,,,,
DB,ncs,NCS 0505-B80G,#eafffa,0.983290361628795,0.022842024005729,179.8873736810542,234,255,250,"[234, 255, 250]",8%,0%,2%,0%,"[8%, 0%, 2%, 0%]",98.35,-7.76,-0.06,"[98.35, -7.76, -0.06]",https://www.google.com/search?tbm=isch&q=ncs%20NCS%200505-B80G%20color%20swatch,,,,,,,,,,,,,,,,,,,,,,,,,,,,,,,,,,,,,,,,,,,,
DB,ncs,NCS 0505-G,#e4ffef,0.976118795195301,0.03514036972535364,159.66011952760425,228,255,239,"[228, 255, 239]",11%,0%,6%,0%,"[11%, 0%, 6%, 0%]",97.71,-11.27,4.56,"[97.71, -11.27, 4.56]",https://www.google.com/search?tbm=isch&q=ncs%20NCS%200505-G%20color%20swatch,,,,,,,,,,,,,,,,,,,,,,,,,,,,,,,,,,,,,,,,,,,,
DB,ncs,NCS 0505-G10Y,#ecffec,0.98092726276303,0.031950655893172454,145.26681859388168,236,255,236,"[236, 255, 236]",7%,0%,7%,0%,"[7%, 0%, 7%, 0%]",98.21,-8.96,6.89,"[98.21, -8.96, 6.89]",https://www.google.com/search?tbm=isch&q=ncs%20NCS%200505-G10Y%20color%20swatch,,,,,,,,,,,,,,,,,,,,,,,,,,,,,,,,,,,,,,,,,,,,
DB,ncs,NCS 0505-G20Y,#f1ffeb,0.984264057553224,0.030094667605613086,136.07481340177765,241,255,235,"[241, 255, 235]",5%,0%,8%,0%,"[5%, 0%, 8%, 0%]",98.55,-7.37,7.95,"[98.55, -7.37, 7.95]",https://www.google.com/search?tbm=isch&q=ncs%20NCS%200505-G20Y%20color%20swatch,,,,,,,,,,,,,,,,,,,,,,,,,,,,,,,,,,,,,,,,,,,,
DB,ncs,NCS 0505-G30Y,#f4ffea,0.9862002220854966,0.029861982618188034,129.66810027244878,244,255,234,"[244, 255, 234]",4%,0%,8%,0%,"[4%, 0%, 8%, 0%]",98.75,-6.46,8.78,"[98.75, -6.46, 8.78]",https://www.google.com/search?tbm=isch&q=ncs%20NCS%200505-G30Y%20color%20swatch,,,,,,,,,,,,,,,,,,,,,,,,,,,,,,,,,,,,,,,,,,,,
DB,ncs,NCS 0505-G40Y,#f7ffe9,0.9881648354258146,0.030001795794232518,123.2149675437779,247,255,233,"[247, 255, 233]",3%,0%,9%,0%,"[3%, 0%, 9%, 0%]",98.96,-5.54,9.61,"[98.96, -5.54, 9.61]",https://www.google.com/search?tbm=isch&q=ncs%20NCS%200505-G40Y%20color%20swatch,,,,,,,,,,,,,,,,,,,,,,,,,,,,,,,,,,,,,,,,,,,,
DB,ncs,NCS 0505-G50Y,#faffea,0.9906598544936789,0.027964055587949233,117.74462208361263,250,255,234,"[250, 255, 234]",2%,0%,8%,0%,"[2%, 0%, 8%, 0%]",99.20,-4.37,9.49,"[99.20, -4.37, 9.49]",https://www.google.com/search?tbm=isch&q=ncs%20NCS%200505-G50Y%20color%20swatch,,,,,,,,,,,,,,,,,,,,,,,,,,,,,,,,,,,,,,,,,,,,
DB,ncs,NCS 0505-G60Y,#fcffeb,0.9924206486572883,0.026338925201699784,113.74675011391724,252,255,235,"[252, 255, 235]",1%,0%,8%,0%,"[1%, 0%, 8%, 0%]",99.37,-3.55,9.25,"[99.37, -3.55, 9.25]",https://www.google.com/search?tbm=isch&q=ncs%20NCS%200505-G60Y%20color%20swatch,,,,,,,,,,,,,,,,,,,,,,,,,,,,,,,,,,,,,,,,,,,,
DB,ncs,NCS 0505-G70Y,#feffeb,0.9939392441612322,0.02615585109413274,109.14181221712533,254,255,235,"[254, 255, 235]",0%,0%,8%,0%,"[0%, 0%, 8%, 0%]",99.53,-2.85,9.49,"[99.53, -2.85, 9.49]",https://www.google.com/search?tbm=isch&q=ncs%20NCS%200505-G70Y%20color%20swatch,,,,,,,,,,,,,,,,,,,,,,,,,,,,,,,,,,,,,,,,,,,,
DB,ncs,NCS 0505-G80Y,#fffeec,0.9929972944364411,0.023577637147142703,104.1856263099072,255,254,236,"[255, 254, 236]",0%,0%,7%,0%,"[0%, 0%, 7%, 0%]",99.37,-1.91,8.78,"[99.37, -1.91, 8.78]",https://www.google.com/search?tbm=isch&q=ncs%20NCS%200505-G80Y%20color%20swatch,,,,,,,,,,,,,,,,,,,,,,,,,,,,,,,,,,,,,,,,,,,,
DB,ncs,NCS 0505-G90Y,#fefdeb,0.9900180737397359,0.023594412289677052,104.1872519861758,254,253,235,"[254, 253, 235]",0%,0%,7%,0%,"[0%, 0%, 7%, 0%]",99.03,-1.91,8.78,"[99.03, -1.91, 8.78]",https://www.google.com/search?tbm=isch&q=ncs%20NCS%200505-G90Y%20color%20swatch,,,,,,,,,,,,,,,,,,,,,,,,,,,,,,,,,,,,,,,,,,,,
DB,ncs,NCS 0505-R,#ffdee0,0.9284323160715695,0.03667752454756818,13.721267427882992,255,222,224,"[255, 222, 224]",0%,13%,12%,0%,"[0%, 13%, 12%, 0%]",91.30,12.01,3.46,"[91.30, 12.01, 3.46]",https://www.google.com/search?tbm=isch&q=ncs%20NCS%200505-R%20color%20swatch,,,,,,,,,,,,,,,,,,,,,,,,,,,,,,,,,,,,,,,,,,,,
DB,ncs,NCS 0505-R10B,#ffdfe3,0.9311312616805915,0.03574355568087594,9.299105287724217,255,223,227,"[255, 223, 227]",0%,13%,11%,0%,"[0%, 13%, 11%, 0%]",91.60,11.88,2.33,"[91.60, 11.88, 2.33]",https://www.google.com/search?tbm=isch&q=ncs%20NCS%200505-R10B%20color%20swatch,,,,,,,,,,,,,,,,,,,,,,,,,,,,,,,,,,,,,,,,,,,,
DB,ncs,NCS 0505-R20B,#ffe1e7,0.9359960550954992,0.03391272333726744,4.206483478385167,255,225,231,"[255, 225, 231]",0%,12%,9%,0%,"[0%, 12%, 9%, 0%]",92.16,11.38,1.07,"[92.16, 11.38, 1.07]",https://www.google.com/search?tbm=isch&q=ncs%20NCS%200505-R20B%20color%20swatch,,,,,,,,,,,,,,,,,,,,,,,,,,,,,,,,,,,,,,,,,,,,
DB,ncs,NCS 0505-R30B,#ffe3ec,0.9411622122037822,0.032805830234586573,356.36941008646284,255,227,236,"[255, 227, 236]",0%,11%,7%,0%,"[0%, 11%, 7%, 0%]",92.75,11.02,-0.68,"[92.75, 11.02, -0.68]",https://www.google.com/search?tbm=isch&q=ncs%20NCS%200505-R30B%20color%20swatch,,,,,,,,,,,,,,,,,,,,,,,,,,,,,,,,,,,,,,,,,,,,
DB,ncs,NCS 0505-R40B,#fee6f2,0.9476865351605677,0.030422334674451948,346.0357915046675,254,230,242,"[254, 230, 242]",0%,9%,5%,0%,"[0%, 9%, 5%, 0%]",93.52,9.96,-2.69,"[93.52, 9.96, -2.69]",https://www.google.com/search?tbm=isch&q=ncs%20NCS%200505-R40B%20color%20swatch,,,,,,,,,,,,,,,,,,,,,,,,,,,,,,,,,,,,,,,,,,,,
DB,ncs,NCS 0505-R50B,#ffeafb,0.9586930157566932,0.031732963590254855,332.204983105908,255,234,251,"[255, 234, 251]",0%,8%,2%,0%,"[0%, 8%, 2%, 0%]",94.77,9.53,-5.51,"[94.77, 9.53, -5.51]",https://www.google.com/search?tbm=isch&q=ncs%20NCS%200505-R50B%20color%20swatch,,,,,,,,,,,,,,,,,,,,,,,,,,,,,,,,,,,,,,,,,,,,
DB,ncs,NCS 0505-R60B,#f8e9fe,0.9520170777478907,0.0320437279229472,316.48836806470956,248,233,254,"[248, 233, 254]",2%,8%,0%,0%,"[2%, 8%, 0%, 0%]",94.02,8.00,-8.25,"[94.02, 8.00, -8.25]",https://www.google.com/search?tbm=isch&q=ncs%20NCS%200505-R60B%20color%20swatch,,,,,,,,,,,,,,,,,,,,,,,,,,,,,,,,,,,,,,,,,,,,
DB,ncs,NCS 0505-R70B,#f0e8ff,0.9440672869559431,0.03179838318290314,301.6425283593121,240,232,255,"[240, 232, 255]",6%,9%,0%,0%,"[6%, 9%, 0%, 0%]",93.15,5.90,-10.13,"[93.15, 5.90, -10.13]",https://www.google.com/search?tbm=isch&q=ncs%20NCS%200505-R70B%20color%20swatch,,,,,,,,,,,,,,,,,,,,,,,,,,,,,,,,,,,,,,,,,,,,
DB,ncs,NCS 0505-R80B,#e1e6ff,0.9287192096002409,0.0342780723850337,276.74582476664125,225,230,255,"[225, 230, 255]",12%,10%,0%,0%,"[12%, 10%, 0%, 0%]",91.48,1.84,-12.74,"[91.48, 1.84, -12.74]",https://www.google.com/search?tbm=isch&q=ncs%20NCS%200505-R80B%20color%20swatch,,,,,,,,,,,,,,,,,,,,,,,,,,,,,,,,,,,,,,,,,,,,
DB,ncs,NCS 0505-R90B,#e3ecfe,0.941673976335269,0.026159943386789574,264.45480462771536,227,236,254,"[227, 236, 254]",11%,7%,0%,0%,"[11%, 7%, 0%, 0%]",93.12,-0.54,-9.80,"[93.12, -0.54, -9.80]",https://www.google.com/search?tbm=isch&q=ncs%20NCS%200505-R90B%20color%20swatch,,,,,,,,,,,,,,,,,,,,,,,,,,,,,,,,,,,,,,,,,,,,
DB,ncs,NCS 0505-Y,#fffbea,0.9866264796036768,0.022708534427924483,95.91397511823607,255,251,234,"[255, 251, 234]",0%,2%,8%,0%,"[0%, 2%, 8%, 0%]",98.59,-0.74,8.69,"[98.59, -0.74, 8.69]",https://www.google.com/search?tbm=isch&q=ncs%20NCS%200505-Y%20color%20swatch,,,,,,,,,,,,,,,,,,,,,,,,,,,,,,,,,,,,,,,,,,,,
DB,ncs,NCS 0505-Y10R,#fffaea,0.9846765070744153,0.021691786936347397,92.4644264351823,255,250,234,"[255, 250, 234]",0%,2%,8%,0%,"[0%, 2%, 8%, 0%]",98.34,-0.27,8.34,"[98.34, -0.27, 8.34]",https://www.google.com/search?tbm=isch&q=ncs%20NCS%200505-Y10R%20color%20swatch,,,,,,,,,,,,,,,,,,,,,,,,,,,,,,,,,,,,,,,,,,,,
DB,ncs,NCS 0505-Y20R,#fff7e9,0.9785837656130513,0.020377836969547168,81.76187758465278,255,247,233,"[255, 247, 233]",0%,3%,9%,0%,"[0%, 3%, 9%, 0%]",97.58,1.03,7.77,"[97.58, 1.03, 7.77]",https://www.google.com/search?tbm=isch&q=ncs%20NCS%200505-Y20R%20color%20swatch,,,,,,,,,,,,,,,,,,,,,,,,,,,,,,,,,,,,,,,,,,,,
DB,ncs,NCS 0505-Y30R,#fff5e8,0.9744461030283057,0.020307350807783578,74.65587275112705,255,245,232,"[255, 245, 232]",0%,4%,9%,0%,"[0%, 4%, 9%, 0%]",97.07,1.87,7.55,"[97.07, 1.87, 7.55]",https://www.google.com/search?tbm=isch&q=ncs%20NCS%200505-Y30R%20color%20swatch,,,,,,,,,,,,,,,,,,,,,,,,,,,,,,,,,,,,,,,,,,,,
DB,ncs,NCS 0505-Y40R,#fff3e6,0.9700578026240207,0.021581581108309135,69.78803159040058,255,243,230,"[255, 243, 230]",0%,5%,10%,0%,"[0%, 5%, 10%, 0%]",96.53,2.58,7.82,"[96.53, 2.58, 7.82]",https://www.google.com/search?tbm=isch&q=ncs%20NCS%200505-Y40R%20color%20swatch,,,,,,,,,,,,,,,,,,,,,,,,,,,,,,,,,,,,,,,,,,,,
DB,ncs,NCS 0505-Y50R,#fff0e5,0.9640068642058938,0.021938288747945817,58.8045836199658,255,240,229,"[255, 240, 229]",0%,6%,10%,0%,"[0%, 6%, 10%, 0%]",95.78,3.89,7.26,"[95.78, 3.89, 7.26]",https://www.google.com/search?tbm=isch&q=ncs%20NCS%200505-Y50R%20color%20swatch,,,,,,,,,,,,,,,,,,,,,,,,,,,,,,,,,,,,,,,,,,,,
DB,ncs,NCS 0505-Y60R,#feede4,0.9571554024279324,0.02214430026324948,49.96329926895834,254,237,228,"[254, 237, 228]",0%,7%,10%,0%,"[0%, 7%, 10%, 0%]",94.94,4.86,6.57,"[94.94, 4.86, 6.57]",https://www.google.com/search?tbm=isch&q=ncs%20NCS%200505-Y60R%20color%20swatch,,,,,,,,,,,,,,,,,,,,,,,,,,,,,,,,,,,,,,,,,,,,
DB,ncs,NCS 0505-Y70R,#ffe9e2,0.9497933199103061,0.025956886899128305,38.50514287504558,255,233,226,"[255, 233, 226]",0%,9%,11%,0%,"[0%, 9%, 11%, 0%]",94.00,6.90,6.28,"[94.00, 6.90, 6.28]",https://www.google.com/search?tbm=isch&q=ncs%20NCS%200505-Y70R%20color%20swatch,,,,,,,,,,,,,,,,,,,,,,,,,,,,,,,,,,,,,,,,,,,,
DB,ncs,NCS 0505-Y80R,#fee5e0,0.9407984951793883,0.028417153089239807,31.172379799257385,254,229,224,"[254, 229, 224]",0%,10%,12%,0%,"[0%, 10%, 12%, 0%]",92.90,8.24,5.74,"[92.90, 8.24, 5.74]",https://www.google.com/search?tbm=isch&q=ncs%20NCS%200505-Y80R%20color%20swatch,,,,,,,,,,,,,,,,,,,,,,,,,,,,,,,,,,,,,,,,,,,,
DB,ncs,NCS 0505-Y90R,#ffe2e0,0.9359637940067481,0.03221196390512937,22.508529575073737,255,226,224,"[255, 226, 224]",0%,11%,12%,0%,"[0%, 11%, 12%, 0%]",92.26,10.06,4.84,"[92.26, 10.06, 4.84]",https://www.google.com/search?tbm=isch&q=ncs%20NCS%200505-Y90R%20color%20swatch,,,,,,,,,,,,,,,,,,,,,,,,,,,,,,,,,,,,,,,,,,,,
DB,ncs,NCS 0507-B,#dff3ff,0.9530163378488377,0.02659545870803979,233.92824076738975,223,243,255,"[223, 243, 255]",13%,5%,0%,0%,"[13%, 5%, 0%, 0%]",94.62,-5.05,-8.14,"[94.62, -5.05, -8.14]",https://www.google.com/search?tbm=isch&q=ncs%20NCS%200507-B%20color%20swatch,,,,,,,,,,,,,,,,,,,,,,,,,,,,,,,,,,,,,,,,,,,,
DB,ncs,NCS 0507-B20G,#e3faff,0.9698240739788448,0.024945622585926072,212.17461786043793,227,250,255,"[227, 250, 255]",11%,2%,0%,0%,"[11%, 2%, 0%, 0%]",96.69,-7.04,-5.08,"[96.69, -7.04, -5.08]",https://www.google.com/search?tbm=isch&q=ncs%20NCS%200507-B20G%20color%20swatch,,,,,,,,,,,,,,,,,,,,,,,,,,,,,,,,,,,,,,,,,,,,
DB,ncs,NCS 0507-B80G,#e2fff8,0.9772115822868197,0.03141485687983743,179.4274415323864,226,255,248,"[226, 255, 248]",11%,0%,3%,0%,"[11%, 0%, 3%, 0%]",97.75,-10.70,0.02,"[97.75, -10.70, 0.02]",https://www.google.com/search?tbm=isch&q=ncs%20NCS%200507-B80G%20color%20swatch,,,,,,,,,,,,,,,,,,,,,,,,,,,,,,,,,,,,,,,,,,,,
DB,ncs,NCS 0507-G,#dbffe9,0.9684512222126215,0.047285388547207804,158.53406676890472,219,255,233,"[219, 255, 233]",14%,0%,9%,0%,"[14%, 0%, 9%, 0%]",96.98,-15.08,6.48,"[96.98, -15.08, 6.48]",https://www.google.com/search?tbm=isch&q=ncs%20NCS%200507-G%20color%20swatch,,,,,,,,,,,,,,,,,,,,,,,,,,,,,,,,,,,,,,,,,,,,
DB,ncs,NCS 0507-G40Y,#f4ffe0,0.9837207266259328,0.04211682381056033,123.05873072902904,244,255,224,"[244, 255, 224]",4%,0%,12%,0%,"[4%, 0%, 12%, 0%]",98.57,-7.67,13.59,"[98.57, -7.67, 13.59]",https://www.google.com/search?tbm=isch&q=ncs%20NCS%200507-G40Y%20color%20swatch,,,,,,,,,,,,,,,,,,,,,,,,,,,,,,,,,,,,,,,,,,,,
DB,ncs,NCS 0507-G80Y,#fffee4,0.9910052085606872,0.033894478340712145,105.16867124661496,255,254,228,"[255, 254, 228]",0%,0%,11%,0%,"[0%, 0%, 11%, 0%]",99.22,-2.86,12.63,"[99.22, -2.86, 12.63]",https://www.google.com/search?tbm=isch&q=ncs%20NCS%200507-G80Y%20color%20swatch,,,,,,,,,,,,,,,,,,,,,,,,,,,,,,,,,,,,,,,,,,,,
DB,ncs,NCS 0507-R,#ffd2d5,0.9031162189646239,0.050812870354257515,13.65215554088536,255,210,213,"[255, 210, 213]",0%,18%,16%,0%,"[0%, 18%, 16%, 0%]",88.20,16.63,4.79,"[88.20, 16.63, 4.79]",https://www.google.com/search?tbm=isch&q=ncs%20NCS%200507-R%20color%20swatch,,,,,,,,,,,,,,,,,,,,,,,,,,,,,,,,,,,,,,,,,,,,
DB,ncs,NCS 0507-R20B,#ffd6de,0.9129767241530594,0.04689917124767007,4.907694647181415,255,214,222,"[255, 214, 222]",0%,16%,13%,0%,"[0%, 16%, 13%, 0%]",89.34,15.69,1.70,"[89.34, 15.69, 1.70]",https://www.google.com/search?tbm=isch&q=ncs%20NCS%200507-R20B%20color%20swatch,,,,,,,,,,,,,,,,,,,,,,,,,,,,,,,,,,,,,,,,,,,,
DB,ncs,NCS 0507-R40B,#ffddee,0.9305349771895802,0.043424178823673075,346.3731231336212,255,221,238,"[255, 221, 238]",0%,13%,7%,0%,"[0%, 13%, 7%, 0%]",91.36,14.20,-3.74,"[91.36, 14.20, -3.74]",https://www.google.com/search?tbm=isch&q=ncs%20NCS%200507-R40B%20color%20swatch,,,,,,,,,,,,,,,,,,,,,,,,,,,,,,,,,,,,,,,,,,,,
DB,ncs,NCS 0507-R60B,#f5e0ff,0.9328952190199167,0.046925995261896516,315.0364697174425,245,224,255,"[245, 224, 255]",4%,12%,0%,0%,"[4%, 12%, 0%, 0%]",91.60,11.51,-12.35,"[91.60, 11.51, -12.35]",https://www.google.com/search?tbm=isch&q=ncs%20NCS%200507-R60B%20color%20swatch,,,,,,,,,,,,,,,,,,,,,,,,,,,,,,,,,,,,,,,,,,,,
DB,ncs,NCS 0507-R80B,#d6ddff,0.9028912641553809,0.04713579135113222,276.24168352836364,214,221,255,"[214, 221, 255]",16%,13%,0%,0%,"[16%, 13%, 0%, 0%]",88.38,2.60,-17.45,"[88.38, 2.60, -17.45]",https://www.google.com/search?tbm=isch&q=ncs%20NCS%200507-R80B%20color%20swatch,,,,,,,,,,,,,,,,,,,,,,,,,,,,,,,,,,,,,,,,,,,,
DB,ncs,NCS 0507-Y,#fffae3,0.982918463628404,0.030545678178658435,96.82437100801963,255,250,227,"[255, 250, 227]",0%,2%,11%,0%,"[0%, 2%, 11%, 0%]",98.21,-1.09,11.71,"[98.21, -1.09, 11.71]",https://www.google.com/search?tbm=isch&q=ncs%20NCS%200507-Y%20color%20swatch,,,,,,,,,,,,,,,,,,,,,,,,,,,,,,,,,,,,,,,,,,,,
DB,ncs,NCS 0507-Y20R,#fff5e0,0.9724219374196411,0.02960832446953262,85.54411891788789,255,245,224,"[255, 245, 224]",0%,4%,12%,0%,"[0%, 4%, 12%, 0%]",96.91,0.93,11.42,"[96.91, 0.93, 11.42]",https://www.google.com/search?tbm=isch&q=ncs%20NCS%200507-Y20R%20color%20swatch,,,,,,,,,,,,,,,,,,,,,,,,,,,,,,,,,,,,,,,,,,,,
DB,ncs,NCS 0507-Y40R,#ffeedd,0.9581076906599831,0.02916681265564715,67.47002294223364,255,238,221,"[255, 238, 221]",0%,7%,13%,0%,"[0%, 7%, 13%, 0%]",95.13,3.92,10.45,"[95.13, 3.92, 10.45]",https://www.google.com/search?tbm=isch&q=ncs%20NCS%200507-Y40R%20color%20swatch,,,,,,,,,,,,,,,,,,,,,,,,,,,,,,,,,,,,,,,,,,,,
DB,ncs,NCS 0507-Y60R,#ffe6da,0.9419916704734117,0.03195001812226929,47.377938114911444,255,230,218,"[255, 230, 218]",0%,10%,15%,0%,"[0%, 10%, 15%, 0%]",93.11,7.43,9.15,"[93.11, 7.43, 9.15]",https://www.google.com/search?tbm=isch&q=ncs%20NCS%200507-Y60R%20color%20swatch,,,,,,,,,,,,,,,,,,,,,,,,,,,,,,,,,,,,,,,,,,,,
DB,ncs,NCS 0507-Y80R,#fedcd5,0.9208663970385633,0.0391864786675033,31.588111473839774,254,220,213,"[254, 220, 213]",0%,13%,16%,0%,"[0%, 13%, 16%, 0%]",90.50,11.36,8.04,"[90.50, 11.36, 8.04]",https://www.google.com/search?tbm=isch&q=ncs%20NCS%200507-Y80R%20color%20swatch,,,,,,,,,,,,,,,,,,,,,,,,,,,,,,,,,,,,,,,,,,,,
DB,ncs,NCS 0510-B,#d3eeff,0.9346829064808697,0.036609059188119866,235.43699458707783,211,238,255,"[211, 238, 255]",17%,7%,0%,0%,"[17%, 7%, 0%, 0%]",92.51,-6.57,-11.36,"[92.51, -6.57, -11.36]",https://www.google.com/search?tbm=isch&q=ncs%20NCS%200510-B%20color%20swatch,,,,,,,,,,,,,,,,,,,,,,,,,,,,,,,,,,,,,,,,,,,,
DB,ncs,NCS 0510-B10G,#d6f4ff,0.948857701010993,0.03462698169387064,221.84148134661132,214,244,255,"[214, 244, 255]",16%,4%,0%,0%,"[16%, 4%, 0%, 0%]",94.26,-8.44,-8.76,"[94.26, -8.44, -8.76]",https://www.google.com/search?tbm=isch&q=ncs%20NCS%200510-B10G%20color%20swatch,,,,,,,,,,,,,,,,,,,,,,,,,,,,,,,,,,,,,,,,,,,,
DB,ncs,NCS 0510-B30G,#d9fbff,0.9650767464133131,0.035507385178083044,205.18685258916003,217,251,255,"[217, 251, 255]",15%,2%,0%,0%,"[15%, 2%, 0%, 0%]",96.27,-10.75,-5.80,"[96.27, -10.75, -5.80]",https://www.google.com/search?tbm=isch&q=ncs%20NCS%200510-B30G%20color%20swatch,,,,,,,,,,,,,,,,,,,,,,,,,,,,,,,,,,,,,,,,,,,,
DB,ncs,NCS 0510-B50G,#dafffd,0.9733046314506474,0.03808064203496795,192.4866295870421,218,255,253,"[218, 255, 253]",15%,0%,1%,0%,"[15%, 0%, 1%, 0%]",97.33,-12.58,-3.23,"[97.33, -12.58, -3.23]",https://www.google.com/search?tbm=isch&q=ncs%20NCS%200510-B50G%20color%20swatch,,,,,,,,,,,,,,,,,,,,,,,,,,,,,,,,,,,,,,,,,,,,
DB,ncs,NCS 0510-B70G,#d8fef9,0.9688012672456799,0.03958003499475907,186.79442284065271,216,254,249,"[216, 254, 249]",15%,0%,2%,0%,"[15%, 0%, 2%, 0%]",96.85,-13.35,-1.89,"[96.85, -13.35, -1.89]",https://www.google.com/search?tbm=isch&q=ncs%20NCS%200510-B70G%20color%20swatch,,,,,,,,,,,,,,,,,,,,,,,,,,,,,,,,,,,,,,,,,,,,
DB,ncs,NCS 0510-B90G,#d1ffea,0.9622318001325573,0.05475725652563461,165.75463090747326,209,255,234,"[209, 255, 234]",18%,0%,8%,0%,"[18%, 0%, 8%, 0%]",96.35,-18.23,4.98,"[96.35, -18.23, 4.98]",https://www.google.com/search?tbm=isch&q=ncs%20NCS%200510-B90G%20color%20swatch,,,,,,,,,,,,,,,,,,,,,,,,,,,,,,,,,,,,,,,,,,,,
DB,ncs,NCS 0510-G,#cdffe0,0.9571140473425668,0.06574579645106525,157.66494825828192,205,255,224,"[205, 255, 224]",20%,0%,12%,0%,"[20%, 0%, 12%, 0%]",95.91,-20.91,9.40,"[95.91, -20.91, 9.40]",https://www.google.com/search?tbm=isch&q=ncs%20NCS%200510-G%20color%20swatch,,,,,,,,,,,,,,,,,,,,,,,,,,,,,,,,,,,,,,,,,,,,
DB,ncs,NCS 0510-G10Y,#dbffdc,0.9651616915855761,0.05948006372375518,145.80707283809596,219,255,220,"[219, 255, 220]",14%,0%,14%,0%,"[14%, 0%, 14%, 0%]",96.73,-16.79,12.75,"[96.73, -16.79, 12.75]",https://www.google.com/search?tbm=isch&q=ncs%20NCS%200510-G10Y%20color%20swatch,,,,,,,,,,,,,,,,,,,,,,,,,,,,,,,,,,,,,,,,,,,,
DB,ncs,NCS 0510-G20Y,#e4ffd9,0.9705727929904548,0.057370657310537275,136.5653760815742,228,255,217,"[228, 255, 217]",11%,0%,15%,0%,"[11%, 0%, 15%, 0%]",97.29,-14.09,15.15,"[97.29, -14.09, 15.15]",https://www.google.com/search?tbm=isch&q=ncs%20NCS%200510-G20Y%20color%20swatch,,,,,,,,,,,,,,,,,,,,,,,,,,,,,,,,,,,,,,,,,,,,
DB,ncs,NCS 0510-G30Y,#ebffd6,0.9748106603120222,0.05755999484293367,128.64581472149462,235,255,214,"[235, 255, 214]",8%,0%,16%,0%,"[8%, 0%, 16%, 0%]",97.73,-12.01,17.37,"[97.73, -12.01, 17.37]",https://www.google.com/search?tbm=isch&q=ncs%20NCS%200510-G30Y%20color%20swatch,,,,,,,,,,,,,,,,,,,,,,,,,,,,,,,,,,,,,,,,,,,,
DB,ncs,NCS 0510-G40Y,#f0ffd4,0.9779715752973217,0.058156503416754816,123.08929241257613,240,255,212,"[240, 255, 212]",6%,0%,17%,0%,"[6%, 0%, 17%, 0%]",98.06,-10.48,18.90,"[98.06, -10.48, 18.90]",https://www.google.com/search?tbm=isch&q=ncs%20NCS%200510-G40Y%20color%20swatch,,,,,,,,,,,,,,,,,,,,,,,,,,,,,,,,,,,,,,,,,,,,
DB,ncs,NCS 0510-G50Y,#f5ffd6,0.9821158896743309,0.054293855565393706,118.51658259799109,245,255,214,"[245, 255, 214]",4%,0%,16%,0%,"[4%, 0%, 16%, 0%]",98.46,-8.48,18.52,"[98.46, -8.48, 18.52]",https://www.google.com/search?tbm=isch&q=ncs%20NCS%200510-G50Y%20color%20swatch,,,,,,,,,,,,,,,,,,,,,,,,,,,,,,,,,,,,,,,,,,,,
DB,ncs,NCS 0510-G60Y,#f9ffd8,0.9855721406671191,0.05099193939783468,114.41613662045808,249,255,216,"[249, 255, 216]",2%,0%,15%,0%,"[2%, 0%, 15%, 0%]",98.80,-6.83,18.03,"[98.80, -6.83, 18.03]",https://www.google.com/search?tbm=isch&q=ncs%20NCS%200510-G60Y%20color%20swatch,,,,,,,,,,,,,,,,,,,,,,,,,,,,,,,,,,,,,,,,,,,,
DB,ncs,NCS 0510-G70Y,#fdffd9,0.9888424382290258,0.04926370317944418,109.70892006056329,253,255,217,"[253, 255, 217]",1%,0%,15%,0%,"[1%, 0%, 15%, 0%]",99.12,-5.29,18.03,"[99.12, -5.29, 18.03]",https://www.google.com/search?tbm=isch&q=ncs%20NCS%200510-G70Y%20color%20swatch,,,,,,,,,,,,,,,,,,,,,,,,,,,,,,,,,,,,,,,,,,,,
DB,ncs,NCS 0510-G80Y,#fffdda,0.986658991489119,0.0454347664527826,104.48993157551035,255,253,218,"[255, 253, 218]",0%,1%,15%,0%,"[0%, 1%, 15%, 0%]",98.80,-3.53,17.10,"[98.80, -3.53, 17.10]",https://www.google.com/search?tbm=isch&q=ncs%20NCS%200510-G80Y%20color%20swatch,,,,,,,,,,,,,,,,,,,,,,,,,,,,,,,,,,,,,,,,,,,,
DB,ncs,NCS 0510-G90Y,#fefbd8,0.9814726766078323,0.04553790190973544,103.15034622833656,254,251,216,"[254, 251, 216]",0%,1%,15%,0%,"[0%, 1%, 15%, 0%]",98.18,-3.17,17.25,"[98.18, -3.17, 17.25]",https://www.google.com/search?tbm=isch&q=ncs%20NCS%200510-G90Y%20color%20swatch,,,,,,,,,,,,,,,,,,,,,,,,,,,,,,,,,,,,,,,,,,,,
DB,ncs,NCS 0510-R,#ffc2c6,0.8699690673249549,0.07024431885778783,14.255237773641682,255,194,198,"[255, 194, 198]",0%,24%,22%,0%,"[0%, 24%, 22%, 0%]",84.15,22.92,6.94,"[84.15, 22.92, 6.94]",https://www.google.com/search?tbm=isch&q=ncs%20NCS%200510-R%20color%20swatch,,,,,,,,,,,,,,,,,,,,,,,,,,,,,,,,,,,,,,,,,,,,
DB,ncs,NCS 0510-R10B,#ffc4cb,0.8749022435157464,0.06804660537364088,10.645733079109789,255,196,203,"[255, 196, 203]",0%,23%,20%,0%,"[0%, 23%, 20%, 0%]",84.71,22.46,5.09,"[84.71, 22.46, 5.09]",https://www.google.com/search?tbm=isch&q=ncs%20NCS%200510-R10B%20color%20swatch,,,,,,,,,,,,,,,,,,,,,,,,,,,,,,,,,,,,,,,,,,,,
DB,ncs,NCS 0510-R20B,#ffc7d2,0.882226593707379,0.0651672571580644,5.395061814714836,255,199,210,"[255, 199, 210]",0%,22%,18%,0%,"[0%, 22%, 18%, 0%]",85.55,21.73,2.59,"[85.55, 21.73, 2.59]",https://www.google.com/search?tbm=isch&q=ncs%20NCS%200510-R20B%20color%20swatch,,,,,,,,,,,,,,,,,,,,,,,,,,,,,,,,,,,,,,,,,,,,
DB,ncs,NCS 0510-R30B,#ffcbdb,0.8919991413332732,0.06212636670151942,358.13895649329675,255,203,219,"[255, 203, 219]",0%,20%,14%,0%,"[0%, 20%, 14%, 0%]",86.68,20.77,-0.55,"[86.68, 20.77, -0.55]",https://www.google.com/search?tbm=isch&q=ncs%20NCS%200510-R30B%20color%20swatch,,,,,,,,,,,,,,,,,,,,,,,,,,,,,,,,,,,,,,,,,,,,
DB,ncs,NCS 0510-R40B,#ffd0e7,0.9045869941820033,0.06032675500401764,347.4181766933177,255,208,231,"[255, 208, 231]",0%,18%,9%,0%,"[0%, 18%, 9%, 0%]",88.12,19.73,-4.79,"[88.12, 19.73, -4.79]",https://www.google.com/search?tbm=isch&q=ncs%20NCS%200510-R40B%20color%20swatch,,,,,,,,,,,,,,,,,,,,,,,,,,,,,,,,,,,,,,,,,,,,
DB,ncs,NCS 0510-R50B,#ffd7f7,0.9222408471565227,0.06071621321995747,332.9881904369033,255,215,247,"[255, 215, 247]",0%,16%,3%,0%,"[0%, 16%, 3%, 0%]",90.14,18.30,-10.21,"[90.14, 18.30, -10.21]",https://www.google.com/search?tbm=isch&q=ncs%20NCS%200510-R50B%20color%20swatch,,,,,,,,,,,,,,,,,,,,,,,,,,,,,,,,,,,,,,,,,,,,
DB,ncs,NCS 0510-R60B,#f1d4ff,0.9071966505994115,0.06537834607773348,314.8114086055182,241,212,255,"[241, 212, 255]",5%,17%,0%,0%,"[5%, 17%, 0%, 0%]",88.37,16.06,-17.19,"[88.37, 16.06, -17.19]",https://www.google.com/search?tbm=isch&q=ncs%20NCS%200510-R60B%20color%20swatch,,,,,,,,,,,,,,,,,,,,,,,,,,,,,,,,,,,,,,,,,,,,
DB,ncs,NCS 0510-R70B,#e3d4ff,0.8955764394064767,0.060274469255098696,301.12922284861986,227,212,255,"[227, 212, 255]",11%,17%,0%,0%,"[11%, 17%, 0%, 0%]",87.17,11.34,-19.12,"[87.17, 11.34, -19.12]",https://www.google.com/search?tbm=isch&q=ncs%20NCS%200510-R70B%20color%20swatch,,,,,,,,,,,,,,,,,,,,,,,,,,,,,,,,,,,,,,,,,,,,
DB,ncs,NCS 0510-R80B,#c6d1ff,0.8675196084739353,0.0649659488189422,274.4520410887742,198,209,255,"[198, 209, 255]",22%,18%,0%,0%,"[22%, 18%, 0%, 0%]",84.14,3.34,-23.94,"[84.14, 3.34, -23.94]",https://www.google.com/search?tbm=isch&q=ncs%20NCS%200510-R80B%20color%20swatch,,,,,,,,,,,,,,,,,,,,,,,,,,,,,,,,,,,,,,,,,,,,
DB,ncs,NCS 0510-R90B,#cbdcff,0.8929603594900375,0.05164406703897181,264.8087330733314,203,220,255,"[203, 220, 255]",20%,14%,0%,0%,"[20%, 14%, 0%, 0%]",87.32,-0.48,-19.13,"[87.32, -0.48, -19.13]",https://www.google.com/search?tbm=isch&q=ncs%20NCS%200510-R90B%20color%20swatch,,,,,,,,,,,,,,,,,,,,,,,,,,,,,,,,,,,,,,,,,,,,
DB,ncs,NCS 0510-Y,#fff9d8,0.978320975570236,0.04336747905372637,98.62025964421008,255,249,216,"[255, 249, 216]",0%,2%,15%,0%,"[0%, 2%, 15%, 0%]",97.76,-1.87,16.68,"[97.76, -1.87, 16.68]",https://www.google.com/search?tbm=isch&q=ncs%20NCS%200510-Y%20color%20swatch,,,,,,,,,,,,,,,,,,,,,,,,,,,,,,,,,,,,,,,,,,,,
DB,ncs,NCS 0510-Y10R,#fff5d6,0.9700126353288034,0.041810026881613754,92.17864336137734,255,245,214,"[255, 245, 214]",0%,4%,16%,0%,"[0%, 4%, 16%, 0%]",96.73,-0.20,16.27,"[96.73, -0.20, 16.27]",https://www.google.com/search?tbm=isch&q=ncs%20NCS%200510-Y10R%20color%20swatch,,,,,,,,,,,,,,,,,,,,,,,,,,,,,,,,,,,,,,,,,,,,
DB,ncs,NCS 0510-Y20R,#fff1d4,0.9617356737605776,0.04083584385310327,85.27516389979655,255,241,212,"[255, 241, 212]",0%,5%,17%,0%,"[0%, 5%, 17%, 0%]",95.71,1.48,15.86,"[95.71, 1.48, 15.86]",https://www.google.com/search?tbm=isch&q=ncs%20NCS%200510-Y20R%20color%20swatch,,,,,,,,,,,,,,,,,,,,,,,,,,,,,,,,,,,,,,,,,,,,
DB,ncs,NCS 0510-Y30R,#ffedd2,0.9534918701324866,0.040502182197352174,78.08975335027264,255,237,210,"[255, 237, 210]",0%,7%,18%,0%,"[0%, 7%, 18%, 0%]",94.68,3.17,15.46,"[94.68, 3.17, 15.46]",https://www.google.com/search?tbm=isch&q=ncs%20NCS%200510-Y30R%20color%20swatch,,,,,,,,,,,,,,,,,,,,,,,,,,,,,,,,,,,,,,,,,,,,
DB,ncs,NCS 0510-Y40R,#ffe8d0,0.943355909163007,0.040526376776047965,68.49589510422163,255,232,208,"[255, 232, 208]",0%,9%,18%,0%,"[0%, 9%, 18%, 0%]",93.42,5.36,14.73,"[93.42, 5.36, 14.73]",https://www.google.com/search?tbm=isch&q=ncs%20NCS%200510-Y40R%20color%20swatch,,,,,,,,,,,,,,,,,,,,,,,,,,,,,,,,,,,,,,,,,,,,
DB,ncs,NCS 0510-Y50R,#ffe3ce,0.9332804130132237,0.0417189791939613,59.11450764098032,255,227,206,"[255, 227, 206]",0%,11%,19%,0%,"[0%, 11%, 19%, 0%]",92.16,7.55,14.01,"[92.16, 7.55, 14.01]",https://www.google.com/search?tbm=isch&q=ncs%20NCS%200510-Y50R%20color%20swatch,,,,,,,,,,,,,,,,,,,,,,,,,,,,,,,,,,,,,,,,,,,,
DB,ncs,NCS 0510-Y60R,#ffddcc,0.9213730829057317,0.04431893484686675,48.231112373841995,255,221,204,"[255, 221, 204]",0%,13%,20%,0%,"[0%, 13%, 20%, 0%]",90.66,10.25,12.96,"[90.66, 10.25, 12.96]",https://www.google.com/search?tbm=isch&q=ncs%20NCS%200510-Y60R%20color%20swatch,,,,,,,,,,,,,,,,,,,,,,,,,,,,,,,,,,,,,,,,,,,,
DB,ncs,NCS 0510-Y70R,#fed7c9,0.9084133812838171,0.04784820672040686,40.75194904278118,254,215,201,"[254, 215, 201]",0%,15%,21%,0%,"[0%, 15%, 21%, 0%]",89.07,12.50,12.27,"[89.07, 12.50, 12.27]",https://www.google.com/search?tbm=isch&q=ncs%20NCS%200510-Y70R%20color%20swatch,,,,,,,,,,,,,,,,,,,,,,,,,,,,,,,,,,,,,,,,,,,,
DB,ncs,NCS 0510-Y80R,#ffd0c6,0.8955189100073152,0.05516611577779637,32.10576451068425,255,208,198,"[255, 208, 198]",0%,18%,22%,0%,"[0%, 18%, 22%, 0%]",87.43,15.99,11.57,"[87.43, 15.99, 11.57]",https://www.google.com/search?tbm=isch&q=ncs%20NCS%200510-Y80R%20color%20swatch,,,,,,,,,,,,,,,,,,,,,,,,,,,,,,,,,,,,,,,,,,,,
DB,ncs,NCS 0510-Y90R,#ffc9c5,0.8823842642092962,0.062065768797613774,23.32705418611164,255,201,197,"[255, 201, 197]",0%,21%,23%,0%,"[0%, 21%, 23%, 0%]",85.76,19.34,9.75,"[85.76, 19.34, 9.75]",https://www.google.com/search?tbm=isch&q=ncs%20NCS%200510-Y90R%20color%20swatch,,,,,,,,,,,,,,,,,,,,,,,,,,,,,,,,,,,,,,,,,,,,
DB,ncs,NCS 0515-B,#c0e7ff,0.9078907963906652,0.05232453566862726,235.1527210674692,192,231,255,"[192, 231, 255]",25%,9%,0%,0%,"[25%, 9%, 0%, 0%]",89.43,-9.23,-16.08,"[89.43, -9.23, -16.08]",https://www.google.com/search?tbm=isch&q=ncs%20NCS%200515-B%20color%20swatch,,,,,,,,,,,,,,,,,,,,,,,,,,,,,,,,,,,,,,,,,,,,
DB,ncs,NCS 0515-B20G,#c5f5fe,0.9396640258065142,0.050427127719655025,210.24671001243814,197,245,254,"[197, 245, 254]",22%,4%,0%,0%,"[22%, 4%, 0%, 0%]",93.40,-14.42,-9.66,"[93.40, -14.42, -9.66]",https://www.google.com/search?tbm=isch&q=ncs%20NCS%200515-B20G%20color%20swatch,,,,,,,,,,,,,,,,,,,,,,,,,,,,,,,,,,,,,,,,,,,,
DB,ncs,NCS 0515-B50G,#c8fffd,0.9620264817949741,0.055426501030794315,193.46676320793745,200,255,253,"[200, 255, 253]",22%,0%,1%,0%,"[22%, 0%, 1%, 0%]",96.20,-18.24,-5.03,"[96.20, -18.24, -5.03]",https://www.google.com/search?tbm=isch&q=ncs%20NCS%200515-B50G%20color%20swatch,,,,,,,,,,,,,,,,,,,,,,,,,,,,,,,,,,,,,,,,,,,,
DB,ncs,NCS 0515-B80G,#c4fff1,0.9561888693570199,0.06222249464946037,178.6809025553456,196,255,241,"[196, 255, 241]",23%,0%,5%,0%,"[23%, 0%, 5%, 0%]",95.71,-21.32,0.36,"[95.71, -21.32, 0.36]",https://www.google.com/search?tbm=isch&q=ncs%20NCS%200515-B80G%20color%20swatch,,,,,,,,,,,,,,,,,,,,,,,,,,,,,,,,,,,,,,,,,,,,
DB,ncs,NCS 0515-G,#b8ffd4,0.9416708505978998,0.09160293334679076,157.5030596661212,184,255,212,"[184, 255, 212]",28%,0%,17%,0%,"[28%, 0%, 17%, 0%]",94.46,-29.25,13.25,"[94.46, -29.25, 13.25]",https://www.google.com/search?tbm=isch&q=ncs%20NCS%200515-G%20color%20swatch,,,,,,,,,,,,,,,,,,,,,,,,,,,,,,,,,,,,,,,,,,,,
DB,ncs,NCS 0515-G20Y,#d8ffc8,0.9585388739785837,0.08281285344878664,136.6359844525058,216,255,200,"[216, 255, 200]",15%,0%,22%,0%,"[15%, 0%, 22%, 0%]",96.19,-20.26,22.07,"[96.19, -20.26, 22.07]",https://www.google.com/search?tbm=isch&q=ncs%20NCS%200515-G20Y%20color%20swatch,,,,,,,,,,,,,,,,,,,,,,,,,,,,,,,,,,,,,,,,,,,,
DB,ncs,NCS 0515-G40Y,#eaffc1,0.9695264554626507,0.0830452384205377,123.12161186499827,234,255,193,"[234, 255, 193]",8%,0%,24%,0%,"[8%, 0%, 24%, 0%]",97.32,-14.70,27.35,"[97.32, -14.70, 27.35]",https://www.google.com/search?tbm=isch&q=ncs%20NCS%200515-G40Y%20color%20swatch,,,,,,,,,,,,,,,,,,,,,,,,,,,,,,,,,,,,,,,,,,,,
DB,ncs,NCS 0515-G60Y,#f7fec6,0.9781224972814013,0.0723368824470294,113.51726440870868,247,254,198,"[247, 254, 198]",3%,0%,22%,0%,"[3%, 0%, 22%, 0%]",98.10,-9.02,26.10,"[98.10, -9.02, 26.10]",https://www.google.com/search?tbm=isch&q=ncs%20NCS%200515-G60Y%20color%20swatch,,,,,,,,,,,,,,,,,,,,,,,,,,,,,,,,,,,,,,,,,,,,
DB,ncs,NCS 0515-G80Y,#fffdc8,0.9826981407216683,0.06793240631153954,105.77163212684002,255,253,200,"[255, 253, 200]",0%,1%,22%,0%,"[0%, 1%, 22%, 0%]",98.50,-5.43,25.76,"[98.50, -5.43, 25.76]",https://www.google.com/search?tbm=isch&q=ncs%20NCS%200515-G80Y%20color%20swatch,,,,,,,,,,,,,,,,,,,,,,,,,,,,,,,,,,,,,,,,,,,,
DB,ncs,NCS 0515-G90Y,#fff9c7,0.9745506155785135,0.06452646526736625,101.79995920878247,255,249,199,"[255, 249, 199]",0%,2%,22%,0%,"[0%, 2%, 22%, 0%]",97.48,-3.66,24.89,"[97.48, -3.66, 24.89]",https://www.google.com/search?tbm=isch&q=ncs%20NCS%200515-G90Y%20color%20swatch,,,,,,,,,,,,,,,,,,,,,,,,,,,,,,,,,,,,,,,,,,,,
DB,ncs,NCS 0515-R,#feaaaf,0.8209130921879072,0.09928834863421834,15.575258225056757,254,170,175,"[254, 170, 175]",0%,33%,31%,0%,"[0%, 33%, 31%, 0%]",78.15,32.21,10.80,"[78.15, 32.21, 10.80]",https://www.google.com/search?tbm=isch&q=ncs%20NCS%200515-R%20color%20swatch,,,,,,,,,,,,,,,,,,,,,,,,,,,,,,,,,,,,,,,,,,,,
DB,ncs,NCS 0515-R10B,#feadb7,0.8281124477451378,0.09577873198153009,11.263239651163758,254,173,183,"[254, 173, 183]",0%,32%,28%,0%,"[0%, 32%, 28%, 0%]",78.97,31.48,7.63,"[78.97, 31.48, 7.63]",https://www.google.com/search?tbm=isch&q=ncs%20NCS%200515-R10B%20color%20swatch,,,,,,,,,,,,,,,,,,,,,,,,,,,,,,,,,,,,,,,,,,,,
DB,ncs,NCS 0515-R20B,#feb1c0,0.8374120865212643,0.09159101734591912,6.43014523234109,254,177,192,"[254, 177, 192]",0%,30%,24%,0%,"[0%, 30%, 24%, 0%]",80.05,30.38,4.30,"[80.05, 30.38, 4.30]",https://www.google.com/search?tbm=isch&q=ncs%20NCS%200515-R20B%20color%20swatch,,,,,,,,,,,,,,,,,,,,,,,,,,,,,,,,,,,,,,,,,,,,
DB,ncs,NCS 0515-R40B,#ffbcdd,0.8659787448192048,0.08733709116914054,348.0532579520569,255,188,221,"[255, 188, 221]",0%,26%,13%,0%,"[0%, 26%, 13%, 0%]",83.28,28.45,-6.56,"[83.28, 28.45, -6.56]",https://www.google.com/search?tbm=isch&q=ncs%20NCS%200515-R40B%20color%20swatch,,,,,,,,,,,,,,,,,,,,,,,,,,,,,,,,,,,,,,,,,,,,
DB,ncs,NCS 0515-R60B,#ebc1ff,0.8674034475119038,0.0949812356934022,314.7473847665094,235,193,255,"[235, 193, 255]",8%,24%,0%,0%,"[8%, 24%, 0%, 0%]",83.32,23.53,-24.81,"[83.32, 23.53, -24.81]",https://www.google.com/search?tbm=isch&q=ncs%20NCS%200515-R60B%20color%20swatch,,,,,,,,,,,,,,,,,,,,,,,,,,,,,,,,,,,,,,,,,,,,
DB,ncs,NCS 0515-R80B,#b0befe,0.8137298243751698,0.09182100787320206,274.6535728696741,176,190,254,"[176, 190, 254]",31%,25%,0%,0%,"[31%, 25%, 0%, 0%]",77.63,5.86,-33.48,"[77.63, 5.86, -33.48]",https://www.google.com/search?tbm=isch&q=ncs%20NCS%200515-R80B%20color%20swatch,,,,,,,,,,,,,,,,,,,,,,,,,,,,,,,,,,,,,,,,,,,,
DB,ncs,NCS 0515-R90B,#b6ceff,0.8503104855745202,0.07349038931887564,264.4402789992821,182,206,255,"[182, 206, 255]",29%,19%,0%,0%,"[29%, 19%, 0%, 0%]",82.23,-0.17,-26.96,"[82.23, -0.17, -26.96]",https://www.google.com/search?tbm=isch&q=ncs%20NCS%200515-R90B%20color%20swatch,,,,,,,,,,,,,,,,,,,,,,,,,,,,,,,,,,,,,,,,,,,,
DB,ncs,NCS 0515-Y,#fff6c6,0.9684083775061398,0.062498738535345565,98.57081439200186,255,246,198,"[255, 246, 198]",0%,4%,22%,0%,"[0%, 4%, 22%, 0%]",96.71,-2.35,24.35,"[96.71, -2.35, 24.35]",https://www.google.com/search?tbm=isch&q=ncs%20NCS%200515-Y%20color%20swatch,,,,,,,,,,,,,,,,,,,,,,,,,,,,,,,,,,,,,,,,,,,,
DB,ncs,NCS 0515-Y10R,#fff1c4,0.9581412855443391,0.06000748614596691,92.79300324040827,255,241,196,"[255, 241, 196]",0%,5%,23%,0%,"[0%, 5%, 23%, 0%]",95.44,-0.19,23.63,"[95.44, -0.19, 23.63]",https://www.google.com/search?tbm=isch&q=ncs%20NCS%200515-Y10R%20color%20swatch,,,,,,,,,,,,,,,,,,,,,,,,,,,,,,,,,,,,,,,,,,,,
DB,ncs,NCS 0515-Y20R,#ffebc1,0.9457620773080466,0.05861892490929506,85.50392581922972,255,235,193,"[255, 235, 193]",0%,8%,24%,0%,"[0%, 8%, 24%, 0%]",93.90,2.36,23.07,"[93.90, 2.36, 23.07]",https://www.google.com/search?tbm=isch&q=ncs%20NCS%200515-Y20R%20color%20swatch,,,,,,,,,,,,,,,,,,,,,,,,,,,,,,,,,,,,,,,,,,,,
DB,ncs,NCS 0515-Y30R,#ffe5bf,0.933681290900292,0.057190013283062564,77.26998508025991,255,229,191,"[255, 229, 191]",0%,10%,25%,0%,"[0%, 10%, 25%, 0%]",92.39,5.05,22.04,"[92.39, 5.05, 22.04]",https://www.google.com/search?tbm=isch&q=ncs%20NCS%200515-Y30R%20color%20swatch,,,,,,,,,,,,,,,,,,,,,,,,,,,,,,,,,,,,,,,,,,,,
DB,ncs,NCS 0515-Y40R,#ffdebc,0.9195566668691638,0.057795179362621775,67.8437872042312,255,222,188,"[255, 222, 188]",0%,13%,26%,0%,"[0%, 13%, 26%, 0%]",90.63,8.14,21.18,"[90.63, 8.14, 21.18]",https://www.google.com/search?tbm=isch&q=ncs%20NCS%200515-Y40R%20color%20swatch,,,,,,,,,,,,,,,,,,,,,,,,,,,,,,,,,,,,,,,,,,,,
DB,ncs,NCS 0515-Y50R,#ffd7b9,0.9055652927764284,0.060018972224996525,58.779058354475865,255,215,185,"[255, 215, 185]",0%,16%,27%,0%,"[0%, 16%, 27%, 0%]",88.88,11.25,20.35,"[88.88, 11.25, 20.35]",https://www.google.com/search?tbm=isch&q=ncs%20NCS%200515-Y50R%20color%20swatch,,,,,,,,,,,,,,,,,,,,,,,,,,,,,,,,,,,,,,,,,,,,
DB,ncs,NCS 0515-Y60R,#ffcfb6,0.889851278144872,0.06409384033655684,48.98783692053945,255,207,182,"[255, 207, 182]",0%,19%,29%,0%,"[0%, 19%, 29%, 0%]",86.91,14.89,19.21,"[86.91, 14.89, 19.21]",https://www.google.com/search?tbm=isch&q=ncs%20NCS%200515-Y60R%20color%20swatch,,,,,,,,,,,,,,,,,,,,,,,,,,,,,,,,,,,,,,,,,,,,
DB,ncs,NCS 0515-Y70R,#ffc6b3,0.8725154401461255,0.07060500292739426,39.24210210433654,255,198,179,"[255, 198, 179]",0%,22%,30%,0%,"[0%, 22%, 30%, 0%]",84.72,19.05,17.79,"[84.72, 19.05, 17.79]",https://www.google.com/search?tbm=isch&q=ncs%20NCS%200515-Y70R%20color%20swatch,,,,,,,,,,,,,,,,,,,,,,,,,,,,,,,,,,,,,,,,,,,,
DB,ncs,NCS 0515-Y80R,#ffbdaf,0.8552495614648344,0.07930186512226498,32.257267989915704,255,189,175,"[255, 189, 175]",0%,26%,31%,0%,"[0%, 26%, 31%, 0%]",82.56,23.15,16.93,"[82.56, 23.15, 16.93]",https://www.google.com/search?tbm=isch&q=ncs%20NCS%200515-Y80R%20color%20swatch,,,,,,,,,,,,,,,,,,,,,,,,,,,,,,,,,,,,,,,,,,,,
DB,ncs,NCS 0515-Y90R,#ffb4ae,0.8390317835437798,0.08851961132169286,24.247164213129963,255,180,174,"[255, 180, 174]",0%,29%,32%,0%,"[0%, 29%, 32%, 0%]",80.48,27.53,14.60,"[80.48, 27.53, 14.60]",https://www.google.com/search?tbm=isch&q=ncs%20NCS%200515-Y90R%20color%20swatch,,,,,,,,,,,,,,,,,,,,,,,,,,,,,,,,,,,,,,,,,,,,
DB,ncs,NCS 0520-B,#aee0ff,0.8822570554800202,0.06710680364536709,235.738100687548,174,224,255,"[174, 224, 255]",32%,12%,0%,0%,"[32%, 12%, 0%, 0%]",86.46,-11.32,-20.65,"[86.46, -11.32, -20.65]",https://www.google.com/search?tbm=isch&q=ncs%20NCS%200520-B%20color%20swatch,,,,,,,,,,,,,,,,,,,,,,,,,,,,,,,,,,,,,,,,,,,,
DB,ncs,NCS 0520-B10G,#b2ebff,0.9077049788140952,0.06389014176888685,221.46538234410684,178,235,255,"[178, 235, 255]",30%,8%,0%,0%,"[30%, 8%, 0%, 0%]",89.64,-15.33,-15.88,"[89.64, -15.33, -15.88]",https://www.google.com/search?tbm=isch&q=ncs%20NCS%200520-B10G%20color%20swatch,,,,,,,,,,,,,,,,,,,,,,,,,,,,,,,,,,,,,,,,,,,,
DB,ncs,NCS 0520-B30G,#b6f8ff,0.9374628639678357,0.06626402955849586,204.27284708630145,182,248,255,"[182, 248, 255]",29%,3%,0%,0%,"[29%, 3%, 0%, 0%]",93.35,-20.13,-10.37,"[93.35, -20.13, -10.37]",https://www.google.com/search?tbm=isch&q=ncs%20NCS%200520-B30G%20color%20swatch,,,,,,,,,,,,,,,,,,,,,,,,,,,,,,,,,,,,,,,,,,,,
DB,ncs,NCS 0520-B40G,#b8fcff,0.9470651336714022,0.06743776967468942,199.48186750923446,184,252,255,"[184, 252, 255]",28%,1%,0%,0%,"[28%, 1%, 0%, 0%]",94.53,-21.35,-8.62,"[94.53, -21.35, -8.62]",https://www.google.com/search?tbm=isch&q=ncs%20NCS%200520-B40G%20color%20swatch,,,,,,,,,,,,,,,,,,,,,,,,,,,,,,,,,,,,,,,,,,,,
DB,ncs,NCS 0520-B50G,#b8fffc,0.9525348772908706,0.07013141122705945,192.71629792394037,184,255,252,"[184, 255, 252]",28%,0%,1%,0%,"[28%, 0%, 1%, 0%]",95.27,-23.19,-6.01,"[95.27, -23.19, -6.01]",https://www.google.com/search?tbm=isch&q=ncs%20NCS%200520-B50G%20color%20swatch,,,,,,,,,,,,,,,,,,,,,,,,,,,,,,,,,,,,,,,,,,,,
DB,ncs,NCS 0520-B60G,#b7fff8,0.9507979457485783,0.07161684731124612,188.45285125905275,183,255,248,"[183, 255, 248]",28%,0%,3%,0%,"[28%, 0%, 3%, 0%]",95.12,-24.14,-4.17,"[95.12, -24.14, -4.17]",https://www.google.com/search?tbm=isch&q=ncs%20NCS%200520-B60G%20color%20swatch,,,,,,,,,,,,,,,,,,,,,,,,,,,,,,,,,,,,,,,,,,,,
DB,ncs,NCS 0520-B70G,#b5fff4,0.9485397666064357,0.07436152972756793,184.51224415755973,181,255,244,"[181, 255, 244]",29%,0%,4%,0%,"[29%, 0%, 4%, 0%]",94.93,-25.37,-2.43,"[94.93, -25.37, -2.43]",https://www.google.com/search?tbm=isch&q=ncs%20NCS%200520-B70G%20color%20swatch,,,,,,,,,,,,,,,,,,,,,,,,,,,,,,,,,,,,,,,,,,,,
DB,ncs,NCS 0520-B90G,#abffd9,0.9358946594878462,0.09714548060489268,164.3652010154982,171,255,217,"[171, 255, 217]",33%,0%,15%,0%,"[33%, 0%, 15%, 0%]",93.86,-32.47,9.76,"[93.86, -32.47, 9.76]",https://www.google.com/search?tbm=isch&q=ncs%20NCS%200520-B90G%20color%20swatch,,,,,,,,,,,,,,,,,,,,,,,,,,,,,,,,,,,,,,,,,,,,
DB,ncs,NCS 0520-G,#a5ffc8,0.9287039017796387,0.11517822469665209,156.48851783394548,165,255,200,"[165, 255, 200]",35%,0%,22%,0%,"[35%, 0%, 22%, 0%]",93.26,-36.66,17.49,"[93.26, -36.66, 17.49]",https://www.google.com/search?tbm=isch&q=ncs%20NCS%200520-G%20color%20swatch,,,,,,,,,,,,,,,,,,,,,,,,,,,,,,,,,,,,,,,,,,,,
DB,ncs,NCS 0520-G10Y,#bdffc0,0.9399530789735814,0.10713071528064892,145.7760618071021,189,255,192,"[189, 255, 192]",26%,0%,25%,0%,"[26%, 0%, 25%, 0%]",94.40,-30.28,23.33,"[94.40, -30.28, 23.33]",https://www.google.com/search?tbm=isch&q=ncs%20NCS%200520-G10Y%20color%20swatch,,,,,,,,,,,,,,,,,,,,,,,,,,,,,,,,,,,,,,,,,,,,
DB,ncs,NCS 0520-G20Y,#cdffb9,0.9482448131926934,0.10518973052172792,136.9072662195989,205,255,185,"[205, 255, 185]",20%,0%,27%,0%,"[20%, 0%, 27%, 0%]",95.25,-25.76,28.17,"[95.25, -25.76, 28.17]",https://www.google.com/search?tbm=isch&q=ncs%20NCS%200520-G20Y%20color%20swatch,,,,,,,,,,,,,,,,,,,,,,,,,,,,,,,,,,,,,,,,,,,,
DB,ncs,NCS 0520-G30Y,#daffb4,0.9557889622244609,0.10436599195971284,129.5199648446394,218,255,180,"[218, 255, 180]",15%,0%,29%,0%,"[15%, 0%, 29%, 0%]",96.02,-21.76,31.86,"[96.02, -21.76, 31.86]",https://www.google.com/search?tbm=isch&q=ncs%20NCS%200520-G30Y%20color%20swatch,,,,,,,,,,,,,,,,,,,,,,,,,,,,,,,,,,,,,,,,,,,,
DB,ncs,NCS 0520-G40Y,#e4ffb0,0.9619560974284191,0.10493042050291375,123.67195785702751,228,255,176,"[228, 255, 176]",11%,0%,31%,0%,"[11%, 0%, 31%, 0%]",96.65,-18.57,34.81,"[96.65, -18.57, 34.81]",https://www.google.com/search?tbm=isch&q=ncs%20NCS%200520-G40Y%20color%20swatch,,,,,,,,,,,,,,,,,,,,,,,,,,,,,,,,,,,,,,,,,,,,
DB,ncs,NCS 0520-G50Y,#edffb3,0.9689848164983101,0.09863513283145378,119.09370982490276,237,255,179,"[237, 255, 179]",7%,0%,30%,0%,"[7%, 0%, 30%, 0%]",97.33,-15.01,34.37,"[97.33, -15.01, 34.37]",https://www.google.com/search?tbm=isch&q=ncs%20NCS%200520-G50Y%20color%20swatch,,,,,,,,,,,,,,,,,,,,,,,,,,,,,,,,,,,,,,,,,,,,
DB,ncs,NCS 0520-G60Y,#f4feb5,0.9725069257501725,0.09331193865299856,114.48813881931187,244,254,181,"[244, 254, 181]",4%,0%,29%,0%,"[4%, 0%, 29%, 0%]",97.62,-11.79,33.88,"[97.62, -11.79, 33.88]",https://www.google.com/search?tbm=isch&q=ncs%20NCS%200520-G60Y%20color%20swatch,,,,,,,,,,,,,,,,,,,,,,,,,,,,,,,,,,,,,,,,,,,,
DB,ncs,NCS 0520-G70Y,#fbffb8,0.9804342771573014,0.0899864456031543,110.6339979400725,251,255,184,"[251, 255, 184]",2%,0%,28%,0%,"[2%, 0%, 28%, 0%]",98.46,-9.38,33.60,"[98.46, -9.38, 33.60]",https://www.google.com/search?tbm=isch&q=ncs%20NCS%200520-G70Y%20color%20swatch,,,,,,,,,,,,,,,,,,,,,,,,,,,,,,,,,,,,,,,,,,,,
DB,ncs,NCS 0520-G80Y,#fffcb8,0.977527046079394,0.08609068424589467,105.746713676441,255,252,184,"[255, 252, 184]",0%,1%,28%,0%,"[0%, 1%, 28%, 0%]",98.01,-6.51,33.09,"[98.01, -6.51, 33.09]",https://www.google.com/search?tbm=isch&q=ncs%20NCS%200520-G80Y%20color%20swatch,,,,,,,,,,,,,,,,,,,,,,,,,,,,,,,,,,,,,,,,,,,,
DB,ncs,NCS 0520-G90Y,#fff7b6,0.9671735247270582,0.08284638894145857,101.87882299460591,255,247,182,"[255, 247, 182]",0%,3%,29%,0%,"[0%, 3%, 29%, 0%]",96.72,-4.36,32.39,"[96.72, -4.36, 32.39]",https://www.google.com/search?tbm=isch&q=ncs%20NCS%200520-G90Y%20color%20swatch,,,,,,,,,,,,,,,,,,,,,,,,,,,,,,,,,,,,,,,,,,,,
DB,ncs,NCS 0520-R,#ff959c,0.7827639685649292,0.12755340393515477,16.20936143736151,255,149,156,"[255, 149, 156]",0%,42%,39%,0%,"[0%, 42%, 39%, 0%]",73.42,41.28,14.60,"[73.42, 41.28, 14.60]",https://www.google.com/search?tbm=isch&q=ncs%20NCS%200520-R%20color%20swatch,,,,,,,,,,,,,,,,,,,,,,,,,,,,,,,,,,,,,,,,,,,,
DB,ncs,NCS 0520-R10B,#ff98a5,0.7897824321700986,0.12395780850042297,12.183289927074043,255,152,165,"[255, 152, 165]",0%,40%,35%,0%,"[0%, 40%, 35%, 0%]",74.22,40.56,10.76,"[74.22, 40.56, 10.76]",https://www.google.com/search?tbm=isch&q=ncs%20NCS%200520-R10B%20color%20swatch,,,,,,,,,,,,,,,,,,,,,,,,,,,,,,,,,,,,,,,,,,,,
DB,ncs,NCS 0520-R20B,#ff9cb0,0.7991022857928375,0.11988129774980294,7.081196969512973,255,156,176,"[255, 156, 176]",0%,39%,31%,0%,"[0%, 39%, 31%, 0%]",75.27,39.58,6.22,"[75.27, 39.58, 6.22]",https://www.google.com/search?tbm=isch&q=ncs%20NCS%200520-R20B%20color%20swatch,,,,,,,,,,,,,,,,,,,,,,,,,,,,,,,,,,,,,,,,,,,,
DB,ncs,NCS 0520-R30B,#ffa2c0,0.8133515738421294,0.11535387616501622,359.1568961375365,255,162,192,"[255, 162, 192]",0%,36%,25%,0%,"[0%, 36%, 25%, 0%]",76.89,38.17,-0.21,"[76.89, 38.17, -0.21]",https://www.google.com/search?tbm=isch&q=ncs%20NCS%200520-R30B%20color%20swatch,,,,,,,,,,,,,,,,,,,,,,,,,,,,,,,,,,,,,,,,,,,,
DB,ncs,NCS 0520-R40B,#ffa9d4,0.8309603739126673,0.11361909190022275,348.48580201883055,255,169,212,"[255, 169, 212]",0%,34%,17%,0%,"[0%, 34%, 17%, 0%]",78.86,36.85,-8.19,"[78.86, 36.85, -8.19]",https://www.google.com/search?tbm=isch&q=ncs%20NCS%200520-R40B%20color%20swatch,,,,,,,,,,,,,,,,,,,,,,,,,,,,,,,,,,,,,,,,,,,,
DB,ncs,NCS 0520-R50B,#ffb4f0,0.8586281529690684,0.11524428998302688,333.8951009516411,255,180,240,"[255, 180, 240]",0%,29%,6%,0%,"[0%, 29%, 6%, 0%]",81.98,34.75,-18.62,"[81.98, 34.75, -18.62]",https://www.google.com/search?tbm=isch&q=ncs%20NCS%200520-R50B%20color%20swatch,,,,,,,,,,,,,,,,,,,,,,,,,,,,,,,,,,,,,,,,,,,,
DB,ncs,NCS 0520-R60B,#e5b0ff,0.8320224813841115,0.12121485576705672,314.2948247516117,229,176,255,"[229, 176, 255]",10%,31%,0%,0%,"[10%, 31%, 0%, 0%]",78.82,30.13,-31.70,"[78.82, 30.13, -31.70]",https://www.google.com/search?tbm=isch&q=ncs%20NCS%200520-R60B%20color%20swatch,,,,,,,,,,,,,,,,,,,,,,,,,,,,,,,,,,,,,,,,,,,,
DB,ncs,NCS 0520-R70B,#cbb0ff,0.8086106368896185,0.11270531438954452,299.59297120936446,203,176,255,"[203, 176, 255]",20%,31%,0%,0%,"[20%, 31%, 0%, 0%]",76.36,21.70,-35.73,"[76.36, 21.70, -35.73]",https://www.google.com/search?tbm=isch&q=ncs%20NCS%200520-R70B%20color%20swatch,,,,,,,,,,,,,,,,,,,,,,,,,,,,,,,,,,,,,,,,,,,,
DB,ncs,NCS 0520-R80B,#9caeff,0.7685515833654551,0.11797549592262681,273.7524083662295,156,174,255,"[156, 174, 255]",39%,32%,0%,0%,"[39%, 32%, 0%, 0%]",72.10,8.41,-42.68,"[72.10, 8.41, -42.68]",https://www.google.com/search?tbm=isch&q=ncs%20NCS%200520-R80B%20color%20swatch,,,,,,,,,,,,,,,,,,,,,,,,,,,,,,,,,,,,,,,,,,,,
DB,ncs,NCS 0520-R90B,#a3c1ff,0.8113743653154442,0.09405837305075648,264.40265707782487,163,193,255,"[163, 193, 255]",36%,24%,0%,0%,"[36%, 24%, 0%, 0%]",77.54,0.66,-34.23,"[77.54, 0.66, -34.23]",https://www.google.com/search?tbm=isch&q=ncs%20NCS%200520-R90B%20color%20swatch,,,,,,,,,,,,,,,,,,,,,,,,,,,,,,,,,,,,,,,,,,,,
DB,ncs,NCS 0520-Y,#fff3b5,0.9590407821038494,0.07984055215586529,98.44111096268142,255,243,181,"[255, 243, 181]",0%,5%,29%,0%,"[0%, 5%, 29%, 0%]",95.71,-2.57,31.55,"[95.71, -2.57, 31.55]",https://www.google.com/search?tbm=isch&q=ncs%20NCS%200520-Y%20color%20swatch,,,,,,,,,,,,,,,,,,,,,,,,,,,,,,,,,,,,,,,,,,,,
DB,ncs,NCS 0520-Y10R,#feedb2,0.9457769384043645,0.07744120382753572,93.91774361024727,254,237,178,"[254, 237, 178]",0%,7%,30%,0%,"[0%, 7%, 30%, 0%]",94.08,-0.39,30.89,"[94.08, -0.39, 30.89]",https://www.google.com/search?tbm=isch&q=ncs%20NCS%200520-Y10R%20color%20swatch,,,,,,,,,,,,,,,,,,,,,,,,,,,,,,,,,,,,,,,,,,,,
DB,ncs,NCS 0520-Y20R,#ffe5b0,0.9305667415141743,0.07372432978584788,84.78990409652204,255,229,176,"[255, 229, 176]",0%,10%,31%,0%,"[0%, 10%, 31%, 0%]",92.16,3.63,29.37,"[92.16, 3.63, 29.37]",https://www.google.com/search?tbm=isch&q=ncs%20NCS%200520-Y20R%20color%20swatch,,,,,,,,,,,,,,,,,,,,,,,,,,,,,,,,,,,,,,,,,,,,
DB,ncs,NCS 0520-Y30R,#ffddad,0.9144838660167527,0.07259801090486943,76.14081868461972,255,221,173,"[255, 221, 173]",0%,13%,32%,0%,"[0%, 13%, 32%, 0%]",90.15,7.22,28.23,"[90.15, 7.22, 28.23]",https://www.google.com/search?tbm=isch&q=ncs%20NCS%200520-Y30R%20color%20swatch,,,,,,,,,,,,,,,,,,,,,,,,,,,,,,,,,,,,,,,,,,,,
DB,ncs,NCS 0520-Y40R,#ffd5aa,0.8985794075047092,0.07327657312240232,67.3303490065756,255,213,170,"[255, 213, 170]",0%,16%,33%,0%,"[0%, 16%, 33%, 0%]",88.16,10.85,27.12,"[88.16, 10.85, 27.12]",https://www.google.com/search?tbm=isch&q=ncs%20NCS%200520-Y40R%20color%20swatch,,,,,,,,,,,,,,,,,,,,,,,,,,,,,,,,,,,,,,,,,,,,
DB,ncs,NCS 0520-Y50R,#ffcca7,0.8810013992885237,0.07591201677420102,57.513507978538826,255,204,167,"[255, 204, 167]",0%,20%,35%,0%,"[0%, 20%, 35%, 0%]",85.95,15.01,25.72,"[85.95, 15.01, 25.72]",https://www.google.com/search?tbm=isch&q=ncs%20NCS%200520-Y50R%20color%20swatch,,,,,,,,,,,,,,,,,,,,,,,,,,,,,,,,,,,,,,,,,,,,
DB,ncs,NCS 0520-Y60R,#ffc2a3,0.8616629037444906,0.08186232090950889,48.14079632941281,255,194,163,"[255, 194, 163]",0%,24%,36%,0%,"[0%, 24%, 36%, 0%]",83.52,19.61,24.56,"[83.52, 19.61, 24.56]",https://www.google.com/search?tbm=isch&q=ncs%20NCS%200520-Y60R%20color%20swatch,,,,,,,,,,,,,,,,,,,,,,,,,,,,,,,,,,,,,,,,,,,,
DB,ncs,NCS 0520-Y70R,#ffb89f,0.8427132467692305,0.08991640915479564,40.2264125891345,255,184,159,"[255, 184, 159]",0%,28%,38%,0%,"[0%, 28%, 38%, 0%]",81.13,24.24,23.47,"[81.13, 24.24, 23.47]",https://www.google.com/search?tbm=isch&q=ncs%20NCS%200520-Y70R%20color%20swatch,,,,,,,,,,,,,,,,,,,,,,,,,,,,,,,,,,,,,,,,,,,,
DB,ncs,NCS 0520-Y80R,#ffac9b,0.8207302870209484,0.1014275250062061,32.07095167731296,255,172,155,"[255, 172, 155]",0%,33%,39%,0%,"[0%, 33%, 39%, 0%]",78.35,29.88,21.86,"[78.35, 29.88, 21.86]",https://www.google.com/search?tbm=isch&q=ncs%20NCS%200520-Y80R%20color%20swatch,,,,,,,,,,,,,,,,,,,,,,,,,,,,,,,,,,,,,,,,,,,,
DB,ncs,NCS 0520-Y90R,#ffa19b,0.8020456408478895,0.11292691478787213,23.853763923529925,255,161,155,"[255, 161, 155]",0%,37%,39%,0%,"[0%, 37%, 39%, 0%]",75.94,35.33,18.59,"[75.94, 35.33, 18.59]",https://www.google.com/search?tbm=isch&q=ncs%20NCS%200520-Y90R%20color%20swatch,,,,,,,,,,,,,,,,,,,,,,,,,,,,,,,,,,,,,,,,,,,,
DB,ncs,NCS 0525-R60B,#e09ffe,0.7981238151139558,0.14655649517490948,314.65596327256696,224,159,254,"[224, 159, 254]",12%,37%,0%,0%,"[12%, 37%, 0%, 0%]",74.48,36.97,-37.88,"[74.48, 36.97, -37.88]",https://www.google.com/search?tbm=isch&q=ncs%20NCS%200525-R60B%20color%20swatch,,,,,,,,,,,,,,,,,,,,,,,,,,,,,,,,,,,,,,,,,,,,
DB,ncs,NCS 0525-R70B,#c1a0ff,0.7711814672255645,0.1363139681610066,299.19028866026133,193,160,255,"[193, 160, 255]",24%,37%,0%,0%,"[24%, 37%, 0%, 0%]",71.64,26.85,-43.10,"[71.64, 26.85, -43.10]",https://www.google.com/search?tbm=isch&q=ncs%20NCS%200525-R70B%20color%20swatch,,,,,,,,,,,,,,,,,,,,,,,,,,,,,,,,,,,,,,,,,,,,
DB,ncs,NCS 0530-B,#8ed4ff,0.8390720180787221,0.0925995719120193,236.36882449322923,142,212,255,"[142, 212, 255]",44%,17%,0%,0%,"[44%, 17%, 0%, 0%]",81.44,-14.46,-28.42,"[81.44, -14.46, -28.42]",https://www.google.com/search?tbm=isch&q=ncs%20NCS%200530-B%20color%20swatch,,,,,,,,,,,,,,,,,,,,,,,,,,,,,,,,,,,,,,,,,,,,
DB,ncs,NCS 0530-B10G,#92e3ff,0.8734899197923468,0.08794902806199754,221.91862216776371,146,227,255,"[146, 227, 255]",43%,11%,0%,0%,"[43%, 11%, 0%, 0%]",85.77,-20.45,-21.87,"[85.77, -20.45, -21.87]",https://www.google.com/search?tbm=isch&q=ncs%20NCS%200530-B10G%20color%20swatch,,,,,,,,,,,,,,,,,,,,,,,,,,,,,,,,,,,,,,,,,,,,
DB,ncs,NCS 0530-B30G,#98f5ff,0.9155863839207858,0.08951111554807131,204.46321082079635,152,245,255,"[152, 245, 255]",40%,4%,0%,0%,"[40%, 4%, 0%, 0%]",91.01,-27.01,-14.02,"[91.01, -27.01, -14.02]",https://www.google.com/search?tbm=isch&q=ncs%20NCS%200530-B30G%20color%20swatch,,,,,,,,,,,,,,,,,,,,,,,,,,,,,,,,,,,,,,,,,,,,
DB,ncs,NCS 0530-B40G,#9afcff,0.9318355710686566,0.092571249610986,198.18050907089287,154,252,255,"[154, 252, 255]",40%,1%,0%,0%,"[40%, 1%, 0%, 0%]",93.03,-29.56,-11.03,"[93.03, -29.56, -11.03]",https://www.google.com/search?tbm=isch&q=ncs%20NCS%200530-B40G%20color%20swatch,,,,,,,,,,,,,,,,,,,,,,,,,,,,,,,,,,,,,,,,,,,,
DB,ncs,NCS 0530-B50G,#9afffb,0.9371745253231383,0.09516057780999203,192.37294698846063,154,255,251,"[154, 255, 251]",40%,0%,2%,0%,"[40%, 0%, 2%, 0%]",93.76,-31.58,-7.90,"[93.76, -31.58, -7.90]",https://www.google.com/search?tbm=isch&q=ncs%20NCS%200530-B50G%20color%20swatch,,,,,,,,,,,,,,,,,,,,,,,,,,,,,,,,,,,,,,,,,,,,
DB,ncs,NCS 0530-B60G,#98fff5,0.934452878810473,0.09772463871625185,187.65327019056872,152,255,245,"[152, 255, 245]",40%,0%,4%,0%,"[40%, 0%, 4%, 0%]",93.54,-33.15,-5.16,"[93.54, -33.15, -5.16]",https://www.google.com/search?tbm=isch&q=ncs%20NCS%200530-B60G%20color%20swatch,,,,,,,,,,,,,,,,,,,,,,,,,,,,,,,,,,,,,,,,,,,,
DB,ncs,NCS 0530-B70G,#96ffef,0.9317897615146109,0.10093711946241879,183.21441490123527,150,255,239,"[150, 255, 239]",41%,0%,6%,0%,"[41%, 0%, 6%, 0%]",93.32,-34.71,-2.42,"[93.32, -34.71, -2.42]",https://www.google.com/search?tbm=isch&q=ncs%20NCS%200530-B70G%20color%20swatch,,,,,,,,,,,,,,,,,,,,,,,,,,,,,,,,,,,,,,,,,,,,
DB,ncs,NCS 0530-B90G,#8bffcb,0.917474696793466,0.12954739720292682,163.00034709234558,139,255,203,"[139, 255, 203]",45%,0%,20%,0%,"[45%, 0%, 20%, 0%]",92.15,-43.35,14.23,"[92.15, -43.35, 14.23]",https://www.google.com/search?tbm=isch&q=ncs%20NCS%200530-B90G%20color%20swatch,,,,,,,,,,,,,,,,,,,,,,,,,,,,,,,,,,,,,,,,,,,,
DB,ncs,NCS 0530-G,#84ffb4,0.9094469118806702,0.1529324875215088,155.04009017111366,132,255,180,"[132, 255, 180]",48%,0%,29%,0%,"[48%, 0%, 29%, 0%]",91.50,-48.44,24.88,"[91.50, -48.44, 24.88]",https://www.google.com/search?tbm=isch&q=ncs%20NCS%200530-G%20color%20swatch,,,,,,,,,,,,,,,,,,,,,,,,,,,,,,,,,,,,,,,,,,,,
DB,ncs,NCS 0530-G10Y,#a3ffa7,0.9208175219559498,0.14754654919507432,145.23247428439367,163,255,167,"[163, 255, 167]",36%,0%,35%,0%,"[36%, 0%, 35%, 0%]",92.65,-41.44,33.15,"[92.65, -41.44, 33.15]",https://www.google.com/search?tbm=isch&q=ncs%20NCS%200530-G10Y%20color%20swatch,,,,,,,,,,,,,,,,,,,,,,,,,,,,,,,,,,,,,,,,,,,,
DB,ncs,NCS 0530-G20Y,#baff9e,0.9316908813262376,0.1438329809849719,137.04813374396224,186,255,158,"[186, 255, 158]",27%,0%,38%,0%,"[27%, 0%, 38%, 0%]",93.75,-35.05,39.23,"[93.75, -35.05, 39.23]",https://www.google.com/search?tbm=isch&q=ncs%20NCS%200530-G20Y%20color%20swatch,,,,,,,,,,,,,,,,,,,,,,,,,,,,,,,,,,,,,,,,,,,,
DB,ncs,NCS 0530-G30Y,#cbff96,0.9407448439376295,0.14358260422516927,130.24472926419935,203,255,150,"[203, 255, 150]",20%,0%,41%,0%,"[20%, 0%, 41%, 0%]",94.66,-29.95,44.47,"[94.66, -29.95, 44.47]",https://www.google.com/search?tbm=isch&q=ncs%20NCS%200530-G30Y%20color%20swatch,,,,,,,,,,,,,,,,,,,,,,,,,,,,,,,,,,,,,,,,,,,,
DB,ncs,NCS 0530-G40Y,#dafe90,0.9476050859156817,0.14200528473253013,123.90595409064986,218,254,144,"[218, 254, 144]",14%,0%,43%,0%,"[14%, 0%, 43%, 0%]",95.30,-24.61,48.35,"[95.30, -24.61, 48.35]",https://www.google.com/search?tbm=isch&q=ncs%20NCS%200530-G40Y%20color%20swatch,,,,,,,,,,,,,,,,,,,,,,,,,,,,,,,,,,,,,,,,,,,,
DB,ncs,NCS 0530-G50Y,#e6ff93,0.9586123219696236,0.13607799520695996,119.69857288677787,230,255,147,"[230, 255, 147]",10%,0%,42%,0%,"[10%, 0%, 42%, 0%]",96.44,-20.37,48.55,"[96.44, -20.37, 48.55]",https://www.google.com/search?tbm=isch&q=ncs%20NCS%200530-G50Y%20color%20swatch,,,,,,,,,,,,,,,,,,,,,,,,,,,,,,,,,,,,,,,,,,,,
DB,ncs,NCS 0530-G60Y,#f0fe96,0.9643122074863439,0.128935473388026,115.1277323061941,240,254,150,"[240, 254, 150]",6%,0%,41%,0%,"[6%, 0%, 41%, 0%]",96.94,-15.93,47.95,"[96.94, -15.93, 47.95]",https://www.google.com/search?tbm=isch&q=ncs%20NCS%200530-G60Y%20color%20swatch,,,,,,,,,,,,,,,,,,,,,,,,,,,,,,,,,,,,,,,,,,,,
DB,ncs,NCS 0530-G70Y,#f9fe99,0.971628702501047,0.12404515361761588,110.93657537312504,249,254,153,"[249, 254, 153]",2%,0%,40%,0%,"[2%, 0%, 40%, 0%]",97.66,-12.29,47.59,"[97.66, -12.29, 47.59]",https://www.google.com/search?tbm=isch&q=ncs%20NCS%200530-G70Y%20color%20swatch,,,,,,,,,,,,,,,,,,,,,,,,,,,,,,,,,,,,,,,,,,,,
DB,ncs,NCS 0530-G80Y,#fefb9a,0.9696123479506983,0.11899764923573242,106.87571584128324,254,251,154,"[254, 251, 154]",0%,1%,39%,0%,"[0%, 1%, 39%, 0%]",97.30,-8.93,46.78,"[97.30, -8.93, 46.78]",https://www.google.com/search?tbm=isch&q=ncs%20NCS%200530-G80Y%20color%20swatch,,,,,,,,,,,,,,,,,,,,,,,,,,,,,,,,,,,,,,,,,,,,
DB,ncs,NCS 0530-G90Y,#fef598,0.957205922195304,0.11469188825733687,103.52417413009755,254,245,152,"[254, 245, 152]",0%,4%,40%,0%,"[0%, 4%, 40%, 0%]",95.75,-6.30,45.83,"[95.75, -6.30, 45.83]",https://www.google.com/search?tbm=isch&q=ncs%20NCS%200530-G90Y%20color%20swatch,,,,,,,,,,,,,,,,,,,,,,,,,,,,,,,,,,,,,,,,,,,,
DB,ncs,NCS 0530-R,#ff737c,0.7254702801403659,0.17080313587510793,18.452922731691956,255,115,124,"[255, 115, 124]",0%,55%,51%,0%,"[0%, 55%, 51%, 0%]",66.34,54.91,22.81,"[66.34, 54.91, 22.81]",https://www.google.com/search?tbm=isch&q=ncs%20NCS%200530-R%20color%20swatch,,,,,,,,,,,,,,,,,,,,,,,,,,,,,,,,,,,,,,,,,,,,
DB,ncs,NCS 0530-R10B,#ff7687,0.7319656537333018,0.16712445034632897,14.51560375324516,255,118,135,"[255, 118, 135]",0%,54%,47%,0%,"[0%, 54%, 47%, 0%]",67.06,54.26,17.58,"[67.06, 54.26, 17.58]",https://www.google.com/search?tbm=isch&q=ncs%20NCS%200530-R10B%20color%20swatch,,,,,,,,,,,,,,,,,,,,,,,,,,,,,,,,,,,,,,,,,,,,
DB,ncs,NCS 0530-R20B,#fe7b95,0.7409109983109237,0.16074052788365756,9.385443411654933,254,123,149,"[254, 123, 149]",0%,52%,41%,0%,"[0%, 52%, 41%, 0%]",68.08,52.64,11.06,"[68.08, 52.64, 11.06]",https://www.google.com/search?tbm=isch&q=ncs%20NCS%200530-R20B%20color%20swatch,,,,,,,,,,,,,,,,,,,,,,,,,,,,,,,,,,,,,,,,,,,,
DB,ncs,NCS 0530-R30B,#ff81a9,0.7561426109151639,0.15780744298677288,1.4594076955608557,255,129,169,"[255, 129, 169]",0%,49%,34%,0%,"[0%, 49%, 34%, 0%]",69.75,51.83,2.22,"[69.75, 51.83, 2.22]",https://www.google.com/search?tbm=isch&q=ncs%20NCS%200530-R30B%20color%20swatch,,,,,,,,,,,,,,,,,,,,,,,,,,,,,,,,,,,,,,,,,,,,
DB,ncs,NCS 0530-R40B,#fe89c4,0.774805885501379,0.15599147382509837,349.8145809374762,254,137,196,"[254, 137, 196]",0%,46%,23%,0%,"[0%, 46%, 23%, 0%]",71.78,50.28,-9.87,"[71.78, 50.28, -9.87]",https://www.google.com/search?tbm=isch&q=ncs%20NCS%200530-R40B%20color%20swatch,,,,,,,,,,,,,,,,,,,,,,,,,,,,,,,,,,,,,,,,,,,,
DB,ncs,NCS 0530-R50B,#ff95ea,0.8073751245405073,0.1630598802446658,334.7041899880369,255,149,234,"[255, 149, 234]",0%,42%,8%,0%,"[0%, 42%, 8%, 0%]",75.32,49.15,-25.41,"[75.32, 49.15, -25.41]",https://www.google.com/search?tbm=isch&q=ncs%20NCS%200530-R50B%20color%20swatch,,,,,,,,,,,,,,,,,,,,,,,,,,,,,,,,,,,,,,,,,,,,
DB,ncs,NCS 0530-R80B,#7a92ff,0.6911877940225407,0.16190895942367423,272.18962527766666,122,146,255,"[122, 146, 255]",52%,43%,0%,0%,"[52%, 43%, 0%, 0%]",62.51,14.37,-57.91,"[62.51, 14.37, -57.91]",https://www.google.com/search?tbm=isch&q=ncs%20NCS%200530-R80B%20color%20swatch,,,,,,,,,,,,,,,,,,,,,,,,,,,,,,,,,,,,,,,,,,,,
DB,ncs,NCS 0530-R90B,#81aaff,0.7435043279449007,0.13145449090784034,263.88587993860233,129,170,255,"[129, 170, 255]",49%,33%,0%,0%,"[49%, 33%, 0%, 0%]",69.30,3.23,-47.19,"[69.30, 3.23, -47.19]",https://www.google.com/search?tbm=isch&q=ncs%20NCS%200530-R90B%20color%20swatch,,,,,,,,,,,,,,,,,,,,,,,,,,,,,,,,,,,,,,,,,,,,
DB,ncs,NCS 0530-Y,#ffef96,0.945712977127974,0.1108959607559673,99.3026569172244,255,239,150,"[255, 239, 150]",0%,6%,41%,0%,"[0%, 6%, 41%, 0%]",94.30,-3.25,45.02,"[94.30, -3.25, 45.02]",https://www.google.com/search?tbm=isch&q=ncs%20NCS%200530-Y%20color%20swatch,,,,,,,,,,,,,,,,,,,,,,,,,,,,,,,,,,,,,,,,,,,,
DB,ncs,NCS 0530-Y10R,#fee593,0.9245464601963129,0.10513656988211204,93.05935439527235,254,229,147,"[254, 229, 147]",0%,10%,42%,0%,"[0%, 10%, 42%, 0%]",91.68,0.88,43.20,"[91.68, 0.88, 43.20]",https://www.google.com/search?tbm=isch&q=ncs%20NCS%200530-Y10R%20color%20swatch,,,,,,,,,,,,,,,,,,,,,,,,,,,,,,,,,,,,,,,,,,,,
DB,ncs,NCS 0530-Y20R,#ffdb90,0.9053883734373677,0.10157976712826798,84.83715641535105,255,219,144,"[255, 219, 144]",0%,14%,44%,0%,"[0%, 14%, 44%, 0%]",89.26,5.86,41.69,"[89.26, 5.86, 41.69]",https://www.google.com/search?tbm=isch&q=ncs%20NCS%200530-Y20R%20color%20swatch,,,,,,,,,,,,,,,,,,,,,,,,,,,,,,,,,,,,,,,,,,,,
DB,ncs,NCS 0530-Y30R,#ffd08d,0.8837353058653407,0.09952469298748975,75.70416419160512,255,208,141,"[255, 208, 141]",0%,18%,45%,0%,"[0%, 18%, 45%, 0%]",86.55,11.00,39.78,"[86.55, 11.00, 39.78]",https://www.google.com/search?tbm=isch&q=ncs%20NCS%200530-Y30R%20color%20swatch,,,,,,,,,,,,,,,,,,,,,,,,,,,,,,,,,,,,,,,,,,,,
DB,ncs,NCS 0530-Y40R,#fec589,0.8613146663527906,0.1003865146784097,67.27144775918305,254,197,137,"[254, 197, 137]",0%,22%,46%,0%,"[0%, 22%, 46%, 0%]",83.76,15.73,38.27,"[83.76, 15.73, 38.27]",https://www.google.com/search?tbm=isch&q=ncs%20NCS%200530-Y40R%20color%20swatch,,,,,,,,,,,,,,,,,,,,,,,,,,,,,,,,,,,,,,,,,,,,
DB,ncs,NCS 0530-Y50R,#feb986,0.8386565705318144,0.10397551484575251,57.22918396523232,254,185,134,"[254, 185, 134]",0%,27%,47%,0%,"[0%, 27%, 47%, 0%]",80.89,21.48,36.20,"[80.89, 21.48, 36.20]",https://www.google.com/search?tbm=isch&q=ncs%20NCS%200530-Y50R%20color%20swatch,,,,,,,,,,,,,,,,,,,,,,,,,,,,,,,,,,,,,,,,,,,,
DB,ncs,NCS 0530-Y60R,#feac82,0.8146999094861944,0.11190286497875204,47.79913133106743,254,172,130,"[254, 172, 130]",0%,32%,49%,0%,"[0%, 32%, 49%, 0%]",77.86,27.67,34.44,"[77.86, 27.67, 34.44]",https://www.google.com/search?tbm=isch&q=ncs%20NCS%200530-Y60R%20color%20swatch,,,,,,,,,,,,,,,,,,,,,,,,,,,,,,,,,,,,,,,,,,,,
DB,ncs,NCS 0530-Y70R,#ff9f7e,0.7927884818540905,0.12381180626460167,39.6984609092429,255,159,126,"[255, 159, 126]",0%,38%,51%,0%,"[0%, 38%, 51%, 0%]",75.06,34.25,33.02,"[75.06, 34.25, 33.02]",https://www.google.com/search?tbm=isch&q=ncs%20NCS%200530-Y70R%20color%20swatch,,,,,,,,,,,,,,,,,,,,,,,,,,,,,,,,,,,,,,,,,,,,
DB,ncs,NCS 0530-Y80R,#ff9079,0.7673967956678797,0.1389955503093632,32.7375934919462,255,144,121,"[255, 144, 121]",0%,44%,53%,0%,"[0%, 44%, 53%, 0%]",71.83,41.27,31.59,"[71.83, 41.27, 31.59]",https://www.google.com/search?tbm=isch&q=ncs%20NCS%200530-Y80R%20color%20swatch,,,,,,,,,,,,,,,,,,,,,,,,,,,,,,,,,,,,,,,,,,,,
DB,ncs,NCS 0530-Y90R,#ff8279,0.7459829650115479,0.15368850155783387,25.663374755026894,255,130,121,"[255, 130, 121]",0%,49%,53%,0%,"[0%, 49%, 53%, 0%]",69.05,47.92,28.03,"[69.05, 47.92, 28.03]",https://www.google.com/search?tbm=isch&q=ncs%20NCS%200530-Y90R%20color%20swatch,,,,,,,,,,,,,,,,,,,,,,,,,,,,,,,,,,,,,,,,,,,,
DB,ncs,NCS 0540-B,#72caff,0.80425147246675,0.11346767326552737,236.9192509838673,114,202,255,"[114, 202, 255]",55%,21%,0%,0%,"[55%, 21%, 0%, 0%]",77.37,-16.38,-34.77,"[77.37, -16.38, -34.77]",https://www.google.com/search?tbm=isch&q=ncs%20NCS%200540-B%20color%20swatch,,,,,,,,,,,,,,,,,,,,,,,,,,,,,,,,,,,,,,,,,,,,
DB,ncs,NCS 0540-B10G,#76dcff,0.8456772477675011,0.10681718120525496,222.73803114649638,118,220,255,"[118, 220, 255]",54%,14%,0%,0%,"[54%, 14%, 0%, 0%]",82.59,-23.89,-26.80,"[82.59, -23.89, -26.80]",https://www.google.com/search?tbm=isch&q=ncs%20NCS%200540-B10G%20color%20swatch,,,,,,,,,,,,,,,,,,,,,,,,,,,,,,,,,,,,,,,,,,,,
DB,ncs,NCS 0540-B30G,#7cf2ff,0.8971124941441566,0.10807964141301682,204.9167574939886,124,242,255,"[124, 242, 255]",51%,5%,0%,0%,"[51%, 5%, 0%, 0%]",89.02,-32.32,-17.13,"[89.02, -32.32, -17.13]",https://www.google.com/search?tbm=isch&q=ncs%20NCS%200540-B30G%20color%20swatch,,,,,,,,,,,,,,,,,,,,,,,,,,,,,,,,,,,,,,,,,,,,
DB,ncs,NCS 0540-G,#68ffa3,0.8962584016364971,0.181828632338919,153.62568390350702,104,255,163,"[104, 255, 163]",59%,0%,36%,0%,"[59%, 0%, 36%, 0%]",90.32,-57.13,31.54,"[90.32, -57.13, 31.54]",https://www.google.com/search?tbm=isch&q=ncs%20NCS%200540-G%20color%20swatch,,,,,,,,,,,,,,,,,,,,,,,,,,,,,,,,,,,,,,,,,,,,
DB,ncs,NCS 0540-G10Y,#8eff93,0.9074832501033734,0.17811281265276785,144.8358904618692,142,255,147,"[142, 255, 147]",44%,0%,42%,0%,"[44%, 0%, 42%, 0%]",91.45,-49.78,41.07,"[91.45, -49.78, 41.07]",https://www.google.com/search?tbm=isch&q=ncs%20NCS%200540-G10Y%20color%20swatch,,,,,,,,,,,,,,,,,,,,,,,,,,,,,,,,,,,,,,,,,,,,
DB,ncs,NCS 0540-G20Y,#a9ff86,0.918540706615283,0.1761962516153395,137.29240900076115,169,255,134,"[169, 255, 134]",34%,0%,47%,0%,"[34%, 0%, 47%, 0%]",92.56,-42.90,48.87,"[92.56, -42.90, 48.87]",https://www.google.com/search?tbm=isch&q=ncs%20NCS%200540-G20Y%20color%20swatch,,,,,,,,,,,,,,,,,,,,,,,,,,,,,,,,,,,,,,,,,,,,
DB,ncs,NCS 0540-G30Y,#bfff7c,0.9296712092058116,0.17444119977129308,130.66388682703484,191,255,124,"[191, 255, 124]",25%,0%,51%,0%,"[25%, 0%, 51%, 0%]",93.67,-36.29,55.07,"[93.67, -36.29, 55.07]",https://www.google.com/search?tbm=isch&q=ncs%20NCS%200540-G30Y%20color%20swatch,,,,,,,,,,,,,,,,,,,,,,,,,,,,,,,,,,,,,,,,,,,,
DB,ncs,NCS 0540-G40Y,#d0ff74,0.9394472598644091,0.17394848687477357,125.19736080870393,208,255,116,"[208, 255, 116]",18%,0%,55%,0%,"[18%, 0%, 55%, 0%]",94.65,-30.74,60.02,"[94.65, -30.74, 60.02]",https://www.google.com/search?tbm=isch&q=ncs%20NCS%200540-G40Y%20color%20swatch,,,,,,,,,,,,,,,,,,,,,,,,,,,,,,,,,,,,,,,,,,,,
DB,ncs,NCS 0540-G50Y,#dfff77,0.9500016679354999,0.16552046221680997,120.6539833640789,223,255,119,"[223, 255, 119]",13%,0%,53%,0%,"[13%, 0%, 53%, 0%]",95.67,-24.96,60.20,"[95.67, -24.96, 60.20]",https://www.google.com/search?tbm=isch&q=ncs%20NCS%200540-G50Y%20color%20swatch,,,,,,,,,,,,,,,,,,,,,,,,,,,,,,,,,,,,,,,,,,,,
DB,ncs,NCS 0540-G60Y,#ecff7a,0.9597394118547206,0.15875074838956954,116.218589893711,236,255,122,"[236, 255, 122]",7%,0%,52%,0%,"[7%, 0%, 52%, 0%]",96.63,-19.84,60.27,"[96.63, -19.84, 60.27]",https://www.google.com/search?tbm=isch&q=ncs%20NCS%200540-G60Y%20color%20swatch,,,,,,,,,,,,,,,,,,,,,,,,,,,,,,,,,,,,,,,,,,,,
DB,ncs,NCS 0540-G70Y,#f8fe7d,0.967121118476429,0.1521149099286837,111.316215430966,248,254,125,"[248, 254, 125]",2%,0%,51%,0%,"[2%, 0%, 51%, 0%]",97.30,-14.58,60.00,"[97.30, -14.58, 60.00]",https://www.google.com/search?tbm=isch&q=ncs%20NCS%200540-G70Y%20color%20swatch,,,,,,,,,,,,,,,,,,,,,,,,,,,,,,,,,,,,,,,,,,,,
DB,ncs,NCS 0540-G80Y,#fffa7e,0.9646014374338248,0.14595737148193613,106.74318721744953,255,250,126,"[255, 250, 126]",0%,2%,51%,0%,"[0%, 2%, 51%, 0%]",96.84,-9.97,59.21,"[96.84, -9.97, 59.21]",https://www.google.com/search?tbm=isch&q=ncs%20NCS%200540-G80Y%20color%20swatch,,,,,,,,,,,,,,,,,,,,,,,,,,,,,,,,,,,,,,,,,,,,
DB,ncs,NCS 0540-G90Y,#fff27c,0.9481567805350141,0.13988797917904547,103.01520882086658,255,242,124,"[255, 242, 124]",0%,5%,51%,0%,"[0%, 5%, 51%, 0%]",94.79,-6.38,57.77,"[94.79, -6.38, 57.77]",https://www.google.com/search?tbm=isch&q=ncs%20NCS%200540-G90Y%20color%20swatch,,,,,,,,,,,,,,,,,,,,,,,,,,,,,,,,,,,,,,,,,,,,
DB,ncs,NCS 0540-R,#ff5863,0.6877545328454214,0.2021244414529669,20.526005393259425,255,88,99,"[255, 88, 99]",0%,65%,61%,0%,"[0%, 65%, 61%, 0%]",61.66,64.68,30.96,"[61.66, 64.68, 30.96]",https://www.google.com/search?tbm=isch&q=ncs%20NCS%200540-R%20color%20swatch,,,,,,,,,,,,,,,,,,,,,,,,,,,,,,,,,,,,,,,,,,,,
DB,ncs,NCS 0540-R10B,#ff5b6f,0.6933376672757264,0.19858418206673795,16.904564969097407,255,91,111,"[255, 91, 111]",0%,64%,56%,0%,"[0%, 64%, 56%, 0%]",62.27,64.11,24.87,"[62.27, 64.11, 24.87]",https://www.google.com/search?tbm=isch&q=ncs%20NCS%200540-R10B%20color%20swatch,,,,,,,,,,,,,,,,,,,,,,,,,,,,,,,,,,,,,,,,,,,,
DB,ncs,NCS 0540-R20B,#ff5f7f,0.7013435069472315,0.19481956101865006,11.64381946718396,255,95,127,"[255, 95, 127]",0%,63%,50%,0%,"[0%, 63%, 50%, 0%]",63.13,63.42,16.81,"[63.13, 63.42, 16.81]",https://www.google.com/search?tbm=isch&q=ncs%20NCS%200540-R20B%20color%20swatch,,,,,,,,,,,,,,,,,,,,,,,,,,,,,,,,,,,,,,,,,,,,
DB,ncs,NCS 0540-R30B,#ff6596,0.7142388278005773,0.1914427296053564,3.535321154866267,255,101,150,"[255, 101, 150]",0%,60%,41%,0%,"[0%, 60%, 41%, 0%]",64.51,62.52,5.51,"[64.51, 62.52, 5.51]",https://www.google.com/search?tbm=isch&q=ncs%20NCS%200540-R30B%20color%20swatch,,,,,,,,,,,,,,,,,,,,,,,,,,,,,,,,,,,,,,,,,,,,
DB,ncs,NCS 0540-R90B,#6598ff,0.6915213502158576,0.16151595742155608,262.9767710036517,101,152,255,"[101, 152, 255]",60%,40%,0%,0%,"[60%, 40%, 0%, 0%]",62.90,6.35,-57.38,"[62.90, 6.35, -57.38]",https://www.google.com/search?tbm=isch&q=ncs%20NCS%200540-R90B%20color%20swatch,,,,,,,,,,,,,,,,,,,,,,,,,,,,,,,,,,,,,,,,,,,,
DB,ncs,NCS 0540-Y,#ffeb7a,0.9338492630512463,0.1353377934887373,99.44714351327423,255,235,122,"[255, 235, 122]",0%,8%,52%,0%,"[0%, 8%, 52%, 0%]",93.01,-3.21,56.64,"[93.01, -3.21, 56.64]",https://www.google.com/search?tbm=isch&q=ncs%20NCS%200540-Y%20color%20swatch,,,,,,,,,,,,,,,,,,,,,,,,,,,,,,,,,,,,,,,,,,,,
DB,ncs,NCS 0540-Y10R,#ffdf77,0.909648742747389,0.12854106806168672,92.59865464785861,255,223,119,"[255, 223, 119]",0%,13%,53%,0%,"[0%, 13%, 53%, 0%]",89.98,2.32,54.54,"[89.98, 2.32, 54.54]",https://www.google.com/search?tbm=isch&q=ncs%20NCS%200540-Y10R%20color%20swatch,,,,,,,,,,,,,,,,,,,,,,,,,,,,,,,,,,,,,,,,,,,,
DB,ncs,NCS 0540-Y20R,#ffd274,0.8839152644474015,0.12340780070482753,84.21586867136449,255,210,116,"[255, 210, 116]",0%,18%,55%,0%,"[0%, 18%, 55%, 0%]",86.76,8.44,52.22,"[86.76, 8.44, 52.22]",https://www.google.com/search?tbm=isch&q=ncs%20NCS%200540-Y20R%20color%20swatch,,,,,,,,,,,,,,,,,,,,,,,,,,,,,,,,,,,,,,,,,,,,
DB,ncs,NCS 0540-Y30R,#ffc571,0.8587363118678133,0.12134765759157404,75.1483618034759,255,197,113,"[255, 197, 113]",0%,23%,56%,0%,"[0%, 23%, 56%, 0%]",83.59,14.64,49.98,"[83.59, 14.64, 49.98]",https://www.google.com/search?tbm=isch&q=ncs%20NCS%200540-Y30R%20color%20swatch,,,,,,,,,,,,,,,,,,,,,,,,,,,,,,,,,,,,,,,,,,,,
DB,ncs,NCS 0540-Y40R,#ffb76d,0.8322482826745327,0.12349014019256759,65.45272284619949,255,183,109,"[255, 183, 109]",0%,28%,57%,0%,"[0%, 28%, 57%, 0%]",80.25,21.36,48.04,"[80.25, 21.36, 48.04]",https://www.google.com/search?tbm=isch&q=ncs%20NCS%200540-Y40R%20color%20swatch,,,,,,,,,,,,,,,,,,,,,,,,,,,,,,,,,,,,,,,,,,,,
DB,ncs,NCS 0540-Y50R,#ffa96a,0.8067873475277824,0.12876143902914614,55.94086205961668,255,169,106,"[255, 169, 106]",0%,34%,58%,0%,"[0%, 34%, 58%, 0%]",77.02,28.16,45.76,"[77.02, 28.16, 45.76]",https://www.google.com/search?tbm=isch&q=ncs%20NCS%200540-Y50R%20color%20swatch,,,,,,,,,,,,,,,,,,,,,,,,,,,,,,,,,,,,,,,,,,,,
DB,ncs,NCS 0540-Y60R,#fe9a66,0.7793494359986988,0.13765392164150286,47.43350736469068,254,154,102,"[254, 154, 102]",0%,39%,60%,0%,"[0%, 39%, 60%, 0%]",73.56,34.98,43.69,"[73.56, 34.98, 43.69]",https://www.google.com/search?tbm=isch&q=ncs%20NCS%200540-Y60R%20color%20swatch,,,,,,,,,,,,,,,,,,,,,,,,,,,,,,,,,,,,,,,,,,,,
DB,ncs,NCS 0540-Y70R,#ff8a62,0.7542084905191647,0.1523618569263886,39.427007712459385,255,138,98,"[255, 138, 98]",0%,46%,62%,0%,"[0%, 46%, 62%, 0%]",70.32,42.94,41.99,"[70.32, 42.94, 41.99]",https://www.google.com/search?tbm=isch&q=ncs%20NCS%200540-Y70R%20color%20swatch,,,,,,,,,,,,,,,,,,,,,,,,,,,,,,,,,,,,,,,,,,,,
DB,ncs,NCS 0540-Y80R,#ff7a5e,0.7297535075054796,0.16818940123227646,33.33676894216762,255,122,94,"[255, 122, 94]",0%,52%,63%,0%,"[0%, 52%, 63%, 0%]",67.19,50.25,40.42,"[67.19, 50.25, 40.42]",https://www.google.com/search?tbm=isch&q=ncs%20NCS%200540-Y80R%20color%20swatch,,,,,,,,,,,,,,,,,,,,,,,,,,,,,,,,,,,,,,,,,,,,
DB,ncs,NCS 0540-Y90R,#ff695f,0.7070191589025965,0.18504072391023152,26.662183781958447,255,105,95,"[255, 105, 95]",0%,59%,63%,0%,"[0%, 59%, 63%, 0%]",64.22,57.75,36.35,"[64.22, 57.75, 36.35]",https://www.google.com/search?tbm=isch&q=ncs%20NCS%200540-Y90R%20color%20swatch,,,,,,,,,,,,,,,,,,,,,,,,,,,,,,,,,,,,,,,,,,,,
DB,ncs,NCS 0550-G10Y,#7bff81,0.8970941105635218,0.20364596230842708,144.48154299610326,123,255,129,"[123, 255, 129]",52%,0%,49%,0%,"[52%, 0%, 49%, 0%]",90.52,-56.65,48.15,"[90.52, -56.65, 48.15]",https://www.google.com/search?tbm=isch&q=ncs%20NCS%200550-G10Y%20color%20swatch,,,,,,,,,,,,,,,,,,,,,,,,,,,,,,,,,,,,,,,,,,,,
DB,ncs,NCS 0550-G20Y,#9aff71,0.9082783486982147,0.20228645129493322,137.5926422986969,154,255,113,"[154, 255, 113]",40%,0%,56%,0%,"[40%, 0%, 56%, 0%]",91.63,-49.34,56.95,"[91.63, -49.34, 56.95]",https://www.google.com/search?tbm=isch&q=ncs%20NCS%200550-G20Y%20color%20swatch,,,,,,,,,,,,,,,,,,,,,,,,,,,,,,,,,,,,,,,,,,,,
DB,ncs,NCS 0550-G30Y,#b3ff65,0.9200955741157028,0.19951623393216844,131.50032633155524,179,255,101,"[179, 255, 101]",30%,0%,60%,0%,"[30%, 0%, 60%, 0%]",92.80,-42.01,63.66,"[92.80, -42.01, 63.66]",https://www.google.com/search?tbm=isch&q=ncs%20NCS%200550-G30Y%20color%20swatch,,,,,,,,,,,,,,,,,,,,,,,,,,,,,,,,,,,,,,,,,,,,
DB,ncs,NCS 0550-G40Y,#c8ff5b,0.9318172915522481,0.19713539832106924,125.90939405995499,200,255,91,"[200, 255, 91]",22%,0%,64%,0%,"[22%, 0%, 64%, 0%]",93.96,-35.10,69.23,"[93.96, -35.10, 69.23]",https://www.google.com/search?tbm=isch&q=ncs%20NCS%200550-G40Y%20color%20swatch,,,,,,,,,,,,,,,,,,,,,,,,,,,,,,,,,,,,,,,,,,,,
DB,ncs,NCS 0550-G50Y,#daff5e,0.9440281430637997,0.18759374855160382,121.1551391299368,218,255,94,"[218, 255, 94]",15%,0%,63%,0%,"[15%, 0%, 63%, 0%]",95.15,-28.24,69.75,"[95.15, -28.24, 69.75]",https://www.google.com/search?tbm=isch&q=ncs%20NCS%200550-G50Y%20color%20swatch,,,,,,,,,,,,,,,,,,,,,,,,,,,,,,,,,,,,,,,,,,,,
DB,ncs,NCS 0550-G60Y,#e8ff61,0.9542673637342554,0.18057532668512885,116.98014437790772,232,255,97,"[232, 255, 97]",9%,0%,62%,0%,"[9%, 0%, 62%, 0%]",96.15,-22.73,69.99,"[96.15, -22.73, 69.99]",https://www.google.com/search?tbm=isch&q=ncs%20NCS%200550-G60Y%20color%20swatch,,,,,,,,,,,,,,,,,,,,,,,,,,,,,,,,,,,,,,,,,,,,
DB,ncs,NCS 0550-G70Y,#f7ff64,0.9658557906371231,0.17436178982263234,112.02617560895817,247,255,100,"[247, 255, 100]",3%,0%,61%,0%,"[3%, 0%, 61%, 0%]",97.29,-16.75,70.42,"[97.29, -16.75, 70.42]",https://www.google.com/search?tbm=isch&q=ncs%20NCS%200550-G70Y%20color%20swatch,,,,,,,,,,,,,,,,,,,,,,,,,,,,,,,,,,,,,,,,,,,,
DB,ncs,NCS 0550-G80Y,#fffa65,0.9619903870010234,0.16716820416568884,107.33174086741474,255,250,101,"[255, 250, 101]",0%,2%,60%,0%,"[0%, 2%, 60%, 0%]",96.65,-11.27,69.59,"[96.65, -11.27, 69.59]",https://www.google.com/search?tbm=isch&q=ncs%20NCS%200550-G80Y%20color%20swatch,,,,,,,,,,,,,,,,,,,,,,,,,,,,,,,,,,,,,,,,,,,,
DB,ncs,NCS 0550-G90Y,#ffef62,0.9393418564732905,0.15929180824150202,102.8405291886985,255,239,98,"[255, 239, 98]",0%,6%,62%,0%,"[0%, 6%, 62%, 0%]",93.83,-6.32,67.87,"[93.83, -6.32, 67.87]",https://www.google.com/search?tbm=isch&q=ncs%20NCS%200550-G90Y%20color%20swatch,,,,,,,,,,,,,,,,,,,,,,,,,,,,,,,,,,,,,,,,,,,,
DB,ncs,NCS 0550-R,#ff424e,0.6632559544998283,0.22375515853974068,22.699692395330942,255,66,78,"[255, 66, 78]",0%,74%,69%,0%,"[0%, 74%, 69%, 0%]",58.62,71.29,39.29,"[58.62, 71.29, 39.29]",https://www.google.com/search?tbm=isch&q=ncs%20NCS%200550-R%20color%20swatch,,,,,,,,,,,,,,,,,,,,,,,,,,,,,,,,,,,,,,,,,,,,
DB,ncs,NCS 0550-R10B,#ff455b,0.6678678705820995,0.2204782010955907,19.32527724587419,255,69,91,"[255, 69, 91]",0%,73%,64%,0%,"[0%, 73%, 64%, 0%]",59.12,70.83,32.42,"[59.12, 70.83, 32.42]",https://www.google.com/search?tbm=isch&q=ncs%20NCS%200550-R10B%20color%20swatch,,,,,,,,,,,,,,,,,,,,,,,,,,,,,,,,,,,,,,,,,,,,
DB,ncs,NCS 0550-Y,#ffe761,0.9231467013458569,0.15333492447833433,99.14610136571605,255,231,97,"[255, 231, 97]",0%,9%,62%,0%,"[0%, 9%, 62%, 0%]",91.80,-2.61,66.18,"[91.80, -2.61, 66.18]",https://www.google.com/search?tbm=isch&q=ncs%20NCS%200550-Y%20color%20swatch,,,,,,,,,,,,,,,,,,,,,,,,,,,,,,,,,,,,,,,,,,,,
DB,ncs,NCS 0550-Y10R,#ffd95e,0.8950847051644505,0.1456062897721011,91.97031127557034,255,217,94,"[255, 217, 94]",0%,15%,63%,0%,"[0%, 15%, 63%, 0%]",88.29,3.94,63.76,"[88.29, 3.94, 63.76]",https://www.google.com/search?tbm=isch&q=ncs%20NCS%200550-Y10R%20color%20swatch,,,,,,,,,,,,,,,,,,,,,,,,,,,,,,,,,,,,,,,,,,,,
DB,ncs,NCS 0550-Y20R,#ffca5b,0.8656950195828725,0.14019273956996456,83.29631312550532,255,202,91,"[255, 202, 91]",0%,21%,64%,0%,"[0%, 21%, 64%, 0%]",84.60,11.11,61.18,"[84.60, 11.11, 61.18]",https://www.google.com/search?tbm=isch&q=ncs%20NCS%200550-Y20R%20color%20swatch,,,,,,,,,,,,,,,,,,,,,,,,,,,,,,,,,,,,,,,,,,,,
DB,ncs,NCS 0550-Y30R,#ffbb58,0.8371234077716982,0.1385325953774888,73.98074317936369,255,187,88,"[255, 187, 88]",0%,27%,65%,0%,"[0%, 27%, 65%, 0%]",81.00,18.38,58.71,"[81.00, 18.38, 58.71]",https://www.google.com/search?tbm=isch&q=ncs%20NCS%200550-Y30R%20color%20swatch,,,,,,,,,,,,,,,,,,,,,,,,,,,,,,,,,,,,,,,,,,,,
DB,ncs,NCS 0550-Y40R,#ffab55,0.8077553897258708,0.14113819540147865,63.94071777646457,255,171,85,"[255, 171, 85]",0%,33%,67%,0%,"[0%, 33%, 67%, 0%]",77.28,26.21,56.14,"[77.28, 26.21, 56.14]",https://www.google.com/search?tbm=isch&q=ncs%20NCS%200550-Y40R%20color%20swatch,,,,,,,,,,,,,,,,,,,,,,,,,,,,,,,,,,,,,,,,,,,,
DB,ncs,NCS 0550-Y50R,#ff9b52,0.7797366687844086,0.1482450213676126,54.56799289388982,255,155,82,"[255, 155, 82]",0%,39%,68%,0%,"[0%, 39%, 68%, 0%]",73.72,34.01,53.77,"[73.72, 34.01, 53.77]",https://www.google.com/search?tbm=isch&q=ncs%20NCS%200550-Y50R%20color%20swatch,,,,,,,,,,,,,,,,,,,,,,,,,,,,,,,,,,,,,,,,,,,,
DB,ncs,NCS 0550-Y60R,#ff8a4e,0.7516475206065043,0.16023271960163915,46.183302830001196,255,138,78,"[255, 138, 78]",0%,46%,69%,0%,"[0%, 46%, 69%, 0%]",70.13,42.13,51.89,"[70.13, 42.13, 51.89]",https://www.google.com/search?tbm=isch&q=ncs%20NCS%200550-Y60R%20color%20swatch,,,,,,,,,,,,,,,,,,,,,,,,,,,,,,,,,,,,,,,,,,,,
DB,ncs,NCS 0550-Y70R,#fe794b,0.7244319246595418,0.17366063377740273,39.237928501887836,254,121,75,"[254, 121, 75]",0%,52%,70%,0%,"[0%, 52%, 70%, 0%]",66.66,49.61,49.66,"[66.66, 49.61, 49.66]",https://www.google.com/search?tbm=isch&q=ncs%20NCS%200550-Y70R%20color%20swatch,,,,,,,,,,,,,,,,,,,,,,,,,,,,,,,,,,,,,,,,,,,,
DB,ncs,NCS 0550-Y80R,#ff6747,0.7011867983618313,0.19187453524122222,33.58071995921159,255,103,71,"[255, 103, 71]",0%,60%,72%,0%,"[0%, 60%, 72%, 0%]",63.64,57.72,48.56,"[63.64, 57.72, 48.56]",https://www.google.com/search?tbm=isch&q=ncs%20NCS%200550-Y80R%20color%20swatch,,,,,,,,,,,,,,,,,,,,,,,,,,,,,,,,,,,,,,,,,,,,
DB,ncs,NCS 0550-Y90R,#ff5549,0.6805545006742791,0.20800218377117627,27.9580993743769,255,85,73,"[255, 85, 73]",0%,67%,71%,0%,"[0%, 67%, 71%, 0%]",60.93,64.84,44.63,"[60.93, 64.84, 44.63]",https://www.google.com/search?tbm=isch&q=ncs%20NCS%200550-Y90R%20color%20swatch,,,,,,,,,,,,,,,,,,,,,,,,,,,,,,,,,,,,,,,,,,,,
DB,ncs,NCS 0560-G10Y,#6bff71,0.8894845984165913,0.2239427648548392,144.07231625911032,107,255,113,"[107, 255, 113]",58%,0%,56%,0%,"[58%, 0%, 56%, 0%]",89.84,-61.92,54.34,"[89.84, -61.92, 54.34]",https://www.google.com/search?tbm=isch&q=ncs%20NCS%200560-G10Y%20color%20swatch,,,,,,,,,,,,,,,,,,,,,,,,,,,,,,,,,,,,,,,,,,,,
DB,ncs,NCS 0560-G20Y,#8eff5f,0.90085379474751,0.22204580592099615,137.7724777096929,142,255,95,"[142, 255, 95]",44%,0%,63%,0%,"[44%, 0%, 63%, 0%]",90.96,-54.20,63.46,"[90.96, -54.20, 63.46]",https://www.google.com/search?tbm=isch&q=ncs%20NCS%200560-G20Y%20color%20swatch,,,,,,,,,,,,,,,,,,,,,,,,,,,,,,,,,,,,,,,,,,,,
DB,ncs,NCS 0560-G30Y,#a9ff51,0.9128468032658467,0.21838064509685884,132.1840666307935,169,255,81,"[169, 255, 81]",34%,0%,68%,0%,"[34%, 0%, 68%, 0%]",92.14,-46.50,70.36,"[92.14, -46.50, 70.36]",https://www.google.com/search?tbm=isch&q=ncs%20NCS%200560-G30Y%20color%20swatch,,,,,,,,,,,,,,,,,,,,,,,,,,,,,,,,,,,,,,,,,,,,
DB,ncs,NCS 0560-G40Y,#c0ff45,0.9252238617117375,0.21445849983734636,126.86422432915356,192,255,69,"[192, 255, 69]",25%,0%,73%,0%,"[25%, 0%, 73%, 0%]",93.35,-38.98,76.03,"[93.35, -38.98, 76.03]",https://www.google.com/search?tbm=isch&q=ncs%20NCS%200560-G40Y%20color%20swatch,,,,,,,,,,,,,,,,,,,,,,,,,,,,,,,,,,,,,,,,,,,,
DB,ncs,NCS 0560-G50Y,#d4ff47,0.9382327716940694,0.2046732220619907,122.09330662550809,212,255,71,"[212, 255, 71]",17%,0%,72%,0%,"[17%, 0%, 72%, 0%]",94.62,-31.48,77.11,"[94.62, -31.48, 77.11]",https://www.google.com/search?tbm=isch&q=ncs%20NCS%200560-G50Y%20color%20swatch,,,,,,,,,,,,,,,,,,,,,,,,,,,,,,,,,,,,,,,,,,,,
DB,ncs,NCS 0560-G60Y,#e5ff4a,0.9503484890081905,0.19667577096690905,117.48207609743133,229,255,74,"[229, 255, 74]",10%,0%,71%,0%,"[10%, 0%, 71%, 0%]",95.80,-24.84,77.76,"[95.80, -24.84, 77.76]",https://www.google.com/search?tbm=isch&q=ncs%20NCS%200560-G60Y%20color%20swatch,,,,,,,,,,,,,,,,,,,,,,,,,,,,,,,,,,,,,,,,,,,,
DB,ncs,NCS 0560-G70Y,#f6ff4d,0.9633207529314076,0.19001567257662014,112.34114496213175,246,255,77,"[246, 255, 77]",4%,0%,70%,0%,"[4%, 0%, 70%, 0%]",97.08,-18.06,78.51,"[97.08, -18.06, 78.51]",https://www.google.com/search?tbm=isch&q=ncs%20NCS%200560-G70Y%20color%20swatch,,,,,,,,,,,,,,,,,,,,,,,,,,,,,,,,,,,,,,,,,,,,
DB,ncs,NCS 0560-G80Y,#fff94d,0.9580729670352233,0.18252498386778762,107.3809574601712,255,249,77,"[255, 249, 77]",0%,2%,70%,0%,"[0%, 2%, 70%, 0%]",96.25,-11.76,78.04,"[96.25, -11.76, 78.04]",https://www.google.com/search?tbm=isch&q=ncs%20NCS%200560-G80Y%20color%20swatch,,,,,,,,,,,,,,,,,,,,,,,,,,,,,,,,,,,,,,,,,,,,
DB,ncs,NCS 0560-G90Y,#ffed4b,0.9334719536447466,0.1733097293645883,102.83665221641343,255,237,75,"[255, 237, 75]",0%,7%,71%,0%,"[0%, 7%, 71%, 0%]",93.18,-6.28,75.87,"[93.18, -6.28, 75.87]",https://www.google.com/search?tbm=isch&q=ncs%20NCS%200560-G90Y%20color%20swatch,,,,,,,,,,,,,,,,,,,,,,,,,,,,,,,,,,,,,,,,,,,,
DB,ncs,NCS 0560-R,#ff303e,0.648161846891342,0.23773782820898975,24.256347179432225,255,48,62,"[255, 48, 62]",0%,81%,76%,0%,"[0%, 81%, 76%, 0%]",56.75,75.53,46.25,"[56.75, 75.53, 46.25]",https://www.google.com/search?tbm=isch&q=ncs%20NCS%200560-R%20color%20swatch,,,,,,,,,,,,,,,,,,,,,,,,,,,,,,,,,,,,,,,,,,,,
DB,ncs,NCS 0560-Y,#fee34a,0.9123690777475301,0.16611385464738593,98.93756007579043,254,227,74,"[254, 227, 74]",0%,11%,71%,0%,"[0%, 11%, 71%, 0%]",90.57,-2.01,73.74,"[90.57, -2.01, 73.74]",https://www.google.com/search?tbm=isch&q=ncs%20NCS%200560-Y%20color%20swatch,,,,,,,,,,,,,,,,,,,,,,,,,,,,,,,,,,,,,,,,,,,,
DB,ncs,NCS 0560-Y10R,#ffd347,0.8814108521579781,0.15776632505325203,90.84320490384061,255,211,71,"[255, 211, 71]",0%,17%,72%,0%,"[0%, 17%, 72%, 0%]",86.67,5.98,71.21,"[86.67, 5.98, 71.21]",https://www.google.com/search?tbm=isch&q=ncs%20NCS%200560-Y10R%20color%20swatch,,,,,,,,,,,,,,,,,,,,,,,,,,,,,,,,,,,,,,,,,,,,
DB,ncs,NCS 0560-Y20R,#ffc345,0.850458303545074,0.1522274695698556,82.10373792761834,255,195,69,"[255, 195, 69]",0%,24%,73%,0%,"[0%, 24%, 73%, 0%]",82.77,13.74,68.32,"[82.77, 13.74, 68.32]",https://www.google.com/search?tbm=isch&q=ncs%20NCS%200560-Y20R%20color%20swatch,,,,,,,,,,,,,,,,,,,,,,,,,,,,,,,,,,,,,,,,,,,,
DB,ncs,NCS 0560-Y30R,#ffb242,0.8186277955405835,0.15131799279298855,72.32486534369372,255,178,66,"[255, 178, 66]",0%,30%,74%,0%,"[0%, 30%, 74%, 0%]",78.75,22.07,65.71,"[78.75, 22.07, 65.71]",https://www.google.com/search?tbm=isch&q=ncs%20NCS%200560-Y30R%20color%20swatch,,,,,,,,,,,,,,,,,,,,,,,,,,,,,,,,,,,,,,,,,,,,
DB,ncs,NCS 0560-Y40R,#ffa140,0.788284014680116,0.1547974769826162,62.46751014690682,255,161,64,"[255, 161, 64]",0%,37%,75%,0%,"[0%, 37%, 75%, 0%]",74.90,30.45,62.91,"[74.90, 30.45, 62.91]",https://www.google.com/search?tbm=isch&q=ncs%20NCS%200560-Y40R%20color%20swatch,,,,,,,,,,,,,,,,,,,,,,,,,,,,,,,,,,,,,,,,,,,,
DB,ncs,NCS 0560-Y50R,#fe8f3d,0.7566679602683911,0.1629309765951288,53.323510332179296,254,143,61,"[254, 143, 61]",0%,44%,76%,0%,"[0%, 44%, 76%, 0%]",70.89,38.80,60.38,"[70.89, 38.80, 60.38]",https://www.google.com/search?tbm=isch&q=ncs%20NCS%200560-Y50R%20color%20swatch,,,,,,,,,,,,,,,,,,,,,,,,,,,,,,,,,,,,,,,,,,,,
DB,ncs,NCS 0560-Y60R,#ff7d3a,0.7299524657660599,0.1768186571541913,45.139564473523706,255,125,58,"[255, 125, 58]",0%,51%,77%,0%,"[0%, 51%, 77%, 0%]",67.43,47.65,58.54,"[67.43, 47.65, 58.54]",https://www.google.com/search?tbm=isch&q=ncs%20NCS%200560-Y60R%20color%20swatch,,,,,,,,,,,,,,,,,,,,,,,,,,,,,,,,,,,,,,,,,,,,
DB,ncs,NCS 0560-Y70R,#ff6a37,0.7034095993088904,0.19298998977291568,38.47199240805003,255,106,55,"[255, 106, 55]",0%,58%,78%,0%,"[0%, 58%, 78%, 0%]",64.01,56.03,56.76,"[64.01, 56.03, 56.76]",https://www.google.com/search?tbm=isch&q=ncs%20NCS%200560-Y70R%20color%20swatch,,,,,,,,,,,,,,,,,,,,,,,,,,,,,,,,,,,,,,,,,,,,
DB,ncs,NCS 0560-Y80R,#ff5734,0.6804703155927878,0.20985531592037765,33.4912567629238,255,87,52,"[255, 87, 52]",0%,66%,80%,0%,"[0%, 66%, 80%, 0%]",61.04,63.57,55.50,"[61.04, 63.57, 55.50]",https://www.google.com/search?tbm=isch&q=ncs%20NCS%200560-Y80R%20color%20swatch,,,,,,,,,,,,,,,,,,,,,,,,,,,,,,,,,,,,,,,,,,,,
DB,ncs,NCS 0560-Y90R,#ff4437,0.6621614743639768,0.22479358920629047,28.761432311132296,255,68,55,"[255, 68, 55]",0%,73%,78%,0%,"[0%, 73%, 78%, 0%]",58.63,70.09,51.82,"[58.63, 70.09, 51.82]",https://www.google.com/search?tbm=isch&q=ncs%20NCS%200560-Y90R%20color%20swatch,,,,,,,,,,,,,,,,,,,,,,,,,,,,,,,,,,,,,,,,,,,,
DB,ncs,NCS 0565-G10Y,#63ff6a,0.8862290455971209,0.23253558888479145,143.99905990269826,99,255,106,"[99, 255, 106]",61%,0%,58%,0%,"[61%, 0%, 58%, 0%]",89.55,-64.23,56.93,"[89.55, -64.23, 56.93]",https://www.google.com/search?tbm=isch&q=ncs%20NCS%200565-G10Y%20color%20swatch,,,,,,,,,,,,,,,,,,,,,,,,,,,,,,,,,,,,,,,,,,,,
DB,ncs,NCS 0565-G50Y,#d2ff3d,0.9363176956290253,0.21063627597230813,122.3616706622023,210,255,61,"[210, 255, 61]",18%,0%,76%,0%,"[18%, 0%, 76%, 0%]",94.45,-32.57,79.87,"[94.45, -32.57, 79.87]",https://www.google.com/search?tbm=isch&q=ncs%20NCS%200565-G50Y%20color%20swatch,,,,,,,,,,,,,,,,,,,,,,,,,,,,,,,,,,,,,,,,,,,,
DB,ncs,NCS 0565-R,#ff2836,0.6427891913076802,0.24283238739779978,25.150929860414635,255,40,54,"[255, 40, 54]",0%,84%,79%,0%,"[0%, 84%, 79%, 0%]",56.09,76.99,49.97,"[56.09, 76.99, 49.97]",https://www.google.com/search?tbm=isch&q=ncs%20NCS%200565-R%20color%20swatch,,,,,,,,,,,,,,,,,,,,,,,,,,,,,,,,,,,,,,,,,,,,
DB,ncs,NCS 0570-G20Y,#82ff4f,0.8944305489056523,0.2382320308348069,138.18399302417356,130,255,79,"[130, 255, 79]",49%,0%,69%,0%,"[49%, 0%, 69%, 0%]",90.38,-58.55,68.62,"[90.38, -58.55, 68.62]",https://www.google.com/search?tbm=isch&q=ncs%20NCS%200570-G20Y%20color%20swatch,,,,,,,,,,,,,,,,,,,,,,,,,,,,,,,,,,,,,,,,,,,,
DB,ncs,NCS 0570-G30Y,#a1ff3f,0.9074717266155835,0.2323820292145216,132.700751399277,161,255,63,"[161, 255, 63]",37%,0%,75%,0%,"[37%, 0%, 75%, 0%]",91.65,-49.93,75.53,"[91.65, -49.93, 75.53]",https://www.google.com/search?tbm=isch&q=ncs%20NCS%200570-G30Y%20color%20swatch,,,,,,,,,,,,,,,,,,,,,,,,,,,,,,,,,,,,,,,,,,,,
DB,ncs,NCS 0570-G40Y,#baff31,0.9205735740712463,0.22649022598891846,127.53457707880904,186,255,49,"[186, 255, 49]",27%,0%,81%,0%,"[27%, 0%, 81%, 0%]",92.93,-41.78,80.95,"[92.93, -41.78, 80.95]",https://www.google.com/search?tbm=isch&q=ncs%20NCS%200570-G40Y%20color%20swatch,,,,,,,,,,,,,,,,,,,,,,,,,,,,,,,,,,,,,,,,,,,,
DB,ncs,NCS 0570-G60Y,#e2ff35,0.9470592309569905,0.20799993042691076,118.05395887898487,226,255,53,"[226, 255, 53]",11%,0%,79%,0%,"[11%, 0%, 79%, 0%]",95.51,-26.63,83.39,"[95.51, -26.63, 83.39]",https://www.google.com/search?tbm=isch&q=ncs%20NCS%200570-G60Y%20color%20swatch,,,,,,,,,,,,,,,,,,,,,,,,,,,,,,,,,,,,,,,,,,,,
DB,ncs,NCS 0570-G70Y,#f4ff37,0.9605781910622143,0.20154122786141893,112.9379860595202,244,255,55,"[244, 255, 55]",4%,0%,78%,0%,"[4%, 0%, 78%, 0%]",96.84,-19.49,84.64,"[96.84, -19.49, 84.64]",https://www.google.com/search?tbm=isch&q=ncs%20NCS%200570-G70Y%20color%20swatch,,,,,,,,,,,,,,,,,,,,,,,,,,,,,,,,,,,,,,,,,,,,
DB,ncs,NCS 0570-G80Y,#fff837,0.9548091170042275,0.1927608288740131,107.32236377223643,255,248,55,"[255, 248, 55]",0%,3%,78%,0%,"[0%, 3%, 78%, 0%]",95.90,-11.91,84.28,"[95.90, -11.91, 84.28]",https://www.google.com/search?tbm=isch&q=ncs%20NCS%200570-G80Y%20color%20swatch,,,,,,,,,,,,,,,,,,,,,,,,,,,,,,,,,,,,,,,,,,,,
DB,ncs,NCS 0570-G90Y,#ffeb36,0.9282296843745234,0.18252357094449267,102.61143500307656,255,235,54,"[255, 235, 54]",0%,8%,79%,0%,"[0%, 8%, 79%, 0%]",92.59,-5.92,81.78,"[92.59, -5.92, 81.78]",https://www.google.com/search?tbm=isch&q=ncs%20NCS%200570-G90Y%20color%20swatch,,,,,,,,,,,,,,,,,,,,,,,,,,,,,,,,,,,,,,,,,,,,
DB,ncs,NCS 0570-Y,#ffe035,0.9060440575356802,0.17498763126162828,98.09788652216128,255,224,53,"[255, 224, 53]",0%,12%,79%,0%,"[0%, 12%, 79%, 0%]",89.81,-0.75,79.74,"[89.81, -0.75, 79.74]",https://www.google.com/search?tbm=isch&q=ncs%20NCS%200570-Y%20color%20swatch,,,,,,,,,,,,,,,,,,,,,,,,,,,,,,,,,,,,,,,,,,,,
DB,ncs,NCS 0570-Y10R,#ffcf33,0.8724089285271139,0.1660264438915778,90.20040199877997,255,207,51,"[255, 207, 51]",0%,19%,80%,0%,"[0%, 19%, 80%, 0%]",85.60,7.39,76.81,"[85.60, 7.39, 76.81]",https://www.google.com/search?tbm=isch&q=ncs%20NCS%200570-Y10R%20color%20swatch,,,,,,,,,,,,,,,,,,,,,,,,,,,,,,,,,,,,,,,,,,,,
DB,ncs,NCS 0570-Y20R,#ffbd31,0.8378876856338472,0.16062357601317664,80.79998963743844,255,189,49,"[255, 189, 49]",0%,26%,81%,0%,"[0%, 26%, 81%, 0%]",81.25,16.18,73.82,"[81.25, 16.18, 73.82]",https://www.google.com/search?tbm=isch&q=ncs%20NCS%200570-Y20R%20color%20swatch,,,,,,,,,,,,,,,,,,,,,,,,,,,,,,,,,,,,,,,,,,,,
DB,ncs,NCS 0570-Y30R,#feaa2f,0.8018163275542134,0.15969986358707766,70.66460325319372,254,170,47,"[254, 170, 47]",0%,33%,81%,0%,"[0%, 33%, 81%, 0%]",76.71,25.15,70.67,"[76.71, 25.15, 70.67]",https://www.google.com/search?tbm=isch&q=ncs%20NCS%200570-Y30R%20color%20swatch,,,,,,,,,,,,,,,,,,,,,,,,,,,,,,,,,,,,,,,,,,,,
DB,ncs,NCS 0570-Y40R,#fe982d,0.7704186445314596,0.16463460132791186,60.93597125517647,254,152,45,"[254, 152, 45]",0%,40%,82%,0%,"[0%, 40%, 82%, 0%]",72.71,34.03,68.09,"[72.71, 34.03, 68.09]",https://www.google.com/search?tbm=isch&q=ncs%20NCS%200570-Y40R%20color%20swatch,,,,,,,,,,,,,,,,,,,,,,,,,,,,,,,,,,,,,,,,,,,,
DB,ncs,NCS 0570-Y50R,#ff852b,0.7409356386584434,0.17574727959252145,51.48842544025155,255,133,43,"[255, 133, 43]",0%,48%,83%,0%,"[0%, 48%, 83%, 0%]",68.91,43.58,65.82,"[68.91, 43.58, 65.82]",https://www.google.com/search?tbm=isch&q=ncs%20NCS%200570-Y50R%20color%20swatch,,,,,,,,,,,,,,,,,,,,,,,,,,,,,,,,,,,,,,,,,,,,
DB,ncs,NCS 0570-Y60R,#ff7128,0.7116425044479376,0.1907048656358279,43.68265737408376,255,113,40,"[255, 113, 40]",0%,56%,84%,0%,"[0%, 56%, 84%, 0%]",65.14,52.70,63.98,"[65.14, 52.70, 63.98]",https://www.google.com/search?tbm=isch&q=ncs%20NCS%200570-Y60R%20color%20swatch,,,,,,,,,,,,,,,,,,,,,,,,,,,,,,,,,,,,,,,,,,,,
DB,ncs,NCS 0570-Y70R,#ff5e26,0.6873681656718386,0.2064544812852709,37.83216939372687,255,94,38,"[255, 94, 38]",0%,63%,85%,0%,"[0%, 63%, 85%, 0%]",61.99,60.64,62.39,"[61.99, 60.64, 62.39]",https://www.google.com/search?tbm=isch&q=ncs%20NCS%200570-Y70R%20color%20swatch,,,,,,,,,,,,,,,,,,,,,,,,,,,,,,,,,,,,,,,,,,,,
DB,ncs,NCS 0570-Y80R,#fe4a24,0.6644157411944182,0.22182776960164619,33.33573797870798,254,74,36,"[254, 74, 36]",0%,71%,86%,0%,"[0%, 71%, 86%, 0%]",59.04,67.56,60.95,"[59.04, 67.56, 60.95]",https://www.google.com/search?tbm=isch&q=ncs%20NCS%200570-Y80R%20color%20swatch,,,,,,,,,,,,,,,,,,,,,,,,,,,,,,,,,,,,,,,,,,,,
DB,ncs,NCS 0570-Y90R,#fe3628,0.6482576610472258,0.23541819186583385,29.32053038105687,254,54,40,"[254, 54, 40]",0%,79%,84%,0%,"[0%, 79%, 84%, 0%]",56.91,73.43,57.63,"[56.91, 73.43, 57.63]",https://www.google.com/search?tbm=isch&q=ncs%20NCS%200570-Y90R%20color%20swatch,,,,,,,,,,,,,,,,,,,,,,,,,,,,,,,,,,,,,,,,,,,,
DB,ncs,NCS 0575-G20Y,#7dff48,0.8919586652284505,0.24453540271773314,138.34177611262515,125,255,72,"[125, 255, 72]",51%,0%,72%,0%,"[51%, 0%, 72%, 0%]",90.16,-60.26,70.70,"[90.16, -60.26, 70.70]",https://www.google.com/search?tbm=isch&q=ncs%20NCS%200575-G20Y%20color%20swatch,,,,,,,,,,,,,,,,,,,,,,,,,,,,,,,,,,,,,,,,,,,,
DB,ncs,NCS 0575-G40Y,#b7ff28,0.9184639193173536,0.23104650476423924,127.93348876947402,183,255,40,"[183, 255, 40]",28%,0%,84%,0%,"[28%, 0%, 84%, 0%]",92.73,-43.07,82.63,"[92.73, -43.07, 82.63]",https://www.google.com/search?tbm=isch&q=ncs%20NCS%200575-G40Y%20color%20swatch,,,,,,,,,,,,,,,,,,,,,,,,,,,,,,,,,,,,,,,,,,,,
DB,ncs,NCS 0575-G60Y,#e1ff2b,0.9459498607116635,0.2120517317652874,118.22587109238259,225,255,43,"[225, 255, 43]",12%,0%,83%,0%,"[12%, 0%, 83%, 0%]",95.41,-27.24,85.52,"[95.41, -27.24, 85.52]",https://www.google.com/search?tbm=isch&q=ncs%20NCS%200575-G60Y%20color%20swatch,,,,,,,,,,,,,,,,,,,,,,,,,,,,,,,,,,,,,,,,,,,,
DB,ncs,NCS 0575-G70Y,#f4ff2d,0.9601804977925212,0.20531579478689058,112.93032917908528,244,255,45,"[244, 255, 45]",4%,0%,82%,0%,"[4%, 0%, 82%, 0%]",96.81,-19.70,86.92,"[96.81, -19.70, 86.92]",https://www.google.com/search?tbm=isch&q=ncs%20NCS%200575-G70Y%20color%20swatch,,,,,,,,,,,,,,,,,,,,,,,,,,,,,,,,,,,,,,,,,,,,
DB,ncs,NCS 0575-G90Y,#ffea2c,0.9257843301917819,0.18567942395929857,102.43365693070507,255,234,44,"[255, 234, 44]",0%,8%,83%,0%,"[0%, 8%, 83%, 0%]",92.30,-5.66,84.01,"[92.30, -5.66, 84.01]",https://www.google.com/search?tbm=isch&q=ncs%20NCS%200575-G90Y%20color%20swatch,,,,,,,,,,,,,,,,,,,,,,,,,,,,,,,,,,,,,,,,,,,,
DB,ncs,NCS 0580-G30Y,#99ff2e,0.9026740698658462,0.24350257878215145,133.3571686130606,153,255,46,"[153, 255, 46]",40%,0%,82%,0%,"[40%, 0%, 82%, 0%]",91.21,-53.06,79.37,"[91.21, -53.06, 79.37]",https://www.google.com/search?tbm=isch&q=ncs%20NCS%200580-G30Y%20color%20swatch,,,,,,,,,,,,,,,,,,,,,,,,,,,,,,,,,,,,,,,,,,,,
DB,ncs,NCS 0580-Y,#ffdd22,0.8993154945385381,0.17988746343228257,97.37320449516767,255,221,34,"[255, 221, 34]",0%,13%,87%,0%,"[0%, 13%, 87%, 0%]",89.01,0.33,83.57,"[89.01, 0.33, 83.57]",https://www.google.com/search?tbm=isch&q=ncs%20NCS%200580-Y%20color%20swatch,,,,,,,,,,,,,,,,,,,,,,,,,,,,,,,,,,,,,,,,,,,,
DB,ncs,NCS 0580-Y10R,#ffca20,0.8619485994570253,0.1705861768641285,88.66638766374257,255,202,32,"[255, 202, 32]",0%,21%,87%,0%,"[0%, 21%, 87%, 0%]",84.32,9.49,80.48,"[84.32, 9.49, 80.48]",https://www.google.com/search?tbm=isch&q=ncs%20NCS%200580-Y10R%20color%20swatch,,,,,,,,,,,,,,,,,,,,,,,,,,,,,,,,,,,,,,,,,,,,
DB,ncs,NCS 0580-Y20R,#feb71f,0.8248437026226437,0.16533068836676773,79.26661260753633,254,183,31,"[254, 183, 31]",0%,28%,88%,0%,"[0%, 28%, 88%, 0%]",79.66,18.42,77.24,"[79.66, 18.42, 77.24]",https://www.google.com/search?tbm=isch&q=ncs%20NCS%200580-Y20R%20color%20swatch,,,,,,,,,,,,,,,,,,,,,,,,,,,,,,,,,,,,,,,,,,,,
DB,ncs,NCS 0580-Y30R,#ffa31d,0.7898052555529532,0.16692284210916186,68.23625154356807,255,163,29,"[255, 163, 29]",0%,36%,89%,0%,"[0%, 36%, 89%, 0%]",75.19,28.74,74.57,"[75.19, 28.74, 74.57]",https://www.google.com/search?tbm=isch&q=ncs%20NCS%200580-Y30R%20color%20swatch,,,,,,,,,,,,,,,,,,,,,,,,,,,,,,,,,,,,,,,,,,,,
DB,ncs,NCS 0580-Y40R,#ff901c,0.757659862671977,0.17344049432625896,58.54075944628585,255,144,28,"[255, 144, 28]",0%,44%,89%,0%,"[0%, 44%, 89%, 0%]",71.09,38.07,71.97,"[71.09, 38.07, 71.97]",https://www.google.com/search?tbm=isch&q=ncs%20NCS%200580-Y40R%20color%20swatch,,,,,,,,,,,,,,,,,,,,,,,,,,,,,,,,,,,,,,,,,,,,
DB,ncs,NCS 0580-Y50R,#ff7b1b,0.7251523056221805,0.1859115057173115,49.19889923841839,255,123,27,"[255, 123, 27]",0%,52%,89%,0%,"[0%, 52%, 89%, 0%]",66.91,48.01,69.44,"[66.91, 48.01, 69.44]",https://www.google.com/search?tbm=isch&q=ncs%20NCS%200580-Y50R%20color%20swatch,,,,,,,,,,,,,,,,,,,,,,,,,,,,,,,,,,,,,,,,,,,,
DB,ncs,NCS 0580-Y60R,#ff6719,0.6977206338758895,0.20118075740300762,42.155330309275996,255,103,25,"[255, 103, 25]",0%,60%,90%,0%,"[0%, 60%, 90%, 0%]",63.37,56.81,67.74,"[63.37, 56.81, 67.74]",https://www.google.com/search?tbm=isch&q=ncs%20NCS%200580-Y60R%20color%20swatch,,,,,,,,,,,,,,,,,,,,,,,,,,,,,,,,,,,,,,,,,,,,
DB,ncs,NCS 0580-Y70R,#ff5318,0.6744339949078625,0.21721750879716734,36.72774079928786,255,83,24,"[255, 83, 24]",0%,67%,91%,0%,"[0%, 67%, 91%, 0%]",60.35,64.62,66.24,"[60.35, 64.62, 66.24]",https://www.google.com/search?tbm=isch&q=ncs%20NCS%200580-Y70R%20color%20swatch,,,,,,,,,,,,,,,,,,,,,,,,,,,,,,,,,,,,,,,,,,,,
DB,ncs,NCS 0580-Y80R,#ff3e16,0.6549485846516679,0.232846912052147,32.77037094163694,255,62,22,"[255, 62, 22]",0%,76%,91%,0%,"[0%, 76%, 91%, 0%]",57.80,71.38,65.46,"[57.80, 71.38, 65.46]",https://www.google.com/search?tbm=isch&q=ncs%20NCS%200580-Y80R%20color%20swatch,,,,,,,,,,,,,,,,,,,,,,,,,,,,,,,,,,,,,,,,,,,,
DB,ncs,NCS 0580-Y90R,#ff2a1b,0.6418108419646266,0.24422436598470595,29.63799564413216,255,42,27,"[255, 42, 27]",0%,84%,89%,0%,"[0%, 84%, 89%, 0%]",56.07,76.22,62.75,"[56.07, 76.22, 62.75]",https://www.google.com/search?tbm=isch&q=ncs%20NCS%200580-Y90R%20color%20swatch,,,,,,,,,,,,,,,,,,,,,,,,,,,,,,,,,,,,,,,,,,,,
DB,ncs,NCS 0585-Y20R,#ffb416,0.8201355396985545,0.16757171500708312,77.7663573051542,255,180,22,"[255, 180, 22]",0%,29%,91%,0%,"[0%, 29%, 91%, 0%]",79.05,20.22,78.61,"[79.05, 20.22, 78.61]",https://www.google.com/search?tbm=isch&q=ncs%20NCS%200585-Y20R%20color%20swatch,,,,,,,,,,,,,,,,,,,,,,,,,,,,,,,,,,,,,,,,,,,,
DB,ncs,NCS 0585-Y30R,#ffa015,0.784341146211565,0.16924080593493368,67.20674022992347,255,160,21,"[255, 160, 21]",0%,37%,92%,0%,"[0%, 37%, 92%, 0%]",74.51,30.14,75.75,"[74.51, 30.14, 75.75]",https://www.google.com/search?tbm=isch&q=ncs%20NCS%200585-Y30R%20color%20swatch,,,,,,,,,,,,,,,,,,,,,,,,,,,,,,,,,,,,,,,,,,,,
DB,ncs,NCS 0585-Y40R,#fe8c14,0.749641299026829,0.17601914166255678,57.53698249041156,254,140,20,"[254, 140, 20]",0%,45%,92%,0%,"[0%, 45%, 92%, 0%]",70.10,39.52,73.03,"[70.10, 39.52, 73.03]",https://www.google.com/search?tbm=isch&q=ncs%20NCS%200585-Y40R%20color%20swatch,,,,,,,,,,,,,,,,,,,,,,,,,,,,,,,,,,,,,,,,,,,,
DB,ncs,NCS 0585-Y50R,#ff7713,0.7191107947142834,0.1899123546348181,48.32332234265294,255,119,19,"[255, 119, 19]",0%,53%,93%,0%,"[0%, 53%, 93%, 0%]",66.15,49.76,70.91,"[66.15, 49.76, 70.91]",https://www.google.com/search?tbm=isch&q=ncs%20NCS%200585-Y50R%20color%20swatch,,,,,,,,,,,,,,,,,,,,,,,,,,,,,,,,,,,,,,,,,,,,
DB,ncs,NCS 0585-Y60R,#ff6212,0.691256552779962,0.20596742015836036,41.24194349498225,255,98,18,"[255, 98, 18]",0%,62%,93%,0%,"[0%, 62%, 93%, 0%]",62.55,58.81,69.09,"[62.55, 58.81, 69.09]",https://www.google.com/search?tbm=isch&q=ncs%20NCS%200585-Y60R%20color%20swatch,,,,,,,,,,,,,,,,,,,,,,,,,,,,,,,,,,,,,,,,,,,,
DB,ncs,NCS 0585-Y70R,#ff4e11,0.6690784630400147,0.22173442824330106,36.209815680889164,255,78,17,"[255, 78, 17]",0%,69%,93%,0%,"[0%, 69%, 93%, 0%]",59.66,66.32,67.83,"[59.66, 66.32, 67.83]",https://www.google.com/search?tbm=isch&q=ncs%20NCS%200585-Y70R%20color%20swatch,,,,,,,,,,,,,,,,,,,,,,,,,,,,,,,,,,,,,,,,,,,,
DB,ncs,NCS 0585-Y80R,#ff3910,0.6509164377879615,0.23653043093243056,32.50406657457103,255,57,16,"[255, 57, 16]",0%,78%,94%,0%,"[0%, 78%, 94%, 0%]",57.29,72.69,66.97,"[57.29, 72.69, 66.97]",https://www.google.com/search?tbm=isch&q=ncs%20NCS%200585-Y80R%20color%20swatch,,,,,,,,,,,,,,,,,,,,,,,,,,,,,,,,,,,,,,,,,,,,
DB,ncs,NCS 0603-G40Y,#f7fcef,0.9837748272054901,0.017878648532603115,123.87146906713156,247,252,239,"[247, 252, 239]",2%,0%,5%,1%,"[2%, 0%, 5%, 1%]",98.32,-3.39,5.65,"[98.32, -3.39, 5.65]",https://www.google.com/search?tbm=isch&q=ncs%20NCS%200603-G40Y%20color%20swatch,,,,,,,,,,,,,,,,,,,,,,,,,,,,,,,,,,,,,,,,,,,,
DB,ncs,NCS 0603-G80Y,#fcfbf0,0.9858671022786295,0.014523381665047663,102.37444927378874,252,251,240,"[252, 251, 240]",0%,0%,5%,1%,"[0%, 0%, 5%, 1%]",98.47,-1.06,5.43,"[98.47, -1.06, 5.43]",https://www.google.com/search?tbm=isch&q=ncs%20NCS%200603-G80Y%20color%20swatch,,,,,,,,,,,,,,,,,,,,,,,,,,,,,,,,,,,,,,,,,,,,
DB,ncs,NCS 0603-R20B,#fceaed,0.9522001590175695,0.01995145015977007,6.085792412580304,252,234,237,"[252, 234, 237]",0%,7%,6%,1%,"[0%, 7%, 6%, 1%]",94.22,6.69,0.87,"[94.22, 6.69, 0.87]",https://www.google.com/search?tbm=isch&q=ncs%20NCS%200603-R20B%20color%20swatch,,,,,,,,,,,,,,,,,,,,,,,,,,,,,,,,,,,,,,,,,,,,
DB,ncs,NCS 0603-R40B,#fcedf4,0.9599048184251788,0.01857006627762612,347.5410343841281,252,237,244,"[252, 237, 244]",0%,6%,3%,1%,"[0%, 6%, 3%, 1%]",95.10,6.13,-1.46,"[95.10, 6.13, -1.46]",https://www.google.com/search?tbm=isch&q=ncs%20NCS%200603-R40B%20color%20swatch,,,,,,,,,,,,,,,,,,,,,,,,,,,,,,,,,,,,,,,,,,,,
DB,ncs,NCS 0603-R60B,#f8effc,0.9628707415720796,0.019631069707309667,315.7716138608423,248,239,252,"[248, 239, 252]",2%,5%,0%,1%,"[2%, 5%, 0%, 1%]",95.44,4.84,-5.14,"[95.44, 4.84, -5.14]",https://www.google.com/search?tbm=isch&q=ncs%20NCS%200603-R60B%20color%20swatch,,,,,,,,,,,,,,,,,,,,,,,,,,,,,,,,,,,,,,,,,,,,
DB,ncs,NCS 0603-R80B,#e9edfc,0.9474720712555557,0.02059366501672115,274.0729563785851,233,237,252,"[233, 237, 252]",8%,6%,0%,1%,"[8%, 6%, 0%, 1%]",93.77,0.70,-7.74,"[93.77, 0.70, -7.74]",https://www.google.com/search?tbm=isch&q=ncs%20NCS%200603-R80B%20color%20swatch,,,,,,,,,,,,,,,,,,,,,,,,,,,,,,,,,,,,,,,,,,,,
DB,ncs,NCS 0603-Y20R,#fcf8ef,0.9797509493815708,0.01266432834821329,86.78312441773869,252,248,239,"[252, 248, 239]",0%,2%,5%,1%,"[0%, 2%, 5%, 1%]",97.71,0.24,4.85,"[97.71, 0.24, 4.85]",https://www.google.com/search?tbm=isch&q=ncs%20NCS%200603-Y20R%20color%20swatch,,,,,,,,,,,,,,,,,,,,,,,,,,,,,,,,,,,,,,,,,,,,
DB,ncs,NCS 0603-Y40R,#fcf5ed,0.9733859797537877,0.01305142243465332,71.33057418567535,252,245,237,"[252, 245, 237]",0%,3%,6%,1%,"[0%, 3%, 6%, 1%]",96.92,1.42,4.75,"[96.92, 1.42, 4.75]",https://www.google.com/search?tbm=isch&q=ncs%20NCS%200603-Y40R%20color%20swatch,,,,,,,,,,,,,,,,,,,,,,,,,,,,,,,,,,,,,,,,,,,,
DB,ncs,NCS 0603-Y60R,#fcf1eb,0.9651033286017408,0.014400069445191373,50.855514868993225,252,241,235,"[252, 241, 235]",0%,4%,7%,1%,"[0%, 4%, 7%, 1%]",95.89,3.08,4.31,"[95.89, 3.08, 4.31]",https://www.google.com/search?tbm=isch&q=ncs%20NCS%200603-Y60R%20color%20swatch,,,,,,,,,,,,,,,,,,,,,,,,,,,,,,,,,,,,,,,,,,,,
DB,ncs,NCS 0603-Y80R,#fcede9,0.9568531792587368,0.017233242431847946,35.41502284145315,252,237,233,"[252, 237, 233]",0%,6%,8%,1%,"[0%, 6%, 8%, 1%]",94.87,4.75,3.87,"[94.87, 4.75, 3.87]",https://www.google.com/search?tbm=isch&q=ncs%20NCS%200603-Y80R%20color%20swatch,,,,,,,,,,,,,,,,,,,,,,,,,,,,,,,,,,,,,,,,,,,,
DB,ncs,NCS 0804-B50G,#e8f6f6,0.9627521777936651,0.014758723941821214,196.78999676337173,232,246,246,"[232, 246, 246]",6%,0%,0%,4%,"[6%, 0%, 0%, 4%]",95.83,-4.77,-1.66,"[95.83, -4.77, -1.66]",https://www.google.com/search?tbm=isch&q=ncs%20NCS%200804-B50G%20color%20swatch,,,,,,,,,,,,,,,,,,,,,,,,,,,,,,,,,,,,,,,,,,,,
DB,ncs,NCS 0804-G20Y,#ecf6e7,0.9615606358321562,0.022466715932092422,134.8644107614216,236,246,231,"[236, 246, 231]",4%,0%,6%,4%,"[4%, 0%, 6%, 4%]",95.82,-5.40,6.05,"[95.82, -5.40, 6.05]",https://www.google.com/search?tbm=isch&q=ncs%20NCS%200804-G20Y%20color%20swatch,,,,,,,,,,,,,,,,,,,,,,,,,,,,,,,,,,,,,,,,,,,,
DB,ncs,NCS 0804-G60Y,#f4f6e7,0.967570973107218,0.019890685315505054,112.85923081211035,244,246,231,"[244, 246, 231]",1%,0%,6%,4%,"[1%, 0%, 6%, 4%]",96.43,-2.61,7.01,"[96.43, -2.61, 7.01]",https://www.google.com/search?tbm=isch&q=ncs%20NCS%200804-G60Y%20color%20swatch,,,,,,,,,,,,,,,,,,,,,,,,,,,,,,,,,,,,,,,,,,,,
DB,ncs,NCS 0804-G90Y,#f6f5e7,0.9671343739276475,0.01851180804913744,103.36273493930844,246,245,231,"[246, 245, 231]",0%,0%,6%,4%,"[0%, 0%, 6%, 4%]",96.33,-1.43,6.90,"[96.33, -1.43, 6.90]",https://www.google.com/search?tbm=isch&q=ncs%20NCS%200804-G90Y%20color%20swatch,,,,,,,,,,,,,,,,,,,,,,,,,,,,,,,,,,,,,,,,,,,,
DB,ncs,NCS 0804-R10B,#f6dee1,0.9209604819761942,0.02674610331098897,9.09286108928228,246,222,225,"[246, 222, 225]",0%,10%,9%,4%,"[0%, 10%, 9%, 4%]",90.52,8.90,1.71,"[90.52, 8.90, 1.71]",https://www.google.com/search?tbm=isch&q=ncs%20NCS%200804-R10B%20color%20swatch,,,,,,,,,,,,,,,,,,,,,,,,,,,,,,,,,,,,,,,,,,,,
DB,ncs,NCS 0804-R30B,#f6e1e8,0.928652066736622,0.024723490418382527,355.427620399405,246,225,232,"[246, 225, 232]",0%,9%,6%,4%,"[0%, 9%, 6%, 4%]",91.40,8.31,-0.67,"[91.40, 8.31, -0.67]",https://www.google.com/search?tbm=isch&q=ncs%20NCS%200804-R30B%20color%20swatch,,,,,,,,,,,,,,,,,,,,,,,,,,,,,,,,,,,,,,,,,,,,
DB,ncs,NCS 0804-R50B,#f6e7f3,0.943294943631286,0.022614153731451883,332.45452626971814,246,231,243,"[246, 231, 243]",0%,6%,1%,4%,"[0%, 6%, 1%, 4%]",93.11,6.81,-3.90,"[93.11, 6.81, -3.90]",https://www.google.com/search?tbm=isch&q=ncs%20NCS%200804-R50B%20color%20swatch,,,,,,,,,,,,,,,,,,,,,,,,,,,,,,,,,,,,,,,,,,,,
DB,ncs,NCS 0804-R70B,#ebe5f6,0.9315846490113896,0.023589994176330786,302.01468535545916,235,229,246,"[235, 229, 246]",4%,7%,0%,4%,"[4%, 7%, 0%, 4%]",91.79,4.39,-7.51,"[91.79, 4.39, -7.51]",https://www.google.com/search?tbm=isch&q=ncs%20NCS%200804-R70B%20color%20swatch,,,,,,,,,,,,,,,,,,,,,,,,,,,,,,,,,,,,,,,,,,,,
DB,ncs,NCS 0804-R90B,#e1e8f6,0.9298259741113134,0.020377819220608315,264.4868637046411,225,232,246,"[225, 232, 246]",9%,6%,0%,4%,"[9%, 6%, 0%, 4%]",91.77,-0.45,-7.65,"[91.77, -0.45, -7.65]",https://www.google.com/search?tbm=isch&q=ncs%20NCS%200804-R90B%20color%20swatch,,,,,,,,,,,,,,,,,,,,,,,,,,,,,,,,,,,,,,,,,,,,
DB,ncs,NCS 0804-Y10R,#f6f3e6,0.9629449925093041,0.01750194149621505,96.05362076280522,246,243,230,"[246, 243, 230]",0%,1%,7%,4%,"[0%, 1%, 7%, 4%]",95.81,-0.61,6.68,"[95.81, -0.61, 6.68]",https://www.google.com/search?tbm=isch&q=ncs%20NCS%200804-Y10R%20color%20swatch,,,,,,,,,,,,,,,,,,,,,,,,,,,,,,,,,,,,,,,,,,,,
DB,ncs,NCS 0804-Y30R,#f6efe5,0.9548526507185652,0.01533286683599502,77.05554695742114,246,239,229,"[246, 239, 229]",0%,3%,7%,4%,"[0%, 3%, 7%, 4%]",94.79,1.18,5.74,"[94.79, 1.18, 5.74]",https://www.google.com/search?tbm=isch&q=ncs%20NCS%200804-Y30R%20color%20swatch,,,,,,,,,,,,,,,,,,,,,,,,,,,,,,,,,,,,,,,,,,,,
DB,ncs,NCS 0804-Y50R,#f6ebe3,0.9465298546683415,0.01610091222663884,58.658832423577906,246,235,227,"[246, 235, 227]",0%,4%,8%,4%,"[0%, 4%, 8%, 4%]",93.76,2.85,5.30,"[93.76, 2.85, 5.30]",https://www.google.com/search?tbm=isch&q=ncs%20NCS%200804-Y50R%20color%20swatch,,,,,,,,,,,,,,,,,,,,,,,,,,,,,,,,,,,,,,,,,,,,
DB,ncs,NCS 0804-Y70R,#f6e6e0,0.936039676719509,0.01936042803409232,41.85644876219476,246,230,224,"[246, 230, 224]",0%,7%,9%,4%,"[0%, 7%, 9%, 4%]",92.46,4.89,5.00,"[92.46, 4.89, 5.00]",https://www.google.com/search?tbm=isch&q=ncs%20NCS%200804-Y70R%20color%20swatch,,,,,,,,,,,,,,,,,,,,,,,,,,,,,,,,,,,,,,,,,,,,
DB,ncs,NCS 0804-Y90R,#f6e0de,0.9239563711014882,0.024469074780840348,23.916644089887257,246,224,222,"[246, 224, 222]",0%,9%,10%,4%,"[0%, 9%, 10%, 4%]",90.95,7.56,3.88,"[90.95, 7.56, 3.88]",https://www.google.com/search?tbm=isch&q=ncs%20NCS%200804-Y90R%20color%20swatch,,,,,,,,,,,,,,,,,,,,,,,,,,,,,,,,,,,,,,,,,,,,
DB,ncs,NCS 0907-B20G,#d9eff4,0.93745387115473,0.024147793326763724,212.8415541706231,217,239,244,"[217, 239, 244]",11%,2%,0%,4%,"[11%, 2%, 0%, 4%]",92.93,-6.76,-5.01,"[92.93, -6.76, -5.01]",https://www.google.com/search?tbm=isch&q=ncs%20NCS%200907-B20G%20color%20swatch,,,,,,,,,,,,,,,,,,,,,,,,,,,,,,,,,,,,,,,,,,,,
DB,ncs,NCS 0907-B80G,#d8f4ee,0.9451880253895276,0.030294279728862283,181.24891573561445,216,244,238,"[216, 244, 238]",11%,0%,2%,4%,"[11%, 0%, 2%, 4%]",94.02,-10.30,-0.35,"[94.02, -10.30, -0.35]",https://www.google.com/search?tbm=isch&q=ncs%20NCS%200907-B80G%20color%20swatch,,,,,,,,,,,,,,,,,,,,,,,,,,,,,,,,,,,,,,,,,,,,
DB,ncs,NCS 0907-G20Y,#e1f4da,0.9461512974714887,0.03988077652337414,137.1641436095755,225,244,218,"[225, 244, 218]",8%,0%,11%,4%,"[8%, 0%, 11%, 4%]",94.25,-9.93,10.35,"[94.25, -9.93, 10.35]",https://www.google.com/search?tbm=isch&q=ncs%20NCS%200907-G20Y%20color%20swatch,,,,,,,,,,,,,,,,,,,,,,,,,,,,,,,,,,,,,,,,,,,,
DB,ncs,NCS 0907-G60Y,#f0f4d9,0.9570125157215361,0.035739288650004565,113.87864311450284,240,244,217,"[240, 244, 217]",2%,0%,11%,4%,"[2%, 0%, 11%, 4%]",95.35,-4.77,12.60,"[95.35, -4.77, 12.60]",https://www.google.com/search?tbm=isch&q=ncs%20NCS%200907-G60Y%20color%20swatch,,,,,,,,,,,,,,,,,,,,,,,,,,,,,,,,,,,,,,,,,,,,
DB,ncs,NCS 0907-G90Y,#f4f1da,0.9543899646502814,0.03045215550475213,100.84185162664073,244,241,218,"[244, 241, 218]",0%,1%,11%,4%,"[0%, 1%, 11%, 4%]",94.92,-1.81,11.54,"[94.92, -1.81, 11.54]",https://www.google.com/search?tbm=isch&q=ncs%20NCS%200907-G90Y%20color%20swatch,,,,,,,,,,,,,,,,,,,,,,,,,,,,,,,,,,,,,,,,,,,,
DB,ncs,NCS 0907-R10B,#f4cbd0,0.8786494550601585,0.04678519644374385,9.845768008787502,244,203,208,"[244, 203, 208]",0%,17%,15%,4%,"[0%, 17%, 15%, 4%]",85.39,15.50,3.23,"[85.39, 15.50, 3.23]",https://www.google.com/search?tbm=isch&q=ncs%20NCS%200907-R10B%20color%20swatch,,,,,,,,,,,,,,,,,,,,,,,,,,,,,,,,,,,,,,,,,,,,
DB,ncs,NCS 0907-R30B,#f4d0db,0.8910872356651744,0.04271138597515546,357.6981209433768,244,208,219,"[244, 208, 219]",0%,15%,10%,4%,"[0%, 15%, 10%, 4%]",86.82,14.33,-0.51,"[86.82, 14.33, -0.51]",https://www.google.com/search?tbm=isch&q=ncs%20NCS%200907-R30B%20color%20swatch,,,,,,,,,,,,,,,,,,,,,,,,,,,,,,,,,,,,,,,,,,,,
DB,ncs,NCS 0907-R50B,#f4d9ef,0.9138968966917317,0.04144048426328213,332.15867309008854,244,217,239,"[244, 217, 239]",0%,11%,2%,4%,"[0%, 11%, 2%, 4%]",89.44,12.43,-7.19,"[89.44, 12.43, -7.19]",https://www.google.com/search?tbm=isch&q=ncs%20NCS%200907-R50B%20color%20swatch,,,,,,,,,,,,,,,,,,,,,,,,,,,,,,,,,,,,,,,,,,,,
DB,ncs,NCS 0907-R70B,#e0d6f4,0.893262053276452,0.041965220120562564,300.7739477259074,224,214,244,"[224, 214, 244]",8%,12%,0%,4%,"[8%, 12%, 0%, 4%]",87.13,7.70,-13.44,"[87.13, 7.70, -13.44]",https://www.google.com/search?tbm=isch&q=ncs%20NCS%200907-R70B%20color%20swatch,,,,,,,,,,,,,,,,,,,,,,,,,,,,,,,,,,,,,,,,,,,,
DB,ncs,NCS 0907-R90B,#d0dcf4,0.8928223140121865,0.0354423222315669,264.387219107334,208,220,244,"[208, 220, 244]",15%,10%,0%,4%,"[15%, 10%, 0%, 4%]",87.40,-0.61,-13.21,"[87.40, -0.61, -13.21]",https://www.google.com/search?tbm=isch&q=ncs%20NCS%200907-R90B%20color%20swatch,,,,,,,,,,,,,,,,,,,,,,,,,,,,,,,,,,,,,,,,,,,,
DB,ncs,NCS 0907-Y10R,#f4edd8,0.9460050276182516,0.028759892284329056,91.61926631327827,244,237,216,"[244, 237, 216]",0%,3%,11%,4%,"[0%, 3%, 11%, 4%]",93.88,-0.14,11.11,"[93.88, -0.14, 11.11]",https://www.google.com/search?tbm=isch&q=ncs%20NCS%200907-Y10R%20color%20swatch,,,,,,,,,,,,,,,,,,,,,,,,,,,,,,,,,,,,,,,,,,,,
DB,ncs,NCS 0907-Y30R,#f4e8d5,0.9354434135739288,0.028423284267638772,79.46030346379547,244,232,213,"[244, 232, 213]",0%,5%,13%,4%,"[0%, 5%, 13%, 4%]",92.58,1.90,10.82,"[92.58, 1.90, 10.82]",https://www.google.com/search?tbm=isch&q=ncs%20NCS%200907-Y30R%20color%20swatch,,,,,,,,,,,,,,,,,,,,,,,,,,,,,,,,,,,,,,,,,,,,
DB,ncs,NCS 0907-Y50R,#f4e1d2,0.921048921576118,0.029065314176502755,60.76010448296205,244,225,210,"[244, 225, 210]",0%,8%,14%,4%,"[0%, 8%, 14%, 4%]",90.79,4.93,9.85,"[90.79, 4.93, 9.85]",https://www.google.com/search?tbm=isch&q=ncs%20NCS%200907-Y50R%20color%20swatch,,,,,,,,,,,,,,,,,,,,,,,,,,,,,,,,,,,,,,,,,,,,
DB,ncs,NCS 0907-Y70R,#f4d8cf,0.9029398213816051,0.03366019440978099,38.65470463426976,244,216,207,"[244, 216, 207]",0%,11%,15%,4%,"[0%, 11%, 15%, 4%]",88.51,8.98,8.21,"[88.51, 8.98, 8.21]",https://www.google.com/search?tbm=isch&q=ncs%20NCS%200907-Y70R%20color%20swatch,,,,,,,,,,,,,,,,,,,,,,,,,,,,,,,,,,,,,,,,,,,,
DB,ncs,NCS 0907-Y90R,#f4cecc,0.8831791248947958,0.04310115335800874,21.593023949905103,244,206,204,"[244, 206, 204]",0%,16%,16%,4%,"[0%, 16%, 16%, 4%]",86.02,13.56,6.25,"[86.02, 13.56, 6.25]",https://www.google.com/search?tbm=isch&q=ncs%20NCS%200907-Y90R%20color%20swatch,,,,,,,,,,,,,,,,,,,,,,,,,,,,,,,,,,,,,,,,,,,,
DB,ncs,NCS 1000-N,#e5e5e5,0.921906970660842,0.00003580397096176277,72.58924660580362,229,229,229,"[229, 229, 229]",0%,0%,0%,10%,"[0%, 0%, 0%, 10%]",90.94,0.00,0.01,"[90.94, 0.00, 0.01]",https://www.google.com/search?tbm=isch&q=ncs%20NCS%201000-N%20color%20swatch,,,,,,,,,,,,,,,,,,,,,,,,,,,,,,,,,,,,,,,,,,,,
DB,ncs,NCS 1002-B,#e8eef1,0.9454291640858146,0.007571154818916494,228.7384428939597,232,238,241,"[232, 238, 241]",4%,1%,0%,5%,"[4%, 1%, 0%, 5%]",93.70,-1.66,-2.18,"[93.70, -1.66, -2.18]",https://www.google.com/search?tbm=isch&q=ncs%20NCS%201002-B%20color%20swatch,,,,,,,,,,,,,,,,,,,,,,,,,,,,,,,,,,,,,,,,,,,,
DB,ncs,NCS 1002-B50G,#eaf1f1,0.9528615763771149,0.007438804308218313,196.7950277943262,234,241,241,"[234, 241, 241]",3%,0%,0%,5%,"[3%, 0%, 0%, 5%]",94.61,-2.40,-0.84,"[94.61, -2.40, -0.84]",https://www.google.com/search?tbm=isch&q=ncs%20NCS%201002-B50G%20color%20swatch,,,,,,,,,,,,,,,,,,,,,,,,,,,,,,,,,,,,,,,,,,,,
DB,ncs,NCS 1002-G,#e7f1eb,0.9489542420174479,0.013255608219506684,159.75620340459045,231,241,235,"[231, 241, 235]",4%,0%,2%,5%,"[4%, 0%, 2%, 5%]",94.26,-4.24,1.71,"[94.26, -4.24, 1.71]",https://www.google.com/search?tbm=isch&q=ncs%20NCS%201002-G%20color%20swatch,,,,,,,,,,,,,,,,,,,,,,,,,,,,,,,,,,,,,,,,,,,,
DB,ncs,NCS 1002-G50Y,#eff1e9,0.954413425567924,0.010828615590656688,117.88847741543685,239,241,233,"[239, 241, 233]",1%,0%,3%,5%,"[1%, 0%, 3%, 5%]",94.82,-1.73,3.64,"[94.82, -1.73, 3.64]",https://www.google.com/search?tbm=isch&q=ncs%20NCS%201002-G50Y%20color%20swatch,,,,,,,,,,,,,,,,,,,,,,,,,,,,,,,,,,,,,,,,,,,,
DB,ncs,NCS 1002-R,#f1e4e5,0.9294557470717562,0.014256023868478372,12.157659455013174,241,228,229,"[241, 228, 229]",0%,5%,5%,5%,"[0%, 5%, 5%, 5%]",91.66,4.70,1.19,"[91.66, 4.70, 1.19]",https://www.google.com/search?tbm=isch&q=ncs%20NCS%201002-R%20color%20swatch,,,,,,,,,,,,,,,,,,,,,,,,,,,,,,,,,,,,,,,,,,,,
DB,ncs,NCS 1002-R50B,#f1e9f0,0.942271030904957,0.012619007313992235,329.73394648907197,241,233,240,"[241, 233, 240]",0%,3%,0%,5%,"[0%, 3%, 0%, 5%]",93.13,3.71,-2.38,"[93.13, 3.71, -2.38]",https://www.google.com/search?tbm=isch&q=ncs%20NCS%201002-R50B%20color%20swatch,,,,,,,,,,,,,,,,,,,,,,,,,,,,,,,,,,,,,,,,,,,,
DB,ncs,NCS 1002-Y,#f1f0e9,0.9539773077649011,0.009386508666798774,99.88187353272326,241,240,233,"[241, 240, 233]",0%,0%,3%,5%,"[0%, 0%, 3%, 5%]",94.73,-0.56,3.53,"[94.73, -0.56, 3.53]",https://www.google.com/search?tbm=isch&q=ncs%20NCS%201002-Y%20color%20swatch,,,,,,,,,,,,,,,,,,,,,,,,,,,,,,,,,,,,,,,,,,,,
DB,ncs,NCS 1002-Y50R,#f1ebe7,0.943629691066874,0.008478820720209739,56.373732583580136,241,235,231,"[241, 235, 231]",0%,2%,4%,5%,"[0%, 2%, 4%, 5%]",93.44,1.58,2.71,"[93.44, 1.58, 2.71]",https://www.google.com/search?tbm=isch&q=ncs%20NCS%201002-Y50R%20color%20swatch,,,,,,,,,,,,,,,,,,,,,,,,,,,,,,,,,,,,,,,,,,,,
DB,ncs,NCS 1005-B,#dce9f1,0.9266222420047571,0.01762894869102639,234.46761197002365,220,233,241,"[220, 233, 241]",9%,3%,0%,5%,"[9%, 3%, 0%, 5%]",91.54,-3.34,-5.45,"[91.54, -3.34, -5.45]",https://www.google.com/search?tbm=isch&q=ncs%20NCS%201005-B%20color%20swatch,,,,,,,,,,,,,,,,,,,,,,,,,,,,,,,,,,,,,,,,,,,,
DB,ncs,NCS 1005-B20G,#deeef1,0.9380955642449734,0.017437738195598993,210.1049687423042,222,238,241,"[222, 238, 241]",8%,1%,0%,5%,"[8%, 1%, 0%, 5%]",92.96,-5.05,-3.36,"[92.96, -5.05, -3.36]",https://www.google.com/search?tbm=isch&q=ncs%20NCS%201005-B20G%20color%20swatch,,,,,,,,,,,,,,,,,,,,,,,,,,,,,,,,,,,,,,,,,,,,
DB,ncs,NCS 1005-B50G,#dff1f1,0.9448444618430756,0.01898472827229054,196.74313440240473,223,241,241,"[223, 241, 241]",7%,0%,0%,5%,"[7%, 0%, 0%, 5%]",93.80,-6.13,-2.13,"[93.80, -6.13, -2.13]",https://www.google.com/search?tbm=isch&q=ncs%20NCS%201005-B50G%20color%20swatch,,,,,,,,,,,,,,,,,,,,,,,,,,,,,,,,,,,,,,,,,,,,
DB,ncs,NCS 1005-B80G,#ddf1ed,0.942280185217564,0.02171431385212744,182.4554754967893,221,241,237,"[221, 241, 237]",8%,0%,2%,5%,"[8%, 0%, 2%, 5%]",93.57,-7.37,-0.42,"[93.57, -7.37, -0.42]",https://www.google.com/search?tbm=isch&q=ncs%20NCS%201005-B80G%20color%20swatch,,,,,,,,,,,,,,,,,,,,,,,,,,,,,,,,,,,,,,,,,,,,
DB,ncs,NCS 1005-G,#d8f1e2,0.9357244480587924,0.03304243143787358,159.34170482029242,216,241,226,"[216, 241, 226]",10%,0%,6%,5%,"[10%, 0%, 6%, 5%]",92.99,-10.57,4.35,"[92.99, -10.57, 4.35]",https://www.google.com/search?tbm=isch&q=ncs%20NCS%201005-G%20color%20swatch,,,,,,,,,,,,,,,,,,,,,,,,,,,,,,,,,,,,,,,,,,,,
DB,ncs,NCS 1005-G10Y,#dff1e0,0.9401469873718841,0.029563915419786663,146.84080497475895,223,241,224,"[223, 241, 224]",7%,0%,7%,5%,"[7%, 0%, 7%, 5%]",93.45,-8.45,6.12,"[93.45, -8.45, 6.12]",https://www.google.com/search?tbm=isch&q=ncs%20NCS%201005-G10Y%20color%20swatch,,,,,,,,,,,,,,,,,,,,,,,,,,,,,,,,,,,,,,,,,,,,
DB,ncs,NCS 1005-G20Y,#e4f1de,0.9432583221465788,0.02874103234348144,135.53099574288927,228,241,222,"[228, 241, 222]",5%,0%,8%,5%,"[5%, 0%, 8%, 5%]",93.77,-6.97,7.67,"[93.77, -6.97, 7.67]",https://www.google.com/search?tbm=isch&q=ncs%20NCS%201005-G20Y%20color%20swatch,,,,,,,,,,,,,,,,,,,,,,,,,,,,,,,,,,,,,,,,,,,,
DB,ncs,NCS 1005-G30Y,#e7f1dd,0.9452187104120928,0.028548615728940203,128.74444435864427,231,241,221,"[231, 241, 221]",4%,0%,8%,5%,"[4%, 0%, 8%, 5%]",93.98,-6.05,8.51,"[93.98, -6.05, 8.51]",https://www.google.com/search?tbm=isch&q=ncs%20NCS%201005-G30Y%20color%20swatch,,,,,,,,,,,,,,,,,,,,,,,,,,,,,,,,,,,,,,,,,,,,
DB,ncs,NCS 1005-G40Y,#eaf1dc,0.9472093977938482,0.028754991786533318,121.9317364155213,234,241,220,"[234, 241, 220]",3%,0%,9%,5%,"[3%, 0%, 9%, 5%]",94.19,-5.12,9.35,"[94.19, -5.12, 9.35]",https://www.google.com/search?tbm=isch&q=ncs%20NCS%201005-G40Y%20color%20swatch,,,,,,,,,,,,,,,,,,,,,,,,,,,,,,,,,,,,,,,,,,,,
DB,ncs,NCS 1005-G50Y,#edf1dd,0.9497367421682225,0.026769441049869176,116.04287662173556,237,241,221,"[237, 241, 221]",2%,0%,8%,5%,"[2%, 0%, 8%, 5%]",94.43,-3.94,9.22,"[94.43, -3.94, 9.22]",https://www.google.com/search?tbm=isch&q=ncs%20NCS%201005-G50Y%20color%20swatch,,,,,,,,,,,,,,,,,,,,,,,,,,,,,,,,,,,,,,,,,,,,
DB,ncs,NCS 1005-G60Y,#eef1de,0.9507549699883943,0.02531132207651794,114.10769873988056,238,241,222,"[238, 241, 222]",1%,0%,8%,5%,"[1%, 0%, 8%, 5%]",94.53,-3.46,8.86,"[94.53, -3.46, 8.86]",https://www.google.com/search?tbm=isch&q=ncs%20NCS%201005-G60Y%20color%20swatch,,,,,,,,,,,,,,,,,,,,,,,,,,,,,,,,,,,,,,,,,,,,
DB,ncs,NCS 1005-G70Y,#f0f1df,0.9525449416801306,0.023809122582770445,109.3726618845505,240,241,223,"[240, 241, 223]",0%,0%,7%,5%,"[0%, 0%, 7%, 5%]",94.70,-2.63,8.62,"[94.70, -2.63, 8.62]",https://www.google.com/search?tbm=isch&q=ncs%20NCS%201005-G70Y%20color%20swatch,,,,,,,,,,,,,,,,,,,,,,,,,,,,,,,,,,,,,,,,,,,,
DB,ncs,NCS 1005-G80Y,#f1f1df,0.9533160442286435,0.023780797563820448,106.79236646420162,241,241,223,"[241, 241, 223]",0%,0%,7%,5%,"[0%, 0%, 7%, 5%]",94.78,-2.28,8.74,"[94.78, -2.28, 8.74]",https://www.google.com/search?tbm=isch&q=ncs%20NCS%201005-G80Y%20color%20swatch,,,,,,,,,,,,,,,,,,,,,,,,,,,,,,,,,,,,,,,,,,,,
DB,ncs,NCS 1005-G90Y,#f1efdf,0.9493610570649424,0.021299305488270828,100.9444271041101,241,239,223,"[241, 239, 223]",0%,1%,7%,5%,"[0%, 1%, 7%, 5%]",94.28,-1.33,8.03,"[94.28, -1.33, 8.03]",https://www.google.com/search?tbm=isch&q=ncs%20NCS%201005-G90Y%20color%20swatch,,,,,,,,,,,,,,,,,,,,,,,,,,,,,,,,,,,,,,,,,,,,
DB,ncs,NCS 1005-R,#f1d2d4,0.8902173010958002,0.03481879529892051,13.445479534274796,241,210,212,"[241, 210, 212]",0%,13%,12%,5%,"[0%, 13%, 12%, 5%]",86.88,11.41,3.22,"[86.88, 11.41, 3.22]",https://www.google.com/search?tbm=isch&q=ncs%20NCS%201005-R%20color%20swatch,,,,,,,,,,,,,,,,,,,,,,,,,,,,,,,,,,,,,,,,,,,,
DB,ncs,NCS 1005-R10B,#f1d3d7,0.892946828885933,0.0338962569855122,8.723721055516137,241,211,215,"[241, 211, 215]",0%,12%,11%,5%,"[0%, 12%, 11%, 5%]",87.19,11.28,2.08,"[87.19, 11.28, 2.08]",https://www.google.com/search?tbm=isch&q=ncs%20NCS%201005-R10B%20color%20swatch,,,,,,,,,,,,,,,,,,,,,,,,,,,,,,,,,,,,,,,,,,,,
DB,ncs,NCS 1005-R20B,#f1d5db,0.8978671628128022,0.03208910789594115,3.2496082161770232,241,213,219,"[241, 213, 219]",0%,12%,9%,5%,"[0%, 12%, 9%, 5%]",87.76,10.78,0.80,"[87.76, 10.78, 0.80]",https://www.google.com/search?tbm=isch&q=ncs%20NCS%201005-R20B%20color%20swatch,,,,,,,,,,,,,,,,,,,,,,,,,,,,,,,,,,,,,,,,,,,,
DB,ncs,NCS 1005-R30B,#f1d7e0,0.9030937920622928,0.03107160758821696,354.8422773435526,241,215,224,"[241, 215, 224]",0%,11%,7%,5%,"[0%, 11%, 7%, 5%]",88.36,10.42,-0.96,"[88.36, 10.42, -0.96]",https://www.google.com/search?tbm=isch&q=ncs%20NCS%201005-R30B%20color%20swatch,,,,,,,,,,,,,,,,,,,,,,,,,,,,,,,,,,,,,,,,,,,,
DB,ncs,NCS 1005-R40B,#f1dae6,0.9105423271647464,0.0297900416100282,344.9136007131799,241,218,230,"[241, 218, 230]",0%,10%,5%,5%,"[0%, 10%, 5%, 5%]",89.22,9.71,-2.85,"[89.22, 9.71, -2.85]",https://www.google.com/search?tbm=isch&q=ncs%20NCS%201005-R40B%20color%20swatch,,,,,,,,,,,,,,,,,,,,,,,,,,,,,,,,,,,,,,,,,,,,
DB,ncs,NCS 1005-R50B,#f1deed,0.9202351916565976,0.028652591166972653,332.9338312701318,241,222,237,"[241, 222, 237]",0%,8%,2%,5%,"[0%, 8%, 2%, 5%]",90.35,8.66,-4.85,"[90.35, 8.66, -4.85]",https://www.google.com/search?tbm=isch&q=ncs%20NCS%201005-R50B%20color%20swatch,,,,,,,,,,,,,,,,,,,,,,,,,,,,,,,,,,,,,,,,,,,,
DB,ncs,NCS 1005-R60B,#eadcf1,0.9118923334733237,0.031873874989491874,314.7184229796386,234,220,241,"[234, 220, 241]",3%,9%,0%,5%,"[3%, 9%, 0%, 5%]",89.37,7.75,-8.47,"[89.37, 7.75, -8.47]",https://www.google.com/search?tbm=isch&q=ncs%20NCS%201005-R60B%20color%20swatch,,,,,,,,,,,,,,,,,,,,,,,,,,,,,,,,,,,,,,,,,,,,
DB,ncs,NCS 1005-R70B,#e3dcf1,0.9062872392579209,0.02924991006468775,301.0279680469422,227,220,241,"[227, 220, 241]",6%,9%,0%,5%,"[6%, 9%, 0%, 5%]",88.79,5.34,-9.39,"[88.79, 5.34, -9.39]",https://www.google.com/search?tbm=isch&q=ncs%20NCS%201005-R70B%20color%20swatch,,,,,,,,,,,,,,,,,,,,,,,,,,,,,,,,,,,,,,,,,,,,
DB,ncs,NCS 1005-R80B,#d5daf1,0.8915642687218996,0.03193177675437187,276.0028523849178,213,218,241,"[213, 218, 241]",12%,10%,0%,5%,"[12%, 10%, 0%, 5%]",87.19,1.57,-11.89,"[87.19, 1.57, -11.89]",https://www.google.com/search?tbm=isch&q=ncs%20NCS%201005-R80B%20color%20swatch,,,,,,,,,,,,,,,,,,,,,,,,,,,,,,,,,,,,,,,,,,,,
DB,ncs,NCS 1005-R90B,#d7e0f1,0.9049777352752271,0.025161581185479582,263.3343775614941,215,224,241,"[215, 224, 241]",11%,7%,0%,5%,"[11%, 7%, 0%, 5%]",88.87,-0.68,-9.40,"[88.87, -0.68, -9.40]",https://www.google.com/search?tbm=isch&q=ncs%20NCS%201005-R90B%20color%20swatch,,,,,,,,,,,,,,,,,,,,,,,,,,,,,,,,,,,,,,,,,,,,
DB,ncs,NCS 1005-Y,#f1eede,0.9471289534358575,0.02145105164258425,98.07805028770565,241,238,222,"[241, 238, 222]",0%,1%,8%,5%,"[0%, 1%, 8%, 5%]",94.01,-0.97,8.16,"[94.01, -0.97, 8.16]",https://www.google.com/search?tbm=isch&q=ncs%20NCS%201005-Y%20color%20swatch,,,,,,,,,,,,,,,,,,,,,,,,,,,,,,,,,,,,,,,,,,,,
DB,ncs,NCS 1005-Y10R,#f1ecdd,0.9429283028447047,0.02064789735238574,91.55195208207863,241,236,221,"[241, 236, 221]",0%,2%,8%,5%,"[0%, 2%, 8%, 5%]",93.49,-0.14,7.94,"[93.49, -0.14, 7.94]",https://www.google.com/search?tbm=isch&q=ncs%20NCS%201005-Y10R%20color%20swatch,,,,,,,,,,,,,,,,,,,,,,,,,,,,,,,,,,,,,,,,,,,,
DB,ncs,NCS 1005-Y20R,#f1eadc,0.9387355197184915,0.020136617770239146,84.56557394925585,241,234,220,"[241, 234, 220]",0%,3%,9%,5%,"[0%, 3%, 9%, 5%]",92.97,0.69,7.72,"[92.97, 0.69, 7.72]",https://www.google.com/search?tbm=isch&q=ncs%20NCS%201005-Y20R%20color%20swatch,,,,,,,,,,,,,,,,,,,,,,,,,,,,,,,,,,,,,,,,,,,,
DB,ncs,NCS 1005-Y30R,#f1e8db,0.9345508370027333,0.019943596049571716,77.30014407201446,241,232,219,"[241, 232, 219]",0%,4%,9%,5%,"[0%, 4%, 9%, 5%]",92.45,1.53,7.50,"[92.45, 1.53, 7.50]",https://www.google.com/search?tbm=isch&q=ncs%20NCS%201005-Y30R%20color%20swatch,,,,,,,,,,,,,,,,,,,,,,,,,,,,,,,,,,,,,,,,,,,,
DB,ncs,NCS 1005-Y40R,#f1e6da,0.9303744930351834,0.020081897438315243,69.98616533408318,241,230,218,"[241, 230, 218]",0%,5%,10%,5%,"[0%, 5%, 10%, 5%]",91.93,2.37,7.28,"[91.93, 2.37, 7.28]",https://www.google.com/search?tbm=isch&q=ncs%20NCS%201005-Y40R%20color%20swatch,,,,,,,,,,,,,,,,,,,,,,,,,,,,,,,,,,,,,,,,,,,,
DB,ncs,NCS 1005-Y50R,#f1e3d9,0.9242575534273662,0.02045840103736951,58.07454256854834,241,227,217,"[241, 227, 217]",0%,6%,10%,5%,"[0%, 6%, 10%, 5%]",91.16,3.70,6.71,"[91.16, 3.70, 6.71]",https://www.google.com/search?tbm=isch&q=ncs%20NCS%201005-Y50R%20color%20swatch,,,,,,,,,,,,,,,,,,,,,,,,,,,,,,,,,,,,,,,,,,,,
DB,ncs,NCS 1005-Y60R,#f1e0d8,0.9181624102146186,0.02168779992889395,47.01075609845657,241,224,216,"[241, 224, 216]",0%,7%,10%,5%,"[0%, 7%, 10%, 5%]",90.40,5.04,6.15,"[90.40, 5.04, 6.15]",https://www.google.com/search?tbm=isch&q=ncs%20NCS%201005-Y60R%20color%20swatch,,,,,,,,,,,,,,,,,,,,,,,,,,,,,,,,,,,,,,,,,,,,
DB,ncs,NCS 1005-Y70R,#f1ddd6,0.911823486040235,0.02415100025853409,40.37595266979537,241,221,214,"[241, 221, 214]",0%,8%,11%,5%,"[0%, 8%, 11%, 5%]",89.62,6.26,6.08,"[89.62, 6.26, 6.08]",https://www.google.com/search?tbm=isch&q=ncs%20NCS%201005-Y70R%20color%20swatch,,,,,,,,,,,,,,,,,,,,,,,,,,,,,,,,,,,,,,,,,,,,
DB,ncs,NCS 1005-Y80R,#f1d9d4,0.9035824283078874,0.027629662466089246,31.708460254358442,241,217,212,"[241, 217, 212]",0%,10%,12%,5%,"[0%, 10%, 12%, 5%]",88.59,7.97,5.66,"[88.59, 7.97, 5.66]",https://www.google.com/search?tbm=isch&q=ncs%20NCS%201005-Y80R%20color%20swatch,,,,,,,,,,,,,,,,,,,,,,,,,,,,,,,,,,,,,,,,,,,,
DB,ncs,NCS 1005-Y90R,#f1d6d4,0.8978333882006996,0.03031120878826747,22.847580421525493,241,214,212,"[241, 214, 212]",0%,11%,12%,5%,"[0%, 11%, 12%, 5%]",87.86,9.44,4.61,"[87.86, 9.44, 4.61]",https://www.google.com/search?tbm=isch&q=ncs%20NCS%201005-Y90R%20color%20swatch,,,,,,,,,,,,,,,,,,,,,,,,,,,,,,,,,,,,,,,,,,,,
DB,ncs,NCS 1010-B,#c8e2f1,0.898330282128167,0.034425437082040565,233.04867608276777,200,226,241,"[200, 226, 241]",17%,6%,0%,5%,"[17%, 6%, 0%, 5%]",88.31,-6.60,-10.38,"[88.31, -6.60, -10.38]",https://www.google.com/search?tbm=isch&q=ncs%20NCS%201010-B%20color%20swatch,,,,,,,,,,,,,,,,,,,,,,,,,,,,,,,,,,,,,,,,,,,,
DB,ncs,NCS 1010-B10G,#cae7f1,0.909931281704942,0.03343893344860184,220.52271262229556,202,231,241,"[202, 231, 241]",16%,4%,0%,5%,"[16%, 4%, 0%, 5%]",89.75,-8.34,-8.24,"[89.75, -8.34, -8.24]",https://www.google.com/search?tbm=isch&q=ncs%20NCS%201010-B10G%20color%20swatch,,,,,,,,,,,,,,,,,,,,,,,,,,,,,,,,,,,,,,,,,,,,
DB,ncs,NCS 1010-B30G,#cdeef1,0.9263299034251258,0.0346239656974729,203.2358486059245,205,238,241,"[205, 238, 241]",15%,1%,0%,5%,"[15%, 1%, 0%, 5%]",91.78,-10.67,-5.25,"[91.78, -10.67, -5.25]",https://www.google.com/search?tbm=isch&q=ncs%20NCS%201010-B30G%20color%20swatch,,,,,,,,,,,,,,,,,,,,,,,,,,,,,,,,,,,,,,,,,,,,
DB,ncs,NCS 1010-B50G,#cef1f0,0.9328806194072383,0.036345274057573936,194.37481976185654,206,241,240,"[206, 241, 240]",15%,0%,0%,5%,"[15%, 0%, 0%, 5%]",92.61,-11.90,-3.52,"[92.61, -11.90, -3.52]",https://www.google.com/search?tbm=isch&q=ncs%20NCS%201010-B50G%20color%20swatch,,,,,,,,,,,,,,,,,,,,,,,,,,,,,,,,,,,,,,,,,,,,
DB,ncs,NCS 1010-B70G,#ccf1ec,0.93039964050181,0.03892275954401139,186.51461110627326,204,241,236,"[204, 241, 236]",15%,0%,2%,5%,"[15%, 0%, 2%, 5%]",92.39,-13.14,-1.79,"[92.39, -13.14, -1.79]",https://www.google.com/search?tbm=isch&q=ncs%20NCS%201010-B70G%20color%20swatch,,,,,,,,,,,,,,,,,,,,,,,,,,,,,,,,,,,,,,,,,,,,
DB,ncs,NCS 1010-B90G,#c6f1de,0.9225927053767166,0.05131649395461857,166.57689956126865,198,241,222,"[198, 241, 222]",18%,0%,8%,5%,"[18%, 0%, 8%, 5%]",91.71,-17.14,4.39,"[91.71, -17.14, 4.39]",https://www.google.com/search?tbm=isch&q=ncs%20NCS%201010-B90G%20color%20swatch,,,,,,,,,,,,,,,,,,,,,,,,,,,,,,,,,,,,,,,,,,,,
DB,ncs,NCS 1010-G,#c2f1d5,0.9176645391876731,0.06151000956618787,158.75042224853837,194,241,213,"[194, 241, 213]",20%,0%,12%,5%,"[20%, 0%, 12%, 5%]",91.28,-19.72,8.37,"[91.28, -19.72, 8.37]",https://www.google.com/search?tbm=isch&q=ncs%20NCS%201010-G%20color%20swatch,,,,,,,,,,,,,,,,,,,,,,,,,,,,,,,,,,,,,,,,,,,,
DB,ncs,NCS 1010-G10Y,#cff1d1,0.9251440234354974,0.05569376233428531,146.67789159907704,207,241,209,"[207, 241, 209]",14%,0%,13%,5%,"[14%, 0%, 13%, 5%]",92.05,-15.90,11.65,"[92.05, -15.90, 11.65]",https://www.google.com/search?tbm=isch&q=ncs%20NCS%201010-G10Y%20color%20swatch,,,,,,,,,,,,,,,,,,,,,,,,,,,,,,,,,,,,,,,,,,,,
DB,ncs,NCS 1010-G20Y,#d8f1cd,0.930375267318067,0.054627141348593554,136.0328967553774,216,241,205,"[216, 241, 205]",10%,0%,15%,5%,"[10%, 0%, 15%, 5%]",92.59,-13.29,14.57,"[92.59, -13.29, 14.57]",https://www.google.com/search?tbm=isch&q=ncs%20NCS%201010-G20Y%20color%20swatch,,,,,,,,,,,,,,,,,,,,,,,,,,,,,,,,,,,,,,,,,,,,
DB,ncs,NCS 1010-G30Y,#def1cb,0.9341852025822152,0.054123952204497686,129.09764557980895,222,241,203,"[222, 241, 203]",8%,0%,16%,5%,"[8%, 0%, 16%, 5%]",92.98,-11.42,16.22,"[92.98, -11.42, 16.22]",https://www.google.com/search?tbm=isch&q=ncs%20NCS%201010-G30Y%20color%20swatch,,,,,,,,,,,,,,,,,,,,,,,,,,,,,,,,,,,,,,,,,,,,
DB,ncs,NCS 1010-G40Y,#e4f1c9,0.9381187734471835,0.054396151852054375,122.06350092792184,228,241,201,"[228, 241, 201]",5%,0%,17%,5%,"[5%, 0%, 17%, 5%]",93.39,-9.52,17.88,"[93.39, -9.52, 17.88]",https://www.google.com/search?tbm=isch&q=ncs%20NCS%201010-G40Y%20color%20swatch,,,,,,,,,,,,,,,,,,,,,,,,,,,,,,,,,,,,,,,,,,,,
DB,ncs,NCS 1010-G50Y,#e8f1cb,0.9415725182305751,0.05081670916345987,118.18100214937056,232,241,203,"[232, 241, 203]",4%,0%,16%,5%,"[4%, 0%, 16%, 5%]",93.73,-7.85,17.38,"[93.73, -7.85, 17.38]",https://www.google.com/search?tbm=isch&q=ncs%20NCS%201010-G50Y%20color%20swatch,,,,,,,,,,,,,,,,,,,,,,,,,,,,,,,,,,,,,,,,,,,,
DB,ncs,NCS 1010-G60Y,#ecf1cc,0.9448415470283938,0.04878974778939629,113.56002550618581,236,241,204,"[236, 241, 204]",2%,0%,15%,5%,"[2%, 0%, 15%, 5%]",94.05,-6.30,17.37,"[94.05, -6.30, 17.37]",https://www.google.com/search?tbm=isch&q=ncs%20NCS%201010-G60Y%20color%20swatch,,,,,,,,,,,,,,,,,,,,,,,,,,,,,,,,,,,,,,,,,,,,
DB,ncs,NCS 1010-G70Y,#eff1ce,0.9476134174608948,0.045900524625101885,109.89397859352778,239,241,206,"[239, 241, 206]",1%,0%,15%,5%,"[1%, 0%, 15%, 5%]",94.31,-4.99,16.76,"[94.31, -4.99, 16.76]",https://www.google.com/search?tbm=isch&q=ncs%20NCS%201010-G70Y%20color%20swatch,,,,,,,,,,,,,,,,,,,,,,,,,,,,,,,,,,,,,,,,,,,,
DB,ncs,NCS 1010-G80Y,#f1f0ce,0.9471685791211352,0.04454294673660068,105.8113012114531,241,240,206,"[241, 240, 206]",0%,0%,15%,5%,"[0%, 0%, 15%, 5%]",94.22,-3.79,16.66,"[94.22, -3.79, 16.66]",https://www.google.com/search?tbm=isch&q=ncs%20NCS%201010-G80Y%20color%20swatch,,,,,,,,,,,,,,,,,,,,,,,,,,,,,,,,,,,,,,,,,,,,
DB,ncs,NCS 1010-G90Y,#f1eecd,0.9429477031645277,0.0433882920828273,102.90011255628849,241,238,205,"[241, 238, 205]",0%,1%,15%,5%,"[0%, 1%, 15%, 5%]",93.70,-2.96,16.45,"[93.70, -2.96, 16.45]",https://www.google.com/search?tbm=isch&q=ncs%20NCS%201010-G90Y%20color%20swatch,,,,,,,,,,,,,,,,,,,,,,,,,,,,,,,,,,,,,,,,,,,,
DB,ncs,NCS 1010-R,#f1b8bb,0.835066422485465,0.06624860431150964,15.087875984368225,241,184,187,"[241, 184, 187]",0%,24%,22%,5%,"[0%, 24%, 22%, 5%]",80.15,21.55,6.91,"[80.15, 21.55, 6.91]",https://www.google.com/search?tbm=isch&q=ncs%20NCS%201010-R%20color%20swatch,,,,,,,,,,,,,,,,,,,,,,,,,,,,,,,,,,,,,,,,,,,,
DB,ncs,NCS 1010-R10B,#f1bac0,0.8400565639442038,0.06397958505865212,11.244753812369254,241,186,192,"[241, 186, 192]",0%,23%,20%,5%,"[0%, 23%, 20%, 5%]",80.72,21.08,5.04,"[80.72, 21.08, 5.04]",https://www.google.com/search?tbm=isch&q=ncs%20NCS%201010-R10B%20color%20swatch,,,,,,,,,,,,,,,,,,,,,,,,,,,,,,,,,,,,,,,,,,,,
DB,ncs,NCS 1010-R20B,#f1bdc7,0.8474687022629988,0.06103454672659259,5.618438660346442,241,189,199,"[241, 189, 199]",0%,22%,17%,5%,"[0%, 22%, 17%, 5%]",81.57,20.35,2.51,"[81.57, 20.35, 2.51]",https://www.google.com/search?tbm=isch&q=ncs%20NCS%201010-R20B%20color%20swatch,,,,,,,,,,,,,,,,,,,,,,,,,,,,,,,,,,,,,,,,,,,,
DB,ncs,NCS 1010-R30B,#f1c0d0,0.8555321242476017,0.05953998032169822,356.9673740331166,241,192,208,"[241, 192, 208]",0%,20%,14%,5%,"[0%, 20%, 14%, 5%]",82.48,19.89,-0.99,"[82.48, 19.89, -0.99]",https://www.google.com/search?tbm=isch&q=ncs%20NCS%201010-R30B%20color%20swatch,,,,,,,,,,,,,,,,,,,,,,,,,,,,,,,,,,,,,,,,,,,,
DB,ncs,NCS 1010-R40B,#f1c5db,0.8679720778041385,0.057357123959778857,346.8290523257838,241,197,219,"[241, 197, 219]",0%,18%,9%,5%,"[0%, 18%, 9%, 5%]",83.91,18.72,-4.77,"[83.91, 18.72, -4.77]",https://www.google.com/search?tbm=isch&q=ncs%20NCS%201010-R40B%20color%20swatch,,,,,,,,,,,,,,,,,,,,,,,,,,,,,,,,,,,,,,,,,,,,
DB,ncs,NCS 1010-R50B,#f1ccea,0.8855209512682242,0.05710366144401245,332.55442869345086,241,204,234,"[241, 204, 234]",0%,15%,3%,5%,"[0%, 15%, 3%, 5%]",85.93,17.15,-9.75,"[85.93, 17.15, -9.75]",https://www.google.com/search?tbm=isch&q=ncs%20NCS%201010-R50B%20color%20swatch,,,,,,,,,,,,,,,,,,,,,,,,,,,,,,,,,,,,,,,,,,,,
DB,ncs,NCS 1010-R60B,#e4c9f1,0.8708847032538755,0.061461495868794805,314.84138498743164,228,201,241,"[228, 201, 241]",5%,17%,0%,5%,"[5%, 17%, 0%, 5%]",84.21,15.10,-16.15,"[84.21, 15.10, -16.15]",https://www.google.com/search?tbm=isch&q=ncs%20NCS%201010-R60B%20color%20swatch,,,,,,,,,,,,,,,,,,,,,,,,,,,,,,,,,,,,,,,,,,,,
DB,ncs,NCS 1010-R70B,#d7c8f1,0.8580836363289553,0.05826934668157763,301.88167864834804,215,200,241,"[215, 200, 241]",11%,17%,0%,5%,"[11%, 17%, 0%, 5%]",82.84,11.17,-18.34,"[82.84, 11.17, -18.34]",https://www.google.com/search?tbm=isch&q=ncs%20NCS%201010-R70B%20color%20swatch,,,,,,,,,,,,,,,,,,,,,,,,,,,,,,,,,,,,,,,,,,,,
DB,ncs,NCS 1010-R80B,#bcc6f1,0.8331799593740828,0.061269631415732856,274.751435897972,188,198,241,"[188, 198, 241]",22%,18%,0%,5%,"[22%, 18%, 0%, 5%]",80.18,3.23,-22.58,"[80.18, 3.23, -22.58]",https://www.google.com/search?tbm=isch&q=ncs%20NCS%201010-R80B%20color%20swatch,,,,,,,,,,,,,,,,,,,,,,,,,,,,,,,,,,,,,,,,,,,,
DB,ncs,NCS 1010-R90B,#c1d1f1,0.8588900671077723,0.047846234999295946,264.28774851566436,193,209,241,"[193, 209, 241]",20%,13%,0%,5%,"[20%, 13%, 0%, 5%]",83.39,-0.62,-17.72,"[83.39, -0.62, -17.72]",https://www.google.com/search?tbm=isch&q=ncs%20NCS%201010-R90B%20color%20swatch,,,,,,,,,,,,,,,,,,,,,,,,,,,,,,,,,,,,,,,,,,,,
DB,ncs,NCS 1010-Y,#f1eccc,0.9387344258623734,0.04235322635232637,99.82212341498354,241,236,204,"[241, 236, 204]",0%,2%,15%,5%,"[0%, 2%, 15%, 5%]",93.17,-2.12,16.24,"[93.17, -2.12, 16.24]",https://www.google.com/search?tbm=isch&q=ncs%20NCS%201010-Y%20color%20swatch,,,,,,,,,,,,,,,,,,,,,,,,,,,,,,,,,,,,,,,,,,,,
DB,ncs,NCS 1010-Y10R,#f1e8cb,0.9305683558611847,0.039437506408958156,92.72157093319686,241,232,203,"[241, 232, 203]",0%,4%,16%,5%,"[0%, 4%, 16%, 5%]",92.15,-0.32,15.33,"[92.15, -0.32, 15.33]",https://www.google.com/search?tbm=isch&q=ncs%20NCS%201010-Y10R%20color%20swatch,,,,,,,,,,,,,,,,,,,,,,,,,,,,,,,,,,,,,,,,,,,,
DB,ncs,NCS 1010-Y20R,#f1e4c9,0.9222000790159323,0.038422014548017025,85.32863201385078,241,228,201,"[241, 228, 201]",0%,5%,17%,5%,"[0%, 5%, 17%, 5%]",91.11,1.37,14.92,"[91.11, 1.37, 14.92]",https://www.google.com/search?tbm=isch&q=ncs%20NCS%201010-Y20R%20color%20swatch,,,,,,,,,,,,,,,,,,,,,,,,,,,,,,,,,,,,,,,,,,,,
DB,ncs,NCS 1010-Y30R,#f1e0c7,0.913867020894768,0.03810014451490957,77.60895011277535,241,224,199,"[241, 224, 199]",0%,7%,17%,5%,"[0%, 7%, 17%, 5%]",90.08,3.08,14.51,"[90.08, 3.08, 14.51]",https://www.google.com/search?tbm=isch&q=ncs%20NCS%201010-Y30R%20color%20swatch,,,,,,,,,,,,,,,,,,,,,,,,,,,,,,,,,,,,,,,,,,,,
DB,ncs,NCS 1010-Y40R,#f1dcc5,0.9055712671604469,0.03850630122293112,69.84702019141565,241,220,197,"[241, 220, 197]",0%,9%,18%,5%,"[0%, 9%, 18%, 5%]",89.05,4.80,14.12,"[89.05, 4.80, 14.12]",https://www.google.com/search?tbm=isch&q=ncs%20NCS%201010-Y40R%20color%20swatch,,,,,,,,,,,,,,,,,,,,,,,,,,,,,,,,,,,,,,,,,,,,
DB,ncs,NCS 1010-Y50R,#f1d7c3,0.8953791688884923,0.03958022694311021,59.837168806997965,241,215,195,"[241, 215, 195]",0%,11%,19%,5%,"[0%, 11%, 19%, 5%]",87.77,7.02,13.39,"[87.77, 7.02, 13.39]",https://www.google.com/search?tbm=isch&q=ncs%20NCS%201010-Y50R%20color%20swatch,,,,,,,,,,,,,,,,,,,,,,,,,,,,,,,,,,,,,,,,,,,,
DB,ncs,NCS 1010-Y60R,#f1d1c1,0.8833380997799405,0.04214972521843844,48.23513435960251,241,209,193,"[241, 209, 193]",0%,13%,20%,5%,"[0%, 13%, 20%, 5%]",86.26,9.75,12.32,"[86.26, 9.75, 12.32]",https://www.google.com/search?tbm=isch&q=ncs%20NCS%201010-Y60R%20color%20swatch,,,,,,,,,,,,,,,,,,,,,,,,,,,,,,,,,,,,,,,,,,,,
DB,ncs,NCS 1010-Y70R,#f1cbbe,0.8711558716692727,0.04680601851331172,39.79490712395477,241,203,190,"[241, 203, 190]",0%,16%,21%,5%,"[0%, 16%, 21%, 5%]",84.74,12.39,11.78,"[84.74, 12.39, 11.78]",https://www.google.com/search?tbm=isch&q=ncs%20NCS%201010-Y70R%20color%20swatch,,,,,,,,,,,,,,,,,,,,,,,,,,,,,,,,,,,,,,,,,,,,
DB,ncs,NCS 1010-Y80R,#f1c5bc,0.8593385458929284,0.052036008616110026,31.58962141623556,241,197,188,"[241, 197, 188]",0%,18%,22%,5%,"[0%, 18%, 22%, 5%]",83.26,15.16,10.75,"[83.26, 15.16, 10.75]",https://www.google.com/search?tbm=isch&q=ncs%20NCS%201010-Y80R%20color%20swatch,,,,,,,,,,,,,,,,,,,,,,,,,,,,,,,,,,,,,,,,,,,,
DB,ncs,NCS 1010-Y90R,#f1bebb,0.8460586478726937,0.05911842646104192,22.31776736295592,241,190,187,"[241, 190, 187]",0%,21%,22%,5%,"[0%, 21%, 22%, 5%]",81.56,18.54,8.91,"[81.56, 18.54, 8.91]",https://www.google.com/search?tbm=isch&q=ncs%20NCS%201010-Y90R%20color%20swatch,,,,,,,,,,,,,,,,,,,,,,,,,,,,,,,,,,,,,,,,,,,,
DB,ncs,NCS 1015-B,#b6dbf1,0.8719206927730127,0.0494715396820121,234.20541997656187,182,219,241,"[182, 219, 241]",24%,9%,0%,5%,"[24%, 9%, 0%, 5%]",85.26,-8.98,-15.04,"[85.26, -8.98, -15.04]",https://www.google.com/search?tbm=isch&q=ncs%20NCS%201015-B%20color%20swatch,,,,,,,,,,,,,,,,,,,,,,,,,,,,,,,,,,,,,,,,,,,,
DB,ncs,NCS 1015-B20G,#bbe8f1,0.9022532381210211,0.04799242074907366,211.13199808880825,187,232,241,"[187, 232, 241]",22%,4%,0%,5%,"[22%, 4%, 0%, 5%]",89.03,-13.58,-9.43,"[89.03, -13.58, -9.43]",https://www.google.com/search?tbm=isch&q=ncs%20NCS%201015-B20G%20color%20swatch,,,,,,,,,,,,,,,,,,,,,,,,,,,,,,,,,,,,,,,,,,,,
DB,ncs,NCS 1015-B50G,#bef1ef,0.9224229083909008,0.05203337115565701,193.2725800073772,190,241,239,"[190, 241, 239]",21%,0%,1%,5%,"[21%, 0%, 1%, 5%]",91.57,-17.14,-4.66,"[91.57, -17.14, -4.66]",https://www.google.com/search?tbm=isch&q=ncs%20NCS%201015-B50G%20color%20swatch,,,,,,,,,,,,,,,,,,,,,,,,,,,,,,,,,,,,,,,,,,,,
DB,ncs,NCS 1015-B80G,#baf1e5,0.9170872412470376,0.058248802683471206,180.0351282939872,186,241,229,"[186, 241, 229]",23%,0%,5%,5%,"[23%, 0%, 5%, 5%]",91.11,-19.95,-0.19,"[91.11, -19.95, -0.19]",https://www.google.com/search?tbm=isch&q=ncs%20NCS%201015-B80G%20color%20swatch,,,,,,,,,,,,,,,,,,,,,,,,,,,,,,,,,,,,,,,,,,,,
DB,ncs,NCS 1015-G,#aef1c8,0.902373946723269,0.08775270802486569,157.24306268105568,174,241,200,"[174, 241, 200]",28%,0%,17%,5%,"[28%, 0%, 17%, 5%]",89.85,-27.97,12.84,"[89.85, -27.97, 12.84]",https://www.google.com/search?tbm=isch&q=ncs%20NCS%201015-G%20color%20swatch,,,,,,,,,,,,,,,,,,,,,,,,,,,,,,,,,,,,,,,,,,,,
DB,ncs,NCS 1015-G20Y,#cdf1be,0.9193260576126965,0.07754479541272248,136.52496095104175,205,241,190,"[205, 241, 190]",15%,0%,21%,5%,"[15%, 0%, 21%, 5%]",91.58,-18.94,20.69,"[91.58, -18.94, 20.69]",https://www.google.com/search?tbm=isch&q=ncs%20NCS%201015-G20Y%20color%20swatch,,,,,,,,,,,,,,,,,,,,,,,,,,,,,,,,,,,,,,,,,,,,
DB,ncs,NCS 1015-G40Y,#def1b7,0.9297695426190103,0.07833841299870073,122.6350330863587,222,241,183,"[222, 241, 183]",8%,0%,24%,5%,"[8%, 0%, 24%, 5%]",92.66,-13.67,25.94,"[92.66, -13.67, 25.94]",https://www.google.com/search?tbm=isch&q=ncs%20NCS%201015-G40Y%20color%20swatch,,,,,,,,,,,,,,,,,,,,,,,,,,,,,,,,,,,,,,,,,,,,
DB,ncs,NCS 1015-G60Y,#eaf1bc,0.9397810284708621,0.06921926633266323,113.83722967761764,234,241,188,"[234, 241, 188]",3%,0%,22%,5%,"[3%, 0%, 22%, 5%]",93.63,-8.76,24.90,"[93.63, -8.76, 24.90]",https://www.google.com/search?tbm=isch&q=ncs%20NCS%201015-G60Y%20color%20swatch,,,,,,,,,,,,,,,,,,,,,,,,,,,,,,,,,,,,,,,,,,,,
DB,ncs,NCS 1015-G80Y,#f1f0be,0.9436106501574946,0.06476562181314544,106.60958918145144,241,240,190,"[241, 240, 190]",0%,0%,21%,5%,"[0%, 0%, 21%, 5%]",93.95,-5.51,24.44,"[93.95, -5.51, 24.44]",https://www.google.com/search?tbm=isch&q=ncs%20NCS%201015-G80Y%20color%20swatch,,,,,,,,,,,,,,,,,,,,,,,,,,,,,,,,,,,,,,,,,,,,
DB,ncs,NCS 1015-G90Y,#f1ecbd,0.9353710466909744,0.06125872335476349,102.44067689793053,241,236,189,"[241, 236, 189]",0%,2%,22%,5%,"[0%, 2%, 22%, 5%]",92.92,-3.72,23.55,"[92.92, -3.72, 23.55]",https://www.google.com/search?tbm=isch&q=ncs%20NCS%201015-G90Y%20color%20swatch,,,,,,,,,,,,,,,,,,,,,,,,,,,,,,,,,,,,,,,,,,,,
DB,ncs,NCS 1015-R,#f1a1a6,0.7888178372342184,0.09551673771579114,15.384755531368057,241,161,166,"[241, 161, 166]",0%,33%,31%,5%,"[0%, 33%, 31%, 5%]",74.47,31.01,10.26,"[74.47, 31.01, 10.26]",https://www.google.com/search?tbm=isch&q=ncs%20NCS%201015-R%20color%20swatch,,,,,,,,,,,,,,,,,,,,,,,,,,,,,,,,,,,,,,,,,,,,
DB,ncs,NCS 1015-R10B,#f1a4ad,0.7958252651690331,0.09189905353505812,11.689598258301373,241,164,173,"[241, 164, 173]",0%,32%,28%,5%,"[0%, 32%, 28%, 5%]",75.28,30.17,7.58,"[75.28, 30.17, 7.58]",https://www.google.com/search?tbm=isch&q=ncs%20NCS%201015-R10B%20color%20swatch,,,,,,,,,,,,,,,,,,,,,,,,,,,,,,,,,,,,,,,,,,,,
DB,ncs,NCS 1015-R20B,#f1a7b6,0.8034797537484365,0.08909494103907901,5.956614615762987,241,167,182,"[241, 167, 182]",0%,31%,24%,5%,"[0%, 31%, 24%, 5%]",76.14,29.57,3.90,"[76.14, 29.57, 3.90]",https://www.google.com/search?tbm=isch&q=ncs%20NCS%201015-R20B%20color%20swatch,,,,,,,,,,,,,,,,,,,,,,,,,,,,,,,,,,,,,,,,,,,,
DB,ncs,NCS 1015-R40B,#f1b2d2,0.8310231727733566,0.08358074888460869,347.2046735759196,241,178,210,"[241, 178, 210]",0%,26%,13%,5%,"[0%, 26%, 13%, 5%]",79.27,27.15,-6.73,"[79.27, 27.15, -6.73]",https://www.google.com/search?tbm=isch&q=ncs%20NCS%201015-R40B%20color%20swatch,,,,,,,,,,,,,,,,,,,,,,,,,,,,,,,,,,,,,,,,,,,,
DB,ncs,NCS 1015-R60B,#dfb7f1,0.8333687810950838,0.0901315932863329,315.24347683905444,223,183,241,"[223, 183, 241]",7%,24%,0%,5%,"[7%, 24%, 0%, 5%]",79.44,22.48,-23.35,"[79.44, 22.48, -23.35]",https://www.google.com/search?tbm=isch&q=ncs%20NCS%201015-R60B%20color%20swatch,,,,,,,,,,,,,,,,,,,,,,,,,,,,,,,,,,,,,,,,,,,,
DB,ncs,NCS 1015-R80B,#a6b4f1,0.7812316126169008,0.088567669913505,274.19877293890124,166,180,241,"[166, 180, 241]",31%,25%,0%,5%,"[31%, 25%, 0%, 5%]",73.89,5.44,-32.31,"[73.89, 5.44, -32.31]",https://www.google.com/search?tbm=isch&q=ncs%20NCS%201015-R80B%20color%20swatch,,,,,,,,,,,,,,,,,,,,,,,,,,,,,,,,,,,,,,,,,,,,
DB,ncs,NCS 1015-R90B,#acc3f1,0.8157784404249971,0.06989085325040624,264.07545494500573,172,195,241,"[172, 195, 241]",29%,19%,0%,5%,"[29%, 19%, 0%, 5%]",78.25,-0.33,-25.63,"[78.25, -0.33, -25.63]",https://www.google.com/search?tbm=isch&q=ncs%20NCS%201015-R90B%20color%20swatch,,,,,,,,,,,,,,,,,,,,,,,,,,,,,,,,,,,,,,,,,,,,
DB,ncs,NCS 1015-Y,#f1e9bb,0.9289456463612685,0.060408756497162874,99.21963612216342,241,233,187,"[241, 233, 187]",0%,3%,22%,5%,"[0%, 3%, 22%, 5%]",92.13,-2.51,23.50,"[92.13, -2.51, 23.50]",https://www.google.com/search?tbm=isch&q=ncs%20NCS%201015-Y%20color%20swatch,,,,,,,,,,,,,,,,,,,,,,,,,,,,,,,,,,,,,,,,,,,,
DB,ncs,NCS 1015-Y10R,#f1e4b9,0.9185634868254996,0.05783332963831173,93.19705965240246,241,228,185,"[241, 228, 185]",0%,5%,23%,5%,"[0%, 5%, 23%, 5%]",90.84,-0.32,22.77,"[90.84, -0.32, 22.77]",https://www.google.com/search?tbm=isch&q=ncs%20NCS%201015-Y10R%20color%20swatch,,,,,,,,,,,,,,,,,,,,,,,,,,,,,,,,,,,,,,,,,,,,
DB,ncs,NCS 1015-Y20R,#f1dfb7,0.9082379714109704,0.0559764331866049,86.62170627882733,241,223,183,"[241, 223, 183]",0%,7%,24%,5%,"[0%, 7%, 24%, 5%]",89.55,1.88,22.05,"[89.55, 1.88, 22.05]",https://www.google.com/search?tbm=isch&q=ncs%20NCS%201015-Y20R%20color%20swatch,,,,,,,,,,,,,,,,,,,,,,,,,,,,,,,,,,,,,,,,,,,,
DB,ncs,NCS 1015-Y30R,#f1d9b5,0.8960161892254156,0.054391893786256064,77.92517061234594,241,217,181,"[241, 217, 181]",0%,10%,25%,5%,"[0%, 10%, 25%, 5%]",88.02,4.59,21.00,"[88.02, 4.59, 21.00]",https://www.google.com/search?tbm=isch&q=ncs%20NCS%201015-Y30R%20color%20swatch,,,,,,,,,,,,,,,,,,,,,,,,,,,,,,,,,,,,,,,,,,,,
DB,ncs,NCS 1015-Y40R,#f1d2b2,0.8817318603241874,0.054934277315079896,67.90609633906081,241,210,178,"[241, 210, 178]",0%,13%,26%,5%,"[0%, 13%, 26%, 5%]",86.24,7.71,20.13,"[86.24, 7.71, 20.13]",https://www.google.com/search?tbm=isch&q=ncs%20NCS%201015-Y40R%20color%20swatch,,,,,,,,,,,,,,,,,,,,,,,,,,,,,,,,,,,,,,,,,,,,
DB,ncs,NCS 1015-Y50R,#f1cbb0,0.8678158186862334,0.05638393830778885,57.28975036710159,241,203,176,"[241, 203, 176]",0%,16%,27%,5%,"[0%, 16%, 27%, 5%]",84.49,10.96,18.79,"[84.49, 10.96, 18.79]",https://www.google.com/search?tbm=isch&q=ncs%20NCS%201015-Y50R%20color%20swatch,,,,,,,,,,,,,,,,,,,,,,,,,,,,,,,,,,,,,,,,,,,,
DB,ncs,NCS 1015-Y60R,#f1c4ad,0.8538312478827683,0.06041063045737984,48.537120769211015,241,196,173,"[241, 196, 173]",0%,19%,28%,5%,"[0%, 19%, 28%, 5%]",82.74,14.13,17.97,"[82.74, 14.13, 17.97]",https://www.google.com/search?tbm=isch&q=ncs%20NCS%201015-Y60R%20color%20swatch,,,,,,,,,,,,,,,,,,,,,,,,,,,,,,,,,,,,,,,,,,,,
DB,ncs,NCS 1015-Y70R,#f1bca9,0.8379259802483024,0.06694244953799224,40.63263262739633,241,188,169,"[241, 188, 169]",0%,22%,30%,5%,"[0%, 22%, 30%, 5%]",80.75,17.74,17.36,"[80.75, 17.74, 17.36]",https://www.google.com/search?tbm=isch&q=ncs%20NCS%201015-Y70R%20color%20swatch,,,,,,,,,,,,,,,,,,,,,,,,,,,,,,,,,,,,,,,,,,,,
DB,ncs,NCS 1015-Y80R,#f1b3a6,0.8206800159744485,0.07519134319240862,32.10281023324359,241,179,166,"[241, 179, 166]",0%,26%,31%,5%,"[0%, 26%, 31%, 5%]",78.58,21.97,15.97,"[78.58, 21.97, 15.97]",https://www.google.com/search?tbm=isch&q=ncs%20NCS%201015-Y80R%20color%20swatch,,,,,,,,,,,,,,,,,,,,,,,,,,,,,,,,,,,,,,,,,,,,
DB,ncs,NCS 1015-Y90R,#f1aaa5,0.8042796771486166,0.08457595524531168,23.63361708886373,241,170,165,"[241, 170, 165]",0%,29%,32%,5%,"[0%, 29%, 32%, 5%]",76.48,26.40,13.61,"[76.48, 26.40, 13.61]",https://www.google.com/search?tbm=isch&q=ncs%20NCS%201015-Y90R%20color%20swatch,,,,,,,,,,,,,,,,,,,,,,,,,,,,,,,,,,,,,,,,,,,,
DB,ncs,NCS 1020-B,#a5d5f1,0.8487379794593886,0.06344648234741194,234.0737445631445,165,213,241,"[165, 213, 241]",32%,12%,0%,5%,"[32%, 12%, 0%, 5%]",82.60,-11.28,-19.14,"[82.60, -11.28, -19.14]",https://www.google.com/search?tbm=isch&q=ncs%20NCS%201020-B%20color%20swatch,,,,,,,,,,,,,,,,,,,,,,,,,,,,,,,,,,,,,,,,,,,,
DB,ncs,NCS 1020-B10G,#a8dff1,0.8717537472385006,0.061442705988445444,219.9785161803511,168,223,241,"[168, 223, 241]",30%,7%,0%,5%,"[30%, 7%, 0%, 5%]",85.48,-15.14,-14.83,"[85.48, -15.14, -14.83]",https://www.google.com/search?tbm=isch&q=ncs%20NCS%201020-B10G%20color%20swatch,,,,,,,,,,,,,,,,,,,,,,,,,,,,,,,,,,,,,,,,,,,,
DB,ncs,NCS 1020-B30G,#adebf1,0.9002698615007313,0.06284966678381523,203.56181742083902,173,235,241,"[173, 235, 241]",28%,2%,0%,5%,"[28%, 2%, 0%, 5%]",89.01,-19.22,-9.58,"[89.01, -19.22, -9.58]",https://www.google.com/search?tbm=isch&q=ncs%20NCS%201020-B30G%20color%20swatch,,,,,,,,,,,,,,,,,,,,,,,,,,,,,,,,,,,,,,,,,,,,
DB,ncs,NCS 1020-B40G,#afeff1,0.9099721344712265,0.06412786068928045,198.48661798608669,175,239,241,"[175, 239, 241]",27%,1%,0%,5%,"[27%, 1%, 0%, 5%]",90.21,-20.46,-7.81,"[90.21, -20.46, -7.81]",https://www.google.com/search?tbm=isch&q=ncs%20NCS%201020-B40G%20color%20swatch,,,,,,,,,,,,,,,,,,,,,,,,,,,,,,,,,,,,,,,,,,,,
DB,ncs,NCS 1020-B50G,#aef1ef,0.9130941076665626,0.06684872261096149,193.68739562798896,174,241,239,"[174, 241, 239]",28%,0%,1%,5%,"[28%, 0%, 1%, 5%]",90.65,-21.99,-6.14,"[90.65, -21.99, -6.14]",https://www.google.com/search?tbm=isch&q=ncs%20NCS%201020-B50G%20color%20swatch,,,,,,,,,,,,,,,,,,,,,,,,,,,,,,,,,,,,,,,,,,,,
DB,ncs,NCS 1020-B60G,#adf1eb,0.9113337788567396,0.06826991921149989,189.14750153460136,173,241,235,"[173, 241, 235]",28%,0%,2%,5%,"[28%, 0%, 2%, 5%]",90.50,-22.95,-4.29,"[90.50, -22.95, -4.29]",https://www.google.com/search?tbm=isch&q=ncs%20NCS%201020-B60G%20color%20swatch,,,,,,,,,,,,,,,,,,,,,,,,,,,,,,,,,,,,,,,,,,,,
DB,ncs,NCS 1020-B70G,#abf1e7,0.9090474101863572,0.07099290133441251,184.94934638059362,171,241,231,"[171, 241, 231]",29%,0%,4%,5%,"[29%, 0%, 4%, 5%]",90.30,-24.19,-2.52,"[90.30, -24.19, -2.52]",https://www.google.com/search?tbm=isch&q=ncs%20NCS%201020-B70G%20color%20swatch,,,,,,,,,,,,,,,,,,,,,,,,,,,,,,,,,,,,,,,,,,,,
DB,ncs,NCS 1020-B90G,#a2f1ce,0.8973177371480401,0.09185020621490696,164.9023007452953,162,241,206,"[162, 241, 206]",33%,0%,15%,5%,"[33%, 0%, 15%, 5%]",89.32,-30.77,8.90,"[89.32, -30.77, 8.90]",https://www.google.com/search?tbm=isch&q=ncs%20NCS%201020-B90G%20color%20swatch,,,,,,,,,,,,,,,,,,,,,,,,,,,,,,,,,,,,,,,,,,,,
DB,ncs,NCS 1020-G,#9cf1bd,0.890027978829693,0.11002301080423313,156.4751301533637,156,241,189,"[156, 241, 189]",35%,0%,22%,5%,"[35%, 0%, 22%, 5%]",88.70,-35.01,16.72,"[88.70, -35.01, 16.72]",https://www.google.com/search?tbm=isch&q=ncs%20NCS%201020-G%20color%20swatch,,,,,,,,,,,,,,,,,,,,,,,,,,,,,,,,,,,,,,,,,,,,
DB,ncs,NCS 1020-G10Y,#b3f1b5,0.900886469973163,0.1025779605478951,145.44409384686185,179,241,181,"[179, 241, 181]",26%,0%,25%,5%,"[26%, 0%, 25%, 5%]",89.81,-28.86,22.54,"[89.81, -28.86, 22.54]",https://www.google.com/search?tbm=isch&q=ncs%20NCS%201020-G10Y%20color%20swatch,,,,,,,,,,,,,,,,,,,,,,,,,,,,,,,,,,,,,,,,,,,,
DB,ncs,NCS 1020-G20Y,#c2f1af,0.9088861686324933,0.1001794868167613,136.83798955334044,194,241,175,"[194, 241, 175]",20%,0%,27%,5%,"[20%, 0%, 27%, 5%]",90.62,-24.50,26.86,"[90.62, -24.50, 26.86]",https://www.google.com/search?tbm=isch&q=ncs%20NCS%201020-G20Y%20color%20swatch,,,,,,,,,,,,,,,,,,,,,,,,,,,,,,,,,,,,,,,,,,,,
DB,ncs,NCS 1020-G30Y,#cef1aa,0.9158558940897472,0.09985423237989366,129.50397614735982,206,241,170,"[206, 241, 170]",15%,0%,29%,5%,"[15%, 0%, 29%, 5%]",91.34,-20.81,30.48,"[91.34, -20.81, 30.48]",https://www.google.com/search?tbm=isch&q=ncs%20NCS%201020-G30Y%20color%20swatch,,,,,,,,,,,,,,,,,,,,,,,,,,,,,,,,,,,,,,,,,,,,
DB,ncs,NCS 1020-G40Y,#d8f1a6,0.9221003002324774,0.10045625788692064,123.32440644558972,216,241,166,"[216, 241, 166]",10%,0%,31%,5%,"[10%, 0%, 31%, 5%]",91.98,-17.59,33.47,"[91.98, -17.59, 33.47]",https://www.google.com/search?tbm=isch&q=ncs%20NCS%201020-G40Y%20color%20swatch,,,,,,,,,,,,,,,,,,,,,,,,,,,,,,,,,,,,,,,,,,,,
DB,ncs,NCS 1020-G50Y,#e1f1a9,0.9292268370981199,0.09416593391912997,118.44230306492727,225,241,169,"[225, 241, 169]",7%,0%,30%,5%,"[7%, 0%, 30%, 5%]",92.67,-13.98,33.03,"[92.67, -13.98, 33.03]",https://www.google.com/search?tbm=isch&q=ncs%20NCS%201020-G50Y%20color%20swatch,,,,,,,,,,,,,,,,,,,,,,,,,,,,,,,,,,,,,,,,,,,,
DB,ncs,NCS 1020-G60Y,#e7f1ac,0.9343020227923844,0.0892203425692747,114.84470143602249,231,241,172,"[231, 241, 172]",4%,0%,29%,5%,"[4%, 0%, 29%, 5%]",93.16,-11.47,32.28,"[93.16, -11.47, 32.28]",https://www.google.com/search?tbm=isch&q=ncs%20NCS%201020-G60Y%20color%20swatch,,,,,,,,,,,,,,,,,,,,,,,,,,,,,,,,,,,,,,,,,,,,
DB,ncs,NCS 1020-G70Y,#eef1ae,0.9400751627228087,0.08576752942501954,110.07450499352615,238,241,174,"[238, 241, 174]",1%,0%,28%,5%,"[1%, 0%, 28%, 5%]",93.73,-8.67,32.15,"[93.73, -8.67, 32.15]",https://www.google.com/search?tbm=isch&q=ncs%20NCS%201020-G70Y%20color%20swatch,,,,,,,,,,,,,,,,,,,,,,,,,,,,,,,,,,,,,,,,,,,,
DB,ncs,NCS 1020-G80Y,#f1efae,0.938379202118851,0.08311715053792089,106.40068522144452,241,239,174,"[241, 239, 174]",0%,1%,28%,5%,"[0%, 1%, 28%, 5%]",93.46,-6.60,31.84,"[93.46, -6.60, 31.84]",https://www.google.com/search?tbm=isch&q=ncs%20NCS%201020-G80Y%20color%20swatch,,,,,,,,,,,,,,,,,,,,,,,,,,,,,,,,,,,,,,,,,,,,
DB,ncs,NCS 1020-G90Y,#f1eaad,0.9280999258019849,0.07858152950480429,102.27236466481645,241,234,173,"[241, 234, 173]",0%,3%,28%,5%,"[0%, 3%, 28%, 5%]",92.17,-4.34,30.65,"[92.17, -4.34, 30.65]",https://www.google.com/search?tbm=isch&q=ncs%20NCS%201020-G90Y%20color%20swatch,,,,,,,,,,,,,,,,,,,,,,,,,,,,,,,,,,,,,,,,,,,,
DB,ncs,NCS 1020-R,#f18d94,0.7509873279548651,0.12158458953887849,15.928898704627215,241,141,148,"[241, 141, 148]",0%,41%,39%,5%,"[0%, 41%, 39%, 5%]",69.80,39.38,13.68,"[69.80, 39.38, 13.68]",https://www.google.com/search?tbm=isch&q=ncs%20NCS%201020-R%20color%20swatch,,,,,,,,,,,,,,,,,,,,,,,,,,,,,,,,,,,,,,,,,,,,
DB,ncs,NCS 1020-R10B,#f1909c,0.7578434692777571,0.11791470268114762,12.307123629626233,241,144,156,"[241, 144, 156]",0%,40%,35%,5%,"[0%, 40%, 35%, 5%]",70.58,38.57,10.33,"[70.58, 38.57, 10.33]",https://www.google.com/search?tbm=isch&q=ncs%20NCS%201020-R10B%20color%20swatch,,,,,,,,,,,,,,,,,,,,,,,,,,,,,,,,,,,,,,,,,,,,
DB,ncs,NCS 1020-R20B,#f194a7,0.7672847262063283,0.11380061768925742,6.885138873173673,241,148,167,"[241, 148, 167]",0%,39%,31%,5%,"[0%, 39%, 31%, 5%]",71.65,37.58,5.75,"[71.65, 37.58, 5.75]",https://www.google.com/search?tbm=isch&q=ncs%20NCS%201020-R20B%20color%20swatch,,,,,,,,,,,,,,,,,,,,,,,,,,,,,,,,,,,,,,,,,,,,
DB,ncs,NCS 1020-R30B,#f19ab5,0.781144264828348,0.10860481945313251,359.8459660500173,241,154,181,"[241, 154, 181]",0%,36%,25%,5%,"[0%, 36%, 25%, 5%]",73.25,35.97,0.31,"[73.25, 35.97, 0.31]",https://www.google.com/search?tbm=isch&q=ncs%20NCS%201020-R30B%20color%20swatch,,,,,,,,,,,,,,,,,,,,,,,,,,,,,,,,,,,,,,,,,,,,
DB,ncs,NCS 1020-R40B,#f1a1c9,0.798972366804953,0.10675350219258227,348.41218095471277,241,161,201,"[241, 161, 201]",0%,33%,17%,5%,"[0%, 33%, 17%, 5%]",75.24,34.63,-7.75,"[75.24, 34.63, -7.75]",https://www.google.com/search?tbm=isch&q=ncs%20NCS%201020-R40B%20color%20swatch,,,,,,,,,,,,,,,,,,,,,,,,,,,,,,,,,,,,,,,,,,,,
DB,ncs,NCS 1020-R50B,#f1aae4,0.8232908464954021,0.11131573647004828,333.2182399061237,241,170,228,"[241, 170, 228]",0%,29%,5%,5%,"[0%, 29%, 5%, 5%]",77.93,33.40,-18.42,"[77.93, 33.40, -18.42]",https://www.google.com/search?tbm=isch&q=ncs%20NCS%201020-R50B%20color%20swatch,,,,,,,,,,,,,,,,,,,,,,,,,,,,,,,,,,,,,,,,,,,,
DB,ncs,NCS 1020-R60B,#d9a7f1,0.799365195360527,0.1149126322561786,314.5046953868674,217,167,241,"[217, 167, 241]",10%,31%,0%,5%,"[10%, 31%, 0%, 5%]",75.12,28.63,-29.96,"[75.12, 28.63, -29.96]",https://www.google.com/search?tbm=isch&q=ncs%20NCS%201020-R60B%20color%20swatch,,,,,,,,,,,,,,,,,,,,,,,,,,,,,,,,,,,,,,,,,,,,
DB,ncs,NCS 1020-R70B,#c1a7f1,0.7775244676539298,0.1068065407037158,300.0778986781618,193,167,241,"[193, 167, 241]",20%,31%,0%,5%,"[20%, 31%, 0%, 5%]",72.83,20.75,-33.71,"[72.83, 20.75, -33.71]",https://www.google.com/search?tbm=isch&q=ncs%20NCS%201020-R70B%20color%20swatch,,,,,,,,,,,,,,,,,,,,,,,,,,,,,,,,,,,,,,,,,,,,
DB,ncs,NCS 1020-R80B,#93a5f1,0.7378542970334865,0.11210241671498158,273.19489453158974,147,165,241,"[147, 165, 241]",39%,32%,0%,5%,"[39%, 32%, 0%, 5%]",68.60,7.60,-40.59,"[68.60, 7.60, -40.59]",https://www.google.com/search?tbm=isch&q=ncs%20NCS%201020-R80B%20color%20swatch,,,,,,,,,,,,,,,,,,,,,,,,,,,,,,,,,,,,,,,,,,,,
DB,ncs,NCS 1020-R90B,#9ab7f1,0.7791460791202502,0.0892451454103776,263.84630701475794,154,183,241,"[154, 183, 241]",36%,24%,0%,5%,"[36%, 24%, 0%, 5%]",73.85,0.30,-32.46,"[73.85, 0.30, -32.46]",https://www.google.com/search?tbm=isch&q=ncs%20NCS%201020-R90B%20color%20swatch,,,,,,,,,,,,,,,,,,,,,,,,,,,,,,,,,,,,,,,,,,,,
DB,ncs,NCS 1020-Y,#f1e7ab,0.9216872372967959,0.07774400113400051,99.74966895802487,241,231,171,"[241, 231, 171]",0%,4%,29%,5%,"[0%, 4%, 29%, 5%]",91.38,-3.11,30.62,"[91.38, -3.11, 30.62]",https://www.google.com/search?tbm=isch&q=ncs%20NCS%201020-Y%20color%20swatch,,,,,,,,,,,,,,,,,,,,,,,,,,,,,,,,,,,,,,,,,,,,
DB,ncs,NCS 1020-Y10R,#f1e0a9,0.9073180928317048,0.07331063223177477,92.93212054867575,241,224,169,"[241, 224, 169]",0%,7%,30%,5%,"[0%, 7%, 30%, 5%]",89.59,0.05,29.26,"[89.59, 0.05, 29.26]",https://www.google.com/search?tbm=isch&q=ncs%20NCS%201020-Y10R%20color%20swatch,,,,,,,,,,,,,,,,,,,,,,,,,,,,,,,,,,,,,,,,,,,,
DB,ncs,NCS 1020-Y20R,#f1d9a7,0.8930705642405466,0.07007731147524272,85.24871561678611,241,217,167,"[241, 217, 167]",0%,10%,31%,5%,"[0%, 10%, 31%, 5%]",87.80,3.25,27.92,"[87.80, 3.25, 27.92]",https://www.google.com/search?tbm=isch&q=ncs%20NCS%201020-Y20R%20color%20swatch,,,,,,,,,,,,,,,,,,,,,,,,,,,,,,,,,,,,,,,,,,,,
DB,ncs,NCS 1020-Y30R,#f1d2a4,0.8787540949627776,0.06933182602695517,77.42354096608818,241,210,164,"[241, 210, 164]",0%,13%,32%,5%,"[0%, 13%, 32%, 5%]",86.02,6.39,27.09,"[86.02, 6.39, 27.09]",https://www.google.com/search?tbm=isch&q=ncs%20NCS%201020-Y30R%20color%20swatch,,,,,,,,,,,,,,,,,,,,,,,,,,,,,,,,,,,,,,,,,,,,
DB,ncs,NCS 1020-Y40R,#f1caa1,0.8626542147356097,0.06979707074425007,68.09043835663431,241,202,161,"[241, 202, 161]",0%,16%,33%,5%,"[0%, 16%, 33%, 5%]",84.00,10.05,25.96,"[84.00, 10.05, 25.96]",https://www.google.com/search?tbm=isch&q=ncs%20NCS%201020-Y40R%20color%20swatch,,,,,,,,,,,,,,,,,,,,,,,,,,,,,,,,,,,,,,,,,,,,
DB,ncs,NCS 1020-Y50R,#f1c19e,0.8448703750797811,0.07234412750913934,57.66294085536907,241,193,158,"[241, 193, 158]",0%,20%,34%,5%,"[0%, 20%, 34%, 5%]",81.77,14.25,24.55,"[81.77, 14.25, 24.55]",https://www.google.com/search?tbm=isch&q=ncs%20NCS%201020-Y50R%20color%20swatch,,,,,,,,,,,,,,,,,,,,,,,,,,,,,,,,,,,,,,,,,,,,
DB,ncs,NCS 1020-Y60R,#f1b89a,0.8271742311696616,0.07792980740712714,48.99573928376782,241,184,154,"[241, 184, 154]",0%,24%,36%,5%,"[0%, 24%, 36%, 5%]",79.55,18.39,23.69,"[79.55, 18.39, 23.69]",https://www.google.com/search?tbm=isch&q=ncs%20NCS%201020-Y60R%20color%20swatch,,,,,,,,,,,,,,,,,,,,,,,,,,,,,,,,,,,,,,,,,,,,
DB,ncs,NCS 1020-Y70R,#f1ae97,0.8082114855964041,0.08544785358694963,39.75572861760446,241,174,151,"[241, 174, 151]",0%,28%,37%,5%,"[0%, 28%, 37%, 5%]",77.16,23.16,22.07,"[77.16, 23.16, 22.07]",https://www.google.com/search?tbm=isch&q=ncs%20NCS%201020-Y70R%20color%20swatch,,,,,,,,,,,,,,,,,,,,,,,,,,,,,,,,,,,,,,,,,,,,
DB,ncs,NCS 1020-Y80R,#f1a393,0.7877470273440759,0.09627794625841106,32.077020398190086,241,163,147,"[241, 163, 147]",0%,32%,39%,5%,"[0%, 32%, 39%, 5%]",74.57,28.35,20.74,"[74.57, 28.35, 20.74]",https://www.google.com/search?tbm=isch&q=ncs%20NCS%201020-Y80R%20color%20swatch,,,,,,,,,,,,,,,,,,,,,,,,,,,,,,,,,,,,,,,,,,,,
DB,ncs,NCS 1020-Y90R,#f19892,0.7686128027591517,0.10810872501828743,24.072151969668028,241,152,146,"[241, 152, 146]",0%,37%,39%,5%,"[0%, 37%, 39%, 5%]",72.11,33.78,17.96,"[72.11, 33.78, 17.96]",https://www.google.com/search?tbm=isch&q=ncs%20NCS%201020-Y90R%20color%20swatch,,,,,,,,,,,,,,,,,,,,,,,,,,,,,,,,,,,,,,,,,,,,
DB,ncs,NCS 1030-B,#86c9f1,0.8056732694508099,0.08839680769885577,235.60413517742495,134,201,241,"[134, 201, 241]",44%,17%,0%,5%,"[44%, 17%, 0%, 5%]",77.58,-14.19,-26.90,"[77.58, -14.19, -26.90]",https://www.google.com/search?tbm=isch&q=ncs%20NCS%201030-B%20color%20swatch,,,,,,,,,,,,,,,,,,,,,,,,,,,,,,,,,,,,,,,,,,,,
DB,ncs,NCS 1030-B10G,#8bd7f1,0.8387792707937932,0.08332847434172698,221.6489293348052,139,215,241,"[139, 215, 241]",42%,11%,0%,5%,"[42%, 11%, 0%, 5%]",81.72,-19.50,-20.62,"[81.72, -19.50, -20.62]",https://www.google.com/search?tbm=isch&q=ncs%20NCS%201030-B10G%20color%20swatch,,,,,,,,,,,,,,,,,,,,,,,,,,,,,,,,,,,,,,,,,,,,
DB,ncs,NCS 1030-B30G,#90e8f1,0.8786285468492415,0.08554291047726219,204.03775473024393,144,232,241,"[144, 232, 241]",40%,4%,0%,5%,"[40%, 4%, 0%, 5%]",86.69,-25.93,-13.19,"[86.69, -25.93, -13.19]",https://www.google.com/search?tbm=isch&q=ncs%20NCS%201030-B30G%20color%20swatch,,,,,,,,,,,,,,,,,,,,,,,,,,,,,,,,,,,,,,,,,,,,
DB,ncs,NCS 1030-B40G,#92eef1,0.8928357445843088,0.08799474727739877,198.3507621863348,146,238,241,"[146, 238, 241]",39%,1%,0%,5%,"[39%, 1%, 0%, 5%]",88.46,-28.07,-10.58,"[88.46, -28.07, -10.58]",https://www.google.com/search?tbm=isch&q=ncs%20NCS%201030-B40G%20color%20swatch,,,,,,,,,,,,,,,,,,,,,,,,,,,,,,,,,,,,,,,,,,,,
DB,ncs,NCS 1030-B50G,#92f1ee,0.8985390850412194,0.0905134207950604,193.04514282061882,146,241,238,"[146, 241, 238]",39%,0%,1%,5%,"[39%, 0%, 1%, 5%]",89.22,-29.92,-7.90,"[89.22, -29.92, -7.90]",https://www.google.com/search?tbm=isch&q=ncs%20NCS%201030-B50G%20color%20swatch,,,,,,,,,,,,,,,,,,,,,,,,,,,,,,,,,,,,,,,,,,,,
DB,ncs,NCS 1030-B60G,#90f1e8,0.8957791051937992,0.09303350707334464,188.0174144188527,144,241,232,"[144, 241, 232]",40%,0%,4%,5%,"[40%, 0%, 4%, 5%]",89.00,-31.51,-5.13,"[89.00, -31.51, -5.13]",https://www.google.com/search?tbm=isch&q=ncs%20NCS%201030-B60G%20color%20swatch,,,,,,,,,,,,,,,,,,,,,,,,,,,,,,,,,,,,,,,,,,,,
DB,ncs,NCS 1030-B70G,#8ef1e2,0.8930814474113815,0.09625260775746616,183.30117755107744,142,241,226,"[142, 241, 226]",41%,0%,6%,5%,"[41%, 0%, 6%, 5%]",88.77,-33.09,-2.36,"[88.77, -33.09, -2.36]",https://www.google.com/search?tbm=isch&q=ncs%20NCS%201030-B70G%20color%20swatch,,,,,,,,,,,,,,,,,,,,,,,,,,,,,,,,,,,,,,,,,,,,
DB,ncs,NCS 1030-B90G,#84f1c0,0.8795533680693269,0.12328999129231867,162.98606247503517,132,241,192,"[132, 241, 192]",45%,0%,20%,5%,"[45%, 0%, 20%, 5%]",87.67,-41.25,13.55,"[87.67, -41.25, 13.55]",https://www.google.com/search?tbm=isch&q=ncs%20NCS%201030-B90G%20color%20swatch,,,,,,,,,,,,,,,,,,,,,,,,,,,,,,,,,,,,,,,,,,,,
DB,ncs,NCS 1030-G,#7df1aa,0.871644735931242,0.1461114980707672,154.97705631528447,125,241,170,"[125, 241, 170]",48%,0%,29%,5%,"[48%, 0%, 29%, 5%]",87.02,-46.24,23.83,"[87.02, -46.24, 23.83]",https://www.google.com/search?tbm=isch&q=ncs%20NCS%201030-G%20color%20swatch,,,,,,,,,,,,,,,,,,,,,,,,,,,,,,,,,,,,,,,,,,,,
DB,ncs,NCS 1030-G10Y,#9bf19f,0.8831653701251215,0.1392644526134758,145.33123252713665,155,241,159,"[155, 241, 159]",36%,0%,34%,5%,"[36%, 0%, 34%, 5%]",88.19,-39.17,31.17,"[88.19, -39.17, 31.17]",https://www.google.com/search?tbm=isch&q=ncs%20NCS%201030-G10Y%20color%20swatch,,,,,,,,,,,,,,,,,,,,,,,,,,,,,,,,,,,,,,,,,,,,
DB,ncs,NCS 1030-G20Y,#b0f195,0.8929290803267695,0.13764410462465543,136.9095267717904,176,241,149,"[176, 241, 149]",27%,0%,38%,5%,"[27%, 0%, 38%, 5%]",89.18,-33.45,37.65,"[89.18, -33.45, 37.65]",https://www.google.com/search?tbm=isch&q=ncs%20NCS%201030-G20Y%20color%20swatch,,,,,,,,,,,,,,,,,,,,,,,,,,,,,,,,,,,,,,,,,,,,
DB,ncs,NCS 1030-G30Y,#c1f18e,0.9022913360103767,0.13641360167885117,129.85915835768378,193,241,142,"[193, 241, 142]",20%,0%,41%,5%,"[20%, 0%, 41%, 5%]",90.12,-28.19,42.49,"[90.12, -28.19, 42.49]",https://www.google.com/search?tbm=isch&q=ncs%20NCS%201030-G30Y%20color%20swatch,,,,,,,,,,,,,,,,,,,,,,,,,,,,,,,,,,,,,,,,,,,,
DB,ncs,NCS 1030-G40Y,#cef188,0.9100877325668035,0.1371027031574323,124.16710865352115,206,241,136,"[206, 241, 136]",15%,0%,44%,5%,"[15%, 0%, 44%, 5%]",90.91,-23.95,46.55,"[90.91, -23.95, 46.55]",https://www.google.com/search?tbm=isch&q=ncs%20NCS%201030-G40Y%20color%20swatch,,,,,,,,,,,,,,,,,,,,,,,,,,,,,,,,,,,,,,,,,,,,
DB,ncs,NCS 1030-G50Y,#daf18b,0.9190565180582466,0.12976493094529873,119.41871252295704,218,241,139,"[218, 241, 139]",10%,0%,42%,5%,"[10%, 0%, 42%, 5%]",91.79,-19.22,46.42,"[91.79, -19.22, 46.42]",https://www.google.com/search?tbm=isch&q=ncs%20NCS%201030-G50Y%20color%20swatch,,,,,,,,,,,,,,,,,,,,,,,,,,,,,,,,,,,,,,,,,,,,
DB,ncs,NCS 1030-G60Y,#e3f18e,0.9261886423665491,0.12411370257245254,115.4514060989049,227,241,142,"[227, 241, 142]",6%,0%,41%,5%,"[6%, 0%, 41%, 5%]",92.48,-15.57,46.02,"[92.48, -15.57, 46.02]",https://www.google.com/search?tbm=isch&q=ncs%20NCS%201030-G60Y%20color%20swatch,,,,,,,,,,,,,,,,,,,,,,,,,,,,,,,,,,,,,,,,,,,,
DB,ncs,NCS 1030-G70Y,#ecf191,0.9335661940027563,0.11913539382127014,111.06147359904315,236,241,145,"[236, 241, 145]",2%,0%,40%,5%,"[2%, 0%, 40%, 5%]",93.21,-11.90,45.66,"[93.21, -11.90, 45.66]",https://www.google.com/search?tbm=isch&q=ncs%20NCS%201030-G70Y%20color%20swatch,,,,,,,,,,,,,,,,,,,,,,,,,,,,,,,,,,,,,,,,,,,,
DB,ncs,NCS 1030-G80Y,#f1ee92,0.9315287571481418,0.1140322952524869,106.78733708612356,241,238,146,"[241, 238, 146]",0%,1%,39%,5%,"[0%, 1%, 39%, 5%]",92.84,-8.50,44.84,"[92.84, -8.50, 44.84]",https://www.google.com/search?tbm=isch&q=ncs%20NCS%201030-G80Y%20color%20swatch,,,,,,,,,,,,,,,,,,,,,,,,,,,,,,,,,,,,,,,,,,,,
DB,ncs,NCS 1030-G90Y,#f1e890,0.9190022780723688,0.10970382009212586,103.24184555110492,241,232,144,"[241, 232, 144]",0%,4%,40%,5%,"[0%, 4%, 40%, 5%]",91.29,-5.84,43.88,"[91.29, -5.84, 43.88]",https://www.google.com/search?tbm=isch&q=ncs%20NCS%201030-G90Y%20color%20swatch,,,,,,,,,,,,,,,,,,,,,,,,,,,,,,,,,,,,,,,,,,,,
DB,ncs,NCS 1030-R,#f16d76,0.6963319713022509,0.1627487644195035,18.159662486779382,241,109,118,"[241, 109, 118]",0%,55%,51%,5%,"[0%, 55%, 51%, 5%]",63.04,52.37,21.38,"[63.04, 52.37, 21.38]",https://www.google.com/search?tbm=isch&q=ncs%20NCS%201030-R%20color%20swatch,,,,,,,,,,,,,,,,,,,,,,,,,,,,,,,,,,,,,,,,,,,,
DB,ncs,NCS 1030-R10B,#f17080,0.702706184657297,0.1590453383943378,14.450946102084401,241,112,128,"[241, 112, 128]",0%,54%,47%,5%,"[0%, 54%, 47%, 5%]",63.75,51.65,16.64,"[63.75, 51.65, 16.64]",https://www.google.com/search?tbm=isch&q=ncs%20NCS%201030-R10B%20color%20swatch,,,,,,,,,,,,,,,,,,,,,,,,,,,,,,,,,,,,,,,,,,,,
DB,ncs,NCS 1030-R20B,#f1748d,0.7114981804901627,0.15494403805261198,9.315355228384362,241,116,141,"[241, 116, 141]",0%,52%,41%,5%,"[0%, 52%, 41%, 5%]",64.73,50.75,10.59,"[64.73, 50.75, 10.59]",https://www.google.com/search?tbm=isch&q=ncs%20NCS%201030-R20B%20color%20swatch,,,,,,,,,,,,,,,,,,,,,,,,,,,,,,,,,,,,,,,,,,,,
DB,ncs,NCS 1030-R30B,#f17aa0,0.7252851476970492,0.15070765803797642,1.3112666309394285,241,122,160,"[241, 122, 160]",0%,49%,34%,5%,"[0%, 49%, 34%, 5%]",66.26,49.50,1.97,"[66.26, 49.50, 1.97]",https://www.google.com/search?tbm=isch&q=ncs%20NCS%201030-R30B%20color%20swatch,,,,,,,,,,,,,,,,,,,,,,,,,,,,,,,,,,,,,,,,,,,,
DB,ncs,NCS 1030-R40B,#f182b9,0.7447968484437895,0.1489440280671994,350.28870793157375,241,130,185,"[241, 130, 185]",0%,46%,23%,5%,"[0%, 46%, 23%, 5%]",68.40,48.08,-8.97,"[68.40, 48.08, -8.97]",https://www.google.com/search?tbm=isch&q=ncs%20NCS%201030-R40B%20color%20swatch,,,,,,,,,,,,,,,,,,,,,,,,,,,,,,,,,,,,,,,,,,,,
DB,ncs,NCS 1030-R50B,#f18dde,0.7746662304972478,0.15616495291292604,334.3473908861497,241,141,222,"[241, 141, 222]",0%,41%,8%,5%,"[0%, 41%, 8%, 5%]",71.62,46.97,-24.65,"[71.62, 46.97, -24.65]",https://www.google.com/search?tbm=isch&q=ncs%20NCS%201030-R50B%20color%20swatch,,,,,,,,,,,,,,,,,,,,,,,,,,,,,,,,,,,,,,,,,,,,
DB,ncs,NCS 1030-R60B,#d088f1,0.7388126005439097,0.1632995041328309,314.50988606178976,208,136,241,"[208, 136, 241]",14%,44%,0%,5%,"[14%, 44%, 0%, 5%]",67.29,41.54,-42.12,"[67.29, 41.54, -42.12]",https://www.google.com/search?tbm=isch&q=ncs%20NCS%201030-R60B%20color%20swatch,,,,,,,,,,,,,,,,,,,,,,,,,,,,,,,,,,,,,,,,,,,,
DB,ncs,NCS 1030-R70B,#ae8af1,0.7086820916392231,0.14973400643672372,298.6441622170778,174,138,241,"[174, 138, 241]",28%,43%,0%,5%,"[28%, 43%, 0%, 5%]",64.14,30.05,-47.35,"[64.14, 30.05, -47.35]",https://www.google.com/search?tbm=isch&q=ncs%20NCS%201030-R70B%20color%20swatch,,,,,,,,,,,,,,,,,,,,,,,,,,,,,,,,,,,,,,,,,,,,
DB,ncs,NCS 1030-R80B,#738bf1,0.6649336014454702,0.15344928467470934,271.6927798587524,115,139,241,"[115, 139, 241]",52%,42%,0%,5%,"[52%, 42%, 0%, 5%]",59.58,13.05,-54.92,"[59.58, 13.05, -54.92]",https://www.google.com/search?tbm=isch&q=ncs%20NCS%201030-R80B%20color%20swatch,,,,,,,,,,,,,,,,,,,,,,,,,,,,,,,,,,,,,,,,,,,,
DB,ncs,NCS 1030-R90B,#7aa1f1,0.7138404282977427,0.12515312197991005,263.73151166840034,122,161,241,"[122, 161, 241]",49%,33%,0%,5%,"[49%, 33%, 0%, 5%]",65.91,2.90,-44.92,"[65.91, 2.90, -44.92]",https://www.google.com/search?tbm=isch&q=ncs%20NCS%201030-R90B%20color%20swatch,,,,,,,,,,,,,,,,,,,,,,,,,,,,,,,,,,,,,,,,,,,,
DB,ncs,NCS 1030-Y,#f1e28e,0.9065532757281191,0.10583548933004489,99.36188989187792,241,226,142,"[241, 226, 142]",0%,6%,41%,5%,"[0%, 6%, 41%, 5%]",89.74,-3.15,42.93,"[89.74, -3.15, 42.93]",https://www.google.com/search?tbm=isch&q=ncs%20NCS%201030-Y%20color%20swatch,,,,,,,,,,,,,,,,,,,,,,,,,,,,,,,,,,,,,,,,,,,,
DB,ncs,NCS 1030-Y10R,#f1d98b,0.8880405642275775,0.10106716716221062,92.92084170963273,241,217,139,"[241, 217, 139]",0%,10%,42%,5%,"[0%, 10%, 42%, 5%]",87.43,0.93,41.54,"[87.43, 0.93, 41.54]",https://www.google.com/search?tbm=isch&q=ncs%20NCS%201030-Y10R%20color%20swatch,,,,,,,,,,,,,,,,,,,,,,,,,,,,,,,,,,,,,,,,,,,,
DB,ncs,NCS 1030-Y20R,#f1d088,0.8697440113513845,0.09777865499595659,85.80917217645663,241,208,136,"[241, 208, 136]",0%,14%,44%,5%,"[0%, 14%, 44%, 5%]",85.14,5.08,40.18,"[85.14, 5.08, 40.18]",https://www.google.com/search?tbm=isch&q=ncs%20NCS%201030-Y20R%20color%20swatch,,,,,,,,,,,,,,,,,,,,,,,,,,,,,,,,,,,,,,,,,,,,
DB,ncs,NCS 1030-Y30R,#f1c585,0.8478275352044392,0.09547766518253617,76.23246972456991,241,197,133,"[241, 197, 133]",0%,18%,45%,5%,"[0%, 18%, 45%, 5%]",82.39,10.27,38.26,"[82.39, 10.27, 38.26]",https://www.google.com/search?tbm=isch&q=ncs%20NCS%201030-Y30R%20color%20swatch,,,,,,,,,,,,,,,,,,,,,,,,,,,,,,,,,,,,,,,,,,,,
DB,ncs,NCS 1030-Y40R,#f1bb82,0.8282279959109826,0.09620615390525089,67.36098876440178,241,187,130,"[241, 187, 130]",0%,22%,46%,5%,"[0%, 22%, 46%, 5%]",79.93,15.03,36.69,"[79.93, 15.03, 36.69]",https://www.google.com/search?tbm=isch&q=ncs%20NCS%201030-Y40R%20color%20swatch,,,,,,,,,,,,,,,,,,,,,,,,,,,,,,,,,,,,,,,,,,,,
DB,ncs,NCS 1030-Y50R,#f1af7f,0.8053481045845781,0.0998836655989043,56.79353216330992,241,175,127,"[241, 175, 127]",0%,27%,47%,5%,"[0%, 27%, 47%, 5%]",77.04,20.83,34.60,"[77.04, 20.83, 34.60]",https://www.google.com/search?tbm=isch&q=ncs%20NCS%201030-Y50R%20color%20swatch,,,,,,,,,,,,,,,,,,,,,,,,,,,,,,,,,,,,,,,,,,,,
DB,ncs,NCS 1030-Y60R,#f1a37b,0.7829690901888567,0.107534892043983,47.827058107646735,241,163,123,"[241, 163, 123]",0%,32%,49%,5%,"[0%, 32%, 49%, 5%]",74.21,26.58,33.12,"[74.21, 26.58, 33.12]",https://www.google.com/search?tbm=isch&q=ncs%20NCS%201030-Y60R%20color%20swatch,,,,,,,,,,,,,,,,,,,,,,,,,,,,,,,,,,,,,,,,,,,,
DB,ncs,NCS 1030-Y70R,#f19677,0.7596669890983393,0.11850147646517002,39.54462904823265,241,150,119,"[241, 150, 119]",0%,38%,51%,5%,"[0%, 38%, 51%, 5%]",71.25,32.83,31.49,"[71.25, 32.83, 31.49]",https://www.google.com/search?tbm=isch&q=ncs%20NCS%201030-Y70R%20color%20swatch,,,,,,,,,,,,,,,,,,,,,,,,,,,,,,,,,,,,,,,,,,,,
DB,ncs,NCS 1030-Y80R,#f18973,0.7374313693665959,0.13165943964490404,32.94500462807463,241,137,115,"[241, 137, 115]",0%,43%,52%,5%,"[0%, 43%, 52%, 5%]",68.42,39.01,30.05,"[68.42, 39.01, 30.05]",https://www.google.com/search?tbm=isch&q=ncs%20NCS%201030-Y80R%20color%20swatch,,,,,,,,,,,,,,,,,,,,,,,,,,,,,,,,,,,,,,,,,,,,
DB,ncs,NCS 1030-Y90R,#f17b73,0.7157019685128061,0.1465209793503603,25.39475663689825,241,123,115,"[241, 123, 115]",0%,49%,52%,5%,"[0%, 49%, 52%, 5%]",65.60,45.75,26.43,"[65.60, 45.75, 26.43]",https://www.google.com/search?tbm=isch&q=ncs%20NCS%201030-Y90R%20color%20swatch,,,,,,,,,,,,,,,,,,,,,,,,,,,,,,,,,,,,,,,,,,,,
DB,ncs,NCS 1040-B,#6cbff1,0.7714117669058882,0.10823623990972758,236.89403526696105,108,191,241,"[108, 191, 241]",55%,21%,0%,5%,"[55%, 21%, 0%, 5%]",73.56,-15.66,-33.16,"[73.56, -15.66, -33.16]",https://www.google.com/search?tbm=isch&q=ncs%20NCS%201040-B%20color%20swatch,,,,,,,,,,,,,,,,,,,,,,,,,,,,,,,,,,,,,,,,,,,,
DB,ncs,NCS 1040-B10G,#70d0f1,0.8110367284211887,0.10179168952452394,222.7404133644394,112,208,241,"[112, 208, 241]",54%,14%,0%,5%,"[54%, 14%, 0%, 5%]",78.55,-22.78,-25.54,"[78.55, -22.78, -25.54]",https://www.google.com/search?tbm=isch&q=ncs%20NCS%201040-B10G%20color%20swatch,,,,,,,,,,,,,,,,,,,,,,,,,,,,,,,,,,,,,,,,,,,,
DB,ncs,NCS 1040-B20G,#73dcf1,0.8392478160397994,0.10141605481716687,212.28094746186946,115,220,241,"[115, 220, 241]",52%,9%,0%,5%,"[52%, 9%, 0%, 5%]",82.08,-27.55,-20.21,"[82.08, -27.55, -20.21]",https://www.google.com/search?tbm=isch&q=ncs%20NCS%201040-B20G%20color%20swatch,,,,,,,,,,,,,,,,,,,,,,,,,,,,,,,,,,,,,,,,,,,,
DB,ncs,NCS 1040-B30G,#75e5f1,0.8603676934316508,0.10359301260439685,204.6585248666794,117,229,241,"[117, 229, 241]",51%,5%,0%,5%,"[51%, 5%, 0%, 5%]",84.72,-31.06,-16.27,"[84.72, -31.06, -16.27]",https://www.google.com/search?tbm=isch&q=ncs%20NCS%201040-B30G%20color%20swatch,,,,,,,,,,,,,,,,,,,,,,,,,,,,,,,,,,,,,,,,,,,,
DB,ncs,NCS 1040-B40G,#77eef1,0.8815235714897488,0.1075450721050417,197.56573933840127,119,238,241,"[119, 238, 241]",51%,1%,0%,5%,"[51%, 1%, 0%, 5%]",87.35,-34.49,-12.35,"[87.35, -34.49, -12.35]",https://www.google.com/search?tbm=isch&q=ncs%20NCS%201040-B40G%20color%20swatch,,,,,,,,,,,,,,,,,,,,,,,,,,,,,,,,,,,,,,,,,,,,
DB,ncs,NCS 1040-B50G,#77f1ed,0.8870544788286638,0.10997219675905721,192.47414700227796,119,241,237,"[119, 241, 237]",51%,0%,2%,5%,"[51%, 0%, 2%, 5%]",88.11,-36.53,-9.16,"[88.11, -36.53, -9.16]",https://www.google.com/search?tbm=isch&q=ncs%20NCS%201040-B50G%20color%20swatch,,,,,,,,,,,,,,,,,,,,,,,,,,,,,,,,,,,,,,,,,,,,
DB,ncs,NCS 1040-B60G,#75f1e6,0.8841413610602961,0.112521513954175,187.5983828117404,117,241,230,"[117, 241, 230]",51%,0%,5%,5%,"[51%, 0%, 5%, 5%]",87.88,-38.30,-5.88,"[87.88, -38.30, -5.88]",https://www.google.com/search?tbm=isch&q=ncs%20NCS%201040-B60G%20color%20swatch,,,,,,,,,,,,,,,,,,,,,,,,,,,,,,,,,,,,,,,,,,,,
DB,ncs,NCS 1040-B70G,#74f1de,0.8813745400293854,0.11562236952158687,182.27627958082235,116,241,222,"[116, 241, 222]",52%,0%,8%,5%,"[52%, 0%, 8%, 5%]",87.66,-40.00,-2.04,"[87.66, -40.00, -2.04]",https://www.google.com/search?tbm=isch&q=ncs%20NCS%201040-B70G%20color%20swatch,,,,,,,,,,,,,,,,,,,,,,,,,,,,,,,,,,,,,,,,,,,,
DB,ncs,NCS 1040-B80G,#71f1d5,0.8777175036631049,0.12141375138351426,176.86717584195844,113,241,213,"[113, 241, 213]",53%,0%,12%,5%,"[53%, 0%, 12%, 5%]",87.37,-42.28,2.18,"[87.37, -42.28, 2.18]",https://www.google.com/search?tbm=isch&q=ncs%20NCS%201040-B80G%20color%20swatch,,,,,,,,,,,,,,,,,,,,,,,,,,,,,,,,,,,,,,,,,,,,
DB,ncs,NCS 1040-B90G,#69f1b4,0.866549324503193,0.14821143789856744,161.43998607658887,105,241,180,"[105, 241, 180]",56%,0%,25%,5%,"[56%, 0%, 25%, 5%]",86.49,-49.48,17.88,"[86.49, -49.48, 17.88]",https://www.google.com/search?tbm=isch&q=ncs%20NCS%201040-B90G%20color%20swatch,,,,,,,,,,,,,,,,,,,,,,,,,,,,,,,,,,,,,,,,,,,,
DB,ncs,NCS 1040-G,#63f19a,0.8591407097903496,0.1735249541201299,153.55841201258727,99,241,154,"[99, 241, 154]",59%,0%,36%,5%,"[59%, 0%, 36%, 5%]",85.90,-54.47,30.17,"[85.90, -54.47, 30.17]",https://www.google.com/search?tbm=isch&q=ncs%20NCS%201040-G%20color%20swatch,,,,,,,,,,,,,,,,,,,,,,,,,,,,,,,,,,,,,,,,,,,,
DB,ncs,NCS 1040-G10Y,#86f18b,0.8696170435777961,0.17023803240388158,144.89422806938614,134,241,139,"[134, 241, 139]",44%,0%,42%,5%,"[44%, 0%, 42%, 5%]",86.96,-47.62,39.18,"[86.96, -47.62, 39.18]",https://www.google.com/search?tbm=isch&q=ncs%20NCS%201040-G10Y%20color%20swatch,,,,,,,,,,,,,,,,,,,,,,,,,,,,,,,,,,,,,,,,,,,,
DB,ncs,NCS 1040-G20Y,#a0f17f,0.8804779177801054,0.16788576098891778,137.27747676029094,160,241,127,"[160, 241, 127]",34%,0%,47%,5%,"[34%, 0%, 47%, 5%]",88.05,-40.87,46.55,"[88.05, -40.87, 46.55]",https://www.google.com/search?tbm=isch&q=ncs%20NCS%201040-G20Y%20color%20swatch,,,,,,,,,,,,,,,,,,,,,,,,,,,,,,,,,,,,,,,,,,,,
DB,ncs,NCS 1040-G30Y,#b5f175,0.8911932890362758,0.1666521077945219,130.4951517999878,181,241,117,"[181, 241, 117]",25%,0%,51%,5%,"[25%, 0%, 51%, 5%]",89.12,-34.52,52.74,"[89.12, -34.52, 52.74]",https://www.google.com/search?tbm=isch&q=ncs%20NCS%201040-G30Y%20color%20swatch,,,,,,,,,,,,,,,,,,,,,,,,,,,,,,,,,,,,,,,,,,,,
DB,ncs,NCS 1040-G40Y,#c5f16e,0.9005847919954534,0.16575844667787665,125.07948851417956,197,241,110,"[197, 241, 110]",18%,0%,54%,5%,"[18%, 0%, 54%, 5%]",90.06,-29.20,57.23,"[90.06, -29.20, 57.23]",https://www.google.com/search?tbm=isch&q=ncs%20NCS%201040-G40Y%20color%20swatch,,,,,,,,,,,,,,,,,,,,,,,,,,,,,,,,,,,,,,,,,,,,
DB,ncs,NCS 1040-G50Y,#d4f171,0.9112993765747266,0.157292395262767,120.22811444230803,212,241,113,"[212, 241, 113]",12%,0%,53%,5%,"[12%, 0%, 53%, 5%]",91.10,-23.35,57.42,"[91.10, -23.35, 57.42]",https://www.google.com/search?tbm=isch&q=ncs%20NCS%201040-G50Y%20color%20swatch,,,,,,,,,,,,,,,,,,,,,,,,,,,,,,,,,,,,,,,,,,,,
DB,ncs,NCS 1040-G60Y,#dff174,0.9197056797533918,0.1511118441365976,116.2461023943797,223,241,116,"[223, 241, 116]",7%,0%,52%,5%,"[7%, 0%, 52%, 5%]",91.93,-18.93,57.28,"[91.93, -18.93, 57.28]",https://www.google.com/search?tbm=isch&q=ncs%20NCS%201040-G60Y%20color%20swatch,,,,,,,,,,,,,,,,,,,,,,,,,,,,,,,,,,,,,,,,,,,,
DB,ncs,NCS 1040-G70Y,#ebf177,0.9292682897169037,0.14554496233925793,111.43891357990594,235,241,119,"[235, 241, 119]",2%,0%,51%,5%,"[2%, 0%, 51%, 5%]",92.87,-14.08,57.31,"[92.87, -14.08, 57.31]",https://www.google.com/search?tbm=isch&q=ncs%20NCS%201040-G70Y%20color%20swatch,,,,,,,,,,,,,,,,,,,,,,,,,,,,,,,,,,,,,,,,,,,,
DB,ncs,NCS 1040-G80Y,#f1ed77,0.9257856628451789,0.14034934088040385,107.08342982242647,241,237,119,"[241, 237, 119]",0%,2%,51%,5%,"[0%, 2%, 51%, 5%]",92.31,-9.88,56.82,"[92.31, -9.88, 56.82]",https://www.google.com/search?tbm=isch&q=ncs%20NCS%201040-G80Y%20color%20swatch,,,,,,,,,,,,,,,,,,,,,,,,,,,,,,,,,,,,,,,,,,,,
DB,ncs,NCS 1040-G90Y,#f1e575,0.9091553962360807,0.13417341662126164,103.17664335725112,241,229,117,"[241, 229, 117]",0%,5%,51%,5%,"[0%, 5%, 51%, 5%]",90.24,-6.25,55.37,"[90.24, -6.25, 55.37]",https://www.google.com/search?tbm=isch&q=ncs%20NCS%201040-G90Y%20color%20swatch,,,,,,,,,,,,,,,,,,,,,,,,,,,,,,,,,,,,,,,,,,,,
DB,ncs,NCS 1040-R,#f1535e,0.6594692925367688,0.1932924744035235,20.27897776014595,241,83,94,"[241, 83, 94]",0%,66%,61%,5%,"[0%, 66%, 61%, 5%]",58.46,61.90,29.23,"[58.46, 61.90, 29.23]",https://www.google.com/search?tbm=isch&q=ncs%20NCS%201040-R%20color%20swatch,,,,,,,,,,,,,,,,,,,,,,,,,,,,,,,,,,,,,,,,,,,,
DB,ncs,NCS 1040-R10B,#f15669,0.6649450775055347,0.18976191360017644,16.820528173804917,241,86,105,"[241, 86, 105]",0%,64%,56%,5%,"[0%, 64%, 56%, 5%]",59.07,61.27,23.63,"[59.07, 61.27, 23.63]",https://www.google.com/search?tbm=isch&q=ncs%20NCS%201040-R10B%20color%20swatch,,,,,,,,,,,,,,,,,,,,,,,,,,,,,,,,,,,,,,,,,,,,
DB,ncs,NCS 1040-R20B,#f15a79,0.6730870295881852,0.18600029115599875,11.240281492513532,241,90,121,"[241, 90, 121]",0%,63%,50%,5%,"[0%, 63%, 50%, 5%]",59.94,60.58,15.50,"[59.94, 60.58, 15.50]",https://www.google.com/search?tbm=isch&q=ncs%20NCS%201040-R20B%20color%20swatch,,,,,,,,,,,,,,,,,,,,,,,,,,,,,,,,,,,,,,,,,,,,
DB,ncs,NCS 1040-R30B,#f1608e,0.6856764591072867,0.1822717730608275,3.5076105483670403,241,96,142,"[241, 96, 142]",0%,60%,41%,5%,"[0%, 60%, 41%, 5%]",61.31,59.54,5.20,"[61.31, 59.54, 5.20]",https://www.google.com/search?tbm=isch&q=ncs%20NCS%201040-R30B%20color%20swatch,,,,,,,,,,,,,,,,,,,,,,,,,,,,,,,,,,,,,,,,,,,,
DB,ncs,NCS 1040-R40B,#f167ac,0.7036639058713194,0.18383208598092374,351.7166993117288,241,103,172,"[241, 103, 172]",0%,57%,29%,5%,"[0%, 57%, 29%, 5%]",63.18,59.04,-9.33,"[63.18, 59.04, -9.33]",https://www.google.com/search?tbm=isch&q=ncs%20NCS%201040-R40B%20color%20swatch,,,,,,,,,,,,,,,,,,,,,,,,,,,,,,,,,,,,,,,,,,,,
DB,ncs,NCS 1040-R50B,#f172d9,0.7349306697294601,0.19585682295113513,335.15878217573015,241,114,217,"[241, 114, 217]",0%,53%,10%,5%,"[0%, 53%, 10%, 5%]",66.40,58.91,-29.84,"[66.40, 58.91, -29.84]",https://www.google.com/search?tbm=isch&q=ncs%20NCS%201040-R50B%20color%20swatch,,,,,,,,,,,,,,,,,,,,,,,,,,,,,,,,,,,,,,,,,,,,
DB,ncs,NCS 1040-R60B,#c76ef1,0.6905313629653707,0.20079479700304642,313.7246538622039,199,110,241,"[199, 110, 241]",17%,54%,0%,5%,"[17%, 54%, 0%, 5%]",60.97,51.68,-52.10,"[60.97, 51.68, -52.10]",https://www.google.com/search?tbm=isch&q=ncs%20NCS%201040-R60B%20color%20swatch,,,,,,,,,,,,,,,,,,,,,,,,,,,,,,,,,,,,,,,,,,,,
DB,ncs,NCS 1040-R70B,#9e72f1,0.653693944103101,0.18406256452183353,297.01374792544834,158,114,241,"[158, 114, 241]",34%,53%,0%,5%,"[34%, 53%, 0%, 5%]",57.08,38.16,-58.63,"[57.08, 38.16, -58.63]",https://www.google.com/search?tbm=isch&q=ncs%20NCS%201040-R70B%20color%20swatch,,,,,,,,,,,,,,,,,,,,,,,,,,,,,,,,,,,,,,,,,,,,
DB,ncs,NCS 1040-R80B,#5975f1,0.606693238098207,0.18804821539627212,270.3234208152178,89,117,241,"[89, 117, 241]",63%,51%,0%,5%,"[63%, 51%, 0%, 5%]",52.18,19.71,-66.84,"[52.18, 19.71, -66.84]",https://www.google.com/search?tbm=isch&q=ncs%20NCS%201040-R80B%20color%20swatch,,,,,,,,,,,,,,,,,,,,,,,,,,,,,,,,,,,,,,,,,,,,
DB,ncs,NCS 1040-R90B,#6090f1,0.6644002400120772,0.15368343521519337,263.004287689031,96,144,241,"[96, 144, 241]",60%,40%,0%,5%,"[60%, 40%, 0%, 5%]",59.82,5.94,-54.62,"[59.82, 5.94, -54.62]",https://www.google.com/search?tbm=isch&q=ncs%20NCS%201040-R90B%20color%20swatch,,,,,,,,,,,,,,,,,,,,,,,,,,,,,,,,,,,,,,,,,,,,
DB,ncs,NCS 1040-Y,#f1de74,0.8948159687114279,0.12861931158080706,99.33142073566847,241,222,116,"[241, 222, 116]",0%,8%,52%,5%,"[0%, 8%, 52%, 5%]",88.45,-3.00,53.77,"[88.45, -3.00, 53.77]",https://www.google.com/search?tbm=isch&q=ncs%20NCS%201040-Y%20color%20swatch,,,,,,,,,,,,,,,,,,,,,,,,,,,,,,,,,,,,,,,,,,,,
DB,ncs,NCS 1040-Y10R,#f1d371,0.8723604654136375,0.12254426956184163,92.69452334745961,241,211,113,"[241, 211, 113]",0%,12%,53%,5%,"[0%, 12%, 53%, 5%]",85.64,2.11,51.93,"[85.64, 2.11, 51.93]",https://www.google.com/search?tbm=isch&q=ncs%20NCS%201040-Y10R%20color%20swatch,,,,,,,,,,,,,,,,,,,,,,,,,,,,,,,,,,,,,,,,,,,,
DB,ncs,NCS 1040-Y20R,#f1c76e,0.8483047702523553,0.11788328488555543,84.55466961733089,241,199,110,"[241, 199, 110]",0%,17%,54%,5%,"[0%, 17%, 54%, 5%]",82.63,7.80,49.87,"[82.63, 7.80, 49.87]",https://www.google.com/search?tbm=isch&q=ncs%20NCS%201040-Y20R%20color%20swatch,,,,,,,,,,,,,,,,,,,,,,,,,,,,,,,,,,,,,,,,,,,,
DB,ncs,NCS 1040-Y30R,#f1bb6b,0.824746919732064,0.11598736532416455,75.77593473139325,241,187,107,"[241, 187, 107]",0%,22%,56%,5%,"[0%, 22%, 56%, 5%]",79.66,13.57,47.87,"[79.66, 13.57, 47.87]",https://www.google.com/search?tbm=isch&q=ncs%20NCS%201040-Y30R%20color%20swatch,,,,,,,,,,,,,,,,,,,,,,,,,,,,,,,,,,,,,,,,,,,,
DB,ncs,NCS 1040-Y40R,#f1ae67,0.7997842939552522,0.11793740106936125,66.338787004371,241,174,103,"[241, 174, 103]",0%,28%,57%,5%,"[0%, 28%, 57%, 5%]",76.52,19.86,46.18,"[76.52, 19.86, 46.18]",https://www.google.com/search?tbm=isch&q=ncs%20NCS%201040-Y40R%20color%20swatch,,,,,,,,,,,,,,,,,,,,,,,,,,,,,,,,,,,,,,,,,,,,
DB,ncs,NCS 1040-Y50R,#f1a064,0.7739857152672229,0.12302095530503622,56.24739269070369,241,160,100,"[241, 160, 100]",0%,34%,59%,5%,"[0%, 34%, 59%, 5%]",73.25,26.73,43.86,"[73.25, 26.73, 43.86]",https://www.google.com/search?tbm=isch&q=ncs%20NCS%201040-Y50R%20color%20swatch,,,,,,,,,,,,,,,,,,,,,,,,,,,,,,,,,,,,,,,,,,,,
DB,ncs,NCS 1040-Y60R,#f19260,0.7491584606567595,0.1323791859718519,47.68811666933016,241,146,96,"[241, 146, 96]",0%,39%,60%,5%,"[0%, 39%, 60%, 5%]",70.10,33.52,42.21,"[70.10, 33.52, 42.21]",https://www.google.com/search?tbm=isch&q=ncs%20NCS%201040-Y60R%20color%20swatch,,,,,,,,,,,,,,,,,,,,,,,,,,,,,,,,,,,,,,,,,,,,
DB,ncs,NCS 1040-Y70R,#f1835d,0.7242001490991951,0.14489632521085918,39.60068462194346,241,131,93,"[241, 131, 93]",0%,46%,61%,5%,"[0%, 46%, 61%, 5%]",66.91,40.74,40.02,"[66.91, 40.74, 40.02]",https://www.google.com/search?tbm=isch&q=ncs%20NCS%201040-Y70R%20color%20swatch,,,,,,,,,,,,,,,,,,,,,,,,,,,,,,,,,,,,,,,,,,,,
DB,ncs,NCS 1040-Y80R,#f17359,0.6994180717690495,0.16090271484403756,33.13278702845264,241,115,89,"[241, 115, 89]",0%,52%,63%,5%,"[0%, 52%, 63%, 5%]",63.73,48.13,38.42,"[63.73, 48.13, 38.42]",https://www.google.com/search?tbm=isch&q=ncs%20NCS%201040-Y80R%20color%20swatch,,,,,,,,,,,,,,,,,,,,,,,,,,,,,,,,,,,,,,,,,,,,
DB,ncs,NCS 1040-Y90R,#f1645a,0.6790706857926861,0.1759376118666305,26.81965432669449,241,100,90,"[241, 100, 90]",0%,59%,63%,5%,"[0%, 59%, 63%, 5%]",61.07,54.86,34.70,"[61.07, 54.86, 34.70]",https://www.google.com/search?tbm=isch&q=ncs%20NCS%201040-Y90R%20color%20swatch,,,,,,,,,,,,,,,,,,,,,,,,,,,,,,,,,,,,,,,,,,,,
DB,ncs,NCS 1050-B,#54b6f1,0.7419948833229818,0.12511826407848126,238.17799349439213,84,182,241,"[84, 182, 241]",65%,24%,0%,5%,"[65%, 24%, 0%, 5%]",70.06,-16.12,-38.63,"[70.06, -16.12, -38.63]",https://www.google.com/search?tbm=isch&q=ncs%20NCS%201050-B%20color%20swatch,,,,,,,,,,,,,,,,,,,,,,,,,,,,,,,,,,,,,,,,,,,,
DB,ncs,NCS 1050-B10G,#58caf1,0.7887048551992398,0.11605990807128709,223.83391218412646,88,202,241,"[88, 202, 241]",63%,16%,0%,5%,"[63%, 16%, 0%, 5%]",75.97,-24.83,-29.55,"[75.97, -24.83, -29.55]",https://www.google.com/search?tbm=isch&q=ncs%20NCS%201050-B10G%20color%20swatch,,,,,,,,,,,,,,,,,,,,,,,,,,,,,,,,,,,,,,,,,,,,
DB,ncs,NCS 1050-B20G,#5bd8f1,0.8217262202256813,0.11482039110840787,213.07221670886634,91,216,241,"[91, 216, 241]",62%,10%,0%,5%,"[62%, 10%, 0%, 5%]",80.12,-30.55,-23.27,"[80.12, -30.55, -23.27]",https://www.google.com/search?tbm=isch&q=ncs%20NCS%201050-B20G%20color%20swatch,,,,,,,,,,,,,,,,,,,,,,,,,,,,,,,,,,,,,,,,,,,,
DB,ncs,NCS 1050-B30G,#5de3f1,0.8476519174216668,0.11705881615010556,204.78817176078007,93,227,241,"[93, 227, 241]",61%,6%,0%,5%,"[61%, 6%, 0%, 5%]",83.35,-34.93,-18.40,"[83.35, -34.93, -18.40]",https://www.google.com/search?tbm=isch&q=ncs%20NCS%201050-B30G%20color%20swatch,,,,,,,,,,,,,,,,,,,,,,,,,,,,,,,,,,,,,,,,,,,,
DB,ncs,NCS 1050-B40G,#5fedf1,0.8713170157250699,0.12109270936199992,197.76694555934887,95,237,241,"[95, 237, 241]",61%,2%,0%,5%,"[61%, 2%, 0%, 5%]",86.30,-38.75,-14.01,"[86.30, -38.75, -14.01]",https://www.google.com/search?tbm=isch&q=ncs%20NCS%201050-B40G%20color%20swatch,,,,,,,,,,,,,,,,,,,,,,,,,,,,,,,,,,,,,,,,,,,,
DB,ncs,NCS 1050-B50G,#5ff1ec,0.8789367892948735,0.1240958382799704,191.9372703334427,95,241,236,"[95, 241, 236]",61%,0%,2%,5%,"[61%, 0%, 2%, 5%]",87.33,-41.40,-9.89,"[87.33, -41.40, -9.89]",https://www.google.com/search?tbm=isch&q=ncs%20NCS%201050-B50G%20color%20swatch,,,,,,,,,,,,,,,,,,,,,,,,,,,,,,,,,,,,,,,,,,,,
DB,ncs,NCS 1050-B60G,#5df1e3,0.87554716243595,0.12699672325069875,186.364033310658,93,241,227,"[93, 241, 227]",61%,0%,6%,5%,"[61%, 0%, 6%, 5%]",87.07,-43.54,-5.61,"[87.07, -43.54, -5.61]",https://www.google.com/search?tbm=isch&q=ncs%20NCS%201050-B60G%20color%20swatch,,,,,,,,,,,,,,,,,,,,,,,,,,,,,,,,,,,,,,,,,,,,
DB,ncs,NCS 1050-B70G,#5cf1db,0.872861949338446,0.13020448359982661,181.64723560467223,92,241,219,"[92, 241, 219]",62%,0%,9%,5%,"[62%, 0%, 9%, 5%]",86.87,-45.27,-1.75,"[86.87, -45.27, -1.75]",https://www.google.com/search?tbm=isch&q=ncs%20NCS%201050-B70G%20color%20swatch,,,,,,,,,,,,,,,,,,,,,,,,,,,,,,,,,,,,,,,,,,,,
DB,ncs,NCS 1050-B80G,#59f1cf,0.8686201612132866,0.13733971021325073,175.2133556771987,89,241,207,"[89, 241, 207]",63%,0%,14%,5%,"[63%, 0%, 14%, 5%]",86.53,-48.02,3.98,"[86.53, -48.02, 3.98]",https://www.google.com/search?tbm=isch&q=ncs%20NCS%201050-B80G%20color%20swatch,,,,,,,,,,,,,,,,,,,,,,,,,,,,,,,,,,,,,,,,,,,,
DB,ncs,NCS 1050-B90G,#52f1aa,0.85766188358977,0.16671435128485587,160.02632929215383,82,241,170,"[82, 241, 170]",66%,0%,29%,5%,"[66%, 0%, 29%, 5%]",85.69,-55.42,21.76,"[85.69, -55.42, 21.76]",https://www.google.com/search?tbm=isch&q=ncs%20NCS%201050-B90G%20color%20swatch,,,,,,,,,,,,,,,,,,,,,,,,,,,,,,,,,,,,,,,,,,,,
DB,ncs,NCS 1050-G,#4cf18c,0.8503574748522462,0.19495916097185537,152.2358964862043,76,241,140,"[76, 241, 140]",68%,0%,42%,5%,"[68%, 0%, 42%, 5%]",85.13,-60.58,35.92,"[85.13, -60.58, 35.92]",https://www.google.com/search?tbm=isch&q=ncs%20NCS%201050-G%20color%20swatch,,,,,,,,,,,,,,,,,,,,,,,,,,,,,,,,,,,,,,,,,,,,
DB,ncs,NCS 1050-G10Y,#75f17a,0.8600384983160942,0.19420560011083066,144.39946729396218,117,241,122,"[117, 241, 122]",51%,0%,49%,5%,"[51%, 0%, 49%, 5%]",86.10,-53.95,46.00,"[86.10, -53.95, 46.00]",https://www.google.com/search?tbm=isch&q=ncs%20NCS%201050-G10Y%20color%20swatch,,,,,,,,,,,,,,,,,,,,,,,,,,,,,,,,,,,,,,,,,,,,
DB,ncs,NCS 1050-G20Y,#92f16b,0.8706981443601816,0.1929352923099657,137.52429871913176,146,241,107,"[146, 241, 107]",39%,0%,56%,5%,"[39%, 0%, 56%, 5%]",87.17,-47.00,54.35,"[87.17, -47.00, 54.35]",https://www.google.com/search?tbm=isch&q=ncs%20NCS%201050-G20Y%20color%20swatch,,,,,,,,,,,,,,,,,,,,,,,,,,,,,,,,,,,,,,,,,,,,
DB,ncs,NCS 1050-G30Y,#aaf160,0.8822852927774296,0.18988555293095358,131.3378016479644,170,241,96,"[170, 241, 96]",29%,0%,60%,5%,"[29%, 0%, 60%, 5%]",88.31,-39.83,60.69,"[88.31, -39.83, 60.69]",https://www.google.com/search?tbm=isch&q=ncs%20NCS%201050-G30Y%20color%20swatch,,,,,,,,,,,,,,,,,,,,,,,,,,,,,,,,,,,,,,,,,,,,
DB,ncs,NCS 1050-G40Y,#bdf156,0.8929462436062952,0.18849085621450903,125.89710277626591,189,241,86,"[189, 241, 86]",22%,0%,64%,5%,"[22%, 0%, 64%, 5%]",89.37,-33.56,66.17,"[89.37, -33.56, 66.17]",https://www.google.com/search?tbm=isch&q=ncs%20NCS%201050-G40Y%20color%20swatch,,,,,,,,,,,,,,,,,,,,,,,,,,,,,,,,,,,,,,,,,,,,
DB,ncs,NCS 1050-G50Y,#cef159,0.9046237509741423,0.17925685972065147,121.15559955824608,206,241,89,"[206, 241, 89]",15%,0%,63%,5%,"[15%, 0%, 63%, 5%]",90.50,-27.00,66.60,"[90.50, -27.00, 66.60]",https://www.google.com/search?tbm=isch&q=ncs%20NCS%201050-G50Y%20color%20swatch,,,,,,,,,,,,,,,,,,,,,,,,,,,,,,,,,,,,,,,,,,,,
DB,ncs,NCS 1050-G60Y,#dcf15c,0.9149935003628429,0.1721837153828339,116.72601501338158,220,241,92,"[220, 241, 92]",9%,0%,62%,5%,"[9%, 0%, 62%, 5%]",91.52,-21.43,66.85,"[91.52, -21.43, 66.85]",https://www.google.com/search?tbm=isch&q=ncs%20NCS%201050-G60Y%20color%20swatch,,,,,,,,,,,,,,,,,,,,,,,,,,,,,,,,,,,,,,,,,,,,
DB,ncs,NCS 1050-G70Y,#eaf15f,0.9259740742788791,0.1662226441885843,111.81311329194119,234,241,95,"[234, 241, 95]",3%,0%,61%,5%,"[3%, 0%, 61%, 5%]",92.60,-15.77,67.17,"[92.60, -15.77, 67.17]",https://www.google.com/search?tbm=isch&q=ncs%20NCS%201050-G70Y%20color%20swatch,,,,,,,,,,,,,,,,,,,,,,,,,,,,,,,,,,,,,,,,,,,,
DB,ncs,NCS 1050-G80Y,#f1ed5f,0.9232567878435493,0.1609078453486168,107.6336089542333,241,237,95,"[241, 237, 95]",0%,2%,61%,5%,"[0%, 2%, 61%, 5%]",92.12,-11.14,66.88,"[92.12, -11.14, 66.88]",https://www.google.com/search?tbm=isch&q=ncs%20NCS%201050-G80Y%20color%20swatch,,,,,,,,,,,,,,,,,,,,,,,,,,,,,,,,,,,,,,,,,,,,
DB,ncs,NCS 1050-G90Y,#f1e35d,0.9024921804761598,0.15302420312756326,103.34977219186487,241,227,93,"[241, 227, 93]",0%,6%,61%,5%,"[0%, 6%, 61%, 5%]",89.54,-6.57,65.01,"[89.54, -6.57, 65.01]",https://www.google.com/search?tbm=isch&q=ncs%20NCS%201050-G90Y%20color%20swatch,,,,,,,,,,,,,,,,,,,,,,,,,,,,,,,,,,,,,,,,,,,,
DB,ncs,NCS 1050-R,#f13f4a,0.63659983725106,0.21337375290969257,22.672121519055736,241,63,74,"[241, 63, 74]",0%,74%,69%,5%,"[0%, 74%, 69%, 5%]",55.64,67.98,37.35,"[55.64, 67.98, 37.35]",https://www.google.com/search?tbm=isch&q=ncs%20NCS%201050-R%20color%20swatch,,,,,,,,,,,,,,,,,,,,,,,,,,,,,,,,,,,,,,,,,,,,
DB,ncs,NCS 1050-R10B,#f14157,0.6404542126832432,0.21092192929539852,18.89440608626427,241,65,87,"[241, 65, 87]",0%,73%,64%,5%,"[0%, 73%, 64%, 5%]",56.03,67.82,30.28,"[56.03, 67.82, 30.28]",https://www.google.com/search?tbm=isch&q=ncs%20NCS%201050-R10B%20color%20swatch,,,,,,,,,,,,,,,,,,,,,,,,,,,,,,,,,,,,,,,,,,,,
DB,ncs,NCS 1050-R20B,#f14567,0.6471792049771823,0.20740529987867212,13.972589444285006,241,69,103,"[241, 69, 103]",0%,71%,57%,5%,"[0%, 71%, 57%, 5%]",56.74,67.24,21.77,"[56.74, 67.24, 21.77]",https://www.google.com/search?tbm=isch&q=ncs%20NCS%201050-R20B%20color%20swatch,,,,,,,,,,,,,,,,,,,,,,,,,,,,,,,,,,,,,,,,,,,,
DB,ncs,NCS 1050-R30B,#f1497f,0.6567334570719363,0.20652027188185548,5.494004287390453,241,73,127,"[241, 73, 127]",0%,70%,47%,5%,"[0%, 70%, 47%, 5%]",57.69,67.20,8.87,"[57.69, 67.20, 8.87]",https://www.google.com/search?tbm=isch&q=ncs%20NCS%201050-R30B%20color%20swatch,,,,,,,,,,,,,,,,,,,,,,,,,,,,,,,,,,,,,,,,,,,,
DB,ncs,NCS 1050-R40B,#f150a1,0.6740676322124762,0.209696987643465,353.2295551428799,241,80,161,"[241, 80, 161]",0%,67%,33%,5%,"[0%, 67%, 33%, 5%]",59.42,67.14,-8.54,"[59.42, 67.14, -8.54]",https://www.google.com/search?tbm=isch&q=ncs%20NCS%201050-R40B%20color%20swatch,,,,,,,,,,,,,,,,,,,,,,,,,,,,,,,,,,,,,,,,,,,,
DB,ncs,NCS 1050-R90B,#4a81f1,0.6232460731560143,0.1782200395076732,262.6883039890695,74,129,241,"[74, 129, 241]",69%,46%,0%,5%,"[69%, 46%, 0%, 5%]",54.65,10.09,-62.93,"[54.65, 10.09, -62.93]",https://www.google.com/search?tbm=isch&q=ncs%20NCS%201050-R90B%20color%20swatch,,,,,,,,,,,,,,,,,,,,,,,,,,,,,,,,,,,,,,,,,,,,
DB,ncs,NCS 1050-Y,#f1db5c,0.8861051556493895,0.14691936046443538,99.48352954981152,241,219,92,"[241, 219, 92]",0%,9%,62%,5%,"[0%, 9%, 62%, 5%]",87.49,-2.82,63.29,"[87.49, -2.82, 63.29]",https://www.google.com/search?tbm=isch&q=ncs%20NCS%201050-Y%20color%20swatch,,,,,,,,,,,,,,,,,,,,,,,,,,,,,,,,,,,,,,,,,,,,
DB,ncs,NCS 1050-Y10R,#f1cd59,0.8577279370658485,0.1390457133138632,91.91445568273821,241,205,89,"[241, 205, 89]",0%,15%,63%,5%,"[0%, 15%, 63%, 5%]",83.94,3.80,60.84,"[83.94, 3.80, 60.84]",https://www.google.com/search?tbm=isch&q=ncs%20NCS%201050-Y10R%20color%20swatch,,,,,,,,,,,,,,,,,,,,,,,,,,,,,,,,,,,,,,,,,,,,
DB,ncs,NCS 1050-Y20R,#f1c056,0.8319149773907785,0.13448034718462942,84.05138029429673,241,192,86,"[241, 192, 86]",0%,20%,64%,5%,"[0%, 20%, 64%, 5%]",80.70,10.05,58.74,"[80.70, 10.05, 58.74]",https://www.google.com/search?tbm=isch&q=ncs%20NCS%201050-Y20R%20color%20swatch,,,,,,,,,,,,,,,,,,,,,,,,,,,,,,,,,,,,,,,,,,,,
DB,ncs,NCS 1050-Y30R,#f1b153,0.8029838458006657,0.13257569866411298,74.23934719161292,241,177,83,"[241, 177, 83]",0%,27%,66%,5%,"[0%, 27%, 66%, 5%]",77.05,17.39,56.23,"[77.05, 17.39, 56.23]",https://www.google.com/search?tbm=isch&q=ncs%20NCS%201050-Y30R%20color%20swatch,,,,,,,,,,,,,,,,,,,,,,,,,,,,,,,,,,,,,,,,,,,,
DB,ncs,NCS 1050-Y40R,#f1a250,0.7750943257181774,0.13501731999320957,64.3388453666613,241,162,80,"[241, 162, 80]",0%,33%,67%,5%,"[0%, 33%, 67%, 5%]",73.52,24.80,53.88,"[73.52, 24.80, 53.88]",https://www.google.com/search?tbm=isch&q=ncs%20NCS%201050-Y40R%20color%20swatch,,,,,,,,,,,,,,,,,,,,,,,,,,,,,,,,,,,,,,,,,,,,
DB,ncs,NCS 1050-Y50R,#f1934d,0.7484584418568332,0.14166353301511672,55.078928030700865,241,147,77,"[241, 147, 77]",0%,39%,68%,5%,"[0%, 39%, 68%, 5%]",70.13,32.19,51.70,"[70.13, 32.19, 51.70]",https://www.google.com/search?tbm=isch&q=ncs%20NCS%201050-Y50R%20color%20swatch,,,,,,,,,,,,,,,,,,,,,,,,,,,,,,,,,,,,,,,,,,,,
DB,ncs,NCS 1050-Y60R,#f1834a,0.7217233898781011,0.1525568352181931,46.43649576439361,241,131,74,"[241, 131, 74]",0%,46%,69%,5%,"[0%, 46%, 69%, 5%]",66.72,39.95,49.54,"[66.72, 39.95, 49.54]",https://www.google.com/search?tbm=isch&q=ncs%20NCS%201050-Y60R%20color%20swatch,,,,,,,,,,,,,,,,,,,,,,,,,,,,,,,,,,,,,,,,,,,,
DB,ncs,NCS 1050-Y70R,#f17247,0.6955687624027278,0.16718037081450343,38.94037183201419,241,114,71,"[241, 114, 71]",0%,53%,71%,5%,"[0%, 53%, 71%, 5%]",63.36,47.89,47.47,"[63.36, 47.89, 47.47]",https://www.google.com/search?tbm=isch&q=ncs%20NCS%201050-Y70R%20color%20swatch,,,,,,,,,,,,,,,,,,,,,,,,,,,,,,,,,,,,,,,,,,,,
DB,ncs,NCS 1050-Y80R,#f16143,0.6720039069532339,0.1836630011133602,33.48859170132829,241,97,67,"[241, 97, 67]",0%,60%,72%,5%,"[0%, 60%, 72%, 5%]",60.32,55.28,46.33,"[60.32, 55.28, 46.33]",https://www.google.com/search?tbm=isch&q=ncs%20NCS%201050-Y80R%20color%20swatch,,,,,,,,,,,,,,,,,,,,,,,,,,,,,,,,,,,,,,,,,,,,
DB,ncs,NCS 1050-Y90R,#f15045,0.6523037162079434,0.19907394483705354,27.843078074199468,241,80,69,"[241, 80, 69]",0%,67%,71%,5%,"[0%, 67%, 71%, 5%]",57.74,62.09,42.50,"[57.74, 62.09, 42.50]",https://www.google.com/search?tbm=isch&q=ncs%20NCS%201050-Y90R%20color%20swatch,,,,,,,,,,,,,,,,,,,,,,,,,,,,,,,,,,,,,,,,,,,,
DB,ncs,NCS 1055-B90G,#47f1a5,0.854050967250683,0.17486388743551196,159.21993381819652,71,241,165,"[71, 241, 165]",71%,0%,32%,5%,"[71%, 0%, 32%, 5%]",85.37,-57.92,23.81,"[85.37, -57.92, 23.81]",https://www.google.com/search?tbm=isch&q=ncs%20NCS%201055-B90G%20color%20swatch,,,,,,,,,,,,,,,,,,,,,,,,,,,,,,,,,,,,,,,,,,,,
DB,ncs,NCS 1060-B,#40aff1,0.7200563176593925,0.1375800742439984,239.25997540582603,64,175,241,"[64, 175, 241]",73%,27%,0%,5%,"[73%, 27%, 0%, 5%]",67.43,-15.88,-42.77,"[67.43, -15.88, -42.77]",https://www.google.com/search?tbm=isch&q=ncs%20NCS%201060-B%20color%20swatch,,,,,,,,,,,,,,,,,,,,,,,,,,,,,,,,,,,,,,,,,,,,
DB,ncs,NCS 1060-G,#39f180,0.8445910842219693,0.2109400735320864,150.98660360262716,57,241,128,"[57, 241, 128]",76%,0%,47%,5%,"[76%, 0%, 47%, 5%]",84.63,-64.76,40.97,"[84.63, -64.76, 40.97]",https://www.google.com/search?tbm=isch&q=ncs%20NCS%201060-G%20color%20swatch,,,,,,,,,,,,,,,,,,,,,,,,,,,,,,,,,,,,,,,,,,,,
DB,ncs,NCS 1060-G10Y,#65f16b,0.8524275176669067,0.2139539148106825,144.1217135967197,101,241,107,"[101, 241, 107]",58%,0%,56%,5%,"[58%, 0%, 56%, 5%]",85.43,-59.20,51.82,"[85.43, -59.20, 51.82]",https://www.google.com/search?tbm=isch&q=ncs%20NCS%201060-G10Y%20color%20swatch,,,,,,,,,,,,,,,,,,,,,,,,,,,,,,,,,,,,,,,,,,,,
DB,ncs,NCS 1060-G20Y,#86f15a,0.8632682901591221,0.2122051429773229,137.815778112776,134,241,90,"[134, 241, 90]",44%,0%,63%,5%,"[44%, 0%, 63%, 5%]",86.50,-51.86,60.54,"[86.50, -51.86, 60.54]",https://www.google.com/search?tbm=isch&q=ncs%20NCS%201060-G20Y%20color%20swatch,,,,,,,,,,,,,,,,,,,,,,,,,,,,,,,,,,,,,,,,,,,,
DB,ncs,NCS 1060-G30Y,#a0f14c,0.8749212858629365,0.20901749707002512,132.0756225595169,160,241,76,"[160, 241, 76]",34%,0%,68%,5%,"[34%, 0%, 68%, 5%]",87.64,-44.38,67.47,"[87.64, -44.38, 67.47]",https://www.google.com/search?tbm=isch&q=ncs%20NCS%201060-G30Y%20color%20swatch,,,,,,,,,,,,,,,,,,,,,,,,,,,,,,,,,,,,,,,,,,,,
DB,ncs,NCS 1060-G40Y,#b6f141,0.8869677173177386,0.20497283802609562,126.70567936234028,182,241,65,"[182, 241, 65]",24%,0%,73%,5%,"[24%, 0%, 73%, 5%]",88.82,-37.07,72.80,"[88.82, -37.07, 72.80]",https://www.google.com/search?tbm=isch&q=ncs%20NCS%201060-G40Y%20color%20swatch,,,,,,,,,,,,,,,,,,,,,,,,,,,,,,,,,,,,,,,,,,,,
DB,ncs,NCS 1060-G50Y,#c9f144,0.8995764534297368,0.19499113765871065,121.92312590830073,201,241,68,"[201, 241, 68]",17%,0%,72%,5%,"[17%, 0%, 72%, 5%]",90.05,-29.82,73.51,"[90.05, -29.82, 73.51]",https://www.google.com/search?tbm=isch&q=ncs%20NCS%201060-G50Y%20color%20swatch,,,,,,,,,,,,,,,,,,,,,,,,,,,,,,,,,,,,,,,,,,,,
DB,ncs,NCS 1060-G60Y,#d9f146,0.9110869309179239,0.18789025494006736,117.29274160409136,217,241,70,"[217, 241, 70]",10%,0%,71%,5%,"[10%, 0%, 71%, 5%]",91.18,-23.52,74.38,"[91.18, -23.52, 74.38]",https://www.google.com/search?tbm=isch&q=ncs%20NCS%201060-G60Y%20color%20swatch,,,,,,,,,,,,,,,,,,,,,,,,,,,,,,,,,,,,,,,,,,,,
DB,ncs,NCS 1060-G70Y,#e9f149,0.9234686758105304,0.1814961038924709,112.16312932462534,233,241,73,"[233, 241, 73]",3%,0%,70%,5%,"[3%, 0%, 70%, 5%]",92.40,-17.07,75.04,"[92.40, -17.07, 75.04]",https://www.google.com/search?tbm=isch&q=ncs%20NCS%201060-G70Y%20color%20swatch,,,,,,,,,,,,,,,,,,,,,,,,,,,,,,,,,,,,,,,,,,,,
DB,ncs,NCS 1060-G80Y,#f1ec49,0.919450265147813,0.17507843399543882,107.62706556085476,241,236,73,"[241, 236, 73]",0%,2%,70%,5%,"[0%, 2%, 70%, 5%]",91.73,-11.56,74.70,"[91.73, -11.56, 74.70]",https://www.google.com/search?tbm=isch&q=ncs%20NCS%201060-G80Y%20color%20swatch,,,,,,,,,,,,,,,,,,,,,,,,,,,,,,,,,,,,,,,,,,,,
DB,ncs,NCS 1060-G90Y,#f1e147,0.8966247583919815,0.16656091654433658,103.27287119822574,241,225,71,"[241, 225, 71]",0%,7%,71%,5%,"[0%, 7%, 71%, 5%]",88.89,-6.50,72.73,"[88.89, -6.50, 72.73]",https://www.google.com/search?tbm=isch&q=ncs%20NCS%201060-G90Y%20color%20swatch,,,,,,,,,,,,,,,,,,,,,,,,,,,,,,,,,,,,,,,,,,,,
DB,ncs,NCS 1060-R,#f12e3a,0.6217975650280941,0.2270415842149277,24.420417799879374,241,46,58,"[241, 46, 58]",0%,81%,76%,5%,"[0%, 81%, 76%, 5%]",53.80,72.09,44.44,"[53.80, 72.09, 44.44]",https://www.google.com/search?tbm=isch&q=ncs%20NCS%201060-R%20color%20swatch,,,,,,,,,,,,,,,,,,,,,,,,,,,,,,,,,,,,,,,,,,,,
DB,ncs,NCS 1060-R10B,#f13047,0.6248141533644798,0.22478590196221634,21.232725660815902,241,48,71,"[241, 48, 71]",0%,80%,71%,5%,"[0%, 80%, 71%, 5%]",54.11,71.96,37.35,"[54.11, 71.96, 37.35]",https://www.google.com/search?tbm=isch&q=ncs%20NCS%201060-R10B%20color%20swatch,,,,,,,,,,,,,,,,,,,,,,,,,,,,,,,,,,,,,,,,,,,,
DB,ncs,NCS 1060-R20B,#f13259,0.6291909405653466,0.22304715948952078,15.949315977555045,241,50,89,"[241, 50, 89]",0%,79%,63%,5%,"[0%, 79%, 63%, 5%]",54.52,72.08,27.22,"[54.52, 72.08, 27.22]",https://www.google.com/search?tbm=isch&q=ncs%20NCS%201060-R20B%20color%20swatch,,,,,,,,,,,,,,,,,,,,,,,,,,,,,,,,,,,,,,,,,,,,
DB,ncs,NCS 1060-R30B,#f13672,0.6375104683812319,0.22230234613017613,7.776444017171457,241,54,114,"[241, 54, 114]",0%,78%,53%,5%,"[0%, 78%, 53%, 5%]",55.32,72.18,13.31,"[55.32, 72.18, 13.31]",https://www.google.com/search?tbm=isch&q=ncs%20NCS%201060-R30B%20color%20swatch,,,,,,,,,,,,,,,,,,,,,,,,,,,,,,,,,,,,,,,,,,,,
DB,ncs,NCS 1060-Y,#f1d746,0.8761841638972447,0.15924072174155696,98.77542835060524,241,215,70,"[241, 215, 70]",0%,11%,71%,5%,"[0%, 11%, 71%, 5%]",86.34,-1.78,70.70,"[86.34, -1.78, 70.70]",https://www.google.com/search?tbm=isch&q=ncs%20NCS%201060-Y%20color%20swatch,,,,,,,,,,,,,,,,,,,,,,,,,,,,,,,,,,,,,,,,,,,,
DB,ncs,NCS 1060-Y10R,#f1c844,0.8460273475429122,0.15068845196746022,91.11537929062843,241,200,68,"[241, 200, 68]",0%,17%,72%,5%,"[0%, 17%, 72%, 5%]",82.56,5.43,67.88,"[82.56, 5.43, 67.88]",https://www.google.com/search?tbm=isch&q=ncs%20NCS%201060-Y10R%20color%20swatch,,,,,,,,,,,,,,,,,,,,,,,,,,,,,,,,,,,,,,,,,,,,
DB,ncs,NCS 1060-Y20R,#f1b941,0.8165708952043877,0.14593788104396865,82.60395684941807,241,185,65,"[241, 185, 65]",0%,23%,73%,5%,"[0%, 23%, 73%, 5%]",78.85,12.74,65.53,"[78.85, 12.74, 65.53]",https://www.google.com/search?tbm=isch&q=ncs%20NCS%201060-Y20R%20color%20swatch,,,,,,,,,,,,,,,,,,,,,,,,,,,,,,,,,,,,,,,,,,,,
DB,ncs,NCS 1060-Y30R,#f1a93f,0.7862850804113977,0.14437041748752055,72.76418797096363,241,169,63,"[241, 169, 63]",0%,30%,74%,5%,"[0%, 30%, 74%, 5%]",75.02,20.68,62.72,"[75.02, 20.68, 62.72]",https://www.google.com/search?tbm=isch&q=ncs%20NCS%201060-Y30R%20color%20swatch,,,,,,,,,,,,,,,,,,,,,,,,,,,,,,,,,,,,,,,,,,,,
DB,ncs,NCS 1060-Y40R,#f1983c,0.7554858817995115,0.14825832048140067,62.5220513312193,241,152,60,"[241, 152, 60]",0%,37%,75%,5%,"[0%, 37%, 75%, 5%]",71.12,29.12,60.28,"[71.12, 29.12, 60.28]",https://www.google.com/search?tbm=isch&q=ncs%20NCS%201060-Y40R%20color%20swatch,,,,,,,,,,,,,,,,,,,,,,,,,,,,,,,,,,,,,,,,,,,,
DB,ncs,NCS 1060-Y50R,#f1883a,0.7282224152296991,0.15598161806970331,53.51959208103426,241,136,58,"[241, 136, 58]",0%,44%,76%,5%,"[0%, 44%, 76%, 5%]",67.64,37.00,57.87,"[67.64, 37.00, 57.87]",https://www.google.com/search?tbm=isch&q=ncs%20NCS%201060-Y50R%20color%20swatch,,,,,,,,,,,,,,,,,,,,,,,,,,,,,,,,,,,,,,,,,,,,
DB,ncs,NCS 1060-Y60R,#f17637,0.6998143752217975,0.1690065036910902,45.07380341192686,241,118,55,"[241, 118, 55]",0%,51%,77%,5%,"[0%, 51%, 77%, 5%]",63.99,45.56,55.80,"[63.99, 45.56, 55.80]",https://www.google.com/search?tbm=isch&q=ncs%20NCS%201060-Y60R%20color%20swatch,,,,,,,,,,,,,,,,,,,,,,,,,,,,,,,,,,,,,,,,,,,,
DB,ncs,NCS 1060-Y70R,#f16534,0.6756579113148619,0.18370229895403983,38.787435753362615,241,101,52,"[241, 101, 52]",0%,58%,78%,5%,"[0%, 58%, 78%, 5%]",60.88,53.16,54.31,"[60.88, 53.16, 54.31]",https://www.google.com/search?tbm=isch&q=ncs%20NCS%201060-Y70R%20color%20swatch,,,,,,,,,,,,,,,,,,,,,,,,,,,,,,,,,,,,,,,,,,,,
DB,ncs,NCS 1060-Y80R,#f15331,0.6534234054427946,0.19991723869658495,33.73773200528075,241,83,49,"[241, 83, 49]",0%,66%,80%,5%,"[0%, 66%, 80%, 5%]",58.00,60.45,53.13,"[58.00, 60.45, 53.13]",https://www.google.com/search?tbm=isch&q=ncs%20NCS%201060-Y80R%20color%20swatch,,,,,,,,,,,,,,,,,,,,,,,,,,,,,,,,,,,,,,,,,,,,
DB,ncs,NCS 1060-Y90R,#f14134,0.6356237844301931,0.2143224268353896,28.873670186047605,241,65,52,"[241, 65, 52]",0%,73%,78%,5%,"[0%, 73%, 78%, 5%]",55.66,66.78,49.48,"[55.66, 66.78, 49.48]",https://www.google.com/search?tbm=isch&q=ncs%20NCS%201060-Y90R%20color%20swatch,,,,,,,,,,,,,,,,,,,,,,,,,,,,,,,,,,,,,,,,,,,,
DB,ncs,NCS 1070-G10Y,#57f15e,0.8467689475221748,0.22939402515527987,143.88686282369008,87,241,94,"[87, 241, 94]",64%,0%,61%,5%,"[64%, 0%, 61%, 5%]",84.92,-63.25,56.67,"[84.92, -63.25, 56.67]",https://www.google.com/search?tbm=isch&q=ncs%20NCS%201070-G10Y%20color%20swatch,,,,,,,,,,,,,,,,,,,,,,,,,,,,,,,,,,,,,,,,,,,,
DB,ncs,NCS 1070-G20Y,#7bf14b,0.8572624609139871,0.22751599400366748,138.17894473299532,123,241,75,"[123, 241, 75]",49%,0%,69%,5%,"[49%, 0%, 69%, 5%]",85.95,-55.91,65.48,"[85.95, -55.91, 65.48]",https://www.google.com/search?tbm=isch&q=ncs%20NCS%201070-G20Y%20color%20swatch,,,,,,,,,,,,,,,,,,,,,,,,,,,,,,,,,,,,,,,,,,,,
DB,ncs,NCS 1070-G30Y,#98f13b,0.8695474252788055,0.222598827688825,132.6817577245788,152,241,59,"[152, 241, 59]",37%,0%,76%,5%,"[37%, 0%, 76%, 5%]",87.15,-47.80,72.38,"[87.15, -47.80, 72.38]",https://www.google.com/search?tbm=isch&q=ncs%20NCS%201070-G30Y%20color%20swatch,,,,,,,,,,,,,,,,,,,,,,,,,,,,,,,,,,,,,,,,,,,,
DB,ncs,NCS 1070-G40Y,#b0f12e,0.8823026093284243,0.21670757399716783,127.45310419250359,176,241,46,"[176, 241, 46]",27%,0%,81%,5%,"[27%, 0%, 81%, 5%]",88.39,-39.88,77.53,"[88.39, -39.88, 77.53]",https://www.google.com/search?tbm=isch&q=ncs%20NCS%201070-G40Y%20color%20swatch,,,,,,,,,,,,,,,,,,,,,,,,,,,,,,,,,,,,,,,,,,,,
DB,ncs,NCS 1070-G50Y,#c5f130,0.8957864843118069,0.20640867813167027,122.51719461640982,197,241,48,"[197, 241, 48]",18%,0%,80%,5%,"[18%, 0%, 80%, 5%]",89.70,-31.97,78.77,"[89.70, -31.97, 78.77]",https://www.google.com/search?tbm=isch&q=ncs%20NCS%201070-G50Y%20color%20swatch,,,,,,,,,,,,,,,,,,,,,,,,,,,,,,,,,,,,,,,,,,,,
DB,ncs,NCS 1070-G60Y,#d6f132,0.9078008837226915,0.19891655389241766,117.9185790792709,214,241,50,"[214, 241, 50]",11%,0%,79%,5%,"[11%, 0%, 79%, 5%]",90.88,-25.31,79.82,"[90.88, -25.31, 79.82]",https://www.google.com/search?tbm=isch&q=ncs%20NCS%201070-G60Y%20color%20swatch,,,,,,,,,,,,,,,,,,,,,,,,,,,,,,,,,,,,,,,,,,,,
DB,ncs,NCS 1070-G70Y,#e8f134,0.921518706408694,0.192476633476428,112.48856072143025,232,241,52,"[232, 241, 52]",4%,0%,78%,5%,"[4%, 0%, 78%, 5%]",92.23,-18.08,81.09,"[92.23, -18.08, 81.09]",https://www.google.com/search?tbm=isch&q=ncs%20NCS%201070-G70Y%20color%20swatch,,,,,,,,,,,,,,,,,,,,,,,,,,,,,,,,,,,,,,,,,,,,
DB,ncs,NCS 1070-G80Y,#f1eb35,0.9162412617088067,0.18456394059836512,107.53029744972741,241,235,53,"[241, 235, 53]",0%,2%,78%,5%,"[0%, 2%, 78%, 5%]",91.39,-11.67,80.47,"[91.39, -11.67, 80.47]",https://www.google.com/search?tbm=isch&q=ncs%20NCS%201070-G80Y%20color%20swatch,,,,,,,,,,,,,,,,,,,,,,,,,,,,,,,,,,,,,,,,,,,,
DB,ncs,NCS 1070-G90Y,#f1df33,0.8913715882758855,0.1754012696978586,102.99143517069399,241,223,51,"[241, 223, 51]",0%,7%,79%,5%,"[0%, 7%, 79%, 5%]",88.29,-6.12,78.42,"[88.29, -6.12, 78.42]",https://www.google.com/search?tbm=isch&q=ncs%20NCS%201070-G90Y%20color%20swatch,,,,,,,,,,,,,,,,,,,,,,,,,,,,,,,,,,,,,,,,,,,,
DB,ncs,NCS 1070-R,#f11f2d,0.6123936815488638,0.23604023180042794,25.701278936068036,241,31,45,"[241, 31, 45]",0%,87%,81%,5%,"[0%, 87%, 81%, 5%]",52.64,74.75,50.42,"[52.64, 74.75, 50.42]",https://www.google.com/search?tbm=isch&q=ncs%20NCS%201070-R%20color%20swatch,,,,,,,,,,,,,,,,,,,,,,,,,,,,,,,,,,,,,,,,,,,,
DB,ncs,NCS 1070-R10B,#f1213a,0.614678524076719,0.23410885635220835,23.027638601675505,241,33,58,"[241, 33, 58]",0%,86%,76%,5%,"[0%, 86%, 76%, 5%]",52.86,74.68,43.49,"[52.86, 74.68, 43.49]",https://www.google.com/search?tbm=isch&q=ncs%20NCS%201070-R10B%20color%20swatch,,,,,,,,,,,,,,,,,,,,,,,,,,,,,,,,,,,,,,,,,,,,
DB,ncs,NCS 1070-R20B,#f1234c,0.6181858026413206,0.23232417974653483,18.3717337687915,241,35,76,"[241, 35, 76]",0%,85%,68%,5%,"[0%, 85%, 68%, 5%]",53.19,74.82,33.34,"[53.19, 74.82, 33.34]",https://www.google.com/search?tbm=isch&q=ncs%20NCS%201070-R20B%20color%20swatch,,,,,,,,,,,,,,,,,,,,,,,,,,,,,,,,,,,,,,,,,,,,
DB,ncs,NCS 1070-Y,#f1d432,0.8689283174221065,0.1677115442011602,98.25720387118702,241,212,50,"[241, 212, 50]",0%,12%,79%,5%,"[0%, 12%, 79%, 5%]",85.49,-0.90,76.35,"[85.49, -0.90, 76.35]",https://www.google.com/search?tbm=isch&q=ncs%20NCS%201070-Y%20color%20swatch,,,,,,,,,,,,,,,,,,,,,,,,,,,,,,,,,,,,,,,,,,,,
DB,ncs,NCS 1070-Y10R,#f1c430,0.8369030319654299,0.1591519621878049,90.4422009524119,241,196,48,"[241, 196, 48]",0%,19%,80%,5%,"[0%, 19%, 80%, 5%]",81.47,6.84,73.59,"[81.47, 6.84, 73.59]",https://www.google.com/search?tbm=isch&q=ncs%20NCS%201070-Y10R%20color%20swatch,,,,,,,,,,,,,,,,,,,,,,,,,,,,,,,,,,,,,,,,,,,,
DB,ncs,NCS 1070-Y20R,#f1b32e,0.8039070370378446,0.15390689678629138,81.10359680664544,241,179,46,"[241, 179, 46]",0%,26%,81%,5%,"[0%, 26%, 81%, 5%]",77.31,15.23,70.75,"[77.31, 15.23, 70.75]",https://www.google.com/search?tbm=isch&q=ncs%20NCS%201070-Y20R%20color%20swatch,,,,,,,,,,,,,,,,,,,,,,,,,,,,,,,,,,,,,,,,,,,,
DB,ncs,NCS 1070-Y30R,#f1a12c,0.7704136668474421,0.15349465303733215,70.62529420539238,241,161,44,"[241, 161, 44]",0%,33%,82%,5%,"[0%, 33%, 82%, 5%]",73.07,24.21,67.91,"[73.07, 24.21, 67.91]",https://www.google.com/search?tbm=isch&q=ncs%20NCS%201070-Y30R%20color%20swatch,,,,,,,,,,,,,,,,,,,,,,,,,,,,,,,,,,,,,,,,,,,,
DB,ncs,NCS 1070-Y40R,#f1902a,0.7404585183955258,0.15824125700638883,60.98586887933118,241,144,42,"[241, 144, 42]",0%,40%,83%,5%,"[0%, 40%, 83%, 5%]",69.26,32.67,65.49,"[69.26, 32.67, 65.49]",https://www.google.com/search?tbm=isch&q=ncs%20NCS%201070-Y40R%20color%20swatch,,,,,,,,,,,,,,,,,,,,,,,,,,,,,,,,,,,,,,,,,,,,
DB,ncs,NCS 1070-Y50R,#f17e28,0.7109388326679376,0.16799179528831343,51.80990559492636,241,126,40,"[241, 126, 40]",0%,48%,83%,5%,"[0%, 48%, 83%, 5%]",65.48,41.44,63.18,"[65.48, 41.44, 63.18]",https://www.google.com/search?tbm=isch&q=ncs%20NCS%201070-Y50R%20color%20swatch,,,,,,,,,,,,,,,,,,,,,,,,,,,,,,,,,,,,,,,,,,,,
DB,ncs,NCS 1070-Y60R,#f16b26,0.6827515078497997,0.18206590157025998,43.78799487154714,241,107,38,"[241, 107, 38]",0%,56%,84%,5%,"[0%, 56%, 84%, 5%]",61.85,50.24,61.09,"[61.85, 50.24, 61.09]",https://www.google.com/search?tbm=isch&q=ncs%20NCS%201070-Y60R%20color%20swatch,,,,,,,,,,,,,,,,,,,,,,,,,,,,,,,,,,,,,,,,,,,,
DB,ncs,NCS 1070-Y70R,#f15924,0.6593816764597449,0.19717645449798074,37.90547650480795,241,89,36,"[241, 89, 36]",0%,63%,85%,5%,"[0%, 63%, 85%, 5%]",58.83,57.86,59.57,"[58.83, 57.86, 59.57]",https://www.google.com/search?tbm=isch&q=ncs%20NCS%201070-Y70R%20color%20swatch,,,,,,,,,,,,,,,,,,,,,,,,,,,,,,,,,,,,,,,,,,,,
DB,ncs,NCS 1070-Y80R,#f14622,0.6387917669313055,0.21291361021742194,33.32873431284332,241,70,34,"[241, 70, 34]",0%,71%,86%,5%,"[0%, 71%, 86%, 5%]",56.15,64.84,58.42,"[56.15, 64.84, 58.42]",https://www.google.com/search?tbm=isch&q=ncs%20NCS%201070-Y80R%20color%20swatch,,,,,,,,,,,,,,,,,,,,,,,,,,,,,,,,,,,,,,,,,,,,
DB,ncs,NCS 1070-Y90R,#f13326,0.6232357573554907,0.22598135926822535,29.259467710874105,241,51,38,"[241, 51, 38]",0%,79%,84%,5%,"[0%, 79%, 84%, 5%]",54.10,70.50,55.12,"[54.10, 70.50, 55.12]",https://www.google.com/search?tbm=isch&q=ncs%20NCS%201070-Y90R%20color%20swatch,,,,,,,,,,,,,,,,,,,,,,,,,,,,,,,,,,,,,,,,,,,,
DB,ncs,NCS 1075-G20Y,#76f144,0.8547520353863054,0.23392742628550717,138.34340522201046,118,241,68,"[118, 241, 68]",51%,0%,72%,5%,"[51%, 0%, 72%, 5%]",85.73,-57.65,67.59,"[85.73, -57.65, 67.59]",https://www.google.com/search?tbm=isch&q=ncs%20NCS%201075-G20Y%20color%20swatch,,,,,,,,,,,,,,,,,,,,,,,,,,,,,,,,,,,,,,,,,,,,
DB,ncs,NCS 1075-G40Y,#adf126,0.8802011988805223,0.22099486219446784,127.89836114536058,173,241,38,"[173, 241, 38]",28%,0%,84%,5%,"[28%, 0%, 84%, 5%]",88.20,-41.16,79.03,"[88.20, -41.16, 79.03]",https://www.google.com/search?tbm=isch&q=ncs%20NCS%201075-G40Y%20color%20swatch,,,,,,,,,,,,,,,,,,,,,,,,,,,,,,,,,,,,,,,,,,,,
DB,ncs,NCS 1075-G50Y,#c3f127,0.8940920578633018,0.21056715699888018,122.86517969865832,195,241,39,"[195, 241, 39]",19%,0%,84%,5%,"[19%, 0%, 84%, 5%]",89.54,-32.95,80.59,"[89.54, -32.95, 80.59]",https://www.google.com/search?tbm=isch&q=ncs%20NCS%201075-G50Y%20color%20swatch,,,,,,,,,,,,,,,,,,,,,,,,,,,,,,,,,,,,,,,,,,,,
DB,ncs,NCS 1075-G60Y,#d5f129,0.9067117609238015,0.20268914002685376,118.111569900419,213,241,41,"[213, 241, 41]",12%,0%,83%,5%,"[12%, 0%, 83%, 5%]",90.78,-25.91,81.78,"[90.78, -25.91, 81.78]",https://www.google.com/search?tbm=isch&q=ncs%20NCS%201075-G60Y%20color%20swatch,,,,,,,,,,,,,,,,,,,,,,,,,,,,,,,,,,,,,,,,,,,,
DB,ncs,NCS 1075-G70Y,#e7f12b,0.920367082468014,0.1962337799003854,112.79887409931746,231,241,43,"[231, 241, 43]",4%,0%,82%,5%,"[4%, 0%, 82%, 5%]",92.13,-18.68,83.10,"[92.13, -18.68, 83.10]",https://www.google.com/search?tbm=isch&q=ncs%20NCS%201075-G70Y%20color%20swatch,,,,,,,,,,,,,,,,,,,,,,,,,,,,,,,,,,,,,,,,,,,,
DB,ncs,NCS 1075-G80Y,#f1eb2b,0.9158222177720993,0.1885206968519489,107.6322816525535,241,235,43,"[241, 235, 43]",0%,2%,82%,5%,"[0%, 2%, 82%, 5%]",91.36,-11.88,82.89,"[91.36, -11.88, 82.89]",https://www.google.com/search?tbm=isch&q=ncs%20NCS%201075-G80Y%20color%20swatch,,,,,,,,,,,,,,,,,,,,,,,,,,,,,,,,,,,,,,,,,,,,
DB,ncs,NCS 1075-G90Y,#f1de2a,0.8889348673304222,0.17823490154177365,102.779905881108,241,222,42,"[241, 222, 42]",0%,8%,83%,5%,"[0%, 8%, 83%, 5%]",88.01,-5.83,80.45,"[88.01, -5.83, 80.45]",https://www.google.com/search?tbm=isch&q=ncs%20NCS%201075-G90Y%20color%20swatch,,,,,,,,,,,,,,,,,,,,,,,,,,,,,,,,,,,,,,,,,,,,
DB,ncs,NCS 1080-G30Y,#91f12c,0.8652795335253437,0.23256017619478092,133.282127365787,145,241,44,"[145, 241, 44]",40%,0%,82%,5%,"[40%, 0%, 82%, 5%]",86.76,-50.58,75.83,"[86.76, -50.58, 75.83]",https://www.google.com/search?tbm=isch&q=ncs%20NCS%201080-G30Y%20color%20swatch,,,,,,,,,,,,,,,,,,,,,,,,,,,,,,,,,,,,,,,,,,,,
DB,ncs,NCS 1080-R,#f11322,0.6071454450898393,0.24119912739406216,26.79209289709405,241,19,34,"[241, 19, 34]",0%,92%,86%,5%,"[0%, 92%, 86%, 5%]",51.99,76.19,55.46,"[51.99, 76.19, 55.46]",https://www.google.com/search?tbm=isch&q=ncs%20NCS%201080-R%20color%20swatch,,,,,,,,,,,,,,,,,,,,,,,,,,,,,,,,,,,,,,,,,,,,
DB,ncs,NCS 1080-Y,#f1d220,0.8641730816498248,0.1730008263279986,97.91248667336941,241,210,32,"[241, 210, 32]",0%,13%,87%,5%,"[0%, 13%, 87%, 5%]",84.93,-0.27,80.21,"[84.93, -0.27, 80.21]",https://www.google.com/search?tbm=isch&q=ncs%20NCS%201080-Y%20color%20swatch,,,,,,,,,,,,,,,,,,,,,,,,,,,,,,,,,,,,,,,,,,,,
DB,ncs,NCS 1080-Y10R,#f1c01e,0.8283132036667332,0.16385102407775565,89.29372425865023,241,192,30,"[241, 192, 30]",0%,20%,88%,5%,"[0%, 20%, 88%, 5%]",80.43,8.48,77.26,"[80.43, 8.48, 77.26]",https://www.google.com/search?tbm=isch&q=ncs%20NCS%201080-Y10R%20color%20swatch,,,,,,,,,,,,,,,,,,,,,,,,,,,,,,,,,,,,,,,,,,,,
DB,ncs,NCS 1080-Y20R,#f1ad1d,0.7918536458653733,0.1587732908127233,79.00421424791881,241,173,29,"[241, 173, 29]",0%,28%,88%,5%,"[0%, 28%, 88%, 5%]",75.83,17.93,74.11,"[75.83, 17.93, 74.11]",https://www.google.com/search?tbm=isch&q=ncs%20NCS%201080-Y20R%20color%20swatch,,,,,,,,,,,,,,,,,,,,,,,,,,,,,,,,,,,,,,,,,,,,
DB,ncs,NCS 1080-Y30R,#f19b1c,0.758941051358363,0.15940729199845027,68.81750202450547,241,155,28,"[241, 155, 28]",0%,36%,88%,5%,"[0%, 36%, 88%, 5%]",71.65,26.95,71.35,"[71.65, 26.95, 71.35]",https://www.google.com/search?tbm=isch&q=ncs%20NCS%201080-Y30R%20color%20swatch,,,,,,,,,,,,,,,,,,,,,,,,,,,,,,,,,,,,,,,,,,,,
DB,ncs,NCS 1080-Y40R,#f1881b,0.7263615277066098,0.16581809500983052,58.53813443238454,241,136,27,"[241, 136, 27]",0%,44%,89%,5%,"[0%, 44%, 89%, 5%]",67.49,36.38,68.69,"[67.49, 36.38, 68.69]",https://www.google.com/search?tbm=isch&q=ncs%20NCS%201080-Y40R%20color%20swatch,,,,,,,,,,,,,,,,,,,,,,,,,,,,,,,,,,,,,,,,,,,,
DB,ncs,NCS 1080-Y50R,#f17519,0.6964824526485155,0.1773264630084724,49.672363247415774,241,117,25,"[241, 117, 25]",0%,51%,90%,5%,"[0%, 51%, 90%, 5%]",63.66,45.48,66.64,"[63.66, 45.48, 66.64]",https://www.google.com/search?tbm=isch&q=ncs%20NCS%201080-Y50R%20color%20swatch,,,,,,,,,,,,,,,,,,,,,,,,,,,,,,,,,,,,,,,,,,,,
DB,ncs,NCS 1080-Y60R,#f16218,0.6699657228311342,0.1917460605570663,42.41314009434308,241,98,24,"[241, 98, 24]",0%,59%,90%,5%,"[0%, 59%, 90%, 5%]",60.24,53.98,64.72,"[60.24, 53.98, 64.72]",https://www.google.com/search?tbm=isch&q=ncs%20NCS%201080-Y60R%20color%20swatch,,,,,,,,,,,,,,,,,,,,,,,,,,,,,,,,,,,,,,,,,,,,
DB,ncs,NCS 1080-Y70R,#f14e16,0.6462581578923428,0.20808964236479358,36.74221171052267,241,78,22,"[241, 78, 22]",0%,68%,91%,5%,"[0%, 68%, 91%, 5%]",57.16,61.90,63.47,"[57.16, 61.90, 63.47]",https://www.google.com/search?tbm=isch&q=ncs%20NCS%201080-Y70R%20color%20swatch,,,,,,,,,,,,,,,,,,,,,,,,,,,,,,,,,,,,,,,,,,,,
DB,ncs,NCS 1080-Y80R,#f13b15,0.6283472392301694,0.22237524359063032,32.84702318566576,241,59,21,"[241, 59, 21]",0%,76%,91%,5%,"[0%, 76%, 91%, 5%]",54.82,68.12,62.49,"[54.82, 68.12, 62.49]",https://www.google.com/search?tbm=isch&q=ncs%20NCS%201080-Y80R%20color%20swatch,,,,,,,,,,,,,,,,,,,,,,,,,,,,,,,,,,,,,,,,,,,,
DB,ncs,NCS 1080-Y90R,#f1281a,0.6155145359694925,0.23344782827693975,29.60217531453719,241,40,26,"[241, 40, 26]",0%,83%,89%,5%,"[0%, 83%, 89%, 5%]",53.12,72.86,59.71,"[53.12, 72.86, 59.71]",https://www.google.com/search?tbm=isch&q=ncs%20NCS%201080-Y90R%20color%20swatch,,,,,,,,,,,,,,,,,,,,,,,,,,,,,,,,,,,,,,,,,,,,
DB,ncs,NCS 1085-Y80R,#f1360f,0.6242101517443249,0.2261502091773353,32.56760517875421,241,54,15,"[241, 54, 15]",0%,78%,94%,5%,"[0%, 78%, 94%, 5%]",54.29,69.47,64.05,"[54.29, 69.47, 64.05]",https://www.google.com/search?tbm=isch&q=ncs%20NCS%201085-Y80R%20color%20swatch,,,,,,,,,,,,,,,,,,,,,,,,,,,,,,,,,,,,,,,,,,,,
DB,ncs,NCS 1085-Y90R,#f12214,0.6121099469519825,0.2367598199980765,29.65268481857555,241,34,20,"[241, 34, 20]",0%,86%,92%,5%,"[0%, 86%, 92%, 5%]",52.69,73.94,61.73,"[52.69, 73.94, 61.73]",https://www.google.com/search?tbm=isch&q=ncs%20NCS%201085-Y90R%20color%20swatch,,,,,,,,,,,,,,,,,,,,,,,,,,,,,,,,,,,,,,,,,,,,
DB,ncs,NCS 1500-N,#d8d8d8,0.8822392369503604,0.00003426340078376076,72.58924660554999,216,216,216,"[216, 216, 216]",0%,0%,0%,15%,"[0%, 0%, 0%, 15%]",86.34,0.00,0.01,"[86.34, 0.00, 0.01]",https://www.google.com/search?tbm=isch&q=ncs%20NCS%201500-N%20color%20swatch,,,,,,,,,,,,,,,,,,,,,,,,,,,,,,,,,,,,,,,,,,,,
DB,ncs,NCS 1502-B,#dbe1e4,0.9060210595174045,0.007652319062007723,228.750132541404,219,225,228,"[219, 225, 228]",4%,1%,0%,11%,"[4%, 1%, 0%, 11%]",89.13,-1.67,-2.20,"[89.13, -1.67, -2.20]",https://www.google.com/search?tbm=isch&q=ncs%20NCS%201502-B%20color%20swatch,,,,,,,,,,,,,,,,,,,,,,,,,,,,,,,,,,,,,,,,,,,,
DB,ncs,NCS 1502-B50G,#dde4e3,0.9132466249525528,0.0076274088252740475,186.63643436842665,221,228,227,"[221, 228, 227]",3%,0%,0%,11%,"[3%, 0%, 0%, 11%]",90.03,-2.56,-0.36,"[90.03, -2.56, -0.36]",https://www.google.com/search?tbm=isch&q=ncs%20NCS%201502-B50G%20color%20swatch,,,,,,,,,,,,,,,,,,,,,,,,,,,,,,,,,,,,,,,,,,,,
DB,ncs,NCS 1502-G,#dae4de,0.9095885617032518,0.013393944540791645,159.7466545947433,218,228,222,"[218, 228, 222]",4%,0%,3%,11%,"[4%, 0%, 3%, 11%]",89.69,-4.28,1.73,"[89.69, -4.28, 1.73]",https://www.google.com/search?tbm=isch&q=ncs%20NCS%201502-G%20color%20swatch,,,,,,,,,,,,,,,,,,,,,,,,,,,,,,,,,,,,,,,,,,,,
DB,ncs,NCS 1502-G50Y,#e2e4dc,0.9150995853347815,0.010940442388388762,117.90639064565283,226,228,220,"[226, 228, 220]",1%,0%,4%,11%,"[1%, 0%, 4%, 11%]",90.27,-1.75,3.68,"[90.27, -1.75, 3.68]",https://www.google.com/search?tbm=isch&q=ncs%20NCS%201502-G50Y%20color%20swatch,,,,,,,,,,,,,,,,,,,,,,,,,,,,,,,,,,,,,,,,,,,,
DB,ncs,NCS 1502-R,#e4d7d8,0.8898859021860624,0.014419509808115452,12.169533171781723,228,215,216,"[228, 215, 216]",0%,6%,5%,11%,"[0%, 6%, 5%, 11%]",87.07,4.75,1.21,"[87.07, 4.75, 1.21]",https://www.google.com/search?tbm=isch&q=ncs%20NCS%201502-R%20color%20swatch,,,,,,,,,,,,,,,,,,,,,,,,,,,,,,,,,,,,,,,,,,,,
DB,ncs,NCS 1502-R50B,#e4dce2,0.9025396134041912,0.011815293787981202,334.2701915394721,228,220,226,"[228, 220, 226]",0%,4%,1%,11%,"[0%, 4%, 1%, 11%]",88.53,3.62,-1.91,"[88.53, 3.62, -1.91]",https://www.google.com/search?tbm=isch&q=ncs%20NCS%201502-R50B%20color%20swatch,,,,,,,,,,,,,,,,,,,,,,,,,,,,,,,,,,,,,,,,,,,,
DB,ncs,NCS 1502-Y,#e4e3dc,0.914658491865143,0.009482286560139925,99.89490672857823,228,227,220,"[228, 227, 220]",0%,0%,4%,11%,"[0%, 0%, 4%, 11%]",90.17,-0.56,3.57,"[90.17, -0.56, 3.57]",https://www.google.com/search?tbm=isch&q=ncs%20NCS%201502-Y%20color%20swatch,,,,,,,,,,,,,,,,,,,,,,,,,,,,,,,,,,,,,,,,,,,,
DB,ncs,NCS 1502-Y50R,#e4deda,0.9042027403049936,0.008568852405017095,56.36333108055442,228,222,218,"[228, 222, 218]",0%,3%,4%,11%,"[0%, 3%, 4%, 11%]",88.86,1.60,2.74,"[88.86, 1.60, 2.74]",https://www.google.com/search?tbm=isch&q=ncs%20NCS%201502-Y50R%20color%20swatch,,,,,,,,,,,,,,,,,,,,,,,,,,,,,,,,,,,,,,,,,,,,
DB,ncs,NCS 1505-G80Y,#e4e3d3,0.9122590614432321,0.021415674106410786,103.85800482528578,228,227,211,"[228, 227, 211]",0%,0%,7%,11%,"[0%, 0%, 7%, 11%]",89.99,-1.70,7.98,"[89.99, -1.70, 7.98]",https://www.google.com/search?tbm=isch&q=ncs%20NCS%201505-G80Y%20color%20swatch,,,,,,,,,,,,,,,,,,,,,,,,,,,,,,,,,,,,,,,,,,,,
DB,ncs,NCS 1505-G90Y,#e4e2d2,0.9100020361386613,0.021513552203924684,100.96437358423202,228,226,210,"[228, 226, 210]",0%,1%,8%,11%,"[0%, 1%, 8%, 11%]",89.72,-1.34,8.12,"[89.72, -1.34, 8.12]",https://www.google.com/search?tbm=isch&q=ncs%20NCS%201505-G90Y%20color%20swatch,,,,,,,,,,,,,,,,,,,,,,,,,,,,,,,,,,,,,,,,,,,,
DB,ncs,NCS 1505-Y,#e4e1d2,0.9080070085558558,0.020358905331676027,97.50517749329572,228,225,210,"[228, 225, 210]",0%,1%,8%,11%,"[0%, 1%, 8%, 11%]",89.46,-0.86,7.76,"[89.46, -0.86, 7.76]",https://www.google.com/search?tbm=isch&q=ncs%20NCS%201505-Y%20color%20swatch,,,,,,,,,,,,,,,,,,,,,,,,,,,,,,,,,,,,,,,,,,,,
DB,ncs,NCS 1505-Y10R,#e4dfd1,0.9037631102777947,0.019581263617427437,90.51816643828295,228,223,209,"[228, 223, 209]",0%,2%,8%,11%,"[0%, 2%, 8%, 11%]",88.94,-0.02,7.53,"[88.94, -0.02, 7.53]",https://www.google.com/search?tbm=isch&q=ncs%20NCS%201505-Y10R%20color%20swatch,,,,,,,,,,,,,,,,,,,,,,,,,,,,,,,,,,,,,,,,,,,,
DB,ncs,NCS 1505-Y20R,#e4ddd0,0.8995276226634528,0.01912124101302961,83.04044573712622,228,221,208,"[228, 221, 208]",0%,3%,9%,11%,"[0%, 3%, 9%, 11%]",88.41,0.83,7.31,"[88.41, 0.83, 7.31]",https://www.google.com/search?tbm=isch&q=ncs%20NCS%201505-Y20R%20color%20swatch,,,,,,,,,,,,,,,,,,,,,,,,,,,,,,,,,,,,,,,,,,,,
DB,ncs,NCS 1505-Y30R,#e4dbcf,0.8953008080283722,0.019006340705142424,75.30092925969495,228,219,207,"[228, 219, 207]",0%,4%,9%,11%,"[0%, 4%, 9%, 11%]",87.89,1.68,7.09,"[87.89, 1.68, 7.09]",https://www.google.com/search?tbm=isch&q=ncs%20NCS%201505-Y30R%20color%20swatch,,,,,,,,,,,,,,,,,,,,,,,,,,,,,,,,,,,,,,,,,,,,
DB,ncs,NCS 1505-Y40R,#e4d9ce,0.8910829350868189,0.019247102431236326,67.58125347147433,228,217,206,"[228, 217, 206]",0%,5%,10%,11%,"[0%, 5%, 10%, 11%]",87.36,2.53,6.87,"[87.36, 2.53, 6.87]",https://www.google.com/search?tbm=isch&q=ncs%20NCS%201505-Y40R%20color%20swatch,,,,,,,,,,,,,,,,,,,,,,,,,,,,,,,,,,,,,,,,,,,,
DB,ncs,NCS 1505-Y50R,#e4d7cd,0.8868742790909838,0.01983478855594414,60.15903799881693,228,215,205,"[228, 215, 205]",0%,6%,10%,11%,"[0%, 6%, 10%, 11%]",86.84,3.38,6.65,"[86.84, 3.38, 6.65]",https://www.google.com/search?tbm=isch&q=ncs%20NCS%201505-Y50R%20color%20swatch,,,,,,,,,,,,,,,,,,,,,,,,,,,,,,,,,,,,,,,,,,,,
DB,ncs,NCS 1505-Y60R,#e4d4cc,0.8807126896667682,0.02094829556309916,48.50476449464725,228,212,204,"[228, 212, 204]",0%,7%,11%,11%,"[0%, 7%, 11%, 11%]",86.07,4.73,6.08,"[86.07, 4.73, 6.08]",https://www.google.com/search?tbm=isch&q=ncs%20NCS%201505-Y60R%20color%20swatch,,,,,,,,,,,,,,,,,,,,,,,,,,,,,,,,,,,,,,,,,,,,
DB,ncs,NCS 1505-Y70R,#e4d1ca,0.8743064663329798,0.02337790766472693,41.43142710220786,228,209,202,"[228, 209, 202]",0%,8%,11%,11%,"[0%, 8%, 11%, 11%]",85.28,5.96,6.01,"[85.28, 5.96, 6.01]",https://www.google.com/search?tbm=isch&q=ncs%20NCS%201505-Y70R%20color%20swatch,,,,,,,,,,,,,,,,,,,,,,,,,,,,,,,,,,,,,,,,,,,,
DB,ncs,NCS 1505-Y80R,#e4cdc9,0.8662499320297081,0.026507680412908366,29.48157235837914,228,205,201,"[228, 205, 201]",0%,10%,12%,11%,"[0%, 10%, 12%, 11%]",84.26,7.82,5.09,"[84.26, 7.82, 5.09]",https://www.google.com/search?tbm=isch&q=ncs%20NCS%201505-Y80R%20color%20swatch,,,,,,,,,,,,,,,,,,,,,,,,,,,,,,,,,,,,,,,,,,,,
DB,ncs,NCS 1505-Y90R,#e4cac8,0.8601713356138486,0.029523877082158208,23.047015429696046,228,202,200,"[228, 202, 200]",0%,11%,12%,11%,"[0%, 11%, 12%, 11%]",83.50,9.19,4.53,"[83.50, 9.19, 4.53]",https://www.google.com/search?tbm=isch&q=ncs%20NCS%201505-Y90R%20color%20swatch,,,,,,,,,,,,,,,,,,,,,,,,,,,,,,,,,,,,,,,,,,,,
DB,ncs,NCS 1510-B,#bdd5e4,0.859863906000802,0.03313578595982675,235.2239736073684,189,213,228,"[189, 213, 228]",17%,7%,0%,11%,"[17%, 7%, 0%, 11%]",83.82,-5.99,-10.26,"[83.82, -5.99, -10.26]",https://www.google.com/search?tbm=isch&q=ncs%20NCS%201510-B%20color%20swatch,,,,,,,,,,,,,,,,,,,,,,,,,,,,,,,,,,,,,,,,,,,,
DB,ncs,NCS 1510-B20G,#c1dee4,0.8812410247861737,0.03178273140573516,211.51110192889178,193,222,228,"[193, 222, 228]",15%,3%,0%,11%,"[15%, 3%, 0%, 11%]",86.47,-9.00,-6.34,"[86.47, -9.00, -6.34]",https://www.google.com/search?tbm=isch&q=ncs%20NCS%201510-B20G%20color%20swatch,,,,,,,,,,,,,,,,,,,,,,,,,,,,,,,,,,,,,,,,,,,,
DB,ncs,NCS 1510-B50G,#c3e4e3,0.8947684740409813,0.034640249016553354,194.25058037098665,195,228,227,"[195, 228, 227]",14%,0%,0%,11%,"[14%, 0%, 0%, 11%]",88.17,-11.35,-3.33,"[88.17, -11.35, -3.33]",https://www.google.com/search?tbm=isch&q=ncs%20NCS%201510-B50G%20color%20swatch,,,,,,,,,,,,,,,,,,,,,,,,,,,,,,,,,,,,,,,,,,,,
DB,ncs,NCS 1510-B80G,#c0e4dc,0.8907318771835943,0.039226975608415156,180.36653166766632,192,228,220,"[192, 228, 220]",16%,0%,4%,11%,"[16%, 0%, 4%, 11%]",87.82,-13.38,-0.22,"[87.82, -13.38, -0.22]",https://www.google.com/search?tbm=isch&q=ncs%20NCS%201510-B80G%20color%20swatch,,,,,,,,,,,,,,,,,,,,,,,,,,,,,,,,,,,,,,,,,,,,
DB,ncs,NCS 1510-G,#b8e4c9,0.8803219163413021,0.0588756090782988,157.98101174779174,184,228,201,"[184, 228, 201]",19%,0%,12%,11%,"[19%, 0%, 12%, 11%]",86.91,-18.77,8.30,"[86.91, -18.77, 8.30]",https://www.google.com/search?tbm=isch&q=ncs%20NCS%201510-G%20color%20swatch,,,,,,,,,,,,,,,,,,,,,,,,,,,,,,,,,,,,,,,,,,,,
DB,ncs,NCS 1510-G20Y,#cce4c2,0.8920815766064251,0.052344392815907644,136.4108972105704,204,228,194,"[204, 228, 194]",11%,0%,15%,11%,"[11%, 0%, 15%, 11%]",88.12,-12.82,13.87,"[88.12, -12.82, 13.87]",https://www.google.com/search?tbm=isch&q=ncs%20NCS%201510-G20Y%20color%20swatch,,,,,,,,,,,,,,,,,,,,,,,,,,,,,,,,,,,,,,,,,,,,
DB,ncs,NCS 1510-G40Y,#d7e4be,0.899157325560565,0.05242253733212095,122.78829241853396,215,228,190,"[215, 228, 190]",6%,0%,17%,11%,"[6%, 0%, 17%, 11%]",88.86,-9.37,17.09,"[88.86, -9.37, 17.09]",https://www.google.com/search?tbm=isch&q=ncs%20NCS%201510-G40Y%20color%20swatch,,,,,,,,,,,,,,,,,,,,,,,,,,,,,,,,,,,,,,,,,,,,
DB,ncs,NCS 1510-G60Y,#dfe4c1,0.9059397770982207,0.04668140187490972,113.9110446674905,223,228,193,"[223, 228, 193]",2%,0%,15%,11%,"[2%, 0%, 15%, 11%]",89.52,-6.12,16.57,"[89.52, -6.12, 16.57]",https://www.google.com/search?tbm=isch&q=ncs%20NCS%201510-G60Y%20color%20swatch,,,,,,,,,,,,,,,,,,,,,,,,,,,,,,,,,,,,,,,,,,,,
DB,ncs,NCS 1510-G80Y,#e4e3c3,0.9082898868615227,0.04237330304700421,105.71852426048889,228,227,195,"[228, 227, 195]",0%,0%,14%,11%,"[0%, 0%, 14%, 11%]",89.69,-3.59,15.85,"[89.69, -3.59, 15.85]",https://www.google.com/search?tbm=isch&q=ncs%20NCS%201510-G80Y%20color%20swatch,,,,,,,,,,,,,,,,,,,,,,,,,,,,,,,,,,,,,,,,,,,,
DB,ncs,NCS 1510-G90Y,#e4e0c2,0.9020147002962237,0.04003591360199695,100.88474102675593,228,224,194,"[228, 224, 194]",0%,2%,15%,11%,"[0%, 2%, 15%, 11%]",88.91,-2.27,15.28,"[88.91, -2.27, 15.28]",https://www.google.com/search?tbm=isch&q=ncs%20NCS%201510-G90Y%20color%20swatch,,,,,,,,,,,,,,,,,,,,,,,,,,,,,,,,,,,,,,,,,,,,
DB,ncs,NCS 1510-R,#e4adb1,0.7992404705441605,0.06471924002467341,13.783266034348799,228,173,177,"[228, 173, 177]",0%,24%,22%,11%,"[0%, 24%, 22%, 11%]",76.00,21.15,6.19,"[76.00, 21.15, 6.19]",https://www.google.com/search?tbm=isch&q=ncs%20NCS%201510-R%20color%20swatch,,,,,,,,,,,,,,,,,,,,,,,,,,,,,,,,,,,,,,,,,,,,
DB,ncs,NCS 1510-R10B,#e4afb6,0.8042824295245125,0.062524924886839,9.75024781632817,228,175,182,"[228, 175, 182]",0%,23%,20%,11%,"[0%, 23%, 20%, 11%]",76.58,20.68,4.30,"[76.58, 20.68, 4.30]",https://www.google.com/search?tbm=isch&q=ncs%20NCS%201510-R10B%20color%20swatch,,,,,,,,,,,,,,,,,,,,,,,,,,,,,,,,,,,,,,,,,,,,
DB,ncs,NCS 1510-R20B,#e4b2bc,0.8114886438118155,0.059446304124445855,5.144936953802869,228,178,188,"[228, 178, 188]",0%,22%,18%,11%,"[0%, 22%, 18%, 11%]",77.42,19.83,2.26,"[77.42, 19.83, 2.26]",https://www.google.com/search?tbm=isch&q=ncs%20NCS%201510-R20B%20color%20swatch,,,,,,,,,,,,,,,,,,,,,,,,,,,,,,,,,,,,,,,,,,,,
DB,ncs,NCS 1510-R40B,#e4bacf,0.8319038448359874,0.055337157216957845,346.839315128698,228,186,207,"[228, 186, 207]",0%,18%,9%,11%,"[0%, 18%, 9%, 11%]",79.75,18.06,-4.60,"[79.75, 18.06, -4.60]",https://www.google.com/search?tbm=isch&q=ncs%20NCS%201510-R40B%20color%20swatch,,,,,,,,,,,,,,,,,,,,,,,,,,,,,,,,,,,,,,,,,,,,
DB,ncs,NCS 1510-R60B,#d8bee4,0.8354039979264872,0.059178107804795654,315.1962728616536,216,190,228,"[216, 190, 228]",5%,17%,0%,11%,"[5%, 17%, 0%, 11%]",80.12,14.62,-15.46,"[80.12, 14.62, -15.46]",https://www.google.com/search?tbm=isch&q=ncs%20NCS%201510-R60B%20color%20swatch,,,,,,,,,,,,,,,,,,,,,,,,,,,,,,,,,,,,,,,,,,,,
DB,ncs,NCS 1510-R80B,#b2bbe4,0.798859846610913,0.05891755750986136,275.30114927013415,178,187,228,"[178, 187, 228]",22%,18%,0%,11%,"[22%, 18%, 0%, 11%]",76.21,3.29,-21.69,"[76.21, 3.29, -21.69]",https://www.google.com/search?tbm=isch&q=ncs%20NCS%201510-R80B%20color%20swatch,,,,,,,,,,,,,,,,,,,,,,,,,,,,,,,,,,,,,,,,,,,,
DB,ncs,NCS 1510-R90B,#b6c5e4,0.8220721954594666,0.046667737550143494,264.88577723348885,182,197,228,"[182, 197, 228]",20%,14%,0%,11%,"[20%, 14%, 0%, 11%]",79.12,-0.42,-17.30,"[79.12, -0.42, -17.30]",https://www.google.com/search?tbm=isch&q=ncs%20NCS%201510-R90B%20color%20swatch,,,,,,,,,,,,,,,,,,,,,,,,,,,,,,,,,,,,,,,,,,,,
DB,ncs,NCS 1510-Y,#e4dec1,0.8977626181780474,0.039079335399292134,97.4479549721811,228,222,193,"[228, 222, 193]",0%,3%,15%,11%,"[0%, 3%, 15%, 11%]",88.38,-1.42,15.07,"[88.38, -1.42, 15.07]",https://www.google.com/search?tbm=isch&q=ncs%20NCS%201510-Y%20color%20swatch,,,,,,,,,,,,,,,,,,,,,,,,,,,,,,,,,,,,,,,,,,,,
DB,ncs,NCS 1510-Y10R,#e4dbbf,0.8912807973986652,0.038558860361091594,92.23105614672176,228,219,191,"[228, 219, 191]",0%,4%,16%,11%,"[0%, 4%, 16%, 11%]",87.58,-0.19,15.00,"[87.58, -0.19, 15.00]",https://www.google.com/search?tbm=isch&q=ncs%20NCS%201510-Y10R%20color%20swatch,,,,,,,,,,,,,,,,,,,,,,,,,,,,,,,,,,,,,,,,,,,,
DB,ncs,NCS 1510-Y20R,#e4d8be,0.8850584601760322,0.03716007258873099,86.15781909143129,228,216,190,"[228, 216, 190]",0%,5%,17%,11%,"[0%, 5%, 17%, 11%]",86.81,1.15,14.44,"[86.81, 1.15, 14.44]",https://www.google.com/search?tbm=isch&q=ncs%20NCS%201510-Y20R%20color%20swatch,,,,,,,,,,,,,,,,,,,,,,,,,,,,,,,,,,,,,,,,,,,,
DB,ncs,NCS 1510-Y30R,#e4d4bc,0.8766351909194866,0.03677446041936762,78.09370398732062,228,212,188,"[228, 212, 188]",0%,7%,18%,11%,"[0%, 7%, 18%, 11%]",85.76,2.87,14.04,"[85.76, 2.87, 14.04]",https://www.google.com/search?tbm=isch&q=ncs%20NCS%201510-Y30R%20color%20swatch,,,,,,,,,,,,,,,,,,,,,,,,,,,,,,,,,,,,,,,,,,,,
DB,ncs,NCS 1510-Y40R,#e4d0ba,0.8682515638145416,0.03715815879763704,69.96330153816405,228,208,186,"[228, 208, 186]",0%,9%,18%,11%,"[0%, 9%, 18%, 11%]",84.72,4.61,13.64,"[84.72, 4.61, 13.64]",https://www.google.com/search?tbm=isch&q=ncs%20NCS%201510-Y40R%20color%20swatch,,,,,,,,,,,,,,,,,,,,,,,,,,,,,,,,,,,,,,,,,,,,
DB,ncs,NCS 1510-Y50R,#e4cbb8,0.8579545006134377,0.03826134951724099,59.489972021305505,228,203,184,"[228, 203, 184]",0%,11%,19%,11%,"[0%, 11%, 19%, 11%]",83.43,6.86,12.90,"[83.43, 6.86, 12.90]",https://www.google.com/search?tbm=isch&q=ncs%20NCS%201510-Y50R%20color%20swatch,,,,,,,,,,,,,,,,,,,,,,,,,,,,,,,,,,,,,,,,,,,,
DB,ncs,NCS 1510-Y60R,#e4c6b6,0.8477304764328826,0.04061615210111835,49.851452887278924,228,198,182,"[228, 198, 182]",0%,13%,20%,11%,"[0%, 13%, 20%, 11%]",82.15,9.12,12.17,"[82.15, 9.12, 12.17]",https://www.google.com/search?tbm=isch&q=ncs%20NCS%201510-Y60R%20color%20swatch,,,,,,,,,,,,,,,,,,,,,,,,,,,,,,,,,,,,,,,,,,,,
DB,ncs,NCS 1510-Y70R,#e4c0b4,0.835666659007848,0.04464358490161044,39.29507444239158,228,192,180,"[228, 192, 180]",0%,16%,21%,11%,"[0%, 16%, 21%, 11%]",80.64,11.89,11.11,"[80.64, 11.89, 11.11]",https://www.google.com/search?tbm=isch&q=ncs%20NCS%201510-Y70R%20color%20swatch,,,,,,,,,,,,,,,,,,,,,,,,,,,,,,,,,,,,,,,,,,,,
DB,ncs,NCS 1510-Y80R,#e4bab1,0.8234725787239099,0.0503533827470094,32.197551457740076,228,186,177,"[228, 186, 177]",0%,18%,22%,11%,"[0%, 18%, 22%, 11%]",79.12,14.58,10.58,"[79.12, 14.58, 10.58]",https://www.google.com/search?tbm=isch&q=ncs%20NCS%201510-Y80R%20color%20swatch,,,,,,,,,,,,,,,,,,,,,,,,,,,,,,,,,,,,,,,,,,,,
DB,ncs,NCS 1510-Y90R,#e4b4b1,0.8121883674763948,0.05621846442197021,22.549986735975153,228,180,177,"[228, 180, 177]",0%,21%,22%,11%,"[0%, 21%, 22%, 11%]",77.67,17.61,8.55,"[77.67, 17.61, 8.55]",https://www.google.com/search?tbm=isch&q=ncs%20NCS%201510-Y90R%20color%20swatch,,,,,,,,,,,,,,,,,,,,,,,,,,,,,,,,,,,,,,,,,,,,
DB,ncs,NCS 1515-B,#accfe4,0.8359181136804038,0.04746420787449865,234.45053029165297,172,207,228,"[172, 207, 228]",25%,9%,0%,11%,"[25%, 9%, 0%, 11%]",81.08,-8.56,-14.47,"[81.08, -8.56, -14.47]",https://www.google.com/search?tbm=isch&q=ncs%20NCS%201515-B%20color%20swatch,,,,,,,,,,,,,,,,,,,,,,,,,,,,,,,,,,,,,,,,,,,,
DB,ncs,NCS 1515-B20G,#b1dbe4,0.864451935821288,0.04553953191331055,212.13309212225204,177,219,228,"[177, 219, 228]",22%,4%,0%,11%,"[22%, 4%, 0%, 11%]",84.62,-12.73,-9.20,"[84.62, -12.73, -9.20]",https://www.google.com/search?tbm=isch&q=ncs%20NCS%201515-B20G%20color%20swatch,,,,,,,,,,,,,,,,,,,,,,,,,,,,,,,,,,,,,,,,,,,,
DB,ncs,NCS 1515-B50G,#b3e4e2,0.8842109463241635,0.05048559378571136,193.13874006041056,179,228,226,"[179, 228, 226]",21%,0%,1%,11%,"[21%, 0%, 1%, 11%]",87.12,-16.64,-4.47,"[87.12, -16.64, -4.47]",https://www.google.com/search?tbm=isch&q=ncs%20NCS%201515-B50G%20color%20swatch,,,,,,,,,,,,,,,,,,,,,,,,,,,,,,,,,,,,,,,,,,,,
DB,ncs,NCS 1515-B80G,#afe4d8,0.8788313901471417,0.05684901577460452,179.43254694341113,175,228,216,"[175, 228, 216]",23%,0%,5%,11%,"[23%, 0%, 5%, 11%]",86.66,-19.48,0.04,"[86.66, -19.48, 0.04]",https://www.google.com/search?tbm=isch&q=ncs%20NCS%201515-B80G%20color%20swatch,,,,,,,,,,,,,,,,,,,,,,,,,,,,,,,,,,,,,,,,,,,,
DB,ncs,NCS 1515-G,#a5e4bd,0.8656976786733285,0.0838047921420256,156.96397145201706,165,228,189,"[165, 228, 189]",28%,0%,17%,11%,"[28%, 0%, 17%, 11%]",85.54,-26.65,12.41,"[85.54, -26.65, 12.41]",https://www.google.com/search?tbm=isch&q=ncs%20NCS%201515-G%20color%20swatch,,,,,,,,,,,,,,,,,,,,,,,,,,,,,,,,,,,,,,,,,,,,
DB,ncs,NCS 1515-G20Y,#c1e4b3,0.88093805910719,0.07550239567890712,136.79730147830168,193,228,179,"[193, 228, 179]",15%,0%,21%,11%,"[15%, 0%, 21%, 11%]",87.10,-18.53,20.05,"[87.10, -18.53, 20.05]",https://www.google.com/search?tbm=isch&q=ncs%20NCS%201515-G20Y%20color%20swatch,,,,,,,,,,,,,,,,,,,,,,,,,,,,,,,,,,,,,,,,,,,,
DB,ncs,NCS 1515-G40Y,#d1e4ad,0.8909519882033503,0.07540034573349243,123.38188121989322,209,228,173,"[209, 228, 173]",8%,0%,24%,11%,"[8%, 0%, 24%, 11%]",88.13,-13.46,24.74,"[88.13, -13.46, 24.74]",https://www.google.com/search?tbm=isch&q=ncs%20NCS%201515-G40Y%20color%20swatch,,,,,,,,,,,,,,,,,,,,,,,,,,,,,,,,,,,,,,,,,,,,
DB,ncs,NCS 1515-G60Y,#dde4b1,0.9008329019499453,0.06731961022970356,114.09547691376792,221,228,177,"[221, 228, 177]",3%,0%,22%,11%,"[3%, 0%, 22%, 11%]",89.10,-8.61,24.18,"[89.10, -8.61, 24.18]",https://www.google.com/search?tbm=isch&q=ncs%20NCS%201515-G60Y%20color%20swatch,,,,,,,,,,,,,,,,,,,,,,,,,,,,,,,,,,,,,,,,,,,,
DB,ncs,NCS 1515-G80Y,#e4e2b3,0.9026666145449,0.061572760010309986,105.52761534837441,228,226,179,"[228, 226, 179]",0%,1%,21%,11%,"[0%, 1%, 21%, 11%]",89.17,-4.85,23.37,"[89.17, -4.85, 23.37]",https://www.google.com/search?tbm=isch&q=ncs%20NCS%201515-G80Y%20color%20swatch,,,,,,,,,,,,,,,,,,,,,,,,,,,,,,,,,,,,,,,,,,,,
DB,ncs,NCS 1515-G90Y,#e4dfb2,0.8963717906793175,0.05927110720645102,102.22318708077717,228,223,178,"[228, 223, 178]",0%,2%,22%,11%,"[0%, 2%, 22%, 11%]",88.38,-3.52,22.82,"[88.38, -3.52, 22.82]",https://www.google.com/search?tbm=isch&q=ncs%20NCS%201515-G90Y%20color%20swatch,,,,,,,,,,,,,,,,,,,,,,,,,,,,,,,,,,,,,,,,,,,,
DB,ncs,NCS 1515-R,#e4989d,0.7563927572571449,0.09170863165368064,15.174183064690283,228,152,157,"[228, 152, 157]",0%,33%,31%,11%,"[0%, 33%, 31%, 11%]",70.74,29.80,9.73,"[70.74, 29.80, 9.73]",https://www.google.com/search?tbm=isch&q=ncs%20NCS%201515-R%20color%20swatch,,,,,,,,,,,,,,,,,,,,,,,,,,,,,,,,,,,,,,,,,,,,
DB,ncs,NCS 1515-R10B,#e49ba3,0.7632076427307489,0.08798332616735897,12.162949098298498,228,155,163,"[228, 155, 163]",0%,32%,29%,11%,"[0%, 32%, 29%, 11%]",71.54,28.85,7.54,"[71.54, 28.85, 7.54]",https://www.google.com/search?tbm=isch&q=ncs%20NCS%201515-R10B%20color%20swatch,,,,,,,,,,,,,,,,,,,,,,,,,,,,,,,,,,,,,,,,,,,,
DB,ncs,NCS 1515-R20B,#e49eac,0.7709404347358969,0.08510286954870083,6.119050629449873,228,158,172,"[228, 158, 172]",0%,31%,25%,11%,"[0%, 31%, 25%, 11%]",72.41,28.24,3.82,"[72.41, 28.24, 3.82]",https://www.google.com/search?tbm=isch&q=ncs%20NCS%201515-R20B%20color%20swatch,,,,,,,,,,,,,,,,,,,,,,,,,,,,,,,,,,,,,,,,,,,,
DB,ncs,NCS 1515-R40B,#e4a8c6,0.7963976178999949,0.08014842764486793,347.6386985547024,228,168,198,"[228, 168, 198]",0%,26%,13%,11%,"[0%, 26%, 13%, 11%]",75.30,26.08,-6.23,"[75.30, 26.08, -6.23]",https://www.google.com/search?tbm=isch&q=ncs%20NCS%201515-R40B%20color%20swatch,,,,,,,,,,,,,,,,,,,,,,,,,,,,,,,,,,,,,,,,,,,,
DB,ncs,NCS 1515-R60B,#d2ade4,0.798445246314287,0.08591296726810052,314.5680075406344,210,173,228,"[210, 173, 228]",8%,24%,0%,11%,"[8%, 24%, 0%, 11%]",75.45,21.22,-22.52,"[75.45, 21.22, -22.52]",https://www.google.com/search?tbm=isch&q=ncs%20NCS%201515-R60B%20color%20swatch,,,,,,,,,,,,,,,,,,,,,,,,,,,,,,,,,,,,,,,,,,,,
DB,ncs,NCS 1515-R80B,#9daae4,0.749112417885412,0.08502708982334486,274.41830251591205,157,170,228,"[157, 170, 228]",31%,25%,0%,11%,"[31%, 25%, 0%, 11%]",70.19,5.33,-31.01,"[70.19, 5.33, -31.01]",https://www.google.com/search?tbm=isch&q=ncs%20NCS%201515-R80B%20color%20swatch,,,,,,,,,,,,,,,,,,,,,,,,,,,,,,,,,,,,,,,,,,,,
DB,ncs,NCS 1515-R90B,#a3b8e4,0.781960987282591,0.06717001735141537,264.9027224733329,163,184,228,"[163, 184, 228]",29%,19%,0%,11%,"[29%, 19%, 0%, 11%]",74.33,0.01,-24.67,"[74.33, 0.01, -24.67]",https://www.google.com/search?tbm=isch&q=ncs%20NCS%201515-R90B%20color%20swatch,,,,,,,,,,,,,,,,,,,,,,,,,,,,,,,,,,,,,,,,,,,,
DB,ncs,NCS 1515-Y,#e4dcb1,0.8900969477918644,0.057183070086730924,98.63676135068943,228,220,177,"[228, 220, 177]",0%,4%,22%,11%,"[0%, 4%, 22%, 11%]",87.60,-2.18,22.27,"[87.60, -2.18, 22.27]",https://www.google.com/search?tbm=isch&q=ncs%20NCS%201515-Y%20color%20swatch,,,,,,,,,,,,,,,,,,,,,,,,,,,,,,,,,,,,,,,,,,,,
DB,ncs,NCS 1515-Y10R,#e4d7af,0.8796127170424413,0.054667940018752484,92.15750583423983,228,215,175,"[228, 215, 175]",0%,6%,23%,11%,"[0%, 6%, 23%, 11%]",86.29,0.03,21.54,"[86.29, 0.03, 21.54]",https://www.google.com/search?tbm=isch&q=ncs%20NCS%201515-Y10R%20color%20swatch,,,,,,,,,,,,,,,,,,,,,,,,,,,,,,,,,,,,,,,,,,,,
DB,ncs,NCS 1515-Y20R,#e4d2ad,0.8691894157840969,0.05294178906468618,85.07393719645711,228,210,173,"[228, 210, 173]",0%,8%,24%,11%,"[0%, 8%, 24%, 11%]",85.00,2.26,20.81,"[85.00, 2.26, 20.81]",https://www.google.com/search?tbm=isch&q=ncs%20NCS%201515-Y20R%20color%20swatch,,,,,,,,,,,,,,,,,,,,,,,,,,,,,,,,,,,,,,,,,,,,
DB,ncs,NCS 1515-Y30R,#e4cdab,0.8588317458459522,0.05211107812380717,77.5617150482513,228,205,171,"[228, 205, 171]",0%,10%,25%,11%,"[0%, 10%, 25%, 11%]",83.70,4.50,20.10,"[83.70, 4.50, 20.10]",https://www.google.com/search?tbm=isch&q=ncs%20NCS%201515-Y30R%20color%20swatch,,,,,,,,,,,,,,,,,,,,,,,,,,,,,,,,,,,,,,,,,,,,
DB,ncs,NCS 1515-Y40R,#e4c7a8,0.8463609730412098,0.052991334970025346,68.88231369582047,228,199,168,"[228, 199, 168]",0%,13%,26%,11%,"[0%, 13%, 26%, 11%]",82.15,7.16,19.56,"[82.15, 7.16, 19.56]",https://www.google.com/search?tbm=isch&q=ncs%20NCS%201515-Y40R%20color%20swatch,,,,,,,,,,,,,,,,,,,,,,,,,,,,,,,,,,,,,,,,,,,,
DB,ncs,NCS 1515-Y50R,#e4c0a6,0.8322914644696021,0.054327167166977636,57.73939868535348,228,192,166,"[228, 192, 166]",0%,16%,27%,11%,"[0%, 16%, 27%, 11%]",80.38,10.45,18.20,"[80.38, 10.45, 18.20]",https://www.google.com/search?tbm=isch&q=ncs%20NCS%201515-Y50R%20color%20swatch,,,,,,,,,,,,,,,,,,,,,,,,,,,,,,,,,,,,,,,,,,,,
DB,ncs,NCS 1515-Y60R,#e4b9a3,0.8181617758573233,0.058365505462382956,48.55578078908445,228,185,163,"[228, 185, 163]",0%,19%,29%,11%,"[0%, 19%, 29%, 11%]",78.61,13.66,17.37,"[78.61, 13.66, 17.37]",https://www.google.com/search?tbm=isch&q=ncs%20NCS%201515-Y60R%20color%20swatch,,,,,,,,,,,,,,,,,,,,,,,,,,,,,,,,,,,,,,,,,,,,
DB,ncs,NCS 1515-Y70R,#e4b1a0,0.8023392130888637,0.0645007439718333,39.24278351482343,228,177,160,"[228, 177, 160]",0%,22%,30%,11%,"[0%, 22%, 30%, 11%]",76.63,17.40,16.25,"[76.63, 17.40, 16.25]",https://www.google.com/search?tbm=isch&q=ncs%20NCS%201515-Y70R%20color%20swatch,,,,,,,,,,,,,,,,,,,,,,,,,,,,,,,,,,,,,,,,,,,,
DB,ncs,NCS 1515-Y80R,#e4a99d,0.7867859051869573,0.07219504657315777,31.725283649772905,228,169,157,"[228, 169, 157]",0%,26%,31%,11%,"[0%, 26%, 31%, 11%]",74.67,21.17,15.17,"[74.67, 21.17, 15.17]",https://www.google.com/search?tbm=isch&q=ncs%20NCS%201515-Y80R%20color%20swatch,,,,,,,,,,,,,,,,,,,,,,,,,,,,,,,,,,,,,,,,,,,,
DB,ncs,NCS 1515-Y90R,#e4a19c,0.7720236037212785,0.0806578375987751,23.88964078740048,228,161,156,"[228, 161, 156]",0%,29%,32%,11%,"[0%, 29%, 32%, 11%]",72.78,25.14,13.11,"[72.78, 25.14, 13.11]",https://www.google.com/search?tbm=isch&q=ncs%20NCS%201515-Y90R%20color%20swatch,,,,,,,,,,,,,,,,,,,,,,,,,,,,,,,,,,,,,,,,,,,,
DB,ncs,NCS 1550-R70B,#8857e4,0.5825956660146381,0.2040462842317398,295.34872861415295,136,87,228,"[136, 87, 228]",40%,62%,0%,11%,"[40%, 62%, 0%, 11%]",48.28,43.90,-65.62,"[48.28, 43.90, -65.62]",https://www.google.com/search?tbm=isch&q=ncs%20NCS%201550-R70B%20color%20swatch,,,,,,,,,,,,,,,,,,,,,,,,,,,,,,,,,,,,,,,,,,,,
DB,ncs,NCS 1550-R80B,#405ee4,0.5407740899848404,0.20554226842456355,268.79064912102467,64,94,228,"[64, 94, 228]",72%,59%,0%,11%,"[72%, 59%, 0%, 11%]",44.04,25.06,-72.81,"[44.04, 25.06, -72.81]",https://www.google.com/search?tbm=isch&q=ncs%20NCS%201550-R80B%20color%20swatch,,,,,,,,,,,,,,,,,,,,,,,,,,,,,,,,,,,,,,,,,,,,
DB,ncs,NCS 1555-B10G,#49bce4,0.7464572072039587,0.11659796750683488,224.85281100907355,73,188,228,"[73, 188, 228]",68%,18%,0%,11%,"[68%, 18%, 0%, 11%]",71.03,-24.10,-30.16,"[71.03, -24.10, -30.16]",https://www.google.com/search?tbm=isch&q=ncs%20NCS%201555-B10G%20color%20swatch,,,,,,,,,,,,,,,,,,,,,,,,,,,,,,,,,,,,,,,,,,,,
DB,ncs,NCS 1555-R70B,#824ee4,0.5640590348277936,0.21515018918686452,294.391413427413,130,78,228,"[130, 78, 228]",43%,66%,0%,11%,"[43%, 66%, 0%, 11%]",45.81,47.06,-69.64,"[45.81, 47.06, -69.64]",https://www.google.com/search?tbm=isch&q=ncs%20NCS%201555-R70B%20color%20swatch,,,,,,,,,,,,,,,,,,,,,,,,,,,,,,,,,,,,,,,,,,,,
DB,ncs,NCS 1555-R80B,#3757e4,0.5240381191855051,0.21603583573751153,267.9647503306203,55,87,228,"[55, 87, 228]",76%,62%,0%,11%,"[76%, 62%, 0%, 11%]",41.82,27.99,-76.45,"[41.82, 27.99, -76.45]",https://www.google.com/search?tbm=isch&q=ncs%20NCS%201555-R80B%20color%20swatch,,,,,,,,,,,,,,,,,,,,,,,,,,,,,,,,,,,,,,,,,,,,
DB,ncs,NCS 1560-R90B,#346ee4,0.5669221836163586,0.18977391512799627,262.39540691460024,52,110,228,"[52, 110, 228]",77%,52%,0%,11%,"[77%, 52%, 0%, 11%]",47.81,13.86,-66.73,"[47.81, 13.86, -66.73]",https://www.google.com/search?tbm=isch&q=ncs%20NCS%201560-R90B%20color%20swatch,,,,,,,,,,,,,,,,,,,,,,,,,,,,,,,,,,,,,,,,,,,,
DB,ncs,NCS 1565-B,#33a1e4,0.6782470046887753,0.13800742315732195,240.64381575643642,51,161,228,"[51, 161, 228]",78%,29%,0%,11%,"[78%, 29%, 0%, 11%]",62.50,-14.23,-43.40,"[62.50, -14.23, -43.40]",https://www.google.com/search?tbm=isch&q=ncs%20NCS%201565-B%20color%20swatch,,,,,,,,,,,,,,,,,,,,,,,,,,,,,,,,,,,,,,,,,,,,
DB,ncs,NCS 1565-G,#2de474,0.8079268350305678,0.20830469205415886,150.4940202775024,45,228,116,"[45, 228, 116]",80%,0%,49%,11%,"[80%, 0%, 49%, 11%]",80.32,-63.62,41.30,"[80.32, -63.62, 41.30]",https://www.google.com/search?tbm=isch&q=ncs%20NCS%201565-G%20color%20swatch,,,,,,,,,,,,,,,,,,,,,,,,,,,,,,,,,,,,,,,,,,,,
DB,ncs,NCS 1575-R10B,#e41931,0.5864581763065678,0.22732742124109948,23.85143314673087,228,25,49,"[228, 25, 49]",0%,89%,79%,11%,"[0%, 89%, 79%, 11%]",49.67,72.39,44.37,"[49.67, 72.39, 44.37]",https://www.google.com/search?tbm=isch&q=ncs%20NCS%201575-R10B%20color%20swatch,,,,,,,,,,,,,,,,,,,,,,,,,,,,,,,,,,,,,,,,,,,,
DB,ncs,NCS 1580-R,#e41220,0.5824918666988117,0.23107880291300145,26.759106537108153,228,18,32,"[228, 18, 32]",0%,92%,86%,11%,"[0%, 92%, 86%, 11%]",49.23,73.00,52.99,"[49.23, 73.00, 52.99]",https://www.google.com/search?tbm=isch&q=ncs%20NCS%201580-R%20color%20swatch,,,,,,,,,,,,,,,,,,,,,,,,,,,,,,,,,,,,,,,,,,,,
DB,ncs,NCS 1580-Y80R,#e43814,0.6032228006546756,0.21268666859291457,32.89453949437939,228,56,20,"[228, 56, 20]",0%,75%,91%,11%,"[0%, 75%, 91%, 11%]",52.00,65.12,59.71,"[52.00, 65.12, 59.71]",https://www.google.com/search?tbm=isch&q=ncs%20NCS%201580-Y80R%20color%20swatch,,,,,,,,,,,,,,,,,,,,,,,,,,,,,,,,,,,,,,,,,,,,
DB,ncs,NCS 1580-Y90R,#e42518,0.5901464818792322,0.22400218104032,29.56838678784294,228,37,24,"[228, 37, 24]",0%,84%,89%,11%,"[0%, 84%, 89%, 11%]",50.27,69.92,57.24,"[50.27, 69.92, 57.24]",https://www.google.com/search?tbm=isch&q=ncs%20NCS%201580-Y90R%20color%20swatch,,,,,,,,,,,,,,,,,,,,,,,,,,,,,,,,,,,,,,,,,,,,
DB,ncs,NCS 2000-N,#cccccc,0.8452231303542956,0.000032825811473961294,72.5892466056402,204,204,204,"[204, 204, 204]",0%,0%,0%,20%,"[0%, 0%, 0%, 20%]",82.05,0.00,0.01,"[82.05, 0.00, 0.01]",https://www.google.com/search?tbm=isch&q=ncs%20NCS%202000-N%20color%20swatch,,,,,,,,,,,,,,,,,,,,,,,,,,,,,,,,,,,,,,,,,,,,
DB,ncs,NCS 2002-B,#cfd3d6,0.8646293889223479,0.0060034400629787885,239.75585741146244,207,211,214,"[207, 211, 214]",3%,1%,0%,16%,"[3%, 1%, 0%, 16%]",84.31,-0.99,-1.98,"[84.31, -0.99, -1.98]",https://www.google.com/search?tbm=isch&q=ncs%20NCS%202002-B%20color%20swatch,,,,,,,,,,,,,,,,,,,,,,,,,,,,,,,,,,,,,,,,,,,,
DB,ncs,NCS 2002-B50G,#d0d6d6,0.871460989567924,0.006521124666338415,196.79008562154797,208,214,214,"[208, 214, 214]",3%,0%,0%,16%,"[3%, 0%, 0%, 16%]",85.16,-2.11,-0.74,"[85.16, -2.11, -0.74]",https://www.google.com/search?tbm=isch&q=ncs%20NCS%202002-B50G%20color%20swatch,,,,,,,,,,,,,,,,,,,,,,,,,,,,,,,,,,,,,,,,,,,,
DB,ncs,NCS 2002-G,#cdd6d1,0.8677498600128596,0.011880981056086069,161.8498967590756,205,214,209,"[205, 214, 209]",4%,0%,2%,16%,"[4%, 0%, 2%, 16%]",84.82,-3.85,1.37,"[84.82, -3.85, 1.37]",https://www.google.com/search?tbm=isch&q=ncs%20NCS%202002-G%20color%20swatch,,,,,,,,,,,,,,,,,,,,,,,,,,,,,,,,,,,,,,,,,,,,
DB,ncs,NCS 2002-G50Y,#d5d6cf,0.8733408226362863,0.009567475553720598,113.0537556432028,213,214,207,"[213, 214, 207]",0%,0%,3%,16%,"[0%, 0%, 3%, 16%]",85.40,-1.28,3.35,"[85.40, -1.28, 3.35]",https://www.google.com/search?tbm=isch&q=ncs%20NCS%202002-G50Y%20color%20swatch,,,,,,,,,,,,,,,,,,,,,,,,,,,,,,,,,,,,,,,,,,,,
DB,ncs,NCS 2002-R,#d6cbcb,0.8510209041376869,0.012293906824534202,17.52297004280973,214,203,203,"[214, 203, 203]",0%,5%,5%,16%,"[0%, 5%, 5%, 16%]",82.59,3.95,1.45,"[82.59, 3.95, 1.45]",https://www.google.com/search?tbm=isch&q=ncs%20NCS%202002-R%20color%20swatch,,,,,,,,,,,,,,,,,,,,,,,,,,,,,,,,,,,,,,,,,,,,
DB,ncs,NCS 2002-R50B,#d6cfd5,0.8618520461218133,0.011167192795457897,330.3403381570738,214,207,213,"[214, 207, 213]",0%,3%,0%,16%,"[0%, 3%, 0%, 16%]",83.82,3.30,-2.07,"[83.82, 3.30, -2.07]",https://www.google.com/search?tbm=isch&q=ncs%20NCS%202002-R50B%20color%20swatch,,,,,,,,,,,,,,,,,,,,,,,,,,,,,,,,,,,,,,,,,,,,
DB,ncs,NCS 2002-Y,#d6d5cf,0.8721133957106141,0.008251688784073024,98.79018897454125,214,213,207,"[214, 213, 207]",0%,0%,3%,16%,"[0%, 0%, 3%, 16%]",85.22,-0.44,3.11,"[85.22, -0.44, 3.11]",https://www.google.com/search?tbm=isch&q=ncs%20NCS%202002-Y%20color%20swatch,,,,,,,,,,,,,,,,,,,,,,,,,,,,,,,,,,,,,,,,,,,,
DB,ncs,NCS 2002-Y50R,#d6d1cd,0.8635352723555821,0.007835047907796678,61.47862942147458,214,209,205,"[214, 209, 205]",0%,2%,4%,16%,"[0%, 2%, 4%, 16%]",84.16,1.26,2.64,"[84.16, 1.26, 2.64]",https://www.google.com/search?tbm=isch&q=ncs%20NCS%202002-Y50R%20color%20swatch,,,,,,,,,,,,,,,,,,,,,,,,,,,,,,,,,,,,,,,,,,,,
DB,ncs,NCS 2005-B,#c3cfd6,0.8474187311793067,0.016312375391191927,233.0178812243753,195,207,214,"[195, 207, 214]",9%,3%,0%,16%,"[9%, 3%, 0%, 16%]",82.35,-3.20,-4.95,"[82.35, -3.20, -4.95]",https://www.google.com/search?tbm=isch&q=ncs%20NCS%202005-B%20color%20swatch,,,,,,,,,,,,,,,,,,,,,,,,,,,,,,,,,,,,,,,,,,,,
DB,ncs,NCS 2005-B20G,#c5d3d6,0.8571012160574729,0.015742489974071554,211.92332058011232,197,211,214,"[197, 211, 214]",8%,1%,0%,16%,"[8%, 1%, 0%, 16%]",83.55,-4.46,-3.19,"[83.55, -4.46, -3.19]",https://www.google.com/search?tbm=isch&q=ncs%20NCS%202005-B20G%20color%20swatch,,,,,,,,,,,,,,,,,,,,,,,,,,,,,,,,,,,,,,,,,,,,
DB,ncs,NCS 2005-B50G,#c6d6d6,0.8640017716931774,0.017258784511104592,196.7444452270554,198,214,214,"[198, 214, 214]",7%,0%,0%,16%,"[7%, 0%, 0%, 16%]",84.40,-5.57,-1.94,"[84.40, -5.57, -1.94]",https://www.google.com/search?tbm=isch&q=ncs%20NCS%202005-B50G%20color%20swatch,,,,,,,,,,,,,,,,,,,,,,,,,,,,,,,,,,,,,,,,,,,,
DB,ncs,NCS 2005-B80G,#c5d6d2,0.8621062449347168,0.019105317909244048,180.1006257990325,197,214,210,"[197, 214, 210]",8%,0%,2%,16%,"[8%, 0%, 2%, 16%]",84.24,-6.49,-0.07,"[84.24, -6.49, -0.07]",https://www.google.com/search?tbm=isch&q=ncs%20NCS%202005-B80G%20color%20swatch,,,,,,,,,,,,,,,,,,,,,,,,,,,,,,,,,,,,,,,,,,,,
DB,ncs,NCS 2005-G,#c0d6c9,0.8559596911329502,0.029572378384067306,159.76995627800193,192,214,201,"[192, 214, 201]",10%,0%,6%,16%,"[10%, 0%, 6%, 16%]",83.69,-9.49,3.82,"[83.69, -9.49, 3.82]",https://www.google.com/search?tbm=isch&q=ncs%20NCS%202005-G%20color%20swatch,,,,,,,,,,,,,,,,,,,,,,,,,,,,,,,,,,,,,,,,,,,,
DB,ncs,NCS 2005-G10Y,#c6d6c7,0.8597613257901967,0.026758173923920776,147.04694616860297,198,214,199,"[198, 214, 199]",7%,0%,7%,16%,"[7%, 0%, 7%, 16%]",84.09,-7.66,5.50,"[84.09, -7.66, 5.50]",https://www.google.com/search?tbm=isch&q=ncs%20NCS%202005-G10Y%20color%20swatch,,,,,,,,,,,,,,,,,,,,,,,,,,,,,,,,,,,,,,,,,,,,
DB,ncs,NCS 2005-G20Y,#cbd6c6,0.8632149525389738,0.02477803882966981,135.63306518252716,203,214,198,"[203, 214, 198]",5%,0%,7%,16%,"[5%, 0%, 7%, 16%]",84.44,-6.02,6.59,"[84.44, -6.02, 6.59]",https://www.google.com/search?tbm=isch&q=ncs%20NCS%202005-G20Y%20color%20swatch,,,,,,,,,,,,,,,,,,,,,,,,,,,,,,,,,,,,,,,,,,,,
DB,ncs,NCS 2005-G30Y,#ced6c5,0.8652252876570831,0.02461559481885335,127.56089132985176,206,214,197,"[206, 214, 197]",4%,0%,8%,16%,"[4%, 0%, 8%, 16%]",84.65,-5.08,7.45,"[84.65, -5.08, 7.45]",https://www.google.com/search?tbm=isch&q=ncs%20NCS%202005-G30Y%20color%20swatch,,,,,,,,,,,,,,,,,,,,,,,,,,,,,,,,,,,,,,,,,,,,
DB,ncs,NCS 2005-G40Y,#d0d6c4,0.8664975338535725,0.02520957942837675,121.90871447532658,208,214,196,"[208, 214, 196]",3%,0%,8%,16%,"[3%, 0%, 8%, 16%]",84.79,-4.49,8.19,"[84.79, -4.49, 8.19]",https://www.google.com/search?tbm=isch&q=ncs%20NCS%202005-G40Y%20color%20swatch,,,,,,,,,,,,,,,,,,,,,,,,,,,,,,,,,,,,,,,,,,,,
DB,ncs,NCS 2005-G50Y,#d2d6c5,0.8683074332446515,0.023394763873318403,117.59454743324596,210,214,197,"[210, 214, 197]",2%,0%,8%,16%,"[2%, 0%, 8%, 16%]",84.96,-3.64,7.94,"[84.96, -3.64, 7.94]",https://www.google.com/search?tbm=isch&q=ncs%20NCS%202005-G50Y%20color%20swatch,,,,,,,,,,,,,,,,,,,,,,,,,,,,,,,,,,,,,,,,,,,,
DB,ncs,NCS 2005-G60Y,#d4d6c6,0.8701304704858004,0.021737872087403194,112.57247066035586,212,214,198,"[212, 214, 198]",1%,0%,7%,16%,"[1%, 0%, 7%, 16%]",85.14,-2.80,7.70,"[85.14, -2.80, 7.70]",https://www.google.com/search?tbm=isch&q=ncs%20NCS%202005-G60Y%20color%20swatch,,,,,,,,,,,,,,,,,,,,,,,,,,,,,,,,,,,,,,,,,,,,
DB,ncs,NCS 2005-G70Y,#d6d6c6,0.871703860407821,0.021618113514526947,106.78954035109086,214,214,198,"[214, 214, 198]",0%,0%,7%,16%,"[0%, 0%, 7%, 16%]",85.30,-2.07,7.95,"[85.30, -2.07, 7.95]",https://www.google.com/search?tbm=isch&q=ncs%20NCS%202005-G70Y%20color%20swatch,,,,,,,,,,,,,,,,,,,,,,,,,,,,,,,,,,,,,,,,,,,,
DB,ncs,NCS 2005-G80Y,#d6d6c6,0.871703860407821,0.021618113514526947,106.78954035109086,214,214,198,"[214, 214, 198]",0%,0%,7%,16%,"[0%, 0%, 7%, 16%]",85.30,-2.07,7.95,"[85.30, -2.07, 7.95]",https://www.google.com/search?tbm=isch&q=ncs%20NCS%202005-G80Y%20color%20swatch,,,,,,,,,,,,,,,,,,,,,,,,,,,,,,,,,,,,,,,,,,,,
DB,ncs,NCS 2005-G90Y,#d6d5c6,0.8696805495125406,0.020323329270690582,103.66251445583794,214,213,198,"[214, 213, 198]",0%,0%,7%,16%,"[0%, 0%, 7%, 16%]",85.04,-1.59,7.58,"[85.04, -1.59, 7.58]",https://www.google.com/search?tbm=isch&q=ncs%20NCS%202005-G90Y%20color%20swatch,,,,,,,,,,,,,,,,,,,,,,,,,,,,,,,,,,,,,,,,,,,,
DB,ncs,NCS 2005-R,#d6bbbc,0.8153578460952754,0.030944384958333033,15.308554312468743,214,187,188,"[214, 187, 188]",0%,13%,12%,16%,"[0%, 13%, 12%, 16%]",78.25,10.06,3.24,"[78.25, 10.06, 3.24]",https://www.google.com/search?tbm=isch&q=ncs%20NCS%202005-R%20color%20swatch,,,,,,,,,,,,,,,,,,,,,,,,,,,,,,,,,,,,,,,,,,,,
DB,ncs,NCS 2005-R10B,#d6bcbf,0.8181494595370068,0.02992854009816445,9.913243023367158,214,188,191,"[214, 188, 191]",0%,12%,11%,16%,"[0%, 12%, 11%, 16%]",78.56,9.93,2.07,"[78.56, 9.93, 2.07]",https://www.google.com/search?tbm=isch&q=ncs%20NCS%202005-R10B%20color%20swatch,,,,,,,,,,,,,,,,,,,,,,,,,,,,,,,,,,,,,,,,,,,,
DB,ncs,NCS 2005-R20B,#d6bdc2,0.8209525996373163,0.02919321161324074,4.189956507998204,214,189,194,"[214, 189, 194]",0%,12%,9%,16%,"[0%, 12%, 9%, 16%]",78.88,9.80,0.91,"[78.88, 9.80, 0.91]",https://www.google.com/search?tbm=isch&q=ncs%20NCS%202005-R20B%20color%20swatch,,,,,,,,,,,,,,,,,,,,,,,,,,,,,,,,,,,,,,,,,,,,
DB,ncs,NCS 2005-R30B,#d6bfc7,0.8262972770926904,0.028119189250976374,354.73116784773583,214,191,199,"[214, 191, 199]",0%,11%,7%,16%,"[0%, 11%, 7%, 16%]",79.48,9.43,-0.89,"[79.48, 9.43, -0.89]",https://www.google.com/search?tbm=isch&q=ncs%20NCS%202005-R30B%20color%20swatch,,,,,,,,,,,,,,,,,,,,,,,,,,,,,,,,,,,,,,,,,,,,
DB,ncs,NCS 2005-R40B,#d6c2cc,0.8336190541965086,0.02617380562858825,346.01982838804906,214,194,204,"[214, 194, 204]",0%,9%,5%,16%,"[0%, 9%, 5%, 16%]",80.35,8.57,-2.32,"[80.35, 8.57, -2.32]",https://www.google.com/search?tbm=isch&q=ncs%20NCS%202005-R40B%20color%20swatch,,,,,,,,,,,,,,,,,,,,,,,,,,,,,,,,,,,,,,,,,,,,
DB,ncs,NCS 2005-R50B,#d6c5d3,0.8415850253142803,0.026764008212416233,331.6745703046246,214,197,211,"[214, 197, 211]",0%,8%,1%,16%,"[0%, 8%, 1%, 16%]",81.26,8.00,-4.73,"[81.26, 8.00, -4.73]",https://www.google.com/search?tbm=isch&q=ncs%20NCS%202005-R50B%20color%20swatch,,,,,,,,,,,,,,,,,,,,,,,,,,,,,,,,,,,,,,,,,,,,
DB,ncs,NCS 2005-R60B,#d0c4d6,0.8355419449997394,0.02792492704690666,314.72840447949716,208,196,214,"[208, 196, 214]",3%,8%,0%,16%,"[3%, 8%, 0%, 16%]",80.56,6.78,-7.42,"[80.56, 6.78, -7.42]",https://www.google.com/search?tbm=isch&q=ncs%20NCS%202005-R60B%20color%20swatch,,,,,,,,,,,,,,,,,,,,,,,,,,,,,,,,,,,,,,,,,,,,
DB,ncs,NCS 2005-R70B,#cac3d6,0.8286535982935841,0.027246588327990717,302.55931047668344,202,195,214,"[202, 195, 214]",6%,9%,0%,16%,"[6%, 9%, 0%, 16%]",79.81,5.17,-8.60,"[79.81, 5.17, -8.60]",https://www.google.com/search?tbm=isch&q=ncs%20NCS%202005-R70B%20color%20swatch,,,,,,,,,,,,,,,,,,,,,,,,,,,,,,,,,,,,,,,,,,,,
DB,ncs,NCS 2005-R80B,#bdc2d6,0.8163878562189629,0.028526127986123292,274.60213001813895,189,194,214,"[189, 194, 214]",12%,9%,0%,16%,"[12%, 9%, 0%, 16%]",78.50,1.16,-10.65,"[78.50, 1.16, -10.65]",https://www.google.com/search?tbm=isch&q=ncs%20NCS%202005-R80B%20color%20swatch,,,,,,,,,,,,,,,,,,,,,,,,,,,,,,,,,,,,,,,,,,,,
DB,ncs,NCS 2005-R90B,#c0c7d6,0.8288336372206656,0.02229904930854908,265.75366948591,192,199,214,"[192, 199, 214]",10%,7%,0%,16%,"[10%, 7%, 0%, 16%]",80.04,-0.29,-8.37,"[80.04, -0.29, -8.37]",https://www.google.com/search?tbm=isch&q=ncs%20NCS%202005-R90B%20color%20swatch,,,,,,,,,,,,,,,,,,,,,,,,,,,,,,,,,,,,,,,,,,,,
DB,ncs,NCS 2005-Y,#d6d4c5,0.8673966212920801,0.020428019694130883,100.57822211335821,214,212,197,"[214, 212, 197]",0%,1%,8%,16%,"[0%, 1%, 8%, 16%]",84.76,-1.22,7.72,"[84.76, -1.22, 7.72]",https://www.google.com/search?tbm=isch&q=ncs%20NCS%202005-Y%20color%20swatch,,,,,,,,,,,,,,,,,,,,,,,,,,,,,,,,,,,,,,,,,,,,
DB,ncs,NCS 2005-Y10R,#d6d2c5,0.8633625792738062,0.018204709937769355,92.66643295210582,214,210,197,"[214, 210, 197]",0%,2%,8%,16%,"[0%, 2%, 8%, 16%]",84.25,-0.25,6.99,"[84.25, -0.25, 6.99]",https://www.google.com/search?tbm=isch&q=ncs%20NCS%202005-Y10R%20color%20swatch,,,,,,,,,,,,,,,,,,,,,,,,,,,,,,,,,,,,,,,,,,,,
DB,ncs,NCS 2005-Y20R,#d6d0c4,0.8590738573974751,0.017654343338228747,84.56390007354315,214,208,196,"[214, 208, 196]",0%,3%,8%,16%,"[0%, 3%, 8%, 16%]",83.72,0.60,6.76,"[83.72, 0.60, 6.76]",https://www.google.com/search?tbm=isch&q=ncs%20NCS%202005-Y20R%20color%20swatch,,,,,,,,,,,,,,,,,,,,,,,,,,,,,,,,,,,,,,,,,,,,
DB,ncs,NCS 2005-Y30R,#d6cfc3,0.8567997412168041,0.018123932969496694,81.30621258568016,214,207,195,"[214, 207, 195]",0%,3%,9%,16%,"[0%, 3%, 9%, 16%]",83.44,0.97,6.90,"[83.44, 0.97, 6.90]",https://www.google.com/search?tbm=isch&q=ncs%20NCS%202005-Y30R%20color%20swatch,,,,,,,,,,,,,,,,,,,,,,,,,,,,,,,,,,,,,,,,,,,,
DB,ncs,NCS 2005-Y40R,#d6ccc2,0.8505244027610237,0.017704867980541352,67.59091834666589,214,204,194,"[214, 204, 194]",0%,5%,9%,16%,"[0%, 5%, 9%, 16%]",82.66,2.32,6.32,"[82.66, 2.32, 6.32]",https://www.google.com/search?tbm=isch&q=ncs%20NCS%202005-Y40R%20color%20swatch,,,,,,,,,,,,,,,,,,,,,,,,,,,,,,,,,,,,,,,,,,,,
DB,ncs,NCS 2005-Y50R,#d6cac1,0.8462642861825337,0.018312503173427582,59.454610463022846,214,202,193,"[214, 202, 193]",0%,6%,10%,16%,"[0%, 6%, 10%, 16%]",82.13,3.19,6.09,"[82.13, 3.19, 6.09]",https://www.google.com/search?tbm=isch&q=ncs%20NCS%202005-Y50R%20color%20swatch,,,,,,,,,,,,,,,,,,,,,,,,,,,,,,,,,,,,,,,,,,,,
DB,ncs,NCS 2005-Y60R,#d6c7c0,0.8400288204351388,0.019524429730304566,46.812246101898495,214,199,192,"[214, 199, 192]",0%,7%,10%,16%,"[0%, 7%, 10%, 16%]",81.35,4.55,5.52,"[81.35, 4.55, 5.52]",https://www.google.com/search?tbm=isch&q=ncs%20NCS%202005-Y60R%20color%20swatch,,,,,,,,,,,,,,,,,,,,,,,,,,,,,,,,,,,,,,,,,,,,
DB,ncs,NCS 2005-Y70R,#d6c4be,0.8335462453837927,0.022071081211932207,39.40456632112148,214,196,190,"[214, 196, 190]",0%,8%,11%,16%,"[0%, 8%, 11%, 16%]",80.55,5.80,5.44,"[80.55, 5.80, 5.44]",https://www.google.com/search?tbm=isch&q=ncs%20NCS%202005-Y70R%20color%20swatch,,,,,,,,,,,,,,,,,,,,,,,,,,,,,,,,,,,,,,,,,,,,
DB,ncs,NCS 2005-Y80R,#d6c1bd,0.8273613862008719,0.024576871403487133,30.555840414857812,214,193,189,"[214, 193, 189]",0%,10%,12%,16%,"[0%, 10%, 12%, 16%]",79.77,7.17,4.87,"[79.77, 7.17, 4.87]",https://www.google.com/search?tbm=isch&q=ncs%20NCS%202005-Y80R%20color%20swatch,,,,,,,,,,,,,,,,,,,,,,,,,,,,,,,,,,,,,,,,,,,,
DB,ncs,NCS 2005-Y90R,#d6bebc,0.8212047938010867,0.027582281391534492,23.472851914496005,214,190,188,"[214, 190, 188]",0%,11%,12%,16%,"[0%, 11%, 12%, 16%]",79.00,8.55,4.31,"[79.00, 8.55, 4.31]",https://www.google.com/search?tbm=isch&q=ncs%20NCS%202005-Y90R%20color%20swatch,,,,,,,,,,,,,,,,,,,,,,,,,,,,,,,,,,,,,,,,,,,,
DB,ncs,NCS 2010-B,#b2c9d6,0.8227251735946806,0.030909622219483932,232.4859130902032,178,201,214,"[178, 201, 214]",17%,6%,0%,16%,"[17%, 6%, 0%, 16%]",79.53,-6.02,-9.25,"[79.53, -6.02, -9.25]",https://www.google.com/search?tbm=isch&q=ncs%20NCS%202010-B%20color%20swatch,,,,,,,,,,,,,,,,,,,,,,,,,,,,,,,,,,,,,,,,,,,,
DB,ncs,NCS 2010-B10G,#b4ced6,0.8345863863643289,0.030101739776743974,218.19770455131493,180,206,214,"[180, 206, 214]",16%,4%,0%,16%,"[16%, 4%, 0%, 16%]",81.00,-7.79,-7.07,"[81.00, -7.79, -7.07]",https://www.google.com/search?tbm=isch&q=ncs%20NCS%202010-B10G%20color%20swatch,,,,,,,,,,,,,,,,,,,,,,,,,,,,,,,,,,,,,,,,,,,,
DB,ncs,NCS 2010-B30G,#b6d3d6,0.8464639880071978,0.031205962907722186,204.15438761106657,182,211,214,"[182, 211, 214]",15%,1%,0%,16%,"[15%, 1%, 0%, 16%]",82.48,-9.54,-4.90,"[82.48, -9.54, -4.90]",https://www.google.com/search?tbm=isch&q=ncs%20NCS%202010-B30G%20color%20swatch,,,,,,,,,,,,,,,,,,,,,,,,,,,,,,,,,,,,,,,,,,,,
DB,ncs,NCS 2010-B50G,#b7d6d5,0.8531609919181855,0.03293799682150956,194.107552957836,183,214,213,"[183, 214, 213]",14%,0%,0%,16%,"[14%, 0%, 0%, 16%]",83.32,-10.80,-3.13,"[83.32, -10.80, -3.13]",https://www.google.com/search?tbm=isch&q=ncs%20NCS%202010-B50G%20color%20swatch,,,,,,,,,,,,,,,,,,,,,,,,,,,,,,,,,,,,,,,,,,,,
DB,ncs,NCS 2010-B70G,#b6d6d1,0.8512974915994437,0.03464274334561709,185.0387123901105,182,214,209,"[182, 214, 209]",15%,0%,2%,16%,"[15%, 0%, 2%, 16%]",83.17,-11.74,-1.26,"[83.17, -11.74, -1.26]",https://www.google.com/search?tbm=isch&q=ncs%20NCS%202010-B70G%20color%20swatch,,,,,,,,,,,,,,,,,,,,,,,,,,,,,,,,,,,,,,,,,,,,
DB,ncs,NCS 2010-B90G,#b0d6c5,0.8438775945377688,0.04653659511556382,166.2960195696105,176,214,197,"[176, 214, 197]",18%,0%,8%,16%,"[18%, 0%, 8%, 16%]",82.51,-15.52,4.07,"[82.51, -15.52, 4.07]",https://www.google.com/search?tbm=isch&q=ncs%20NCS%202010-B90G%20color%20swatch,,,,,,,,,,,,,,,,,,,,,,,,,,,,,,,,,,,,,,,,,,,,
DB,ncs,NCS 2010-G,#add6bd,0.8397535022181449,0.05539203570154901,158.17051925150167,173,214,189,"[173, 214, 189]",19%,0%,12%,16%,"[19%, 0%, 12%, 16%]",82.16,-17.68,7.74,"[82.16, -17.68, 7.74]",https://www.google.com/search?tbm=isch&q=ncs%20NCS%202010-G%20color%20swatch,,,,,,,,,,,,,,,,,,,,,,,,,,,,,,,,,,,,,,,,,,,,
DB,ncs,NCS 2010-G10Y,#b8d6b9,0.8460978540199063,0.05105995034608348,145.96918702134428,184,214,185,"[184, 214, 185]",14%,0%,14%,16%,"[14%, 0%, 14%, 16%]",82.81,-14.45,10.89,"[82.81, -14.45, 10.89]",https://www.google.com/search?tbm=isch&q=ncs%20NCS%202010-G10Y%20color%20swatch,,,,,,,,,,,,,,,,,,,,,,,,,,,,,,,,,,,,,,,,,,,,
DB,ncs,NCS 2010-G20Y,#c0d6b7,0.8512499823610349,0.04836604247580365,136.52770527865692,192,214,183,"[192, 214, 183]",10%,0%,14%,16%,"[10%, 0%, 14%, 16%]",83.34,-11.88,12.77,"[83.34, -11.88, 12.77]",https://www.google.com/search?tbm=isch&q=ncs%20NCS%202010-G20Y%20color%20swatch,,,,,,,,,,,,,,,,,,,,,,,,,,,,,,,,,,,,,,,,,,,,
DB,ncs,NCS 2010-G30Y,#c6d6b4,0.8549141950303134,0.04910104764454957,127.96027444897254,198,214,180,"[198, 214, 180]",7%,0%,16%,16%,"[7%, 0%, 16%, 16%]",83.72,-10.09,14.96,"[83.72, -10.09, 14.96]",https://www.google.com/search?tbm=isch&q=ncs%20NCS%202010-G30Y%20color%20swatch,,,,,,,,,,,,,,,,,,,,,,,,,,,,,,,,,,,,,,,,,,,,
DB,ncs,NCS 2010-G40Y,#cad6b3,0.8576783563968591,0.04888515422143373,122.79746994947646,202,214,179,"[202, 214, 179]",6%,0%,16%,16%,"[6%, 0%, 16%, 16%]",84.01,-8.75,15.93,"[84.01, -8.75, 15.93]",https://www.google.com/search?tbm=isch&q=ncs%20NCS%202010-G40Y%20color%20swatch,,,,,,,,,,,,,,,,,,,,,,,,,,,,,,,,,,,,,,,,,,,,
DB,ncs,NCS 2010-G50Y,#ced6b4,0.86097217002454,0.0464837347960678,118.11305406619346,206,214,180,"[206, 214, 180]",4%,0%,16%,16%,"[4%, 0%, 16%, 16%]",84.33,-7.16,15.91,"[84.33, -7.16, 15.91]",https://www.google.com/search?tbm=isch&q=ncs%20NCS%202010-G50Y%20color%20swatch,,,,,,,,,,,,,,,,,,,,,,,,,,,,,,,,,,,,,,,,,,,,
DB,ncs,NCS 2010-G60Y,#d2d6b6,0.8645559374303778,0.04313138708440834,113.06201774297023,210,214,182,"[210, 214, 182]",2%,0%,15%,16%,"[2%, 0%, 15%, 16%]",84.68,-5.46,15.40,"[84.68, -5.46, 15.40]",https://www.google.com/search?tbm=isch&q=ncs%20NCS%202010-G60Y%20color%20swatch,,,,,,,,,,,,,,,,,,,,,,,,,,,,,,,,,,,,,,,,,,,,
DB,ncs,NCS 2010-G70Y,#d5d6b7,0.867159295837745,0.041532738549835725,108.72178494970046,213,214,183,"[213, 214, 183]",0%,0%,14%,16%,"[0%, 0%, 14%, 16%]",84.94,-4.24,15.28,"[84.94, -4.24, 15.28]",https://www.google.com/search?tbm=isch&q=ncs%20NCS%202010-G70Y%20color%20swatch,,,,,,,,,,,,,,,,,,,,,,,,,,,,,,,,,,,,,,,,,,,,
DB,ncs,NCS 2010-G80Y,#d6d5b7,0.865912496755212,0.04020778893383665,105.61686598780034,214,213,183,"[214, 213, 183]",0%,0%,14%,16%,"[0%, 0%, 14%, 16%]",84.76,-3.38,15.05,"[84.76, -3.38, 15.05]",https://www.google.com/search?tbm=isch&q=ncs%20NCS%202010-G80Y%20color%20swatch,,,,,,,,,,,,,,,,,,,,,,,,,,,,,,,,,,,,,,,,,,,,
DB,ncs,NCS 2010-G90Y,#d6d3b6,0.8615972593467898,0.039042038496316364,102.3001537000377,214,211,182,"[214, 211, 182]",0%,1%,15%,16%,"[0%, 1%, 15%, 16%]",84.22,-2.53,14.83,"[84.22, -2.53, 14.83]",https://www.google.com/search?tbm=isch&q=ncs%20NCS%202010-G90Y%20color%20swatch,,,,,,,,,,,,,,,,,,,,,,,,,,,,,,,,,,,,,,,,,,,,
DB,ncs,NCS 2010-R,#d6a3a6,0.7635686817073796,0.06062955123094747,14.676174666156612,214,163,166,"[214, 163, 166]",0%,24%,22%,16%,"[0%, 24%, 22%, 16%]",71.91,19.75,6.16,"[71.91, 19.75, 6.16]",https://www.google.com/search?tbm=isch&q=ncs%20NCS%202010-R%20color%20swatch,,,,,,,,,,,,,,,,,,,,,,,,,,,,,,,,,,,,,,,,,,,,
DB,ncs,NCS 2010-R10B,#d6a5ab,0.7686757973975215,0.05835807232538958,10.347571536702901,214,165,171,"[214, 165, 171]",0%,23%,20%,16%,"[0%, 23%, 20%, 16%]",72.50,19.28,4.25,"[72.50, 19.28, 4.25]",https://www.google.com/search?tbm=isch&q=ncs%20NCS%202010-R10B%20color%20swatch,,,,,,,,,,,,,,,,,,,,,,,,,,,,,,,,,,,,,,,,,,,,
DB,ncs,NCS 2010-R20B,#d6a8b1,0.7759796126856604,0.05521690199979133,5.376422297674424,214,168,177,"[214, 168, 177]",0%,21%,17%,16%,"[0%, 21%, 17%, 16%]",73.35,18.42,2.18,"[73.35, 18.42, 2.18]",https://www.google.com/search?tbm=isch&q=ncs%20NCS%202010-R20B%20color%20swatch,,,,,,,,,,,,,,,,,,,,,,,,,,,,,,,,,,,,,,,,,,,,
DB,ncs,NCS 2010-R30B,#d6abb9,0.7839404342384616,0.05336530487521624,356.9857617040776,214,171,185,"[214, 171, 185]",0%,20%,14%,16%,"[0%, 20%, 14%, 16%]",74.25,17.83,-0.88,"[74.25, 17.83, -0.88]",https://www.google.com/search?tbm=isch&q=ncs%20NCS%202010-R30B%20color%20swatch,,,,,,,,,,,,,,,,,,,,,,,,,,,,,,,,,,,,,,,,,,,,
DB,ncs,NCS 2010-R40B,#d6afc3,0.7944936964127464,0.05230810154788338,346.1384780713356,214,175,195,"[214, 175, 195]",0%,18%,9%,16%,"[0%, 18%, 9%, 16%]",75.45,17.03,-4.58,"[75.45, 17.03, -4.58]",https://www.google.com/search?tbm=isch&q=ncs%20NCS%202010-R40B%20color%20swatch,,,,,,,,,,,,,,,,,,,,,,,,,,,,,,,,,,,,,,,,,,,,
DB,ncs,NCS 2010-R50B,#d6b5d0,0.8099300488344203,0.05230865475818281,332.2752401859535,214,181,208,"[214, 181, 208]",0%,15%,3%,16%,"[0%, 15%, 3%, 16%]",77.23,15.67,-9.02,"[77.23, 15.67, -9.02]",https://www.google.com/search?tbm=isch&q=ncs%20NCS%202010-R50B%20color%20swatch,,,,,,,,,,,,,,,,,,,,,,,,,,,,,,,,,,,,,,,,,,,,
DB,ncs,NCS 2010-R60B,#cbb3d6,0.7983165844791301,0.055164687833258834,315.26214399053174,203,179,214,"[203, 179, 214]",5%,16%,0%,16%,"[5%, 16%, 0%, 16%]",75.87,13.63,-14.40,"[75.87, 13.63, -14.40]",https://www.google.com/search?tbm=isch&q=ncs%20NCS%202010-R60B%20color%20swatch,,,,,,,,,,,,,,,,,,,,,,,,,,,,,,,,,,,,,,,,,,,,
DB,ncs,NCS 2010-R70B,#bfb2d6,0.7860982135203322,0.05225237064640981,301.6925833489222,191,178,214,"[191, 178, 214]",11%,17%,0%,16%,"[11%, 17%, 0%, 16%]",74.56,9.96,-16.48,"[74.56, 9.96, -16.48]",https://www.google.com/search?tbm=isch&q=ncs%20NCS%202010-R70B%20color%20swatch,,,,,,,,,,,,,,,,,,,,,,,,,,,,,,,,,,,,,,,,,,,,
DB,ncs,NCS 2010-R80B,#a7b0d6,0.7630368046006774,0.05538060673227025,274.58593584659366,167,176,214,"[167, 176, 214]",22%,18%,0%,16%,"[22%, 18%, 0%, 16%]",72.09,2.85,-20.42,"[72.09, 2.85, -20.42]",https://www.google.com/search?tbm=isch&q=ncs%20NCS%202010-R80B%20color%20swatch,,,,,,,,,,,,,,,,,,,,,,,,,,,,,,,,,,,,,,,,,,,,
DB,ncs,NCS 2010-R90B,#abb9d6,0.7844791623387746,0.04415471829620731,264.9311994701584,171,185,214,"[171, 185, 214]",20%,14%,0%,16%,"[20%, 14%, 0%, 16%]",74.77,-0.40,-16.37,"[74.77, -0.40, -16.37]",https://www.google.com/search?tbm=isch&q=ncs%20NCS%202010-R90B%20color%20swatch,,,,,,,,,,,,,,,,,,,,,,,,,,,,,,,,,,,,,,,,,,,,
DB,ncs,NCS 2010-Y,#d6d1b6,0.8575323679437761,0.036716364555637225,98.44592189899356,214,209,182,"[214, 209, 182]",0%,2%,15%,16%,"[0%, 2%, 15%, 16%]",83.71,-1.56,14.12,"[83.71, -1.56, 14.12]",https://www.google.com/search?tbm=isch&q=ncs%20NCS%202010-Y%20color%20swatch,,,,,,,,,,,,,,,,,,,,,,,,,,,,,,,,,,,,,,,,,,,,
DB,ncs,NCS 2010-Y10R,#d6ceb4,0.8509692171140641,0.03613613924159557,92.84109663842128,214,206,180,"[214, 206, 180]",0%,4%,16%,16%,"[0%, 4%, 16%, 16%]",82.90,-0.32,14.05,"[82.90, -0.32, 14.05]",https://www.google.com/search?tbm=isch&q=ncs%20NCS%202010-Y10R%20color%20swatch,,,,,,,,,,,,,,,,,,,,,,,,,,,,,,,,,,,,,,,,,,,,
DB,ncs,NCS 2010-Y20R,#d6cbb3,0.8446705917263427,0.03468955685941673,86.29175404453554,214,203,179,"[214, 203, 179]",0%,5%,16%,16%,"[0%, 5%, 16%, 16%]",82.11,1.04,13.48,"[82.11, 1.04, 13.48]",https://www.google.com/search?tbm=isch&q=ncs%20NCS%202010-Y20R%20color%20swatch,,,,,,,,,,,,,,,,,,,,,,,,,,,,,,,,,,,,,,,,,,,,
DB,ncs,NCS 2010-Y30R,#d6c7b1,0.8361453962553914,0.034313541372251316,77.5480453977732,214,199,177,"[214, 199, 177]",0%,7%,17%,16%,"[0%, 7%, 17%, 16%]",81.05,2.78,13.06,"[81.05, 2.78, 13.06]",https://www.google.com/search?tbm=isch&q=ncs%20NCS%202010-Y30R%20color%20swatch,,,,,,,,,,,,,,,,,,,,,,,,,,,,,,,,,,,,,,,,,,,,
DB,ncs,NCS 2010-Y40R,#d6c3af,0.8276627341982666,0.03478058663262562,68.75220273116258,214,195,175,"[214, 195, 175]",0%,9%,18%,16%,"[0%, 9%, 18%, 16%]",80.00,4.54,12.66,"[80.00, 4.54, 12.66]",https://www.google.com/search?tbm=isch&q=ncs%20NCS%202010-Y40R%20color%20swatch,,,,,,,,,,,,,,,,,,,,,,,,,,,,,,,,,,,,,,,,,,,,
DB,ncs,NCS 2010-Y50R,#d6bfae,0.8194756773591084,0.03517929373251072,58.729537680690214,214,191,174,"[214, 191, 174]",0%,11%,19%,16%,"[0%, 11%, 19%, 16%]",78.97,6.42,11.75,"[78.97, 6.42, 11.75]",https://www.google.com/search?tbm=isch&q=ncs%20NCS%202010-Y50R%20color%20swatch,,,,,,,,,,,,,,,,,,,,,,,,,,,,,,,,,,,,,,,,,,,,
DB,ncs,NCS 2010-Y60R,#d6baac,0.8091259920799196,0.037687985004958,48.247069593722586,214,186,172,"[214, 186, 172]",0%,13%,20%,16%,"[0%, 13%, 20%, 16%]",77.68,8.71,11.01,"[77.68, 8.71, 11.01]",https://www.google.com/search?tbm=isch&q=ncs%20NCS%202010-Y60R%20color%20swatch,,,,,,,,,,,,,,,,,,,,,,,,,,,,,,,,,,,,,,,,,,,,
DB,ncs,NCS 2010-Y70R,#d6b5a9,0.798604222846636,0.04189050710297157,41.014077445011935,214,181,169,"[214, 181, 169]",0%,15%,21%,16%,"[0%, 15%, 21%, 16%]",76.37,10.90,10.80,"[76.37, 10.90, 10.80]",https://www.google.com/search?tbm=isch&q=ncs%20NCS%202010-Y70R%20color%20swatch,,,,,,,,,,,,,,,,,,,,,,,,,,,,,,,,,,,,,,,,,,,,
DB,ncs,NCS 2010-Y80R,#d6afa7,0.7865053344395007,0.04714992488087568,31.6225914500896,214,175,167,"[214, 175, 167]",0%,18%,22%,16%,"[0%, 18%, 22%, 16%]",74.85,13.73,9.75,"[74.85, 13.73, 9.75]",https://www.google.com/search?tbm=isch&q=ncs%20NCS%202010-Y80R%20color%20swatch,,,,,,,,,,,,,,,,,,,,,,,,,,,,,,,,,,,,,,,,,,,,
DB,ncs,NCS 2010-Y90R,#d6a9a6,0.7748162245733676,0.05334597866869701,22.818771315876518,214,169,166,"[214, 169, 166]",0%,21%,22%,16%,"[0%, 21%, 22%, 16%]",73.36,16.68,8.20,"[73.36, 16.68, 8.20]",https://www.google.com/search?tbm=isch&q=ncs%20NCS%202010-Y90R%20color%20swatch,,,,,,,,,,,,,,,,,,,,,,,,,,,,,,,,,,,,,,,,,,,,
DB,ncs,NCS 2020-B,#92bdd6,0.7761052168304615,0.058043089479714115,233.98571465961368,146,189,214,"[146, 189, 214]",32%,12%,0%,16%,"[32%, 12%, 0%, 16%]",74.16,-10.35,-17.50,"[74.16, -10.35, -17.50]",https://www.google.com/search?tbm=isch&q=ncs%20NCS%202020-B%20color%20swatch,,,,,,,,,,,,,,,,,,,,,,,,,,,,,,,,,,,,,,,,,,,,
DB,ncs,NCS 2020-B10G,#96c6d6,0.7980679330206247,0.05509486911519449,220.3356976487912,150,198,214,"[150, 198, 214]",30%,7%,0%,16%,"[30%, 7%, 0%, 16%]",76.89,-13.50,-13.40,"[76.89, -13.50, -13.40]",https://www.google.com/search?tbm=isch&q=ncs%20NCS%202020-B10G%20color%20swatch,,,,,,,,,,,,,,,,,,,,,,,,,,,,,,,,,,,,,,,,,,,,
DB,ncs,NCS 2020-B30G,#9ad1d6,0.8244399759310304,0.05699233965615093,203.11291530195706,154,209,214,"[154, 209, 214]",28%,2%,0%,16%,"[28%, 2%, 0%, 16%]",80.16,-17.50,-8.53,"[80.16, -17.50, -8.53]",https://www.google.com/search?tbm=isch&q=ncs%20NCS%202020-B30G%20color%20swatch,,,,,,,,,,,,,,,,,,,,,,,,,,,,,,,,,,,,,,,,,,,,
DB,ncs,NCS 2020-B40G,#9bd5d6,0.8337826314902507,0.0593087415583402,197.38815893817014,155,213,214,"[155, 213, 214]",28%,0%,0%,16%,"[28%, 0%, 0%, 16%]",81.33,-19.07,-6.82,"[81.33, -19.07, -6.82]",https://www.google.com/search?tbm=isch&q=ncs%20NCS%202020-B40G%20color%20swatch,,,,,,,,,,,,,,,,,,,,,,,,,,,,,,,,,,,,,,,,,,,,
DB,ncs,NCS 2020-B50G,#9bd6d4,0.8353533032390517,0.06030696914055042,193.3913101077568,155,214,212,"[155, 214, 212]",28%,0%,1%,16%,"[28%, 0%, 1%, 16%]",81.56,-19.87,-5.42,"[81.56, -19.87, -5.42]",https://www.google.com/search?tbm=isch&q=ncs%20NCS%202020-B50G%20color%20swatch,,,,,,,,,,,,,,,,,,,,,,,,,,,,,,,,,,,,,,,,,,,,
DB,ncs,NCS 2020-B60G,#9ad6d1,0.8338585410313445,0.06162471021612705,189.54631678958197,154,214,209,"[154, 214, 209]",28%,0%,2%,16%,"[28%, 0%, 2%, 16%]",81.43,-20.68,-4.03,"[81.43, -20.68, -4.03]",https://www.google.com/search?tbm=isch&q=ncs%20NCS%202020-B60G%20color%20swatch,,,,,,,,,,,,,,,,,,,,,,,,,,,,,,,,,,,,,,,,,,,,
DB,ncs,NCS 2020-B70G,#98d6cd,0.8315151876415652,0.06440277369342108,184.79851387670953,152,214,205,"[152, 214, 205]",29%,0%,4%,16%,"[29%, 0%, 4%, 16%]",81.23,-21.95,-2.22,"[81.23, -21.95, -2.22]",https://www.google.com/search?tbm=isch&q=ncs%20NCS%202020-B70G%20color%20swatch,,,,,,,,,,,,,,,,,,,,,,,,,,,,,,,,,,,,,,,,,,,,
DB,ncs,NCS 2020-B90G,#90d6b7,0.8208968176337714,0.08327279547233869,164.9467151920369,144,214,183,"[144, 214, 183]",33%,0%,14%,16%,"[33%, 0%, 14%, 16%]",80.34,-27.89,8.04,"[80.34, -27.89, 8.04]",https://www.google.com/search?tbm=isch&q=ncs%20NCS%202020-B90G%20color%20swatch,,,,,,,,,,,,,,,,,,,,,,,,,,,,,,,,,,,,,,,,,,,,
DB,ncs,NCS 2020-G,#8bd6a8,0.8144525194410623,0.09946351129162795,156.45899553626236,139,214,168,"[139, 214, 168]",35%,0%,21%,16%,"[35%, 0%, 21%, 16%]",79.80,-31.64,15.12,"[79.80, -31.64, 15.12]",https://www.google.com/search?tbm=isch&q=ncs%20NCS%202020-G%20color%20swatch,,,,,,,,,,,,,,,,,,,,,,,,,,,,,,,,,,,,,,,,,,,,
DB,ncs,NCS 2020-G10Y,#9fd6a1,0.824146770221212,0.09283697969005802,145.5592234999425,159,214,161,"[159, 214, 161]",26%,0%,25%,16%,"[26%, 0%, 25%, 16%]",80.78,-26.16,20.33,"[80.78, -26.16, 20.33]",https://www.google.com/search?tbm=isch&q=ncs%20NCS%202020-G10Y%20color%20swatch,,,,,,,,,,,,,,,,,,,,,,,,,,,,,,,,,,,,,,,,,,,,
DB,ncs,NCS 2020-G20Y,#add69c,0.8319407158490612,0.08989554655323263,136.6675373960977,173,214,156,"[173, 214, 156]",19%,0%,27%,16%,"[19%, 0%, 27%, 16%]",81.58,-21.92,24.16,"[81.58, -21.92, 24.16]",https://www.google.com/search?tbm=isch&q=ncs%20NCS%202020-G20Y%20color%20swatch,,,,,,,,,,,,,,,,,,,,,,,,,,,,,,,,,,,,,,,,,,,,
DB,ncs,NCS 2020-G30Y,#b7d697,0.8377285074939507,0.09060599282227264,129.45917803760682,183,214,151,"[183, 214, 151]",14%,0%,29%,16%,"[14%, 0%, 29%, 16%]",82.17,-18.87,27.67,"[82.17, -18.87, 27.67]",https://www.google.com/search?tbm=isch&q=ncs%20NCS%202020-G30Y%20color%20swatch,,,,,,,,,,,,,,,,,,,,,,,,,,,,,,,,,,,,,,,,,,,,
DB,ncs,NCS 2020-G40Y,#c0d694,0.8435966943725782,0.09047294659941459,123.29260624277754,192,214,148,"[192, 214, 148]",10%,0%,31%,16%,"[10%, 0%, 31%, 16%]",82.77,-15.84,30.12,"[82.77, -15.84, 30.12]",https://www.google.com/search?tbm=isch&q=ncs%20NCS%202020-G40Y%20color%20swatch,,,,,,,,,,,,,,,,,,,,,,,,,,,,,,,,,,,,,,,,,,,,
DB,ncs,NCS 2020-G50Y,#c8d696,0.8499576857869937,0.08556509699979077,118.27570098956187,200,214,150,"[200, 214, 150]",7%,0%,30%,16%,"[7%, 0%, 30%, 16%]",83.39,-12.63,30.05,"[83.39, -12.63, 30.05]",https://www.google.com/search?tbm=isch&q=ncs%20NCS%202020-G50Y%20color%20swatch,,,,,,,,,,,,,,,,,,,,,,,,,,,,,,,,,,,,,,,,,,,,
DB,ncs,NCS 2020-G60Y,#ced699,0.8551614561373856,0.0805489756517793,114.18495633915569,206,214,153,"[206, 214, 153]",4%,0%,29%,16%,"[4%, 0%, 29%, 16%]",83.90,-10.06,29.29,"[83.90, -10.06, 29.29]",https://www.google.com/search?tbm=isch&q=ncs%20NCS%202020-G60Y%20color%20swatch,,,,,,,,,,,,,,,,,,,,,,,,,,,,,,,,,,,,,,,,,,,,
DB,ncs,NCS 2020-G70Y,#d3d69b,0.8594953120709682,0.07734589474718258,110.34162592440839,211,214,155,"[211, 214, 155]",1%,0%,28%,16%,"[1%, 0%, 28%, 16%]",84.32,-7.96,28.91,"[84.32, -7.96, 28.91]",https://www.google.com/search?tbm=isch&q=ncs%20NCS%202020-G70Y%20color%20swatch,,,,,,,,,,,,,,,,,,,,,,,,,,,,,,,,,,,,,,,,,,,,
DB,ncs,NCS 2020-G80Y,#d6d49b,0.8577607944910733,0.07463025601772524,106.16850189047943,214,212,155,"[214, 212, 155]",0%,1%,28%,16%,"[0%, 1%, 28%, 16%]",84.04,-5.85,28.59,"[84.04, -5.85, 28.59]",https://www.google.com/search?tbm=isch&q=ncs%20NCS%202020-G80Y%20color%20swatch,,,,,,,,,,,,,,,,,,,,,,,,,,,,,,,,,,,,,,,,,,,,
DB,ncs,NCS 2020-G90Y,#d6d09a,0.849313769410001,0.07116165487104732,102.43915031541883,214,208,154,"[214, 208, 154]",0%,3%,28%,16%,"[0%, 3%, 28%, 16%]",82.99,-4.02,27.72,"[82.99, -4.02, 27.72]",https://www.google.com/search?tbm=isch&q=ncs%20NCS%202020-G90Y%20color%20swatch,,,,,,,,,,,,,,,,,,,,,,,,,,,,,,,,,,,,,,,,,,,,
DB,ncs,NCS 2020-R,#d67e83,0.6890430013478813,0.10928283015012945,16.682438569045814,214,126,131,"[214, 126, 131]",0%,41%,39%,16%,"[0%, 41%, 39%, 16%]",62.76,35.31,12.85,"[62.76, 35.31, 12.85]",https://www.google.com/search?tbm=isch&q=ncs%20NCS%202020-R%20color%20swatch,,,,,,,,,,,,,,,,,,,,,,,,,,,,,,,,,,,,,,,,,,,,
DB,ncs,NCS 2020-R10B,#d6808b,0.6944215724732985,0.10687644577787023,11.989282903540357,214,128,139,"[214, 128, 139]",0%,40%,35%,16%,"[0%, 40%, 35%, 16%]",63.35,34.99,9.13,"[63.35, 34.99, 9.13]",https://www.google.com/search?tbm=isch&q=ncs%20NCS%202020-R10B%20color%20swatch,,,,,,,,,,,,,,,,,,,,,,,,,,,,,,,,,,,,,,,,,,,,
DB,ncs,NCS 2020-R20B,#d68494,0.7035571692002921,0.10236381149783255,7.399023686368821,214,132,148,"[214, 132, 148]",0%,38%,31%,16%,"[0%, 38%, 31%, 16%]",64.40,33.80,5.53,"[64.40, 33.80, 5.53]",https://www.google.com/search?tbm=isch&q=ncs%20NCS%202020-R20B%20color%20swatch,,,,,,,,,,,,,,,,,,,,,,,,,,,,,,,,,,,,,,,,,,,,
DB,ncs,NCS 2020-R30B,#d688a1,0.7140902596397697,0.09988294362399201,359.23204364479375,214,136,161,"[214, 136, 161]",0%,36%,25%,16%,"[0%, 36%, 25%, 16%]",65.57,33.06,-0.13,"[65.57, 33.06, -0.13]",https://www.google.com/search?tbm=isch&q=ncs%20NCS%202020-R30B%20color%20swatch,,,,,,,,,,,,,,,,,,,,,,,,,,,,,,,,,,,,,,,,,,,,
DB,ncs,NCS 2020-R40B,#d68fb3,0.7317131379861203,0.09716852283239472,348.0023310886154,214,143,179,"[214, 143, 179]",0%,33%,16%,16%,"[0%, 33%, 16%, 16%]",67.57,31.48,-7.31,"[67.57, 31.48, -7.31]",https://www.google.com/search?tbm=isch&q=ncs%20NCS%202020-R40B%20color%20swatch,,,,,,,,,,,,,,,,,,,,,,,,,,,,,,,,,,,,,,,,,,,,
DB,ncs,NCS 2020-R50B,#d697ca,0.7534855071981408,0.10058163879126658,333.4957074434343,214,151,202,"[214, 151, 202]",0%,29%,6%,16%,"[0%, 29%, 6%, 16%]",69.99,30.25,-16.48,"[69.99, 30.25, -16.48]",https://www.google.com/search?tbm=isch&q=ncs%20NCS%202020-R50B%20color%20swatch,,,,,,,,,,,,,,,,,,,,,,,,,,,,,,,,,,,,,,,,,,,,
DB,ncs,NCS 2020-R60B,#c194d6,0.731653891755979,0.10500054589771296,314.76089249219035,193,148,214,"[193, 148, 214]",10%,31%,0%,16%,"[10%, 31%, 0%, 16%]",67.41,26.25,-27.26,"[67.41, 26.25, -27.26]",https://www.google.com/search?tbm=isch&q=ncs%20NCS%202020-R60B%20color%20swatch,,,,,,,,,,,,,,,,,,,,,,,,,,,,,,,,,,,,,,,,,,,,
DB,ncs,NCS 2020-R70B,#ab94d6,0.7111804644153987,0.09736980195571072,299.9512496852574,171,148,214,"[171, 148, 214]",20%,31%,0%,16%,"[20%, 31%, 0%, 16%]",65.25,18.86,-30.77,"[65.25, 18.86, -30.77]",https://www.google.com/search?tbm=isch&q=ncs%20NCS%202020-R70B%20color%20swatch,,,,,,,,,,,,,,,,,,,,,,,,,,,,,,,,,,,,,,,,,,,,
DB,ncs,NCS 2020-R80B,#8392d6,0.6753102168190696,0.10227400618852935,273.8579415242309,131,146,214,"[131, 146, 214]",39%,32%,0%,16%,"[39%, 32%, 0%, 16%]",61.42,7.28,-37.01,"[61.42, 7.28, -37.01]",https://www.google.com/search?tbm=isch&q=ncs%20NCS%202020-R80B%20color%20swatch,,,,,,,,,,,,,,,,,,,,,,,,,,,,,,,,,,,,,,,,,,,,
DB,ncs,NCS 2020-R90B,#89a2d6,0.7126562086426593,0.0814231766030985,264.52766114333065,137,162,214,"[137, 162, 214]",36%,24%,0%,16%,"[36%, 24%, 0%, 16%]",66.17,0.59,-29.65,"[66.17, 0.59, -29.65]",https://www.google.com/search?tbm=isch&q=ncs%20NCS%202020-R90B%20color%20swatch,,,,,,,,,,,,,,,,,,,,,,,,,,,,,,,,,,,,,,,,,,,,
DB,ncs,NCS 2020-Y,#d6cd98,0.842755136156585,0.07030399777566561,99.58941505659743,214,205,152,"[214, 205, 152]",0%,4%,29%,16%,"[0%, 4%, 29%, 16%]",82.18,-2.76,27.68,"[82.18, -2.76, 27.68]",https://www.google.com/search?tbm=isch&q=ncs%20NCS%202020-Y%20color%20swatch,,,,,,,,,,,,,,,,,,,,,,,,,,,,,,,,,,,,,,,,,,,,
DB,ncs,NCS 2020-Y10R,#d6c796,0.830103167694804,0.06676210103897166,93.07051444758804,214,199,150,"[214, 199, 150]",0%,7%,30%,16%,"[0%, 7%, 30%, 16%]",80.60,-0.01,26.63,"[80.60, -0.01, 26.63]",https://www.google.com/search?tbm=isch&q=ncs%20NCS%202020-Y10R%20color%20swatch,,,,,,,,,,,,,,,,,,,,,,,,,,,,,,,,,,,,,,,,,,,,
DB,ncs,NCS 2020-Y20R,#d6c194,0.8175513104043662,0.06421127425138053,85.82355486432004,214,193,148,"[214, 193, 148]",0%,10%,31%,16%,"[0%, 10%, 31%, 16%]",79.03,2.76,25.60,"[79.03, 2.76, 25.60]",https://www.google.com/search?tbm=isch&q=ncs%20NCS%202020-Y20R%20color%20swatch,,,,,,,,,,,,,,,,,,,,,,,,,,,,,,,,,,,,,,,,,,,,
DB,ncs,NCS 2020-Y30R,#d6bb92,0.80510934469906,0.0628182820587354,78.01690942851758,214,187,146,"[214, 187, 146]",0%,13%,32%,16%,"[0%, 13%, 32%, 16%]",77.48,5.56,24.58,"[77.48, 5.56, 24.58]",https://www.google.com/search?tbm=isch&q=ncs%20NCS%202020-Y30R%20color%20swatch,,,,,,,,,,,,,,,,,,,,,,,,,,,,,,,,,,,,,,,,,,,,
DB,ncs,NCS 2020-Y40R,#d6b38f,0.7886389748916112,0.06328344347382833,67.48700127186794,214,179,143,"[214, 179, 143]",0%,16%,33%,16%,"[0%, 16%, 33%, 16%]",75.42,9.30,23.42,"[75.42, 9.30, 23.42]",https://www.google.com/search?tbm=isch&q=ncs%20NCS%202020-Y40R%20color%20swatch,,,,,,,,,,,,,,,,,,,,,,,,,,,,,,,,,,,,,,,,,,,,
DB,ncs,NCS 2020-Y50R,#d6ac8c,0.77434233247459,0.06584614937676095,58.895087657266686,214,172,140,"[214, 172, 140]",0%,20%,35%,16%,"[0%, 20%, 35%, 16%]",73.63,12.58,22.64,"[73.63, 12.58, 22.64]",https://www.google.com/search?tbm=isch&q=ncs%20NCS%202020-Y50R%20color%20swatch,,,,,,,,,,,,,,,,,,,,,,,,,,,,,,,,,,,,,,,,,,,,
DB,ncs,NCS 2020-Y60R,#d6a389,0.7564448398348347,0.07074952596565108,48.23256238774661,214,163,137,"[214, 163, 137]",0%,24%,36%,16%,"[0%, 24%, 36%, 16%]",71.38,16.91,21.24,"[71.38, 16.91, 21.24]",https://www.google.com/search?tbm=isch&q=ncs%20NCS%202020-Y60R%20color%20swatch,,,,,,,,,,,,,,,,,,,,,,,,,,,,,,,,,,,,,,,,,,,,
DB,ncs,NCS 2020-Y70R,#d69b86,0.7407838545471075,0.07723812848784933,40.43488184768455,214,155,134,"[214, 155, 134]",0%,28%,37%,16%,"[0%, 28%, 37%, 16%]",69.40,20.75,20.22,"[69.40, 20.75, 20.22]",https://www.google.com/search?tbm=isch&q=ncs%20NCS%202020-Y70R%20color%20swatch,,,,,,,,,,,,,,,,,,,,,,,,,,,,,,,,,,,,,,,,,,,,
DB,ncs,NCS 2020-Y80R,#d69183,0.7218565110799419,0.08696566811765977,31.931832278303375,214,145,131,"[214, 145, 131]",0%,32%,39%,16%,"[0%, 32%, 39%, 16%]",67.00,25.63,18.64,"[67.00, 25.63, 18.64]",https://www.google.com/search?tbm=isch&q=ncs%20NCS%202020-Y80R%20color%20swatch,,,,,,,,,,,,,,,,,,,,,,,,,,,,,,,,,,,,,,,,,,,,
DB,ncs,NCS 2020-Y90R,#d68882,0.7057407576084861,0.09684691443967285,24.59485363680983,214,136,130,"[214, 136, 130]",0%,36%,39%,16%,"[0%, 36%, 39%, 16%]",64.94,30.16,16.39,"[64.94, 30.16, 16.39]",https://www.google.com/search?tbm=isch&q=ncs%20NCS%202020-Y90R%20color%20swatch,,,,,,,,,,,,,,,,,,,,,,,,,,,,,,,,,,,,,,,,,,,,
DB,ncs,NCS 2030-B,#77b3d6,0.7387348028842636,0.08013069575662032,234.9612359607985,119,179,214,"[119, 179, 214]",44%,16%,0%,16%,"[44%, 16%, 0%, 16%]",69.82,-13.17,-24.21,"[69.82, -13.17, -24.21]",https://www.google.com/search?tbm=isch&q=ncs%20NCS%202030-B%20color%20swatch,,,,,,,,,,,,,,,,,,,,,,,,,,,,,,,,,,,,,,,,,,,,
DB,ncs,NCS 2030-B10G,#7bbfd6,0.7676073627767314,0.0760655108620871,221.39330187261362,123,191,214,"[123, 191, 214]",43%,11%,0%,16%,"[43%, 11%, 0%, 16%]",73.44,-17.89,-18.73,"[73.44, -17.89, -18.73]",https://www.google.com/search?tbm=isch&q=ncs%20NCS%202030-B10G%20color%20swatch,,,,,,,,,,,,,,,,,,,,,,,,,,,,,,,,,,,,,,,,,,,,
DB,ncs,NCS 2030-B30G,#80ced6,0.8038486449088175,0.0776538847226691,204.05743468911805,128,206,214,"[128, 206, 214]",40%,4%,0%,16%,"[40%, 4%, 0%, 16%]",77.95,-23.54,-11.98,"[77.95, -23.54, -11.98]",https://www.google.com/search?tbm=isch&q=ncs%20NCS%202030-B30G%20color%20swatch,,,,,,,,,,,,,,,,,,,,,,,,,,,,,,,,,,,,,,,,,,,,
DB,ncs,NCS 2030-B40G,#82d4d6,0.8183724228495438,0.08022266502480578,197.67949651458798,130,212,214,"[130, 212, 214]",39%,1%,0%,16%,"[39%, 1%, 0%, 16%]",79.75,-25.72,-9.31,"[79.75, -25.72, -9.31]",https://www.google.com/search?tbm=isch&q=ncs%20NCS%202030-B40G%20color%20swatch,,,,,,,,,,,,,,,,,,,,,,,,,,,,,,,,,,,,,,,,,,,,
DB,ncs,NCS 2030-B50G,#81d6d3,0.8214646502162993,0.08284147082635372,192.73914983777195,129,214,211,"[129, 214, 211]",40%,0%,1%,16%,"[40%, 0%, 1%, 16%]",80.20,-27.44,-7.07,"[80.20, -27.44, -7.07]",https://www.google.com/search?tbm=isch&q=ncs%20NCS%202030-B50G%20color%20swatch,,,,,,,,,,,,,,,,,,,,,,,,,,,,,,,,,,,,,,,,,,,,
DB,ncs,NCS 2030-B60G,#80d6ce,0.8194252964960012,0.08447932913449871,188.02069630998028,128,214,206,"[128, 214, 206]",40%,0%,4%,16%,"[40%, 0%, 4%, 16%]",80.04,-28.61,-4.66,"[80.04, -28.61, -4.66]",https://www.google.com/search?tbm=isch&q=ncs%20NCS%202030-B60G%20color%20swatch,,,,,,,,,,,,,,,,,,,,,,,,,,,,,,,,,,,,,,,,,,,,
DB,ncs,NCS 2030-B70G,#7ed6c9,0.8169661391064807,0.08746817046790657,183.61677991236013,126,214,201,"[126, 214, 201]",41%,0%,6%,16%,"[41%, 0%, 6%, 16%]",79.83,-30.04,-2.32,"[79.83, -30.04, -2.32]",https://www.google.com/search?tbm=isch&q=ncs%20NCS%202030-B70G%20color%20swatch,,,,,,,,,,,,,,,,,,,,,,,,,,,,,,,,,,,,,,,,,,,,
DB,ncs,NCS 2030-B90G,#75d6ab,0.8046360540878409,0.11178792996410694,163.35215852387557,117,214,171,"[117, 214, 171]",45%,0%,20%,16%,"[45%, 0%, 20%, 16%]",78.83,-37.47,12.02,"[78.83, -37.47, 12.02]",https://www.google.com/search?tbm=isch&q=ncs%20NCS%202030-B90G%20color%20swatch,,,,,,,,,,,,,,,,,,,,,,,,,,,,,,,,,,,,,,,,,,,,
DB,ncs,NCS 2030-G,#6fd697,0.7974034748970853,0.13274472101767046,155.03497466719045,111,214,151,"[111, 214, 151]",48%,0%,29%,16%,"[48%, 0%, 29%, 16%]",78.24,-42.03,21.59,"[78.24, -42.03, 21.59]",https://www.google.com/search?tbm=isch&q=ncs%20NCS%202030-G%20color%20swatch,,,,,,,,,,,,,,,,,,,,,,,,,,,,,,,,,,,,,,,,,,,,
DB,ncs,NCS 2030-G10Y,#8ad68d,0.8080683624414415,0.12648474654757066,145.18041751734472,138,214,141,"[138, 214, 141]",36%,0%,34%,16%,"[36%, 0%, 34%, 16%]",79.31,-35.49,28.42,"[79.31, -35.49, 28.42]",https://www.google.com/search?tbm=isch&q=ncs%20NCS%202030-G10Y%20color%20swatch,,,,,,,,,,,,,,,,,,,,,,,,,,,,,,,,,,,,,,,,,,,,
DB,ncs,NCS 2030-G20Y,#9cd685,0.8167558479236026,0.12446054135155851,137.17015378422968,156,214,133,"[156, 214, 133]",27%,0%,38%,16%,"[27%, 0%, 38%, 16%]",80.19,-30.42,33.82,"[80.19, -30.42, 33.82]",https://www.google.com/search?tbm=isch&q=ncs%20NCS%202030-G20Y%20color%20swatch,,,,,,,,,,,,,,,,,,,,,,,,,,,,,,,,,,,,,,,,,,,,
DB,ncs,NCS 2030-G30Y,#abd67e,0.8250534315327605,0.12421683004043978,129.980961864822,171,214,126,"[171, 214, 126]",20%,0%,41%,16%,"[20%, 0%, 41%, 16%]",81.03,-25.76,38.59,"[81.03, -25.76, 38.59]",https://www.google.com/search?tbm=isch&q=ncs%20NCS%202030-G30Y%20color%20swatch,,,,,,,,,,,,,,,,,,,,,,,,,,,,,,,,,,,,,,,,,,,,
DB,ncs,NCS 2030-G40Y,#b7d679,0.832494075880153,0.12430995085672056,124.1380181878904,183,214,121,"[183, 214, 121]",14%,0%,43%,16%,"[14%, 0%, 43%, 16%]",81.78,-21.72,42.18,"[81.78, -21.72, 42.18]",https://www.google.com/search?tbm=isch&q=ncs%20NCS%202030-G40Y%20color%20swatch,,,,,,,,,,,,,,,,,,,,,,,,,,,,,,,,,,,,,,,,,,,,
DB,ncs,NCS 2030-G50Y,#c2d67c,0.8409579324298555,0.11717673723211924,119.23349794949428,194,214,124,"[194, 214, 124]",9%,0%,42%,16%,"[9%, 0%, 42%, 16%]",82.61,-17.26,41.94,"[82.61, -17.26, 41.94]",https://www.google.com/search?tbm=isch&q=ncs%20NCS%202030-G50Y%20color%20swatch,,,,,,,,,,,,,,,,,,,,,,,,,,,,,,,,,,,,,,,,,,,,
DB,ncs,NCS 2030-G60Y,#cad67f,0.8475100008045042,0.11169499924130208,115.24304456772859,202,214,127,"[202, 214, 127]",6%,0%,41%,16%,"[6%, 0%, 41%, 16%]",83.25,-13.92,41.42,"[83.25, -13.92, 41.42]",https://www.google.com/search?tbm=isch&q=ncs%20NCS%202030-G60Y%20color%20swatch,,,,,,,,,,,,,,,,,,,,,,,,,,,,,,,,,,,,,,,,,,,,
DB,ncs,NCS 2030-G70Y,#d2d681,0.8541277104973991,0.10793738193565408,110.79440260278386,210,214,129,"[210, 214, 129]",2%,0%,40%,16%,"[2%, 0%, 40%, 16%]",83.90,-10.63,41.41,"[83.90, -10.63, 41.41]",https://www.google.com/search?tbm=isch&q=ncs%20NCS%202030-G70Y%20color%20swatch,,,,,,,,,,,,,,,,,,,,,,,,,,,,,,,,,,,,,,,,,,,,
DB,ncs,NCS 2030-G80Y,#d6d481,0.8531745227746754,0.10511367197822773,107.2241582828023,214,212,129,"[214, 212, 129]",0%,1%,40%,16%,"[0%, 1%, 40%, 16%]",83.70,-8.11,41.25,"[83.70, -8.11, 41.25]",https://www.google.com/search?tbm=isch&q=ncs%20NCS%202030-G80Y%20color%20swatch,,,,,,,,,,,,,,,,,,,,,,,,,,,,,,,,,,,,,,,,,,,,
DB,ncs,NCS 2030-G90Y,#d6ce80,0.840518213224921,0.09954632542079826,103.2188174160342,214,206,128,"[214, 206, 128]",0%,4%,40%,16%,"[0%, 4%, 40%, 16%]",82.12,-5.31,39.79,"[82.12, -5.31, 39.79]",https://www.google.com/search?tbm=isch&q=ncs%20NCS%202030-G90Y%20color%20swatch,,,,,,,,,,,,,,,,,,,,,,,,,,,,,,,,,,,,,,,,,,,,
DB,ncs,NCS 2030-R,#d66168,0.6381281708656209,0.14753920964722395,18.58538645907288,214,97,104,"[214, 97, 104]",0%,55%,51%,16%,"[0%, 55%, 51%, 16%]",56.46,47.41,19.81,"[56.46, 47.41, 19.81]",https://www.google.com/search?tbm=isch&q=ncs%20NCS%202030-R%20color%20swatch,,,,,,,,,,,,,,,,,,,,,,,,,,,,,,,,,,,,,,,,,,,,
DB,ncs,NCS 2030-R10B,#d66471,0.6444429664851787,0.14366636096610402,14.96385820624215,214,100,113,"[214, 100, 113]",0%,53%,47%,16%,"[0%, 53%, 47%, 16%]",57.17,46.61,15.54,"[57.17, 46.61, 15.54]",https://www.google.com/search?tbm=isch&q=ncs%20NCS%202030-R10B%20color%20swatch,,,,,,,,,,,,,,,,,,,,,,,,,,,,,,,,,,,,,,,,,,,,
DB,ncs,NCS 2030-R20B,#d6677e,0.652048900707497,0.1408172008496986,8.78972035238462,214,103,126,"[214, 103, 126]",0%,52%,41%,16%,"[0%, 52%, 41%, 16%]",57.99,46.15,9.10,"[57.99, 46.15, 9.10]",https://www.google.com/search?tbm=isch&q=ncs%20NCS%202030-R20B%20color%20swatch,,,,,,,,,,,,,,,,,,,,,,,,,,,,,,,,,,,,,,,,,,,,
DB,ncs,NCS 2030-R30B,#d66c8e,0.6638931993029318,0.13732713679656183,1.1904224523996731,214,108,142,"[214, 108, 142]",0%,50%,34%,16%,"[0%, 50%, 34%, 16%]",59.30,45.11,1.68,"[59.30, 45.11, 1.68]",https://www.google.com/search?tbm=isch&q=ncs%20NCS%202030-R30B%20color%20swatch,,,,,,,,,,,,,,,,,,,,,,,,,,,,,,,,,,,,,,,,,,,,
DB,ncs,NCS 2030-R40B,#d673a5,0.6817588402564654,0.1363753890669776,349.7368921193282,214,115,165,"[214, 115, 165]",0%,46%,23%,16%,"[0%, 46%, 23%, 16%]",61.25,43.96,-8.70,"[61.25, 43.96, -8.70]",https://www.google.com/search?tbm=isch&q=ncs%20NCS%202030-R40B%20color%20swatch,,,,,,,,,,,,,,,,,,,,,,,,,,,,,,,,,,,,,,,,,,,,
DB,ncs,NCS 2030-R50B,#d67dc5,0.7089583776073686,0.14207130108341176,334.3756349309481,214,125,197,"[214, 125, 197]",0%,42%,8%,16%,"[0%, 42%, 8%, 16%]",64.20,42.74,-22.41,"[64.20, 42.74, -22.41]",https://www.google.com/search?tbm=isch&q=ncs%20NCS%202030-R50B%20color%20swatch,,,,,,,,,,,,,,,,,,,,,,,,,,,,,,,,,,,,,,,,,,,,
DB,ncs,NCS 2030-R60B,#b979d6,0.6775095857076767,0.14805075117832914,314.6338318413501,185,121,214,"[185, 121, 214]",14%,43%,0%,16%,"[14%, 43%, 0%, 16%]",60.41,37.69,-38.11,"[60.41, 37.69, -38.11]",https://www.google.com/search?tbm=isch&q=ncs%20NCS%202030-R60B%20color%20swatch,,,,,,,,,,,,,,,,,,,,,,,,,,,,,,,,,,,,,,,,,,,,
DB,ncs,NCS 2030-R70B,#9b7bd6,0.6507836923052385,0.1353014835437439,298.8145757456748,155,123,214,"[155, 123, 214]",28%,43%,0%,16%,"[28%, 43%, 0%, 16%]",57.63,27.16,-42.74,"[57.63, 27.16, -42.74]",https://www.google.com/search?tbm=isch&q=ncs%20NCS%202030-R70B%20color%20swatch,,,,,,,,,,,,,,,,,,,,,,,,,,,,,,,,,,,,,,,,,,,,
DB,ncs,NCS 2030-R80B,#677bd6,0.6094636597913273,0.1395747814547298,272.31645514701927,103,123,214,"[103, 123, 214]",52%,43%,0%,16%,"[52%, 43%, 0%, 16%]",53.27,12.24,-49.95,"[53.27, 12.24, -49.95]",https://www.google.com/search?tbm=isch&q=ncs%20NCS%202030-R80B%20color%20swatch,,,,,,,,,,,,,,,,,,,,,,,,,,,,,,,,,,,,,,,,,,,,
DB,ncs,NCS 2030-R90B,#6d8fd6,0.6546728961330288,0.11329468386223236,264.03633306559254,109,143,214,"[109, 143, 214]",49%,33%,0%,16%,"[49%, 33%, 0%, 16%]",59.13,2.73,-40.70,"[59.13, 2.73, -40.70]",https://www.google.com/search?tbm=isch&q=ncs%20NCS%202030-R90B%20color%20swatch,,,,,,,,,,,,,,,,,,,,,,,,,,,,,,,,,,,,,,,,,,,,
DB,ncs,NCS 2030-Y,#d6c97e,0.829853589002542,0.09660409240300027,99.62545507841696,214,201,126,"[214, 201, 126]",0%,6%,41%,16%,"[0%, 6%, 41%, 16%]",80.79,-3.04,39.14,"[80.79, -3.04, 39.14]",https://www.google.com/search?tbm=isch&q=ncs%20NCS%202030-Y%20color%20swatch,,,,,,,,,,,,,,,,,,,,,,,,,,,,,,,,,,,,,,,,,,,,
DB,ncs,NCS 2030-Y10R,#d6c17c,0.8131258161134322,0.09148022538166685,93.09266410385942,214,193,124,"[214, 193, 124]",0%,10%,42%,16%,"[0%, 10%, 42%, 16%]",78.70,0.72,37.54,"[78.70, 0.72, 37.54]",https://www.google.com/search?tbm=isch&q=ncs%20NCS%202030-Y10R%20color%20swatch,,,,,,,,,,,,,,,,,,,,,,,,,,,,,,,,,,,,,,,,,,,,
DB,ncs,NCS 2030-Y20R,#d6b979,0.7964286192446965,0.08879478968604584,86.06094006752653,214,185,121,"[214, 185, 121]",0%,14%,43%,16%,"[0%, 14%, 43%, 16%]",76.62,4.46,36.47,"[76.62, 4.46, 36.47]",https://www.google.com/search?tbm=isch&q=ncs%20NCS%202030-Y20R%20color%20swatch,,,,,,,,,,,,,,,,,,,,,,,,,,,,,,,,,,,,,,,,,,,,
DB,ncs,NCS 2030-Y30R,#d6b076,0.7779697309332293,0.08723437575868759,77.49032911602205,214,176,118,"[214, 176, 118]",0%,18%,45%,16%,"[0%, 18%, 45%, 16%]",74.31,8.76,35.12,"[74.31, 8.76, 35.12]",https://www.google.com/search?tbm=isch&q=ncs%20NCS%202030-Y30R%20color%20swatch,,,,,,,,,,,,,,,,,,,,,,,,,,,,,,,,,,,,,,,,,,,,
DB,ncs,NCS 2030-Y40R,#d6a674,0.7580673078941308,0.08688391482236883,67.03293569422169,214,166,116,"[214, 166, 116]",0%,22%,46%,16%,"[0%, 22%, 46%, 16%]",71.80,13.69,33.00,"[71.80, 13.69, 33.00]",https://www.google.com/search?tbm=isch&q=ncs%20NCS%202030-Y40R%20color%20swatch,,,,,,,,,,,,,,,,,,,,,,,,,,,,,,,,,,,,,,,,,,,,
DB,ncs,NCS 2030-Y50R,#d69c70,0.7382741058204697,0.09111636348856156,57.94672205765579,214,156,112,"[214, 156, 112]",0%,27%,48%,16%,"[0%, 27%, 48%, 16%]",69.31,18.52,31.98,"[69.31, 18.52, 31.98]",https://www.google.com/search?tbm=isch&q=ncs%20NCS%202030-Y50R%20color%20swatch,,,,,,,,,,,,,,,,,,,,,,,,,,,,,,,,,,,,,,,,,,,,
DB,ncs,NCS 2030-Y60R,#d6916d,0.717360402496373,0.09760501027166067,48.24034509398746,214,145,109,"[214, 145, 109]",0%,32%,49%,16%,"[0%, 32%, 49%, 16%]",66.66,23.96,30.23,"[66.66, 23.96, 30.23]",https://www.google.com/search?tbm=isch&q=ncs%20NCS%202030-Y60R%20color%20swatch,,,,,,,,,,,,,,,,,,,,,,,,,,,,,,,,,,,,,,,,,,,,
DB,ncs,NCS 2030-Y70R,#d6856a,0.6954507424444318,0.10757168634052176,39.17922622586116,214,133,106,"[214, 133, 106]",0%,38%,50%,16%,"[0%, 38%, 50%, 16%]",63.88,29.90,28.32,"[63.88, 29.90, 28.32]",https://www.google.com/search?tbm=isch&q=ncs%20NCS%202030-Y70R%20color%20swatch,,,,,,,,,,,,,,,,,,,,,,,,,,,,,,,,,,,,,,,,,,,,
DB,ncs,NCS 2030-Y80R,#d67966,0.6743898596156395,0.1201870583828622,32.554111798041276,214,121,102,"[214, 121, 102]",0%,43%,52%,16%,"[0%, 43%, 52%, 16%]",61.20,35.71,27.12,"[61.20, 35.71, 27.12]",https://www.google.com/search?tbm=isch&q=ncs%20NCS%202030-Y80R%20color%20swatch,,,,,,,,,,,,,,,,,,,,,,,,,,,,,,,,,,,,,,,,,,,,
DB,ncs,NCS 2030-Y90R,#d66d66,0.6553225775874304,0.13327259205868291,25.30023680864275,214,109,102,"[214, 109, 102]",0%,49%,52%,16%,"[0%, 49%, 52%, 16%]",58.73,41.62,23.93,"[58.73, 41.62, 23.93]",https://www.google.com/search?tbm=isch&q=ncs%20NCS%202030-Y90R%20color%20swatch,,,,,,,,,,,,,,,,,,,,,,,,,,,,,,,,,,,,,,,,,,,,
DB,ncs,NCS 2040-B,#60aad6,0.7073598510578921,0.09811670893676945,236.50354232368045,96,170,214,"[96, 170, 214]",55%,21%,0%,16%,"[55%, 21%, 0%, 16%]",66.13,-14.46,-29.95,"[66.13, -14.46, -29.95]",https://www.google.com/search?tbm=isch&q=ncs%20NCS%202040-B%20color%20swatch,,,,,,,,,,,,,,,,,,,,,,,,,,,,,,,,,,,,,,,,,,,,
DB,ncs,NCS 2040-B10G,#64b9d6,0.7433068405124857,0.0921900195085755,222.5077199856754,100,185,214,"[100, 185, 214]",53%,14%,0%,16%,"[53%, 14%, 0%, 16%]",70.66,-20.77,-23.04,"[70.66, -20.77, -23.04]",https://www.google.com/search?tbm=isch&q=ncs%20NCS%202040-B10G%20color%20swatch,,,,,,,,,,,,,,,,,,,,,,,,,,,,,,,,,,,,,,,,,,,,
DB,ncs,NCS 2040-B20G,#66c4d6,0.7694368163076964,0.09251719301322073,211.59244526697307,102,196,214,"[102, 196, 214]",52%,8%,0%,16%,"[52%, 8%, 0%, 16%]",73.94,-25.40,-18.10,"[73.94, -25.40, -18.10]",https://www.google.com/search?tbm=isch&q=ncs%20NCS%202040-B20G%20color%20swatch,,,,,,,,,,,,,,,,,,,,,,,,,,,,,,,,,,,,,,,,,,,,
DB,ncs,NCS 2040-B30G,#68ccd6,0.7887202539379553,0.09450305711987338,204.0421649414136,104,204,214,"[104, 204, 214]",51%,5%,0%,16%,"[51%, 5%, 0%, 16%]",76.34,-28.53,-14.50,"[76.34, -28.53, -14.50]",https://www.google.com/search?tbm=isch&q=ncs%20NCS%202040-B30G%20color%20swatch,,,,,,,,,,,,,,,,,,,,,,,,,,,,,,,,,,,,,,,,,,,,
DB,ncs,NCS 2040-B40G,#6ad3d6,0.8057119944943207,0.09738666277520673,197.8659000508817,106,211,214,"[106, 211, 214]",50%,1%,0%,16%,"[50%, 1%, 0%, 16%]",78.45,-31.16,-11.37,"[78.45, -31.16, -11.37]",https://www.google.com/search?tbm=isch&q=ncs%20NCS%202040-B40G%20color%20swatch,,,,,,,,,,,,,,,,,,,,,,,,,,,,,,,,,,,,,,,,,,,,
DB,ncs,NCS 2040-B50G,#6ad6d3,0.8116877170306301,0.09976678764658548,192.9304509491826,106,214,211,"[106, 214, 211]",50%,0%,1%,16%,"[50%, 0%, 1%, 16%]",79.25,-33.05,-8.60,"[79.25, -33.05, -8.60]",https://www.google.com/search?tbm=isch&q=ncs%20NCS%202040-B50G%20color%20swatch,,,,,,,,,,,,,,,,,,,,,,,,,,,,,,,,,,,,,,,,,,,,
DB,ncs,NCS 2040-B60G,#68d6cc,0.8087002613724761,0.10235750092515343,187.43890368117286,104,214,204,"[104, 214, 204]",51%,0%,5%,16%,"[51%, 0%, 5%, 16%]",79.01,-34.86,-5.24,"[79.01, -34.86, -5.24]",https://www.google.com/search?tbm=isch&q=ncs%20NCS%202040-B60G%20color%20swatch,,,,,,,,,,,,,,,,,,,,,,,,,,,,,,,,,,,,,,,,,,,,
DB,ncs,NCS 2040-B70G,#67d6c6,0.806479715594042,0.10486071212471994,182.95175558784138,103,214,198,"[103, 214, 198]",52%,0%,7%,16%,"[52%, 0%, 7%, 16%]",78.84,-36.22,-2.32,"[78.84, -36.22, -2.32]",https://www.google.com/search?tbm=isch&q=ncs%20NCS%202040-B70G%20color%20swatch,,,,,,,,,,,,,,,,,,,,,,,,,,,,,,,,,,,,,,,,,,,,
DB,ncs,NCS 2040-B80G,#65d6bd,0.8030887639192461,0.11010769673950269,176.75837999392184,101,214,189,"[101, 214, 189]",53%,0%,12%,16%,"[53%, 0%, 12%, 16%]",78.57,-38.33,2.05,"[78.57, -38.33, 2.05]",https://www.google.com/search?tbm=isch&q=ncs%20NCS%202040-B80G%20color%20swatch,,,,,,,,,,,,,,,,,,,,,,,,,,,,,,,,,,,,,,,,,,,,
DB,ncs,NCS 2040-B90G,#5dd6a0,0.7926736868512061,0.13475890785266859,161.6027815262462,93,214,160,"[93, 214, 160]",57%,0%,25%,16%,"[57%, 0%, 25%, 16%]",77.74,-45.02,16.11,"[77.74, -45.02, 16.11]",https://www.google.com/search?tbm=isch&q=ncs%20NCS%202040-B90G%20color%20swatch,,,,,,,,,,,,,,,,,,,,,,,,,,,,,,,,,,,,,,,,,,,,
DB,ncs,NCS 2040-G,#58d689,0.7860326940928112,0.15750068811110005,153.67967333356546,88,214,137,"[88, 214, 137]",59%,0%,36%,16%,"[59%, 0%, 36%, 16%]",77.22,-49.49,27.25,"[77.22, -49.49, 27.25]",https://www.google.com/search?tbm=isch&q=ncs%20NCS%202040-G%20color%20swatch,,,,,,,,,,,,,,,,,,,,,,,,,,,,,,,,,,,,,,,,,,,,
DB,ncs,NCS 2040-G10Y,#77d67c,0.7956536908938693,0.15413985193241633,145.04442211697756,119,214,124,"[119, 214, 124]",44%,0%,42%,16%,"[44%, 0%, 42%, 16%]",78.19,-43.22,35.30,"[78.19, -43.22, 35.30]",https://www.google.com/search?tbm=isch&q=ncs%20NCS%202040-G10Y%20color%20swatch,,,,,,,,,,,,,,,,,,,,,,,,,,,,,,,,,,,,,,,,,,,,
DB,ncs,NCS 2040-G20Y,#8ed671,0.8054481614117242,0.15238188845923215,137.32769916668593,142,214,113,"[142, 214, 113]",34%,0%,47%,16%,"[34%, 0%, 47%, 16%]",79.17,-37.14,42.16,"[79.17, -37.14, 42.16]",https://www.google.com/search?tbm=isch&q=ncs%20NCS%202040-G20Y%20color%20swatch,,,,,,,,,,,,,,,,,,,,,,,,,,,,,,,,,,,,,,,,,,,,
DB,ncs,NCS 2040-G30Y,#a0d668,0.8147690027505023,0.15173281310745868,130.71303877923788,160,214,104,"[160, 214, 104]",25%,0%,51%,16%,"[25%, 0%, 51%, 16%]",80.10,-31.63,47.80,"[80.10, -31.63, 47.80]",https://www.google.com/search?tbm=isch&q=ncs%20NCS%202040-G30Y%20color%20swatch,,,,,,,,,,,,,,,,,,,,,,,,,,,,,,,,,,,,,,,,,,,,
DB,ncs,NCS 2040-G40Y,#afd661,0.823712057387104,0.15129889198201446,124.9696867196634,175,214,97,"[175, 214, 97]",18%,0%,55%,16%,"[18%, 0%, 55%, 16%]",81.00,-26.56,52.31,"[81.00, -26.56, 52.31]",https://www.google.com/search?tbm=isch&q=ncs%20NCS%202040-G40Y%20color%20swatch,,,,,,,,,,,,,,,,,,,,,,,,,,,,,,,,,,,,,,,,,,,,
DB,ncs,NCS 2040-G50Y,#bcd664,0.8332623208511175,0.14343142245297585,120.28179140134597,188,214,100,"[188, 214, 100]",12%,0%,53%,16%,"[12%, 0%, 53%, 16%]",81.93,-21.35,52.30,"[81.93, -21.35, 52.30]",https://www.google.com/search?tbm=isch&q=ncs%20NCS%202040-G50Y%20color%20swatch,,,,,,,,,,,,,,,,,,,,,,,,,,,,,,,,,,,,,,,,,,,,
DB,ncs,NCS 2040-G60Y,#c7d667,0.8418799047651095,0.13714257232839505,115.79206469847588,199,214,103,"[199, 214, 103]",7%,0%,52%,16%,"[7%, 0%, 52%, 16%]",82.77,-16.83,52.16,"[82.77, -16.83, 52.16]",https://www.google.com/search?tbm=isch&q=ncs%20NCS%202040-G60Y%20color%20swatch,,,,,,,,,,,,,,,,,,,,,,,,,,,,,,,,,,,,,,,,,,,,
DB,ncs,NCS 2040-G70Y,#d1d66a,0.8501163488848711,0.1319746926554881,111.26818661682682,209,214,106,"[209, 214, 106]",2%,0%,50%,16%,"[2%, 0%, 50%, 16%]",83.58,-12.66,51.96,"[83.58, -12.66, 51.96]",https://www.google.com/search?tbm=isch&q=ncs%20NCS%202040-G70Y%20color%20swatch,,,,,,,,,,,,,,,,,,,,,,,,,,,,,,,,,,,,,,,,,,,,
DB,ncs,NCS 2040-G80Y,#d6d36a,0.8478530002481278,0.12790623350865668,107.35342076912707,214,211,106,"[214, 211, 106]",0%,1%,50%,16%,"[0%, 1%, 50%, 16%]",83.20,-9.24,51.64,"[83.20, -9.24, 51.64]",https://www.google.com/search?tbm=isch&q=ncs%20NCS%202040-G80Y%20color%20swatch,,,,,,,,,,,,,,,,,,,,,,,,,,,,,,,,,,,,,,,,,,,,
DB,ncs,NCS 2040-G90Y,#d6cc68,0.8329314146196899,0.12256679655204063,103.5547299706891,214,204,104,"[214, 204, 104]",0%,5%,51%,16%,"[0%, 5%, 51%, 16%]",81.34,-6.02,50.45,"[81.34, -6.02, 50.45]",https://www.google.com/search?tbm=isch&q=ncs%20NCS%202040-G90Y%20color%20swatch,,,,,,,,,,,,,,,,,,,,,,,,,,,,,,,,,,,,,,,,,,,,
DB,ncs,NCS 2040-R,#d64a53,0.6045127556804738,0.17536238741786403,20.458253808874815,214,74,83,"[214, 74, 83]",0%,65%,61%,16%,"[0%, 65%, 61%, 16%]",52.28,56.12,26.71,"[52.28, 56.12, 26.71]",https://www.google.com/search?tbm=isch&q=ncs%20NCS%202040-R%20color%20swatch,,,,,,,,,,,,,,,,,,,,,,,,,,,,,,,,,,,,,,,,,,,,
DB,ncs,NCS 2040-R10B,#d64d5d,0.6099707738416416,0.17171364871072858,17.003307605972793,214,77,93,"[214, 77, 93]",0%,64%,57%,16%,"[0%, 64%, 57%, 16%]",52.89,55.42,21.58,"[52.89, 55.42, 21.58]",https://www.google.com/search?tbm=isch&q=ncs%20NCS%202040-R10B%20color%20swatch,,,,,,,,,,,,,,,,,,,,,,,,,,,,,,,,,,,,,,,,,,,,
DB,ncs,NCS 2040-R20B,#d6506b,0.6167233390634248,0.16886075739599135,11.372802389689014,214,80,107,"[214, 80, 107]",0%,63%,50%,16%,"[0%, 63%, 50%, 16%]",53.61,55.00,14.22,"[53.61, 55.00, 14.22]",https://www.google.com/search?tbm=isch&q=ncs%20NCS%202040-R20B%20color%20swatch,,,,,,,,,,,,,,,,,,,,,,,,,,,,,,,,,,,,,,,,,,,,
DB,ncs,NCS 2040-R30B,#d6557e,0.6279083282081281,0.1659239173663643,3.4060749105979085,214,85,126,"[214, 85, 126]",0%,60%,41%,16%,"[0%, 60%, 41%, 16%]",54.80,54.20,4.62,"[54.80, 54.20, 4.62]",https://www.google.com/search?tbm=isch&q=ncs%20NCS%202040-R30B%20color%20swatch,,,,,,,,,,,,,,,,,,,,,,,,,,,,,,,,,,,,,,,,,,,,
DB,ncs,NCS 2040-R40B,#d65c99,0.6454211652633328,0.16636605348074263,351.6115624253034,214,92,153,"[214, 92, 153]",0%,57%,29%,16%,"[0%, 57%, 29%, 16%]",56.65,53.44,-8.56,"[56.65, 53.44, -8.56]",https://www.google.com/search?tbm=isch&q=ncs%20NCS%202040-R40B%20color%20swatch,,,,,,,,,,,,,,,,,,,,,,,,,,,,,,,,,,,,,,,,,,,,
DB,ncs,NCS 2040-R50B,#d666c1,0.6742431214308587,0.17699382194019078,335.03691019100256,214,102,193,"[214, 102, 193]",0%,52%,10%,16%,"[0%, 52%, 10%, 16%]",59.64,53.21,-27.10,"[59.64, 53.21, -27.10]",https://www.google.com/search?tbm=isch&q=ncs%20NCS%202040-R50B%20color%20swatch,,,,,,,,,,,,,,,,,,,,,,,,,,,,,,,,,,,,,,,,,,,,
DB,ncs,NCS 2040-R60B,#b162d6,0.6336374490323378,0.1820725708876419,313.83142750184516,177,98,214,"[177, 98, 214]",17%,54%,0%,16%,"[17%, 54%, 0%, 16%]",54.67,46.86,-47.18,"[54.67, 46.86, -47.18]",https://www.google.com/search?tbm=isch&q=ncs%20NCS%202040-R60B%20color%20swatch,,,,,,,,,,,,,,,,,,,,,,,,,,,,,,,,,,,,,,,,,,,,
DB,ncs,NCS 2040-R70B,#8d65d6,0.5997989126814379,0.16761697868261474,297.45152801590746,141,101,214,"[141, 101, 214]",34%,53%,0%,16%,"[34%, 53%, 0%, 16%]",51.07,34.93,-53.20,"[51.07, 34.93, -53.20]",https://www.google.com/search?tbm=isch&q=ncs%20NCS%202040-R70B%20color%20swatch,,,,,,,,,,,,,,,,,,,,,,,,,,,,,,,,,,,,,,,,,,,,
DB,ncs,NCS 2040-R80B,#4f68d6,0.5569595511910432,0.17059474060523558,270.3543506148377,79,104,214,"[79, 104, 214]",63%,51%,0%,16%,"[63%, 51%, 0%, 16%]",46.63,17.69,-60.65,"[46.63, 17.69, -60.65]",https://www.google.com/search?tbm=isch&q=ncs%20NCS%202040-R80B%20color%20swatch,,,,,,,,,,,,,,,,,,,,,,,,,,,,,,,,,,,,,,,,,,,,
DB,ncs,NCS 2040-R90B,#5580d6,0.6093890879518032,0.1394438156399976,262.8725545613893,85,128,214,"[85, 128, 214]",60%,40%,0%,16%,"[60%, 40%, 0%, 16%]",53.57,5.17,-49.56,"[53.57, 5.17, -49.56]",https://www.google.com/search?tbm=isch&q=ncs%20NCS%202040-R90B%20color%20swatch,,,,,,,,,,,,,,,,,,,,,,,,,,,,,,,,,,,,,,,,,,,,
DB,ncs,NCS 2040-Y,#d6c667,0.820331605619997,0.11776527448608032,99.90793961715246,214,198,103,"[214, 198, 103]",0%,7%,52%,16%,"[0%, 7%, 52%, 16%]",79.77,-3.17,49.11,"[79.77, -3.17, 49.11]",https://www.google.com/search?tbm=isch&q=ncs%20NCS%202040-Y%20color%20swatch,,,,,,,,,,,,,,,,,,,,,,,,,,,,,,,,,,,,,,,,,,,,
DB,ncs,NCS 2040-Y10R,#d6bc64,0.7993933992616303,0.11223852323554068,93.24659197317396,214,188,100,"[214, 188, 100]",0%,12%,53%,16%,"[0%, 12%, 53%, 16%]",77.15,1.55,47.52,"[77.15, 1.55, 47.52]",https://www.google.com/search?tbm=isch&q=ncs%20NCS%202040-Y10R%20color%20swatch,,,,,,,,,,,,,,,,,,,,,,,,,,,,,,,,,,,,,,,,,,,,
DB,ncs,NCS 2040-Y20R,#d6b162,0.7769173677170745,0.10703181423699192,84.75872869222667,214,177,98,"[214, 177, 98]",0%,17%,54%,16%,"[0%, 17%, 54%, 16%]",74.33,6.92,45.22,"[74.33, 6.92, 45.22]",https://www.google.com/search?tbm=isch&q=ncs%20NCS%202040-Y20R%20color%20swatch,,,,,,,,,,,,,,,,,,,,,,,,,,,,,,,,,,,,,,,,,,,,
DB,ncs,NCS 2040-Y30R,#d6a65f,0.7547833505993468,0.10542587240967648,75.77474987943617,214,166,95,"[214, 166, 95]",0%,22%,56%,16%,"[0%, 22%, 56%, 16%]",71.55,12.31,43.46,"[71.55, 12.31, 43.46]",https://www.google.com/search?tbm=isch&q=ncs%20NCS%202040-Y30R%20color%20swatch,,,,,,,,,,,,,,,,,,,,,,,,,,,,,,,,,,,,,,,,,,,,
DB,ncs,NCS 2040-Y40R,#d69a5c,0.7313134277940702,0.10678276638221884,65.70456755985191,214,154,92,"[214, 154, 92]",0%,28%,57%,16%,"[0%, 28%, 57%, 16%]",68.59,18.28,41.51,"[68.59, 18.28, 41.51]",https://www.google.com/search?tbm=isch&q=ncs%20NCS%202040-Y40R%20color%20swatch,,,,,,,,,,,,,,,,,,,,,,,,,,,,,,,,,,,,,,,,,,,,
DB,ncs,NCS 2040-Y50R,#d68e59,0.7086313699962291,0.11163472979253952,56.13654322528822,214,142,89,"[214, 142, 89]",0%,34%,58%,16%,"[0%, 34%, 58%, 16%]",65.72,24.28,39.68,"[65.72, 24.28, 39.68]",https://www.google.com/search?tbm=isch&q=ncs%20NCS%202040-Y50R%20color%20swatch,,,,,,,,,,,,,,,,,,,,,,,,,,,,,,,,,,,,,,,,,,,,
DB,ncs,NCS 2040-Y60R,#d68156,0.6851488281097613,0.12023235348305913,46.878200706481266,214,129,86,"[214, 129, 86]",0%,40%,60%,16%,"[0%, 40%, 60%, 16%]",62.73,30.76,37.73,"[62.73, 30.76, 37.73]",https://www.google.com/search?tbm=isch&q=ncs%20NCS%202040-Y60R%20color%20swatch,,,,,,,,,,,,,,,,,,,,,,,,,,,,,,,,,,,,,,,,,,,,
DB,ncs,NCS 2040-Y70R,#d67452,0.6628057004224268,0.13205243387216956,39.67324797439335,214,116,82,"[214, 116, 82]",0%,46%,62%,16%,"[0%, 46%, 62%, 16%]",59.88,37.09,36.51,"[59.88, 37.09, 36.51]",https://www.google.com/search?tbm=isch&q=ncs%20NCS%202040-Y70R%20color%20swatch,,,,,,,,,,,,,,,,,,,,,,,,,,,,,,,,,,,,,,,,,,,,
DB,ncs,NCS 2040-Y80R,#d6664f,0.6406396305947732,0.14620990674839984,33.069833193685895,214,102,79,"[214, 102, 79]",0%,52%,63%,16%,"[0%, 52%, 63%, 16%]",57.04,43.74,34.79,"[57.04, 43.74, 34.79]",https://www.google.com/search?tbm=isch&q=ncs%20NCS%202040-Y80R%20color%20swatch,,,,,,,,,,,,,,,,,,,,,,,,,,,,,,,,,,,,,,,,,,,,
DB,ncs,NCS 2040-Y90R,#d65950,0.6225094090782588,0.15954635765953173,26.809077504388256,214,89,80,"[214, 89, 80]",0%,58%,63%,16%,"[0%, 58%, 63%, 16%]",54.67,49.73,31.39,"[54.67, 49.73, 31.39]",https://www.google.com/search?tbm=isch&q=ncs%20NCS%202040-Y90R%20color%20swatch,,,,,,,,,,,,,,,,,,,,,,,,,,,,,,,,,,,,,,,,,,,,
DB,ncs,NCS 2050-B,#4ba2d6,0.6806768492193466,0.11332181926068803,237.89691746177527,75,162,214,"[75, 162, 214]",65%,24%,0%,16%,"[65%, 24%, 0%, 16%]",62.96,-14.86,-34.90,"[62.96, -14.86, -34.90]",https://www.google.com/search?tbm=isch&q=ncs%20NCS%202050-B%20color%20swatch,,,,,,,,,,,,,,,,,,,,,,,,,,,,,,,,,,,,,,,,,,,,
DB,ncs,NCS 2050-B10G,#4fb4d6,0.7237954587671839,0.10505477972738575,223.35091900903467,79,180,214,"[79, 180, 214]",63%,16%,0%,16%,"[63%, 16%, 0%, 16%]",68.41,-22.78,-26.53,"[68.41, -22.78, -26.53]",https://www.google.com/search?tbm=isch&q=ncs%20NCS%202050-B10G%20color%20swatch,,,,,,,,,,,,,,,,,,,,,,,,,,,,,,,,,,,,,,,,,,,,
DB,ncs,NCS 2050-B20G,#51c0d6,0.7525425772738868,0.10444229423615375,212.87679038126657,81,192,214,"[81, 192, 214]",62%,10%,0%,16%,"[62%, 10%, 0%, 16%]",72.02,-27.89,-21.06,"[72.02, -27.89, -21.06]",https://www.google.com/search?tbm=isch&q=ncs%20NCS%202050-B20G%20color%20swatch,,,,,,,,,,,,,,,,,,,,,,,,,,,,,,,,,,,,,,,,,,,,
DB,ncs,NCS 2050-B30G,#53cad6,0.7766914213482389,0.10652767839830374,204.43531186891164,83,202,214,"[83, 202, 214]",61%,6%,0%,16%,"[61%, 6%, 0%, 16%]",75.04,-31.92,-16.53,"[75.04, -31.92, -16.53]",https://www.google.com/search?tbm=isch&q=ncs%20NCS%202050-B30G%20color%20swatch,,,,,,,,,,,,,,,,,,,,,,,,,,,,,,,,,,,,,,,,,,,,
DB,ncs,NCS 2050-B40G,#55d3d6,0.7985226039819416,0.11024581077211351,197.36325893366734,85,211,214,"[85, 211, 214]",60%,1%,0%,16%,"[60%, 1%, 0%, 16%]",77.75,-35.40,-12.49,"[77.75, -35.40, -12.49]",https://www.google.com/search?tbm=isch&q=ncs%20NCS%202050-B40G%20color%20swatch,,,,,,,,,,,,,,,,,,,,,,,,,,,,,,,,,,,,,,,,,,,,
DB,ncs,NCS 2050-B50G,#55d6d2,0.804275971054607,0.1125826641934704,192.26522451527035,85,214,210,"[85, 214, 210]",60%,0%,2%,16%,"[60%, 0%, 2%, 16%]",78.54,-37.48,-9.20,"[78.54, -37.48, -9.20]",https://www.google.com/search?tbm=isch&q=ncs%20NCS%202050-B50G%20color%20swatch,,,,,,,,,,,,,,,,,,,,,,,,,,,,,,,,,,,,,,,,,,,,
DB,ncs,NCS 2050-B60G,#53d6ca,0.8011152075620015,0.11528438678239827,186.6797154035478,83,214,202,"[83, 214, 202]",61%,0%,6%,16%,"[61%, 0%, 6%, 16%]",78.29,-39.47,-5.32,"[78.29, -39.47, -5.32]",https://www.google.com/search?tbm=isch&q=ncs%20NCS%202050-B60G%20color%20swatch,,,,,,,,,,,,,,,,,,,,,,,,,,,,,,,,,,,,,,,,,,,,
DB,ncs,NCS 2050-B70G,#51d6c3,0.7983810035900143,0.11867242010132946,182.071643757806,81,214,195,"[81, 214, 195]",62%,0%,9%,16%,"[62%, 0%, 9%, 16%]",78.08,-41.22,-1.93,"[78.08, -41.22, -1.93]",https://www.google.com/search?tbm=isch&q=ncs%20NCS%202050-B70G%20color%20swatch,,,,,,,,,,,,,,,,,,,,,,,,,,,,,,,,,,,,,,,,,,,,
DB,ncs,NCS 2050-B80G,#4fd6b8,0.7945997278954062,0.12491990998239716,175.38560006860894,79,214,184,"[79, 214, 184]",63%,0%,14%,16%,"[63%, 0%, 14%, 16%]",77.79,-43.68,3.47,"[77.79, -43.68, 3.47]",https://www.google.com/search?tbm=isch&q=ncs%20NCS%202050-B80G%20color%20swatch,,,,,,,,,,,,,,,,,,,,,,,,,,,,,,,,,,,,,,,,,,,,
DB,ncs,NCS 2050-B90G,#49d697,0.7846241299431154,0.15155936215834104,160.1022337224366,73,214,151,"[73, 214, 151]",66%,0%,29%,16%,"[66%, 0%, 29%, 16%]",77.02,-50.40,19.70,"[77.02, -50.40, 19.70]",https://www.google.com/search?tbm=isch&q=ncs%20NCS%202050-B90G%20color%20swatch,,,,,,,,,,,,,,,,,,,,,,,,,,,,,,,,,,,,,,,,,,,,
DB,ncs,NCS 2050-G,#44d67d,0.7781364411678682,0.17655120035555164,152.43296793831018,68,214,125,"[68, 214, 125]",68%,0%,42%,16%,"[68%, 0%, 42%, 16%]",76.52,-54.97,32.27,"[76.52, -54.97, 32.27]",https://www.google.com/search?tbm=isch&q=ncs%20NCS%202050-G%20color%20swatch,,,,,,,,,,,,,,,,,,,,,,,,,,,,,,,,,,,,,,,,,,,,
DB,ncs,NCS 2050-G10Y,#68d66c,0.7867884813777265,0.17679420238640944,144.33809525146512,104,214,108,"[104, 214, 108]",51%,0%,50%,16%,"[51%, 0%, 50%, 16%]",77.40,-49.06,41.92,"[77.40, -49.06, 41.92]",https://www.google.com/search?tbm=isch&q=ncs%20NCS%202050-G10Y%20color%20swatch,,,,,,,,,,,,,,,,,,,,,,,,,,,,,,,,,,,,,,,,,,,,
DB,ncs,NCS 2050-G20Y,#82d660,0.7968290737895438,0.1743619710705252,137.56627789423987,130,214,96,"[130, 214, 96]",39%,0%,55%,16%,"[39%, 0%, 55%, 16%]",78.39,-42.53,48.97,"[78.39, -42.53, 48.97]",https://www.google.com/search?tbm=isch&q=ncs%20NCS%202050-G20Y%20color%20swatch,,,,,,,,,,,,,,,,,,,,,,,,,,,,,,,,,,,,,,,,,,,,
DB,ncs,NCS 2050-G30Y,#97d655,0.8070830147349332,0.1728619712541058,131.27057344519181,151,214,85,"[151, 214, 85]",29%,0%,60%,16%,"[29%, 0%, 60%, 16%]",79.41,-36.21,55.26,"[79.41, -36.21, 55.26]",https://www.google.com/search?tbm=isch&q=ncs%20NCS%202050-G30Y%20color%20swatch,,,,,,,,,,,,,,,,,,,,,,,,,,,,,,,,,,,,,,,,,,,,
DB,ncs,NCS 2050-G40Y,#a8d64d,0.8169460121388906,0.17094975286221636,125.84354780033118,168,214,77,"[168, 214, 77]",21%,0%,64%,16%,"[21%, 0%, 64%, 16%]",80.39,-30.42,59.93,"[80.39, -30.42, 59.93]",https://www.google.com/search?tbm=isch&q=ncs%20NCS%202050-G40Y%20color%20swatch,,,,,,,,,,,,,,,,,,,,,,,,,,,,,,,,,,,,,,,,,,,,
DB,ncs,NCS 2050-G50Y,#b7d64f,0.8274489122816272,0.16310374287741577,121.09271149474921,183,214,79,"[183, 214, 79]",14%,0%,63%,16%,"[14%, 0%, 63%, 16%]",81.41,-24.52,60.57,"[81.41, -24.52, 60.57]",https://www.google.com/search?tbm=isch&q=ncs%20NCS%202050-G50Y%20color%20swatch,,,,,,,,,,,,,,,,,,,,,,,,,,,,,,,,,,,,,,,,,,,,
DB,ncs,NCS 2050-G60Y,#c4d652,0.8373424484802399,0.15624449533514587,116.45884076085383,196,214,82,"[196, 214, 82]",8%,0%,62%,16%,"[8%, 0%, 62%, 16%]",82.38,-19.22,60.72,"[82.38, -19.22, 60.72]",https://www.google.com/search?tbm=isch&q=ncs%20NCS%202050-G60Y%20color%20swatch,,,,,,,,,,,,,,,,,,,,,,,,,,,,,,,,,,,,,,,,,,,,
DB,ncs,NCS 2050-G70Y,#d0d654,0.846937222404659,0.15150398333888798,111.70654981368409,208,214,84,"[208, 214, 84]",3%,0%,61%,16%,"[3%, 0%, 61%, 16%]",83.33,-14.29,61.23,"[83.33, -14.29, 61.23]",https://www.google.com/search?tbm=isch&q=ncs%20NCS%202050-G70Y%20color%20swatch,,,,,,,,,,,,,,,,,,,,,,,,,,,,,,,,,,,,,,,,,,,,
DB,ncs,NCS 2050-G80Y,#d6d255,0.8434438847024338,0.14547480693248058,107.40535326613349,214,210,85,"[214, 210, 85]",0%,2%,60%,16%,"[0%, 2%, 60%, 16%]",82.76,-9.92,60.41,"[82.76, -9.92, 60.41]",https://www.google.com/search?tbm=isch&q=ncs%20NCS%202050-G80Y%20color%20swatch,,,,,,,,,,,,,,,,,,,,,,,,,,,,,,,,,,,,,,,,,,,,
DB,ncs,NCS 2050-G90Y,#d6ca53,0.8264192027430272,0.13933178288182246,103.55643796616607,214,202,83,"[214, 202, 83]",0%,6%,61%,16%,"[0%, 6%, 61%, 16%]",80.64,-6.19,59.03,"[80.64, -6.19, 59.03]",https://www.google.com/search?tbm=isch&q=ncs%20NCS%202050-G90Y%20color%20swatch,,,,,,,,,,,,,,,,,,,,,,,,,,,,,,,,,,,,,,,,,,,,
DB,ncs,NCS 2050-R,#d63842,0.5833061094600279,0.19400972315429077,22.46157802170177,214,56,66,"[214, 56, 66]",0%,74%,69%,16%,"[0%, 74%, 69%, 16%]",49.65,61.84,33.55,"[49.65, 61.84, 33.55]",https://www.google.com/search?tbm=isch&q=ncs%20NCS%202050-R%20color%20swatch,,,,,,,,,,,,,,,,,,,,,,,,,,,,,,,,,,,,,,,,,,,,
DB,ncs,NCS 2050-R10B,#d63a4d,0.5869714593932284,0.19159624503223416,18.911182185990867,214,58,77,"[214, 58, 77]",0%,73%,64%,16%,"[0%, 73%, 64%, 16%]",50.03,61.61,27.48,"[50.03, 61.61, 27.48]",https://www.google.com/search?tbm=isch&q=ncs%20NCS%202050-R10B%20color%20swatch,,,,,,,,,,,,,,,,,,,,,,,,,,,,,,,,,,,,,,,,,,,,
DB,ncs,NCS 2050-R20B,#d63d5c,0.5928094945952341,0.1889388625248477,13.556699694353881,214,61,92,"[214, 61, 92]",0%,71%,57%,16%,"[0%, 71%, 57%, 16%]",50.64,61.28,19.23,"[50.64, 61.28, 19.23]",https://www.google.com/search?tbm=isch&q=ncs%20NCS%202050-R20B%20color%20swatch,,,,,,,,,,,,,,,,,,,,,,,,,,,,,,,,,,,,,,,,,,,,
DB,ncs,NCS 2050-R30B,#d64171,0.6019380599625511,0.18768505116153356,5.300784026858651,214,65,113,"[214, 65, 113]",0%,70%,47%,16%,"[0%, 70%, 47%, 16%]",51.56,61.08,7.80,"[51.56, 61.08, 7.80]",https://www.google.com/search?tbm=isch&q=ncs%20NCS%202050-R30B%20color%20swatch,,,,,,,,,,,,,,,,,,,,,,,,,,,,,,,,,,,,,,,,,,,,
DB,ncs,NCS 2050-R40B,#d6478f,0.6175122933525079,0.19077508418150163,353.1204351322567,214,71,143,"[214, 71, 143]",0%,67%,33%,16%,"[0%, 67%, 33%, 16%]",53.11,61.09,-7.91,"[53.11, 61.09, -7.91]",https://www.google.com/search?tbm=isch&q=ncs%20NCS%202050-R40B%20color%20swatch,,,,,,,,,,,,,,,,,,,,,,,,,,,,,,,,,,,,,,,,,,,,
DB,ncs,NCS 2050-R50B,#d650bd,0.6459197226788772,0.20652674669481672,335.8149818658155,214,80,189,"[214, 80, 189]",0%,63%,12%,16%,"[0%, 63%, 12%, 16%]",55.89,62.10,-30.57,"[55.89, 62.10, -30.57]",https://www.google.com/search?tbm=isch&q=ncs%20NCS%202050-R50B%20color%20swatch,,,,,,,,,,,,,,,,,,,,,,,,,,,,,,,,,,,,,,,,,,,,
DB,ncs,NCS 2050-R60B,#aa4dd6,0.5977703623609225,0.20997788676974588,313.1010151098444,170,77,214,"[170, 77, 214]",21%,64%,0%,16%,"[21%, 64%, 0%, 16%]",49.91,54.75,-54.81,"[49.91, 54.75, -54.81]",https://www.google.com/search?tbm=isch&q=ncs%20NCS%202050-R60B%20color%20swatch,,,,,,,,,,,,,,,,,,,,,,,,,,,,,,,,,,,,,,,,,,,,
DB,ncs,NCS 2050-R70B,#8052d6,0.5573895118890095,0.19346827482000878,295.4877233325982,128,82,214,"[128, 82, 214]",40%,62%,0%,16%,"[40%, 62%, 0%, 16%]",45.53,41.59,-62.16,"[45.53, 41.59, -62.16]",https://www.google.com/search?tbm=isch&q=ncs%20NCS%202050-R70B%20color%20swatch,,,,,,,,,,,,,,,,,,,,,,,,,,,,,,,,,,,,,,,,,,,,
DB,ncs,NCS 2050-R80B,#3c59d6,0.5181779697909996,0.19434190206148655,268.65398644826155,60,89,214,"[60, 89, 214]",72%,58%,0%,16%,"[72%, 58%, 0%, 16%]",41.60,23.22,-68.85,"[41.60, 23.22, -68.85]",https://www.google.com/search?tbm=isch&q=ncs%20NCS%202050-R80B%20color%20swatch,,,,,,,,,,,,,,,,,,,,,,,,,,,,,,,,,,,,,,,,,,,,
DB,ncs,NCS 2050-R90B,#4172d6,0.5703107229360219,0.16268798439192184,262.72116169897504,65,114,214,"[65, 114, 214]",70%,47%,0%,16%,"[70%, 47%, 0%, 16%]",48.65,9.20,-57.45,"[48.65, 9.20, -57.45]",https://www.google.com/search?tbm=isch&q=ncs%20NCS%202050-R90B%20color%20swatch,,,,,,,,,,,,,,,,,,,,,,,,,,,,,,,,,,,,,,,,,,,,
DB,ncs,NCS 2050-Y,#d6c251,0.8095639850354365,0.13388187427544504,99.276430669756,214,194,81,"[214, 194, 81]",0%,9%,62%,16%,"[0%, 9%, 62%, 16%]",78.54,-2.41,57.68,"[78.54, -2.41, 57.68]",https://www.google.com/search?tbm=isch&q=ncs%20NCS%202050-Y%20color%20swatch,,,,,,,,,,,,,,,,,,,,,,,,,,,,,,,,,,,,,,,,,,,,
DB,ncs,NCS 2050-Y10R,#d6b74f,0.7867831385524892,0.12719678346878335,92.5992508688123,214,183,79,"[214, 183, 79]",0%,14%,63%,16%,"[0%, 14%, 63%, 16%]",75.69,2.92,55.56,"[75.69, 2.92, 55.56]",https://www.google.com/search?tbm=isch&q=ncs%20NCS%202050-Y10R%20color%20swatch,,,,,,,,,,,,,,,,,,,,,,,,,,,,,,,,,,,,,,,,,,,,
DB,ncs,NCS 2050-Y20R,#d6aa4d,0.7604671484574611,0.12166236701466582,83.61544168781506,214,170,77,"[214, 170, 77]",0%,21%,64%,16%,"[0%, 21%, 64%, 16%]",72.38,9.36,52.96,"[72.38, 9.36, 52.96]",https://www.google.com/search?tbm=isch&q=ncs%20NCS%202050-Y20R%20color%20swatch,,,,,,,,,,,,,,,,,,,,,,,,,,,,,,,,,,,,,,,,,,,,
DB,ncs,NCS 2050-Y30R,#d69e4a,0.7367076489358527,0.12048374763394984,74.89817506715713,214,158,74,"[214, 158, 74]",0%,26%,65%,16%,"[0%, 26%, 65%, 16%]",69.39,15.33,51.16,"[69.39, 15.33, 51.16]",https://www.google.com/search?tbm=isch&q=ncs%20NCS%202050-Y30R%20color%20swatch,,,,,,,,,,,,,,,,,,,,,,,,,,,,,,,,,,,,,,,,,,,,
DB,ncs,NCS 2050-Y40R,#d69047,0.709995317486565,0.12273849524916679,64.54836987954218,214,144,71,"[214, 144, 71]",0%,33%,67%,16%,"[0%, 33%, 67%, 16%]",66.01,22.39,48.98,"[66.01, 22.39, 48.98]",https://www.google.com/search?tbm=isch&q=ncs%20NCS%202050-Y40R%20color%20swatch,,,,,,,,,,,,,,,,,,,,,,,,,,,,,,,,,,,,,,,,,,,,
DB,ncs,NCS 2050-Y50R,#d68345,0.6863831013965602,0.12816602249553982,55.281363838653306,214,131,69,"[214, 131, 69]",0%,39%,68%,16%,"[0%, 39%, 68%, 16%]",63.01,28.96,46.74,"[63.01, 28.96, 46.74]",https://www.google.com/search?tbm=isch&q=ncs%20NCS%202050-Y50R%20color%20swatch,,,,,,,,,,,,,,,,,,,,,,,,,,,,,,,,,,,,,,,,,,,,
DB,ncs,NCS 2050-Y60R,#d67442,0.6606492087650218,0.13867948430011812,46.18953994296072,214,116,66,"[214, 116, 66]",0%,46%,69%,16%,"[0%, 46%, 69%, 16%]",59.72,36.40,44.72,"[59.72, 36.40, 44.72]",https://www.google.com/search?tbm=isch&q=ncs%20NCS%202050-Y60R%20color%20swatch,,,,,,,,,,,,,,,,,,,,,,,,,,,,,,,,,,,,,,,,,,,,
DB,ncs,NCS 2050-Y70R,#d6663f,0.6384293141467551,0.1511644209636857,39.37095973604664,214,102,63,"[214, 102, 63]",0%,52%,71%,16%,"[0%, 52%, 71%, 16%]",56.87,43.09,43.22,"[56.87, 43.09, 43.22]",https://www.google.com/search?tbm=isch&q=ncs%20NCS%202050-Y70R%20color%20swatch,,,,,,,,,,,,,,,,,,,,,,,,,,,,,,,,,,,,,,,,,,,,
DB,ncs,NCS 2050-Y80R,#d6573c,0.6169468063741964,0.1658913175464133,33.6518076914287,214,87,60,"[214, 87, 60]",0%,59%,72%,16%,"[0%, 59%, 72%, 16%]",54.10,49.84,41.85,"[54.10, 49.84, 41.85]",https://www.google.com/search?tbm=isch&q=ncs%20NCS%202050-Y80R%20color%20swatch,,,,,,,,,,,,,,,,,,,,,,,,,,,,,,,,,,,,,,,,,,,,
DB,ncs,NCS 2050-Y90R,#d6483e,0.598853758969804,0.17989317045051495,27.818082857996615,214,72,62,"[214, 72, 62]",0%,66%,71%,16%,"[0%, 66%, 71%, 16%]",51.73,56.08,38.19,"[51.73, 56.08, 38.19]",https://www.google.com/search?tbm=isch&q=ncs%20NCS%202050-Y90R%20color%20swatch,,,,,,,,,,,,,,,,,,,,,,,,,,,,,,,,,,,,,,,,,,,,
DB,ncs,NCS 2055-B10G,#45b1d6,0.7136238180782848,0.11055216342087339,224.42453401269097,69,177,214,"[69, 177, 214]",68%,17%,0%,16%,"[68%, 17%, 0%, 16%]",67.21,-23.13,-28.39,"[67.21, -23.13, -28.39]",https://www.google.com/search?tbm=isch&q=ncs%20NCS%202055-B10G%20color%20swatch,,,,,,,,,,,,,,,,,,,,,,,,,,,,,,,,,,,,,,,,,,,,
DB,ncs,NCS 2060-B,#399bd6,0.6587705469923545,0.12532326266553812,239.46456321559754,57,155,214,"[57, 155, 214]",73%,28%,0%,16%,"[73%, 28%, 0%, 16%]",60.32,-14.35,-39.05,"[60.32, -14.35, -39.05]",https://www.google.com/search?tbm=isch&q=ncs%20NCS%202060-B%20color%20swatch,,,,,,,,,,,,,,,,,,,,,,,,,,,,,,,,,,,,,,,,,,,,
DB,ncs,NCS 2060-B50G,#41d6d1,0.7987993676228343,0.12218439876108084,191.66167165469608,65,214,209,"[65, 214, 209]",70%,0%,2%,16%,"[70%, 0%, 2%, 16%]",78.02,-40.87,-9.50,"[78.02, -40.87, -9.50]",https://www.google.com/search?tbm=isch&q=ncs%20NCS%202060-B50G%20color%20swatch,,,,,,,,,,,,,,,,,,,,,,,,,,,,,,,,,,,,,,,,,,,,
DB,ncs,NCS 2060-B70G,#3ed6c0,0.7927864490736164,0.1283584834065191,180.96516852797868,62,214,192,"[62, 214, 192]",71%,0%,10%,16%,"[71%, 0%, 10%, 16%]",77.56,-44.80,-1.15,"[77.56, -44.80, -1.15]",https://www.google.com/search?tbm=isch&q=ncs%20NCS%202060-B70G%20color%20swatch,,,,,,,,,,,,,,,,,,,,,,,,,,,,,,,,,,,,,,,,,,,,
DB,ncs,NCS 2060-B90G,#37d68f,0.7788368606898949,0.16475406688003447,158.67285110238424,55,214,143,"[55, 214, 143]",74%,0%,33%,16%,"[74%, 0%, 33%, 16%]",76.51,-54.42,23.07,"[76.51, -54.42, 23.07]",https://www.google.com/search?tbm=isch&q=ncs%20NCS%202060-B90G%20color%20swatch,,,,,,,,,,,,,,,,,,,,,,,,,,,,,,,,,,,,,,,,,,,,
DB,ncs,NCS 2060-G,#32d672,0.7725210683893955,0.1918329780243563,151.1762664430605,50,214,114,"[50, 214, 114]",77%,0%,47%,16%,"[77%, 0%, 47%, 16%]",76.03,-59.03,36.98,"[76.03, -59.03, 36.98]",https://www.google.com/search?tbm=isch&q=ncs%20NCS%202060-G%20color%20swatch,,,,,,,,,,,,,,,,,,,,,,,,,,,,,,,,,,,,,,,,,,,,
DB,ncs,NCS 2060-G10Y,#5ad65f,0.7799247043075487,0.194458507944538,144.10062564915023,90,214,95,"[90, 214, 95]",58%,0%,56%,16%,"[58%, 0%, 56%, 16%]",76.78,-53.79,47.08,"[76.78, -53.79, 47.08]",https://www.google.com/search?tbm=isch&q=ncs%20NCS%202060-G10Y%20color%20swatch,,,,,,,,,,,,,,,,,,,,,,,,,,,,,,,,,,,,,,,,,,,,
DB,ncs,NCS 2060-G20Y,#77d650,0.789750902322309,0.19294141322821923,137.80233638538112,119,214,80,"[119, 214, 80]",44%,0%,63%,16%,"[44%, 0%, 63%, 16%]",77.75,-47.14,54.99,"[77.75, -47.14, 54.99]",https://www.google.com/search?tbm=isch&q=ncs%20NCS%202060-G20Y%20color%20swatch,,,,,,,,,,,,,,,,,,,,,,,,,,,,,,,,,,,,,,,,,,,,
DB,ncs,NCS 2060-G30Y,#8fd644,0.800913939708103,0.1893962405006541,131.85893254962798,143,214,68,"[143, 214, 68]",33%,0%,68%,16%,"[33%, 0%, 68%, 16%]",78.85,-40.01,61.25,"[78.85, -40.01, 61.25]",https://www.google.com/search?tbm=isch&q=ncs%20NCS%202060-G30Y%20color%20swatch,,,,,,,,,,,,,,,,,,,,,,,,,,,,,,,,,,,,,,,,,,,,
DB,ncs,NCS 2060-G40Y,#a2d63a,0.8115806748230615,0.18628870750821855,126.56359522264461,162,214,58,"[162, 214, 58]",24%,0%,73%,16%,"[24%, 0%, 73%, 16%]",79.90,-33.56,66.20,"[79.90, -33.56, 66.20]",https://www.google.com/search?tbm=isch&q=ncs%20NCS%202060-G40Y%20color%20swatch,,,,,,,,,,,,,,,,,,,,,,,,,,,,,,,,,,,,,,,,,,,,
DB,ncs,NCS 2060-G50Y,#b3d63c,0.82312393812277,0.17757525959935988,121.706939540951,179,214,60,"[179, 214, 60]",16%,0%,72%,16%,"[16%, 0%, 72%, 16%]",81.02,-26.94,67.06,"[81.02, -26.94, 67.06]",https://www.google.com/search?tbm=isch&q=ncs%20NCS%202060-G50Y%20color%20swatch,,,,,,,,,,,,,,,,,,,,,,,,,,,,,,,,,,,,,,,,,,,,
DB,ncs,NCS 2060-G60Y,#c1d63e,0.8334723140299684,0.17110724746684905,117.14977730476954,193,214,62,"[193, 214, 62]",10%,0%,71%,16%,"[10%, 0%, 71%, 16%]",82.04,-21.29,67.76,"[82.04, -21.29, 67.76]",https://www.google.com/search?tbm=isch&q=ncs%20NCS%202060-G60Y%20color%20swatch,,,,,,,,,,,,,,,,,,,,,,,,,,,,,,,,,,,,,,,,,,,,
DB,ncs,NCS 2060-G70Y,#cfd640,0.8445252626662745,0.16578565708653,112.10556446600003,207,214,64,"[207, 214, 64]",3%,0%,70%,16%,"[3%, 0%, 70%, 16%]",83.13,-15.54,68.56,"[83.13, -15.54, 68.56]",https://www.google.com/search?tbm=isch&q=ncs%20NCS%202060-G70Y%20color%20swatch,,,,,,,,,,,,,,,,,,,,,,,,,,,,,,,,,,,,,,,,,,,,
DB,ncs,NCS 2060-G80Y,#d6d241,0.8417960442419278,0.15978026859438102,107.80296824674423,214,210,65,"[214, 210, 65]",0%,2%,70%,16%,"[0%, 2%, 70%, 16%]",82.64,-10.75,68.00,"[82.64, -10.75, 68.00]",https://www.google.com/search?tbm=isch&q=ncs%20NCS%202060-G80Y%20color%20swatch,,,,,,,,,,,,,,,,,,,,,,,,,,,,,,,,,,,,,,,,,,,,
DB,ncs,NCS 2060-G90Y,#d6c83f,0.8205547536191327,0.1519352089498039,103.38343918608967,214,200,63,"[214, 200, 63]",0%,7%,71%,16%,"[0%, 7%, 71%, 16%]",79.99,-6.05,66.23,"[79.99, -6.05, 66.23]",https://www.google.com/search?tbm=isch&q=ncs%20NCS%202060-G90Y%20color%20swatch,,,,,,,,,,,,,,,,,,,,,,,,,,,,,,,,,,,,,,,,,,,,
DB,ncs,NCS 2060-R,#d62934,0.569641821849049,0.2065812628425796,24.167013751782008,214,41,52,"[214, 41, 52]",0%,81%,76%,16%,"[0%, 81%, 76%, 16%]",47.96,65.63,39.84,"[47.96, 65.63, 39.84]",https://www.google.com/search?tbm=isch&q=ncs%20NCS%202060-R%20color%20swatch,,,,,,,,,,,,,,,,,,,,,,,,,,,,,,,,,,,,,,,,,,,,
DB,ncs,NCS 2060-R10B,#d62a3f,0.5718439444543785,0.20509187102469462,20.99426562028907,214,42,63,"[214, 42, 63]",0%,80%,71%,16%,"[0%, 80%, 71%, 16%]",48.17,65.69,33.62,"[48.17, 65.69, 33.62]",https://www.google.com/search?tbm=isch&q=ncs%20NCS%202060-R10B%20color%20swatch,,,,,,,,,,,,,,,,,,,,,,,,,,,,,,,,,,,,,,,,,,,,
DB,ncs,NCS 2060-R20B,#d62d4f,0.5767415361546834,0.2026207228305887,15.871886077530633,214,45,79,"[214, 45, 79]",0%,79%,63%,16%,"[0%, 79%, 63%, 16%]",48.66,65.49,24.56,"[48.66, 65.49, 24.56]",https://www.google.com/search?tbm=isch&q=ncs%20NCS%202060-R20B%20color%20swatch,,,,,,,,,,,,,,,,,,,,,,,,,,,,,,,,,,,,,,,,,,,,
DB,ncs,NCS 2060-R30B,#d63065,0.5839501023009409,0.2023261470198213,7.710920189913111,214,48,101,"[214, 48, 101]",0%,78%,53%,16%,"[0%, 78%, 53%, 16%]",49.34,65.71,12.01,"[49.34, 65.71, 12.01]",https://www.google.com/search?tbm=isch&q=ncs%20NCS%202060-R30B%20color%20swatch,,,,,,,,,,,,,,,,,,,,,,,,,,,,,,,,,,,,,,,,,,,,
DB,ncs,NCS 2060-R40B,#d63586,0.5978740663128617,0.20743149482292095,354.8820089386745,214,53,134,"[214, 53, 134]",0%,75%,37%,16%,"[0%, 75%, 37%, 16%]",50.64,66.36,-6.17,"[50.64, 66.36, -6.17]",https://www.google.com/search?tbm=isch&q=ncs%20NCS%202060-R40B%20color%20swatch,,,,,,,,,,,,,,,,,,,,,,,,,,,,,,,,,,,,,,,,,,,,
DB,ncs,NCS 2060-R70B,#7642d6,0.5252414712385178,0.21299975833985155,293.8793797022414,118,66,214,"[118, 66, 214]",45%,69%,0%,16%,"[45%, 69%, 0%, 16%]",41.24,47.37,-69.19,"[41.24, 47.37, -69.19]",https://www.google.com/search?tbm=isch&q=ncs%20NCS%202060-R70B%20color%20swatch,,,,,,,,,,,,,,,,,,,,,,,,,,,,,,,,,,,,,,,,,,,,
DB,ncs,NCS 2060-R80B,#2c4cd6,0.4875936601690824,0.21363039481235768,267.25152971963064,44,76,214,"[44, 76, 214]",79%,64%,0%,16%,"[79%, 64%, 0%, 16%]",37.51,28.98,-75.56,"[37.51, 28.98, -75.56]",https://www.google.com/search?tbm=isch&q=ncs%20NCS%202060-R80B%20color%20swatch,,,,,,,,,,,,,,,,,,,,,,,,,,,,,,,,,,,,,,,,,,,,
DB,ncs,NCS 2060-R90B,#3067d6,0.540827593090779,0.18077926404809105,262.30920163124983,48,103,214,"[48, 103, 214]",78%,52%,0%,16%,"[78%, 52%, 0%, 16%]",44.88,13.09,-63.56,"[44.88, 13.09, -63.56]",https://www.google.com/search?tbm=isch&q=ncs%20NCS%202060-R90B%20color%20swatch,,,,,,,,,,,,,,,,,,,,,,,,,,,,,,,,,,,,,,,,,,,,
DB,ncs,NCS 2060-Y,#d6c03e,0.8038007620977294,0.14599573340036448,99.39165824570642,214,192,62,"[214, 192, 62]",0%,10%,71%,16%,"[0%, 10%, 71%, 16%]",77.90,-2.20,64.62,"[77.90, -2.20, 64.62]",https://www.google.com/search?tbm=isch&q=ncs%20NCS%202060-Y%20color%20swatch,,,,,,,,,,,,,,,,,,,,,,,,,,,,,,,,,,,,,,,,,,,,
DB,ncs,NCS 2060-Y10R,#d6b23c,0.7749628466666766,0.1377303050797751,91.45955981328882,214,178,60,"[214, 178, 60]",0%,17%,72%,16%,"[0%, 17%, 72%, 16%]",74.29,4.66,61.97,"[74.29, 4.66, 61.97]",https://www.google.com/search?tbm=isch&q=ncs%20NCS%202060-Y10R%20color%20swatch,,,,,,,,,,,,,,,,,,,,,,,,,,,,,,,,,,,,,,,,,,,,
DB,ncs,NCS 2060-Y20R,#d6a43a,0.7468896787590971,0.13263849640619582,82.45670885218397,214,164,58,"[214, 164, 58]",0%,23%,73%,16%,"[0%, 23%, 73%, 16%]",70.76,11.66,59.41,"[70.76, 11.66, 59.41]",https://www.google.com/search?tbm=isch&q=ncs%20NCS%202060-Y20R%20color%20swatch,,,,,,,,,,,,,,,,,,,,,,,,,,,,,,,,,,,,,,,,,,,,
DB,ncs,NCS 2060-Y30R,#d69638,0.7197569072544692,0.1313691022126729,72.81318387516825,214,150,56,"[214, 150, 56]",0%,30%,74%,16%,"[0%, 30%, 74%, 16%]",67.33,18.75,56.97,"[67.33, 18.75, 56.97]",https://www.google.com/search?tbm=isch&q=ncs%20NCS%202060-Y30R%20color%20swatch,,,,,,,,,,,,,,,,,,,,,,,,,,,,,,,,,,,,,,,,,,,,
DB,ncs,NCS 2060-Y40R,#d68835,0.6936868846759144,0.13470249638775061,63.426992275182386,214,136,53,"[214, 136, 53]",0%,36%,75%,16%,"[0%, 36%, 75%, 16%]",64.02,25.84,55.11,"[64.02, 25.84, 55.11]",https://www.google.com/search?tbm=isch&q=ncs%20NCS%202060-Y40R%20color%20swatch,,,,,,,,,,,,,,,,,,,,,,,,,,,,,,,,,,,,,,,,,,,,
DB,ncs,NCS 2060-Y50R,#d67933,0.6673968493818724,0.14187248900153057,53.91115186254092,214,121,51,"[214, 121, 51]",0%,43%,76%,16%,"[0%, 43%, 76%, 16%]",60.67,33.40,52.82,"[60.67, 33.40, 52.82]",https://www.google.com/search?tbm=isch&q=ncs%20NCS%202060-Y50R%20color%20swatch,,,,,,,,,,,,,,,,,,,,,,,,,,,,,,,,,,,,,,,,,,,,
DB,ncs,NCS 2060-Y60R,#d66931,0.6414936748638833,0.15335189720241443,45.23345128402849,214,105,49,"[214, 105, 49]",0%,51%,77%,16%,"[0%, 51%, 77%, 16%]",57.34,41.23,50.61,"[57.34, 41.23, 50.61]",https://www.google.com/search?tbm=isch&q=ncs%20NCS%202060-Y60R%20color%20swatch,,,,,,,,,,,,,,,,,,,,,,,,,,,,,,,,,,,,,,,,,,,,
DB,ncs,NCS 2060-Y70R,#d6592e,0.6181275604106974,0.16756793177020704,38.606267727578654,214,89,46,"[214, 89, 46]",0%,58%,79%,16%,"[0%, 58%, 79%, 16%]",54.33,48.56,49.22,"[54.33, 48.56, 49.22]",https://www.google.com/search?tbm=isch&q=ncs%20NCS%202060-Y70R%20color%20swatch,,,,,,,,,,,,,,,,,,,,,,,,,,,,,,,,,,,,,,,,,,,,
DB,ncs,NCS 2060-Y80R,#d6492c,0.5979319014555077,0.18224419205533313,33.41104917078707,214,73,44,"[214, 73, 44]",0%,66%,79%,16%,"[0%, 66%, 79%, 16%]",51.72,55.20,47.80,"[51.72, 55.20, 47.80]",https://www.google.com/search?tbm=isch&q=ncs%20NCS%202060-Y80R%20color%20swatch,,,,,,,,,,,,,,,,,,,,,,,,,,,,,,,,,,,,,,,,,,,,
DB,ncs,NCS 2060-Y90R,#d6392f,0.5817333585511674,0.19539794590981105,28.44232208900189,214,57,47,"[214, 57, 47]",0%,73%,78%,16%,"[0%, 73%, 78%, 16%]",49.58,60.99,44.24,"[49.58, 60.99, 44.24]",https://www.google.com/search?tbm=isch&q=ncs%20NCS%202060-Y90R%20color%20swatch,,,,,,,,,,,,,,,,,,,,,,,,,,,,,,,,,,,,,,,,,,,,
DB,ncs,NCS 2065-B,#3098d6,0.6494719970795405,0.1305254069630901,240.03583736086364,48,152,214,"[48, 152, 214]",78%,29%,0%,16%,"[78%, 29%, 0%, 16%]",59.20,-14.04,-40.82,"[59.20, -14.04, -40.82]",https://www.google.com/search?tbm=isch&q=ncs%20NCS%202065-B%20color%20swatch,,,,,,,,,,,,,,,,,,,,,,,,,,,,,,,,,,,,,,,,,,,,
DB,ncs,NCS 2065-R20B,#d62649,0.5709360265680478,0.20753783960325708,17.078801861871113,214,38,73,"[214, 38, 73]",0%,82%,66%,16%,"[0%, 82%, 66%, 16%]",47.95,66.96,27.34,"[47.95, 66.96, 27.34]",https://www.google.com/search?tbm=isch&q=ncs%20NCS%202065-R20B%20color%20swatch,,,,,,,,,,,,,,,,,,,,,,,,,,,,,,,,,,,,,,,,,,,,
DB,ncs,NCS 2065-R90B,#2962d6,0.528336104431523,0.18852467169456813,262.3163188752244,41,98,214,"[41, 98, 214]",81%,54%,0%,16%,"[81%, 54%, 0%, 16%]",43.25,15.25,-66.21,"[43.25, 15.25, -66.21]",https://www.google.com/search?tbm=isch&q=ncs%20NCS%202065-R90B%20color%20swatch,,,,,,,,,,,,,,,,,,,,,,,,,,,,,,,,,,,,,,,,,,,,
DB,ncs,NCS 2070-G10Y,#4ed654,0.7748930562338713,0.20803640780851537,143.90143913626764,78,214,84,"[78, 214, 84]",64%,0%,61%,16%,"[64%, 0%, 61%, 16%]",76.34,-57.38,51.28,"[76.34, -57.38, 51.28]",https://www.google.com/search?tbm=isch&q=ncs%20NCS%202070-G10Y%20color%20swatch,,,,,,,,,,,,,,,,,,,,,,,,,,,,,,,,,,,,,,,,,,,,
DB,ncs,NCS 2070-G20Y,#6ed643,0.7845988065414303,0.20641092124400234,138.0676669735018,110,214,67,"[110, 214, 67]",49%,0%,69%,16%,"[49%, 0%, 69%, 16%]",77.29,-50.61,59.45,"[77.29, -50.61, 59.45]",https://www.google.com/search?tbm=isch&q=ncs%20NCS%202070-G20Y%20color%20swatch,,,,,,,,,,,,,,,,,,,,,,,,,,,,,,,,,,,,,,,,,,,,
DB,ncs,NCS 2070-G30Y,#87d635,0.7954930905147786,0.2023505839639345,132.65625979508758,135,214,53,"[135, 214, 53]",37%,0%,75%,16%,"[37%, 0%, 75%, 16%]",78.35,-43.44,65.70,"[78.35, -43.44, 65.70]",https://www.google.com/search?tbm=isch&q=ncs%20NCS%202070-G30Y%20color%20swatch,,,,,,,,,,,,,,,,,,,,,,,,,,,,,,,,,,,,,,,,,,,,
DB,ncs,NCS 2070-G40Y,#9dd629,0.8074978364569884,0.19705871369071612,127.21994658125772,157,214,41,"[157, 214, 41]",27%,0%,81%,16%,"[27%, 0%, 81%, 16%]",79.52,-36.01,70.65,"[79.52, -36.01, 70.65]",https://www.google.com/search?tbm=isch&q=ncs%20NCS%202070-G40Y%20color%20swatch,,,,,,,,,,,,,,,,,,,,,,,,,,,,,,,,,,,,,,,,,,,,
DB,ncs,NCS 2070-G50Y,#afd62b,0.8193827993673816,0.18792566267999208,122.45322452678158,175,214,43,"[175, 214, 43]",18%,0%,80%,16%,"[18%, 0%, 80%, 16%]",80.68,-29.06,71.66,"[80.68, -29.06, 71.66]",https://www.google.com/search?tbm=isch&q=ncs%20NCS%202070-G50Y%20color%20swatch,,,,,,,,,,,,,,,,,,,,,,,,,,,,,,,,,,,,,,,,,,,,
DB,ncs,NCS 2070-G60Y,#bed62d,0.8302496862617953,0.18105859806502844,117.89563642340363,190,214,45,"[190, 214, 45]",11%,0%,79%,16%,"[11%, 0%, 79%, 16%]",81.74,-23.04,72.54,"[81.74, -23.04, 72.54]",https://www.google.com/search?tbm=isch&q=ncs%20NCS%202070-G60Y%20color%20swatch,,,,,,,,,,,,,,,,,,,,,,,,,,,,,,,,,,,,,,,,,,,,
DB,ncs,NCS 2070-G70Y,#ced62e,0.8426888186442572,0.17554692467228458,112.47192882135698,206,214,46,"[206, 214, 46]",4%,0%,79%,16%,"[4%, 0%, 79%, 16%]",82.97,-16.49,73.90,"[82.97, -16.49, 73.90]",https://www.google.com/search?tbm=isch&q=ncs%20NCS%202070-G70Y%20color%20swatch,,,,,,,,,,,,,,,,,,,,,,,,,,,,,,,,,,,,,,,,,,,,
DB,ncs,NCS 2070-G80Y,#d6d12f,0.8386074564710565,0.16859250143617427,107.66115706875689,214,209,47,"[214, 209, 47]",0%,2%,78%,16%,"[0%, 2%, 78%, 16%]",82.29,-10.82,73.37,"[82.29, -10.82, 73.37]",https://www.google.com/search?tbm=isch&q=ncs%20NCS%202070-G80Y%20color%20swatch,,,,,,,,,,,,,,,,,,,,,,,,,,,,,,,,,,,,,,,,,,,,
DB,ncs,NCS 2070-G90Y,#d6c62d,0.8152803160096133,0.16005604694103345,103.01118759070499,214,198,45,"[214, 198, 45]",0%,7%,79%,16%,"[0%, 7%, 79%, 16%]",79.39,-5.62,71.48,"[79.39, -5.62, 71.48]",https://www.google.com/search?tbm=isch&q=ncs%20NCS%202070-G90Y%20color%20swatch,,,,,,,,,,,,,,,,,,,,,,,,,,,,,,,,,,,,,,,,,,,,
DB,ncs,NCS 2070-R,#d61c28,0.5608859975139715,0.21491949100318444,25.596217488564662,214,28,40,"[214, 28, 40]",0%,87%,81%,16%,"[0%, 87%, 81%, 16%]",46.88,68.08,45.53,"[46.88, 68.08, 45.53]",https://www.google.com/search?tbm=isch&q=ncs%20NCS%202070-R%20color%20swatch,,,,,,,,,,,,,,,,,,,,,,,,,,,,,,,,,,,,,,,,,,,,
DB,ncs,NCS 2070-R10B,#d61d34,0.562714634616551,0.21347148574517716,22.681382523991374,214,29,52,"[214, 29, 52]",0%,86%,76%,16%,"[0%, 86%, 76%, 16%]",47.04,68.15,38.90,"[47.04, 68.15, 38.90]",https://www.google.com/search?tbm=isch&q=ncs%20NCS%202070-R10B%20color%20swatch,,,,,,,,,,,,,,,,,,,,,,,,,,,,,,,,,,,,,,,,,,,,
DB,ncs,NCS 2070-Y,#d6bd2c,0.7964795478377525,0.15364948008455073,98.70000767635281,214,189,44,"[214, 189, 44]",0%,12%,79%,16%,"[0%, 12%, 79%, 16%]",77.04,-1.26,69.79,"[77.04, -1.26, 69.79]",https://www.google.com/search?tbm=isch&q=ncs%20NCS%202070-Y%20color%20swatch,,,,,,,,,,,,,,,,,,,,,,,,,,,,,,,,,,,,,,,,,,,,
DB,ncs,NCS 2070-Y10R,#d6ae2b,0.7657922133514278,0.14492260253138292,90.47039303821867,214,174,43,"[214, 174, 43]",0%,19%,80%,16%,"[0%, 19%, 80%, 16%]",73.19,6.17,66.87,"[73.19, 6.17, 66.87]",https://www.google.com/search?tbm=isch&q=ncs%20NCS%202070-Y10R%20color%20swatch,,,,,,,,,,,,,,,,,,,,,,,,,,,,,,,,,,,,,,,,,,,,
DB,ncs,NCS 2070-Y20R,#d69f29,0.7359856072633115,0.14023351506690418,81.24493844096969,214,159,41,"[214, 159, 41]",0%,26%,81%,16%,"[0%, 26%, 81%, 16%]",69.44,13.73,64.36,"[69.44, 13.73, 64.36]",https://www.google.com/search?tbm=isch&q=ncs%20NCS%202070-Y20R%20color%20swatch,,,,,,,,,,,,,,,,,,,,,,,,,,,,,,,,,,,,,,,,,,,,
DB,ncs,NCS 2070-Y30R,#d68f27,0.7054851946221731,0.13984506105641742,70.81823639837381,214,143,39,"[214, 143, 39]",0%,33%,82%,16%,"[0%, 33%, 82%, 16%]",65.58,21.89,61.82,"[65.58, 21.89, 61.82]",https://www.google.com/search?tbm=isch&q=ncs%20NCS%202070-Y30R%20color%20swatch,,,,,,,,,,,,,,,,,,,,,,,,,,,,,,,,,,,,,,,,,,,,
DB,ncs,NCS 2070-Y40R,#d68026,0.6784362179364647,0.14372810999099644,61.12090534095012,214,128,38,"[214, 128, 38]",0%,40%,82%,16%,"[0%, 40%, 82%, 16%]",62.13,29.54,59.34,"[62.13, 29.54, 59.34]",https://www.google.com/search?tbm=isch&q=ncs%20NCS%202070-Y40R%20color%20swatch,,,,,,,,,,,,,,,,,,,,,,,,,,,,,,,,,,,,,,,,,,,,
DB,ncs,NCS 2070-Y50R,#d67024,0.6514842112555794,0.15257830636414077,51.94606589804425,214,112,36,"[214, 112, 36]",0%,48%,83%,16%,"[0%, 48%, 83%, 16%]",58.68,37.52,57.27,"[58.68, 37.52, 57.27]",https://www.google.com/search?tbm=isch&q=ncs%20NCS%202070-Y50R%20color%20swatch,,,,,,,,,,,,,,,,,,,,,,,,,,,,,,,,,,,,,,,,,,,,
DB,ncs,NCS 2070-Y60R,#d65f22,0.6255368005175715,0.16547420583588543,43.86289171051436,214,95,34,"[214, 95, 34]",0%,56%,84%,16%,"[0%, 56%, 84%, 16%]",55.34,45.59,55.38,"[55.34, 45.59, 55.38]",https://www.google.com/search?tbm=isch&q=ncs%20NCS%202070-Y60R%20color%20swatch,,,,,,,,,,,,,,,,,,,,,,,,,,,,,,,,,,,,,,,,,,,,
DB,ncs,NCS 2070-Y70R,#d64f20,0.6041105963690903,0.1792854607273355,37.976007054594504,214,79,32,"[214, 79, 32]",0%,63%,85%,16%,"[0%, 63%, 85%, 16%]",52.57,52.56,54.05,"[52.57, 52.56, 54.05]",https://www.google.com/search?tbm=isch&q=ncs%20NCS%202070-Y70R%20color%20swatch,,,,,,,,,,,,,,,,,,,,,,,,,,,,,,,,,,,,,,,,,,,,
DB,ncs,NCS 2070-Y80R,#d63e1e,0.5850437774489682,0.19381966064938747,33.358231547049,214,62,30,"[214, 62, 30]",0%,71%,86%,16%,"[0%, 71%, 86%, 16%]",50.09,58.99,53.04,"[50.09, 58.99, 53.04]",https://www.google.com/search?tbm=isch&q=ncs%20NCS%202070-Y80R%20color%20swatch,,,,,,,,,,,,,,,,,,,,,,,,,,,,,,,,,,,,,,,,,,,,
DB,ncs,NCS 2070-Y90R,#d62d22,0.5706263657787801,0.20587955696275448,29.11325156889376,214,45,34,"[214, 45, 34]",0%,79%,84%,16%,"[0%, 79%, 84%, 16%]",48.19,64.25,49.73,"[48.19, 64.25, 49.73]",https://www.google.com/search?tbm=isch&q=ncs%20NCS%202070-Y90R%20color%20swatch,,,,,,,,,,,,,,,,,,,,,,,,,,,,,,,,,,,,,,,,,,,,
DB,ncs,NCS 2075-G20Y,#69d63c,0.7819959884330976,0.2130502374011443,138.25543401952558,105,214,60,"[105, 214, 60]",51%,0%,72%,16%,"[51%, 0%, 72%, 16%]",77.05,-52.41,61.63,"[77.05, -52.41, 61.63]",https://www.google.com/search?tbm=isch&q=ncs%20NCS%202075-G20Y%20color%20swatch,,,,,,,,,,,,,,,,,,,,,,,,,,,,,,,,,,,,,,,,,,,,
DB,ncs,NCS 2075-G30Y,#84d62e,0.7935252054674743,0.2073037488318422,132.90194848429792,132,214,46,"[132, 214, 46]",38%,0%,79%,16%,"[38%, 0%, 79%, 16%]",78.17,-44.72,67.52,"[78.17, -44.72, 67.52]",https://www.google.com/search?tbm=isch&q=ncs%20NCS%202075-G30Y%20color%20swatch,,,,,,,,,,,,,,,,,,,,,,,,,,,,,,,,,,,,,,,,,,,,
DB,ncs,NCS 2075-Y60R,#d65b1b,0.6195055517092822,0.17019015502655035,43.36617395643657,214,91,27,"[214, 91, 27]",0%,57%,87%,16%,"[0%, 57%, 87%, 16%]",54.58,47.29,57.46,"[54.58, 47.29, 57.46]",https://www.google.com/search?tbm=isch&q=ncs%20NCS%202075-Y60R%20color%20swatch,,,,,,,,,,,,,,,,,,,,,,,,,,,,,,,,,,,,,,,,,,,,
DB,ncs,NCS 2075-Y70R,#d64a1a,0.5977592927042716,0.18451494482611322,37.3693847383999,214,74,26,"[214, 74, 26]",0%,65%,88%,16%,"[0%, 65%, 88%, 16%]",51.76,54.48,55.85,"[51.76, 54.48, 55.85]",https://www.google.com/search?tbm=isch&q=ncs%20NCS%202075-Y70R%20color%20swatch,,,,,,,,,,,,,,,,,,,,,,,,,,,,,,,,,,,,,,,,,,,,
DB,ncs,NCS 2500-N,#bfbfbf,0.8046588528671379,0.00003125042235191944,72.58924660542561,191,191,191,"[191, 191, 191]",0%,0%,0%,25%,"[0%, 0%, 0%, 25%]",77.34,0.00,0.01,"[77.34, 0.00, 0.01]",https://www.google.com/search?tbm=isch&q=ncs%20NCS%202500-N%20color%20swatch,,,,,,,,,,,,,,,,,,,,,,,,,,,,,,,,,,,,,,,,,,,,
DB,ncs,NCS 2502-B,#c2c6c9,0.824304207546186,0.006076983125545373,239.76598878454843,194,198,201,"[194, 198, 201]",3%,1%,0%,21%,"[3%, 1%, 0%, 21%]",79.63,-1.00,-2.00,"[79.63, -1.00, -2.00]",https://www.google.com/search?tbm=isch&q=ncs%20NCS%202502-B%20color%20swatch,,,,,,,,,,,,,,,,,,,,,,,,,,,,,,,,,,,,,,,,,,,,
DB,ncs,NCS 2502-G,#c0c9c4,0.827468373370982,0.012019893308928555,161.83829764858342,192,201,196,"[192, 201, 196]",4%,0%,2%,21%,"[4%, 0%, 2%, 21%]",80.15,-3.89,1.39,"[80.15, -3.89, 1.39]",https://www.google.com/search?tbm=isch&q=ncs%20NCS%202502-G%20color%20swatch,,,,,,,,,,,,,,,,,,,,,,,,,,,,,,,,,,,,,,,,,,,,
DB,ncs,NCS 2502-R,#c9bebf,0.8108304816943777,0.012499452297197879,11.186280935491311,201,190,191,"[201, 190, 191]",0%,5%,5%,21%,"[0%, 5%, 5%, 21%]",77.92,4.14,0.97,"[77.92, 4.14, 0.97]",https://www.google.com/search?tbm=isch&q=ncs%20NCS%202502-R%20color%20swatch,,,,,,,,,,,,,,,,,,,,,,,,,,,,,,,,,,,,,,,,,,,,
DB,ncs,NCS 2502-Y,#c9c8c2,0.8318771412716335,0.008346206947148424,98.8041129505753,201,200,194,"[201, 200, 194]",0%,0%,3%,21%,"[0%, 0%, 3%, 21%]",80.56,-0.44,3.15,"[80.56, -0.44, 3.15]",https://www.google.com/search?tbm=isch&q=ncs%20NCS%202502-Y%20color%20swatch,,,,,,,,,,,,,,,,,,,,,,,,,,,,,,,,,,,,,,,,,,,,
DB,ncs,NCS 2555-B20G,#43b3c9,0.7124188447148022,0.10395784856886073,213.13872374211928,67,179,201,"[67, 179, 201]",67%,11%,0%,21%,"[67%, 11%, 0%, 21%]",67.36,-27.55,-21.07,"[67.36, -27.55, -21.07]",https://www.google.com/search?tbm=isch&q=ncs%20NCS%202555-B20G%20color%20swatch,,,,,,,,,,,,,,,,,,,,,,,,,,,,,,,,,,,,,,,,,,,,
DB,ncs,NCS 2555-B30G,#44bcc9,0.7342607540915475,0.10592889562209845,205.3377509763967,68,188,201,"[68, 188, 201]",66%,6%,0%,21%,"[66%, 6%, 0%, 21%]",70.09,-31.36,-16.96,"[70.09, -31.36, -16.96]",https://www.google.com/search?tbm=isch&q=ncs%20NCS%202555-B30G%20color%20swatch,,,,,,,,,,,,,,,,,,,,,,,,,,,,,,,,,,,,,,,,,,,,
DB,ncs,NCS 2555-B40G,#46c5c9,0.756418299169092,0.10934173978818797,198.08544078825162,70,197,201,"[70, 197, 201]",65%,2%,0%,21%,"[65%, 2%, 0%, 21%]",72.84,-34.89,-12.85,"[72.84, -34.89, -12.85]",https://www.google.com/search?tbm=isch&q=ncs%20NCS%202555-B40G%20color%20swatch,,,,,,,,,,,,,,,,,,,,,,,,,,,,,,,,,,,,,,,,,,,,
DB,ncs,NCS 2555-B60G,#44c9bd,0.7615561009222239,0.1148970735200954,186.4557514681494,68,201,189,"[68, 201, 189]",66%,0%,6%,21%,"[66%, 0%, 6%, 21%]",73.70,-39.42,-5.13,"[73.70, -39.42, -5.13]",https://www.google.com/search?tbm=isch&q=ncs%20NCS%202555-B60G%20color%20swatch,,,,,,,,,,,,,,,,,,,,,,,,,,,,,,,,,,,,,,,,,,,,
DB,ncs,NCS 2555-B80G,#41c9ab,0.7553735691413964,0.1241525842292313,174.9267336264818,65,201,171,"[65, 201, 171]",68%,0%,15%,21%,"[68%, 0%, 15%, 21%]",73.23,-43.47,3.83,"[73.23, -43.47, 3.83]",https://www.google.com/search?tbm=isch&q=ncs%20NCS%202555-B80G%20color%20swatch,,,,,,,,,,,,,,,,,,,,,,,,,,,,,,,,,,,,,,,,,,,,
DB,ncs,NCS 2565-G,#28c967,0.7354486943900488,0.18783187581773925,150.72937607296444,40,201,103,"[40, 201, 103]",80%,0%,49%,21%,"[80%, 0%, 49%, 21%]",71.67,-57.53,36.90,"[71.67, -57.53, 36.90]",https://www.google.com/search?tbm=isch&q=ncs%20NCS%202565-G%20color%20swatch,,,,,,,,,,,,,,,,,,,,,,,,,,,,,,,,,,,,,,,,,,,,
DB,ncs,NCS 2565-R80B,#2341c9,0.4529116738783443,0.21174510731871007,266.8919823190463,35,65,201,"[35, 65, 201]",83%,68%,0%,21%,"[83%, 68%, 0%, 21%]",33.36,30.65,-74.89,"[33.36, 30.65, -74.89]",https://www.google.com/search?tbm=isch&q=ncs%20NCS%202565-R80B%20color%20swatch,,,,,,,,,,,,,,,,,,,,,,,,,,,,,,,,,,,,,,,,,,,,
DB,ncs,NCS 2570-G20Y,#67c93e,0.748603950478205,0.1971562883113171,138.02214310754903,103,201,62,"[103, 201, 62]",49%,0%,69%,21%,"[49%, 0%, 69%, 21%]",73.01,-48.29,56.86,"[73.01, -48.29, 56.86]",https://www.google.com/search?tbm=isch&q=ncs%20NCS%202570-G20Y%20color%20swatch,,,,,,,,,,,,,,,,,,,,,,,,,,,,,,,,,,,,,,,,,,,,
DB,ncs,NCS 2570-G30Y,#7fc931,0.7592546836021967,0.1929106311318151,132.53946409137615,127,201,49,"[127, 201, 49]",37%,0%,76%,21%,"[37%, 0%, 76%, 21%]",74.05,-41.29,62.77,"[74.05, -41.29, 62.77]",https://www.google.com/search?tbm=isch&q=ncs%20NCS%202570-G30Y%20color%20swatch,,,,,,,,,,,,,,,,,,,,,,,,,,,,,,,,,,,,,,,,,,,,
DB,ncs,NCS 2570-R,#c91a25,0.5353543446225786,0.20486589695054278,25.61952307052303,201,26,37,"[201, 26, 37]",0%,87%,82%,21%,"[0%, 87%, 82%, 21%]",44.02,64.88,43.42,"[44.02, 64.88, 43.42]",https://www.google.com/search?tbm=isch&q=ncs%20NCS%202570-R%20color%20swatch,,,,,,,,,,,,,,,,,,,,,,,,,,,,,,,,,,,,,,,,,,,,
DB,ncs,NCS 2570-Y30R,#c98725,0.6749676524849503,0.13293127780672634,71.3407377520881,201,135,37,"[201, 135, 37]",0%,33%,82%,21%,"[0%, 33%, 82%, 21%]",62.06,20.41,58.83,"[62.06, 20.41, 58.83]",https://www.google.com/search?tbm=isch&q=ncs%20NCS%202570-Y30R%20color%20swatch,,,,,,,,,,,,,,,,,,,,,,,,,,,,,,,,,,,,,,,,,,,,
DB,ncs,NCS 2570-Y40R,#c97823,0.6474819942324909,0.13711001736384246,61.19250278202901,201,120,35,"[201, 120, 35]",0%,40%,83%,21%,"[0%, 40%, 83%, 21%]",58.57,28.14,56.65,"[58.57, 28.14, 56.65]",https://www.google.com/search?tbm=isch&q=ncs%20NCS%202570-Y40R%20color%20swatch,,,,,,,,,,,,,,,,,,,,,,,,,,,,,,,,,,,,,,,,,,,,
DB,ncs,NCS 2570-Y50R,#c96922,0.6219523815974564,0.14519994601596348,51.88268669893711,201,105,34,"[201, 105, 34]",0%,48%,83%,21%,"[0%, 48%, 83%, 21%]",55.30,35.72,54.35,"[55.30, 35.72, 54.35]",https://www.google.com/search?tbm=isch&q=ncs%20NCS%202570-Y50R%20color%20swatch,,,,,,,,,,,,,,,,,,,,,,,,,,,,,,,,,,,,,,,,,,,,
DB,ncs,NCS 2570-Y60R,#c95920,0.597200673854537,0.15753082681677352,43.81309222447328,201,89,32,"[201, 89, 32]",0%,56%,84%,21%,"[0%, 56%, 84%, 21%]",52.11,43.41,52.58,"[52.11, 43.41, 52.58]",https://www.google.com/search?tbm=isch&q=ncs%20NCS%202570-Y60R%20color%20swatch,,,,,,,,,,,,,,,,,,,,,,,,,,,,,,,,,,,,,,,,,,,,
DB,ncs,NCS 2570-Y70R,#c94a1e,0.5768171809901473,0.17068215702152267,37.962007571938216,201,74,30,"[201, 74, 30]",0%,63%,85%,21%,"[0%, 63%, 85%, 21%]",49.48,50.03,51.34,"[49.48, 50.03, 51.34]",https://www.google.com/search?tbm=isch&q=ncs%20NCS%202570-Y70R%20color%20swatch,,,,,,,,,,,,,,,,,,,,,,,,,,,,,,,,,,,,,,,,,,,,
DB,ncs,NCS 2570-Y80R,#c93a1c,0.5585760134519824,0.18458515900994812,33.349303440986375,201,58,28,"[201, 58, 28]",0%,71%,86%,21%,"[0%, 71%, 86%, 21%]",47.11,56.18,50.41,"[47.11, 56.18, 50.41]",https://www.google.com/search?tbm=isch&q=ncs%20NCS%202570-Y80R%20color%20swatch,,,,,,,,,,,,,,,,,,,,,,,,,,,,,,,,,,,,,,,,,,,,
DB,ncs,NCS 2570-Y90R,#c92b20,0.5455391394913132,0.1954213196219048,29.202990016206513,201,43,32,"[201, 43, 32]",0%,79%,84%,21%,"[0%, 79%, 84%, 21%]",45.38,60.95,47.20,"[45.38, 60.95, 47.20]",https://www.google.com/search?tbm=isch&q=ncs%20NCS%202570-Y90R%20color%20swatch,,,,,,,,,,,,,,,,,,,,,,,,,,,,,,,,,,,,,,,,,,,,
DB,ncs,NCS 3000-N,#b2b2b2,0.7635765041269819,0.000029654912969538027,72.58924660499082,178,178,178,"[178, 178, 178]",0%,0%,0%,30%,"[0%, 0%, 0%, 30%]",72.57,0.00,0.01,"[72.57, 0.00, 0.01]",https://www.google.com/search?tbm=isch&q=ncs%20NCS%203000-N%20color%20swatch,,,,,,,,,,,,,,,,,,,,,,,,,,,,,,,,,,,,,,,,,,,,
DB,ncs,NCS 3005-B20G,#adb9bc,0.7773102866987824,0.014008742930109171,214.29540697273433,173,185,188,"[173, 185, 188]",8%,2%,0%,26%,"[8%, 2%, 0%, 26%]",74.27,-3.86,-3.02,"[74.27, -3.86, -3.02]",https://www.google.com/search?tbm=isch&q=ncs%20NCS%203005-B20G%20color%20swatch,,,,,,,,,,,,,,,,,,,,,,,,,,,,,,,,,,,,,,,,,,,,
DB,ncs,NCS 3005-B80G,#acbcb8,0.7816938224858491,0.018504922825508523,179.08906158598234,172,188,184,"[172, 188, 184]",9%,0%,2%,26%,"[9%, 0%, 2%, 26%]",74.91,-6.29,0.05,"[74.91, -6.29, 0.05]",https://www.google.com/search?tbm=isch&q=ncs%20NCS%203005-B80G%20color%20swatch,,,,,,,,,,,,,,,,,,,,,,,,,,,,,,,,,,,,,,,,,,,,
DB,ncs,NCS 3005-G20Y,#b1bcad,0.7823426759950696,0.02418116698716151,137.20312337544658,177,188,173,"[177, 188, 173]",6%,0%,8%,26%,"[6%, 0%, 8%, 26%]",75.06,-6.04,6.25,"[75.06, -6.04, 6.25]",https://www.google.com/search?tbm=isch&q=ncs%20NCS%203005-G20Y%20color%20swatch,,,,,,,,,,,,,,,,,,,,,,,,,,,,,,,,,,,,,,,,,,,,
DB,ncs,NCS 3005-G50Y,#b8bcac,0.7875409024087597,0.022603112921291996,118.28097969658438,184,188,172,"[184, 188, 172]",2%,0%,9%,26%,"[2%, 0%, 9%, 26%]",75.59,-3.60,7.63,"[75.59, -3.60, 7.63]",https://www.google.com/search?tbm=isch&q=ncs%20NCS%203005-G50Y%20color%20swatch,,,,,,,,,,,,,,,,,,,,,,,,,,,,,,,,,,,,,,,,,,,,
DB,ncs,NCS 3005-G80Y,#bcbbae,0.7892126214069579,0.018059551655078766,103.17759067214865,188,187,174,"[188, 187, 174]",0%,1%,7%,26%,"[0%, 1%, 7%, 26%]",75.69,-1.36,6.75,"[75.69, -1.36, 6.75]",https://www.google.com/search?tbm=isch&q=ncs%20NCS%203005-G80Y%20color%20swatch,,,,,,,,,,,,,,,,,,,,,,,,,,,,,,,,,,,,,,,,,,,,
DB,ncs,NCS 3005-R20B,#bca6aa,0.745386093604722,0.026203211501097567,5.391078234381439,188,166,170,"[188, 166, 170]",0%,12%,10%,26%,"[0%, 12%, 10%, 26%]",70.15,8.78,1.03,"[70.15, 8.78, 1.03]",https://www.google.com/search?tbm=isch&q=ncs%20NCS%203005-R20B%20color%20swatch,,,,,,,,,,,,,,,,,,,,,,,,,,,,,,,,,,,,,,,,,,,,
DB,ncs,NCS 3005-R50B,#bcacb9,0.7619190782681299,0.025653689956933595,332.10144087966046,188,172,185,"[188, 172, 185]",0%,9%,2%,26%,"[0%, 9%, 2%, 26%]",72.03,7.70,-4.47,"[72.03, 7.70, -4.47]",https://www.google.com/search?tbm=isch&q=ncs%20NCS%203005-R50B%20color%20swatch,,,,,,,,,,,,,,,,,,,,,,,,,,,,,,,,,,,,,,,,,,,,
DB,ncs,NCS 3005-R80B,#a5aabc,0.7397773064819292,0.026446705438639483,273.39994603603634,165,170,188,"[165, 170, 188]",12%,10%,0%,26%,"[12%, 10%, 0%, 26%]",69.64,0.90,-9.89,"[69.64, 0.90, -9.89]",https://www.google.com/search?tbm=isch&q=ncs%20NCS%203005-R80B%20color%20swatch,,,,,,,,,,,,,,,,,,,,,,,,,,,,,,,,,,,,,,,,,,,,
DB,ncs,NCS 3005-Y20R,#bcb6ab,0.7780794021657952,0.016810825047465647,82.76694675767362,188,182,171,"[188, 182, 171]",0%,3%,9%,26%,"[0%, 3%, 9%, 26%]",74.31,0.76,6.42,"[74.31, 0.76, 6.42]",https://www.google.com/search?tbm=isch&q=ncs%20NCS%203005-Y20R%20color%20swatch,,,,,,,,,,,,,,,,,,,,,,,,,,,,,,,,,,,,,,,,,,,,
DB,ncs,NCS 3005-Y50R,#bcb1a9,0.7672861070339013,0.016970873345473286,58.58071294331529,188,177,169,"[188, 177, 169]",0%,6%,10%,26%,"[0%, 6%, 10%, 26%]",72.97,3.03,5.60,"[72.97, 3.03, 5.60]",https://www.google.com/search?tbm=isch&q=ncs%20NCS%203005-Y50R%20color%20swatch,,,,,,,,,,,,,,,,,,,,,,,,,,,,,,,,,,,,,,,,,,,,
DB,ncs,NCS 3005-Y80R,#bca9a5,0.749955668536124,0.022931494357943987,31.848844579583215,188,169,165,"[188, 169, 165]",0%,10%,12%,26%,"[0%, 10%, 12%, 26%]",70.81,6.61,4.72,"[70.81, 6.61, 4.72]",https://www.google.com/search?tbm=isch&q=ncs%20NCS%203005-Y80R%20color%20swatch,,,,,,,,,,,,,,,,,,,,,,,,,,,,,,,,,,,,,,,,,,,,
DB,ncs,NCS 3010-B,#9cb0bc,0.7456726731832977,0.028164399846218758,234.09819668393834,156,176,188,"[156, 176, 188]",17%,6%,0%,26%,"[17%, 6%, 0%, 26%]",70.57,-5.26,-8.61,"[70.57, -5.26, -8.61]",https://www.google.com/search?tbm=isch&q=ncs%20NCS%203010-B%20color%20swatch,,,,,,,,,,,,,,,,,,,,,,,,,,,,,,,,,,,,,,,,,,,,
DB,ncs,NCS 3010-B10G,#9db4bc,0.7549652508897935,0.027827544356667035,220.70759503938393,157,180,188,"[157, 180, 188]",16%,4%,0%,26%,"[16%, 4%, 0%, 26%]",71.74,-6.92,-6.89,"[71.74, -6.92, -6.89]",https://www.google.com/search?tbm=isch&q=ncs%20NCS%203010-B10G%20color%20swatch,,,,,,,,,,,,,,,,,,,,,,,,,,,,,,,,,,,,,,,,,,,,
DB,ncs,NCS 3010-B30G,#a0b9bc,0.7678369737035515,0.02768021763663347,205.3591143582214,160,185,188,"[160, 185, 188]",15%,2%,0%,26%,"[15%, 2%, 0%, 26%]",73.32,-8.37,-4.55,"[73.32, -8.37, -4.55]",https://www.google.com/search?tbm=isch&q=ncs%20NCS%203010-B30G%20color%20swatch,,,,,,,,,,,,,,,,,,,,,,,,,,,,,,,,,,,,,,,,,,,,
DB,ncs,NCS 3010-B50G,#a0bcbb,0.7740016551742249,0.03046429860329577,193.8386635312255,160,188,187,"[160, 188, 187]",15%,0%,1%,26%,"[15%, 0%, 1%, 26%]",74.12,-10.00,-2.84,"[74.12, -10.00, -2.84]",https://www.google.com/search?tbm=isch&q=ncs%20NCS%203010-B50G%20color%20swatch,,,,,,,,,,,,,,,,,,,,,,,,,,,,,,,,,,,,,,,,,,,,
DB,ncs,NCS 3010-B70G,#9fbcb7,0.7720962015692444,0.03228143249497103,183.86892595264226,159,188,183,"[159, 188, 183]",15%,0%,3%,26%,"[15%, 0%, 3%, 26%]",73.96,-10.96,-0.92,"[73.96, -10.96, -0.92]",https://www.google.com/search?tbm=isch&q=ncs%20NCS%203010-B70G%20color%20swatch,,,,,,,,,,,,,,,,,,,,,,,,,,,,,,,,,,,,,,,,,,,,
DB,ncs,NCS 3010-B90G,#9abcad,0.7657736533950762,0.04249645228964614,166.61773636497605,154,188,173,"[154, 188, 173]",18%,0%,8%,26%,"[18%, 0%, 8%, 26%]",73.40,-14.19,3.62,"[73.40, -14.19, 3.62]",https://www.google.com/search?tbm=isch&q=ncs%20NCS%203010-B90G%20color%20swatch,,,,,,,,,,,,,,,,,,,,,,,,,,,,,,,,,,,,,,,,,,,,
DB,ncs,NCS 3010-G,#97bca5,0.7615587368055463,0.05158782481347065,157.62030826457408,151,188,165,"[151, 188, 165]",20%,0%,12%,26%,"[20%, 0%, 12%, 26%]",73.03,-16.40,7.39,"[73.03, -16.40, 7.39]",https://www.google.com/search?tbm=isch&q=ncs%20NCS%203010-G%20color%20swatch,,,,,,,,,,,,,,,,,,,,,,,,,,,,,,,,,,,,,,,,,,,,
DB,ncs,NCS 3010-G10Y,#a1bca2,0.7676182307739009,0.04696964893008647,146.0631094790532,161,188,162,"[161, 188, 162]",14%,0%,14%,26%,"[14%, 0%, 14%, 26%]",73.66,-13.31,10.00,"[73.66, -13.31, 10.00]",https://www.google.com/search?tbm=isch&q=ncs%20NCS%203010-G10Y%20color%20swatch,,,,,,,,,,,,,,,,,,,,,,,,,,,,,,,,,,,,,,,,,,,,
DB,ncs,NCS 3010-G20Y,#a8bca0,0.772161774466015,0.04482667120419237,136.6841696140218,168,188,160,"[168, 188, 160]",11%,0%,15%,26%,"[11%, 0%, 15%, 26%]",74.12,-11.04,11.81,"[74.12, -11.04, 11.81]",https://www.google.com/search?tbm=isch&q=ncs%20NCS%203010-G20Y%20color%20swatch,,,,,,,,,,,,,,,,,,,,,,,,,,,,,,,,,,,,,,,,,,,,
DB,ncs,NCS 3010-G30Y,#adbc9e,0.7754018807055344,0.044768516990965485,129.09513220096932,173,188,158,"[173, 188, 158]",8%,0%,16%,26%,"[8%, 0%, 16%, 26%]",74.46,-9.45,13.42,"[74.46, -9.45, 13.42]",https://www.google.com/search?tbm=isch&q=ncs%20NCS%203010-G30Y%20color%20swatch,,,,,,,,,,,,,,,,,,,,,,,,,,,,,,,,,,,,,,,,,,,,
DB,ncs,NCS 3010-G40Y,#b1bc9c,0.7779820990378599,0.04578167994423277,122.86640167447001,177,188,156,"[177, 188, 156]",6%,0%,17%,26%,"[6%, 0%, 17%, 26%]",74.73,-8.20,14.92,"[74.73, -8.20, 14.92]",https://www.google.com/search?tbm=isch&q=ncs%20NCS%203010-G40Y%20color%20swatch,,,,,,,,,,,,,,,,,,,,,,,,,,,,,,,,,,,,,,,,,,,,
DB,ncs,NCS 3010-G50Y,#b5bc9e,0.7815961092998326,0.042008785822727435,118.02189272860818,181,188,158,"[181, 188, 158]",4%,0%,16%,26%,"[4%, 0%, 16%, 26%]",75.08,-6.46,14.39,"[75.08, -6.46, 14.39]",https://www.google.com/search?tbm=isch&q=ncs%20NCS%203010-G50Y%20color%20swatch,,,,,,,,,,,,,,,,,,,,,,,,,,,,,,,,,,,,,,,,,,,,
DB,ncs,NCS 3010-G60Y,#b8bc9f,0.7842260359830124,0.04008489204300077,113.67796746140283,184,188,159,"[184, 188, 159]",2%,0%,15%,26%,"[2%, 0%, 15%, 26%]",75.34,-5.20,14.26,"[75.34, -5.20, 14.26]",https://www.google.com/search?tbm=isch&q=ncs%20NCS%203010-G60Y%20color%20swatch,,,,,,,,,,,,,,,,,,,,,,,,,,,,,,,,,,,,,,,,,,,,
DB,ncs,NCS 3010-G70Y,#babca0,0.7860793521233344,0.038498474444225855,110.56898524404033,186,188,160,"[186, 188, 160]",1%,0%,15%,26%,"[1%, 0%, 15%, 26%]",75.52,-4.33,14.00,"[75.52, -4.33, 14.00]",https://www.google.com/search?tbm=isch&q=ncs%20NCS%203010-G70Y%20color%20swatch,,,,,,,,,,,,,,,,,,,,,,,,,,,,,,,,,,,,,,,,,,,,
DB,ncs,NCS 3010-G80Y,#bcbba0,0.7856119432846549,0.037065903204629075,105.45491982504745,188,187,160,"[188, 187, 160]",0%,1%,15%,26%,"[0%, 1%, 15%, 26%]",75.42,-3.08,13.89,"[75.42, -3.08, 13.89]",https://www.google.com/search?tbm=isch&q=ncs%20NCS%203010-G80Y%20color%20swatch,,,,,,,,,,,,,,,,,,,,,,,,,,,,,,,,,,,,,,,,,,,,
DB,ncs,NCS 3010-G90Y,#bcb9a0,0.7814377893925009,0.03454849188506612,101.50726083847007,188,185,160,"[188, 185, 160]",0%,2%,15%,26%,"[0%, 2%, 15%, 26%]",74.89,-2.08,13.16,"[74.89, -2.08, 13.16]",https://www.google.com/search?tbm=isch&q=ncs%20NCS%203010-G90Y%20color%20swatch,,,,,,,,,,,,,,,,,,,,,,,,,,,,,,,,,,,,,,,,,,,,
DB,ncs,NCS 3010-R,#bc8f92,0.6935845947398426,0.05480695021491296,14.144175840111188,188,143,146,"[188, 143, 146]",0%,24%,22%,26%,"[0%, 24%, 22%, 26%]",63.85,17.89,5.37,"[63.85, 17.89, 5.37]",https://www.google.com/search?tbm=isch&q=ncs%20NCS%203010-R%20color%20swatch,,,,,,,,,,,,,,,,,,,,,,,,,,,,,,,,,,,,,,,,,,,,
DB,ncs,NCS 3010-R10B,#bc9096,0.6966291481283919,0.05382712847671092,9.453432421531318,188,144,150,"[188, 144, 150]",0%,23%,20%,26%,"[0%, 23%, 20%, 26%]",64.19,17.82,3.60,"[64.19, 17.82, 3.60]",https://www.google.com/search?tbm=isch&q=ncs%20NCS%203010-R10B%20color%20swatch,,,,,,,,,,,,,,,,,,,,,,,,,,,,,,,,,,,,,,,,,,,,
DB,ncs,NCS 3010-R20B,#bc939b,0.7038161070720199,0.05043370463501268,5.424102644923835,188,147,155,"[188, 147, 155]",0%,22%,18%,26%,"[0%, 22%, 18%, 26%]",65.04,16.82,2.01,"[65.04, 16.82, 2.01]",https://www.google.com/search?tbm=isch&q=ncs%20NCS%203010-R20B%20color%20swatch,,,,,,,,,,,,,,,,,,,,,,,,,,,,,,,,,,,,,,,,,,,,
DB,ncs,NCS 3010-R30B,#bc96a2,0.7116684013735656,0.04814427045340161,357.58139420204986,188,150,162,"[188, 150, 162]",0%,20%,14%,26%,"[0%, 20%, 14%, 26%]",65.94,16.10,-0.61,"[65.94, 16.10, -0.61]",https://www.google.com/search?tbm=isch&q=ncs%20NCS%203010-R30B%20color%20swatch,,,,,,,,,,,,,,,,,,,,,,,,,,,,,,,,,,,,,,,,,,,,
DB,ncs,NCS 3010-R40B,#bc99aa,0.7199241767942146,0.047473834588209606,347.5987494587238,188,153,170,"[188, 153, 170]",0%,19%,10%,26%,"[0%, 19%, 10%, 26%]",66.87,15.54,-3.71,"[66.87, 15.54, -3.71]",https://www.google.com/search?tbm=isch&q=ncs%20NCS%203010-R40B%20color%20swatch,,,,,,,,,,,,,,,,,,,,,,,,,,,,,,,,,,,,,,,,,,,,
DB,ncs,NCS 3010-R50B,#bc9eb6,0.7334649726530148,0.0482206197799823,332.986964354203,188,158,182,"[188, 158, 182]",0%,16%,3%,26%,"[0%, 16%, 3%, 26%]",68.41,14.53,-8.11,"[68.41, 14.53, -8.11]",https://www.google.com/search?tbm=isch&q=ncs%20NCS%203010-R50B%20color%20swatch,,,,,,,,,,,,,,,,,,,,,,,,,,,,,,,,,,,,,,,,,,,,
DB,ncs,NCS 3010-R60B,#b29cbc,0.7224570699831495,0.051730393057513875,315.3195617918843,178,156,188,"[178, 156, 188]",5%,17%,0%,26%,"[5%, 17%, 0%, 26%]",67.12,12.80,-13.48,"[67.12, 12.80, -13.48]",https://www.google.com/search?tbm=isch&q=ncs%20NCS%203010-R60B%20color%20swatch,,,,,,,,,,,,,,,,,,,,,,,,,,,,,,,,,,,,,,,,,,,,
DB,ncs,NCS 3010-R70B,#a79cbc,0.7127911691015525,0.047447810661295074,300.9128502010485,167,156,188,"[167, 156, 188]",11%,17%,0%,26%,"[11%, 17%, 0%, 26%]",66.12,8.88,-15.09,"[66.12, 8.88, -15.09]",https://www.google.com/search?tbm=isch&q=ncs%20NCS%203010-R70B%20color%20swatch,,,,,,,,,,,,,,,,,,,,,,,,,,,,,,,,,,,,,,,,,,,,
DB,ncs,NCS 3010-R80B,#929abc,0.6916291463733037,0.050775889308077145,274.6377781647252,146,154,188,"[146, 154, 188]",22%,18%,0%,26%,"[22%, 18%, 0%, 26%]",63.84,2.64,-18.72,"[63.84, 2.64, -18.72]",https://www.google.com/search?tbm=isch&q=ncs%20NCS%203010-R80B%20color%20swatch,,,,,,,,,,,,,,,,,,,,,,,,,,,,,,,,,,,,,,,,,,,,
DB,ncs,NCS 3010-R90B,#96a2bc,0.7114899077025604,0.04034487932014491,265.73346257940955,150,162,188,"[150, 162, 188]",20%,14%,0%,26%,"[20%, 14%, 0%, 26%]",66.32,-0.17,-14.97,"[66.32, -0.17, -14.97]",https://www.google.com/search?tbm=isch&q=ncs%20NCS%203010-R90B%20color%20swatch,,,,,,,,,,,,,,,,,,,,,,,,,,,,,,,,,,,,,,,,,,,,
DB,ncs,NCS 3010-Y,#bcb79f,0.7770285614066887,0.03354387944839208,97.37760945607295,188,183,159,"[188, 183, 159]",0%,3%,15%,26%,"[0%, 3%, 15%, 26%]",74.34,-1.21,12.94,"[74.34, -1.21, 12.94]",https://www.google.com/search?tbm=isch&q=ncs%20NCS%203010-Y%20color%20swatch,,,,,,,,,,,,,,,,,,,,,,,,,,,,,,,,,,,,,,,,,,,,
DB,ncs,NCS 3010-Y10R,#bcb59e,0.7726298922876323,0.032727942786422784,92.9905419059179,188,181,158,"[188, 181, 158]",0%,4%,16%,26%,"[0%, 4%, 16%, 26%]",73.80,-0.32,12.72,"[73.80, -0.32, 12.72]",https://www.google.com/search?tbm=isch&q=ncs%20NCS%203010-Y10R%20color%20swatch,,,,,,,,,,,,,,,,,,,,,,,,,,,,,,,,,,,,,,,,,,,,
DB,ncs,NCS 3010-Y20R,#bcb29c,0.7659277254309553,0.03252768259591692,86.45095455841567,188,178,156,"[188, 178, 156]",0%,5%,17%,26%,"[0%, 5%, 17%, 26%]",72.97,0.95,12.65,"[72.97, 0.95, 12.65]",https://www.google.com/search?tbm=isch&q=ncs%20NCS%203010-Y20R%20color%20swatch,,,,,,,,,,,,,,,,,,,,,,,,,,,,,,,,,,,,,,,,,,,,
DB,ncs,NCS 3010-Y30R,#bcae9b,0.7574497903000935,0.031011429352735723,75.59391522651049,188,174,155,"[188, 174, 155]",0%,7%,18%,26%,"[0%, 7%, 18%, 26%]",71.91,2.86,11.71,"[71.91, 2.86, 11.71]",https://www.google.com/search?tbm=isch&q=ncs%20NCS%203010-Y30R%20color%20swatch,,,,,,,,,,,,,,,,,,,,,,,,,,,,,,,,,,,,,,,,,,,,
DB,ncs,NCS 3010-Y40R,#bcab9a,0.7510636027698143,0.030938258419002412,67.32698410840749,188,171,154,"[188, 171, 154]",0%,9%,18%,26%,"[0%, 9%, 18%, 26%]",71.11,4.27,11.14,"[71.11, 4.27, 11.14]",https://www.google.com/search?tbm=isch&q=ncs%20NCS%203010-Y40R%20color%20swatch,,,,,,,,,,,,,,,,,,,,,,,,,,,,,,,,,,,,,,,,,,,,
DB,ncs,NCS 3010-Y50R,#bca798,0.742426025073574,0.03245637066710735,57.75812302228138,188,167,152,"[188, 167, 152]",0%,11%,19%,26%,"[0%, 11%, 19%, 26%]",70.03,6.08,10.74,"[70.03, 6.08, 10.74]",https://www.google.com/search?tbm=isch&q=ncs%20NCS%203010-Y50R%20color%20swatch,,,,,,,,,,,,,,,,,,,,,,,,,,,,,,,,,,,,,,,,,,,,
DB,ncs,NCS 3010-Y60R,#bca396,0.7338448754403236,0.03484450706310553,49.21552509824585,188,163,150,"[188, 163, 150]",0%,13%,20%,26%,"[0%, 13%, 20%, 26%]",68.96,7.91,10.34,"[68.96, 7.91, 10.34]",https://www.google.com/search?tbm=isch&q=ncs%20NCS%203010-Y60R%20color%20swatch,,,,,,,,,,,,,,,,,,,,,,,,,,,,,,,,,,,,,,,,,,,,
DB,ncs,NCS 3010-Y70R,#bc9e94,0.7233348845355606,0.03856856604129814,39.29535512067446,188,158,148,"[188, 158, 148]",0%,16%,21%,26%,"[0%, 16%, 21%, 26%]",67.65,10.27,9.60,"[67.65, 10.27, 9.60]",https://www.google.com/search?tbm=isch&q=ncs%20NCS%203010-Y70R%20color%20swatch,,,,,,,,,,,,,,,,,,,,,,,,,,,,,,,,,,,,,,,,,,,,
DB,ncs,NCS 3010-Y80R,#bc9992,0.7129307512878336,0.04332145798296563,31.307332761609757,188,153,146,"[188, 153, 146]",0%,19%,22%,26%,"[0%, 19%, 22%, 26%]",66.34,12.65,8.88,"[66.34, 12.65, 8.88]",https://www.google.com/search?tbm=isch&q=ncs%20NCS%203010-Y80R%20color%20swatch,,,,,,,,,,,,,,,,,,,,,,,,,,,,,,,,,,,,,,,,,,,,
DB,ncs,NCS 3010-Y90R,#bc9491,0.7029116520186514,0.04864502932461244,23.371451043109573,188,148,145,"[188, 148, 145]",0%,21%,23%,26%,"[0%, 21%, 23%, 26%]",65.07,15.16,7.65,"[65.07, 15.16, 7.65]",https://www.google.com/search?tbm=isch&q=ncs%20NCS%203010-Y90R%20color%20swatch,,,,,,,,,,,,,,,,,,,,,,,,,,,,,,,,,,,,,,,,,,,,
DB,ncs,NCS 3020-B,#80a5bc,0.7027347948862367,0.05265947491309816,235.7836171619133,128,165,188,"[128, 165, 188]",32%,12%,0%,26%,"[32%, 12%, 0%, 26%]",65.61,-8.89,-16.21,"[65.61, -8.89, -16.21]",https://www.google.com/search?tbm=isch&q=ncs%20NCS%203020-B%20color%20swatch,,,,,,,,,,,,,,,,,,,,,,,,,,,,,,,,,,,,,,,,,,,,
DB,ncs,NCS 3020-B10G,#83adbc,0.7223789539163549,0.050081112065734776,221.83149303344078,131,173,188,"[131, 173, 188]",30%,8%,0%,26%,"[30%, 8%, 0%, 26%]",68.06,-11.94,-12.54,"[68.06, -11.94, -12.54]",https://www.google.com/search?tbm=isch&q=ncs%20NCS%203020-B10G%20color%20swatch,,,,,,,,,,,,,,,,,,,,,,,,,,,,,,,,,,,,,,,,,,,,
DB,ncs,NCS 3020-B30G,#86b7bc,0.746556663983376,0.052106221371707395,203.96539922971635,134,183,188,"[134, 183, 188]",29%,3%,0%,26%,"[29%, 3%, 0%, 26%]",71.08,-15.88,-8.06,"[71.08, -15.88, -8.06]",https://www.google.com/search?tbm=isch&q=ncs%20NCS%203020-B30G%20color%20swatch,,,,,,,,,,,,,,,,,,,,,,,,,,,,,,,,,,,,,,,,,,,,
DB,ncs,NCS 3020-B40G,#88babc,0.7544768048785081,0.05259318708610611,199.17419600662674,136,186,188,"[136, 186, 188]",28%,1%,0%,26%,"[28%, 1%, 0%, 26%]",72.05,-16.69,-6.63,"[72.05, -16.69, -6.63]",https://www.google.com/search?tbm=isch&q=ncs%20NCS%203020-B40G%20color%20swatch,,,,,,,,,,,,,,,,,,,,,,,,,,,,,,,,,,,,,,,,,,,,
DB,ncs,NCS 3020-B50G,#88bcba,0.7583305440440964,0.05450303726868713,193.04356992539545,136,188,186,"[136, 188, 186]",28%,0%,1%,26%,"[28%, 0%, 1%, 26%]",72.56,-17.99,-4.78,"[72.56, -17.99, -4.78]",https://www.google.com/search?tbm=isch&q=ncs%20NCS%203020-B50G%20color%20swatch,,,,,,,,,,,,,,,,,,,,,,,,,,,,,,,,,,,,,,,,,,,,
DB,ncs,NCS 3020-B60G,#86bcb7,0.756218088062776,0.05683392257558792,188.8092844910302,134,188,183,"[134, 188, 183]",29%,0%,3%,26%,"[29%, 0%, 3%, 26%]",72.38,-19.13,-3.44,"[72.38, -19.13, -3.44]",https://www.google.com/search?tbm=isch&q=ncs%20NCS%203020-B60G%20color%20swatch,,,,,,,,,,,,,,,,,,,,,,,,,,,,,,,,,,,,,,,,,,,,
DB,ncs,NCS 3020-B70G,#85bcb3,0.7544051832527569,0.05885385259548271,183.42572936663248,133,188,179,"[133, 188, 179]",29%,0%,5%,26%,"[29%, 0%, 5%, 26%]",72.23,-20.12,-1.50,"[72.23, -20.12, -1.50]",https://www.google.com/search?tbm=isch&q=ncs%20NCS%203020-B70G%20color%20swatch,,,,,,,,,,,,,,,,,,,,,,,,,,,,,,,,,,,,,,,,,,,,
DB,ncs,NCS 3020-B90G,#7ebca0,0.744986500870377,0.07598575412751055,164.47278311749972,126,188,160,"[126, 188, 160]",33%,0%,15%,26%,"[33%, 0%, 15%, 26%]",71.44,-25.40,7.58,"[71.44, -25.40, 7.58]",https://www.google.com/search?tbm=isch&q=ncs%20NCS%203020-B90G%20color%20swatch,,,,,,,,,,,,,,,,,,,,,,,,,,,,,,,,,,,,,,,,,,,,
DB,ncs,NCS 3020-G,#7abc93,0.7394526941645913,0.09019205051859347,156.15389348575377,122,188,147,"[122, 188, 147]",35%,0%,22%,26%,"[35%, 0%, 22%, 26%]",70.97,-28.61,13.89,"[70.97, -28.61, 13.89]",https://www.google.com/search?tbm=isch&q=ncs%20NCS%203020-G%20color%20swatch,,,,,,,,,,,,,,,,,,,,,,,,,,,,,,,,,,,,,,,,,,,,
DB,ncs,NCS 3020-G10Y,#8bbc8d,0.7478926913266437,0.08449163727081938,145.66852577021064,139,188,141,"[139, 188, 141]",26%,0%,25%,26%,"[26%, 0%, 25%, 26%]",71.83,-23.84,18.45,"[71.83, -23.84, 18.45]",https://www.google.com/search?tbm=isch&q=ncs%20NCS%203020-G10Y%20color%20swatch,,,,,,,,,,,,,,,,,,,,,,,,,,,,,,,,,,,,,,,,,,,,
DB,ncs,NCS 3020-G20Y,#97bc88,0.7545576283877253,0.0826866616785824,136.81719423821403,151,188,136,"[151, 188, 136]",20%,0%,28%,26%,"[20%, 0%, 28%, 26%]",72.51,-20.22,22.17,"[72.51, -20.22, 22.17]",https://www.google.com/search?tbm=isch&q=ncs%20NCS%203020-G20Y%20color%20swatch,,,,,,,,,,,,,,,,,,,,,,,,,,,,,,,,,,,,,,,,,,,,
DB,ncs,NCS 3020-G30Y,#a1bc84,0.7606957464465923,0.08224643846692542,129.09538893939123,161,188,132,"[161, 188, 132]",14%,0%,30%,26%,"[14%, 0%, 30%, 26%]",73.14,-16.97,25.26,"[73.14, -16.97, 25.26]",https://www.google.com/search?tbm=isch&q=ncs%20NCS%203020-G30Y%20color%20swatch,,,,,,,,,,,,,,,,,,,,,,,,,,,,,,,,,,,,,,,,,,,,
DB,ncs,NCS 3020-G40Y,#a8bc81,0.7652411930629239,0.0829467085336911,123.54534181287318,168,188,129,"[168, 188, 129]",11%,0%,31%,26%,"[11%, 0%, 31%, 26%]",73.61,-14.63,27.55,"[73.61, -14.63, 27.55]",https://www.google.com/search?tbm=isch&q=ncs%20NCS%203020-G40Y%20color%20swatch,,,,,,,,,,,,,,,,,,,,,,,,,,,,,,,,,,,,,,,,,,,,
DB,ncs,NCS 3020-G50Y,#afbc84,0.7711731241928823,0.07696459895899797,118.84855383226574,175,188,132,"[175, 188, 132]",7%,0%,30%,26%,"[7%, 0%, 30%, 26%]",74.18,-11.63,26.85,"[74.18, -11.63, 26.85]",https://www.google.com/search?tbm=isch&q=ncs%20NCS%203020-G50Y%20color%20swatch,,,,,,,,,,,,,,,,,,,,,,,,,,,,,,,,,,,,,,,,,,,,
DB,ncs,NCS 3020-G60Y,#b4bc86,0.7755033966349563,0.07324051238724068,114.97213546626097,180,188,134,"[180, 188, 134]",4%,0%,29%,26%,"[4%, 0%, 29%, 26%]",74.60,-9.48,26.45,"[74.60, -9.48, 26.45]",https://www.google.com/search?tbm=isch&q=ncs%20NCS%203020-G60Y%20color%20swatch,,,,,,,,,,,,,,,,,,,,,,,,,,,,,,,,,,,,,,,,,,,,
DB,ncs,NCS 3020-G70Y,#b9bc87,0.779732009090027,0.07116051792464363,110.6374265052333,185,188,135,"[185, 188, 135]",2%,0%,28%,26%,"[2%, 0%, 28%, 26%]",75.02,-7.43,26.56,"[75.02, -7.43, 26.56]",https://www.google.com/search?tbm=isch&q=ncs%20NCS%203020-G70Y%20color%20swatch,,,,,,,,,,,,,,,,,,,,,,,,,,,,,,,,,,,,,,,,,,,,
DB,ncs,NCS 3020-G80Y,#bcba88,0.7781539607549347,0.06711514911940356,105.91978125758294,188,186,136,"[188, 186, 136]",0%,1%,28%,26%,"[0%, 1%, 28%, 26%]",74.75,-5.17,25.74,"[74.75, -5.17, 25.74]",https://www.google.com/search?tbm=isch&q=ncs%20NCS%203020-G80Y%20color%20swatch,,,,,,,,,,,,,,,,,,,,,,,,,,,,,,,,,,,,,,,,,,,,
DB,ncs,NCS 3020-G90Y,#bcb686,0.7693021964204465,0.06486139034057356,101.77081049274858,188,182,134,"[188, 182, 134]",0%,3%,29%,26%,"[0%, 3%, 29%, 26%]",73.66,-3.39,25.34,"[73.66, -3.39, 25.34]",https://www.google.com/search?tbm=isch&q=ncs%20NCS%203020-G90Y%20color%20swatch,,,,,,,,,,,,,,,,,,,,,,,,,,,,,,,,,,,,,,,,,,,,
DB,ncs,NCS 3020-R,#bc6e73,0.6255187137893718,0.09923994852695478,16.219479362022412,188,110,115,"[188, 110, 115]",0%,41%,39%,26%,"[0%, 41%, 39%, 26%]",55.49,32.12,11.35,"[55.49, 32.12, 11.35]",https://www.google.com/search?tbm=isch&q=ncs%20NCS%203020-R%20color%20swatch,,,,,,,,,,,,,,,,,,,,,,,,,,,,,,,,,,,,,,,,,,,,
DB,ncs,NCS 3020-R10B,#bc7079,0.6305006750067504,0.09668101487361551,12.586761638012376,188,112,121,"[188, 112, 121]",0%,40%,36%,26%,"[0%, 40%, 36%, 26%]",56.05,31.61,8.65,"[56.05, 31.61, 8.65]",https://www.google.com/search?tbm=isch&q=ncs%20NCS%203020-R10B%20color%20swatch,,,,,,,,,,,,,,,,,,,,,,,,,,,,,,,,,,,,,,,,,,,,
DB,ncs,NCS 3020-R20B,#bc7382,0.6381483481552775,0.09354971006766978,6.760038324377831,188,115,130,"[188, 115, 130]",0%,39%,31%,26%,"[0%, 39%, 31%, 26%]",56.91,30.90,4.65,"[56.91, 30.90, 4.65]",https://www.google.com/search?tbm=isch&q=ncs%20NCS%203020-R20B%20color%20swatch,,,,,,,,,,,,,,,,,,,,,,,,,,,,,,,,,,,,,,,,,,,,
DB,ncs,NCS 3020-R30B,#bc778d,0.6483440846657604,0.09047130205902296,359.32745159442777,188,119,141,"[188, 119, 141]",0%,37%,25%,26%,"[0%, 37%, 25%, 26%]",58.06,29.95,-0.06,"[58.06, 29.95, -0.06]",https://www.google.com/search?tbm=isch&q=ncs%20NCS%203020-R30B%20color%20swatch,,,,,,,,,,,,,,,,,,,,,,,,,,,,,,,,,,,,,,,,,,,,
DB,ncs,NCS 3020-R40B,#bc7d9c,0.6636672241153254,0.08774799126594793,348.82198636483724,188,125,156,"[188, 125, 156]",0%,34%,17%,26%,"[0%, 34%, 17%, 26%]",59.80,28.51,-6.14,"[59.80, 28.51, -6.14]",https://www.google.com/search?tbm=isch&q=ncs%20NCS%203020-R40B%20color%20swatch,,,,,,,,,,,,,,,,,,,,,,,,,,,,,,,,,,,,,,,,,,,,
DB,ncs,NCS 3020-R50B,#bc84b1,0.6834699092912788,0.09129666016286958,333.7399967816971,188,132,177,"[188, 132, 177]",0%,30%,6%,26%,"[0%, 30%, 6%, 26%]",61.99,27.50,-14.83,"[61.99, 27.50, -14.83]",https://www.google.com/search?tbm=isch&q=ncs%20NCS%203020-R50B%20color%20swatch,,,,,,,,,,,,,,,,,,,,,,,,,,,,,,,,,,,,,,,,,,,,
DB,ncs,NCS 3020-R60B,#a982bc,0.6645910366021799,0.09425900740874321,314.3791137217414,169,130,188,"[169, 130, 188]",10%,31%,0%,26%,"[10%, 31%, 0%, 26%]",59.78,23.43,-24.63,"[59.78, 23.43, -24.63]",https://www.google.com/search?tbm=isch&q=ncs%20NCS%203020-R60B%20color%20swatch,,,,,,,,,,,,,,,,,,,,,,,,,,,,,,,,,,,,,,,,,,,,
DB,ncs,NCS 3020-R70B,#9682bc,0.6465364393499407,0.08759848146067079,299.8043317512652,150,130,188,"[150, 130, 188]",20%,31%,0%,26%,"[20%, 31%, 0%, 26%]",57.88,16.89,-27.73,"[57.88, 16.89, -27.73]",https://www.google.com/search?tbm=isch&q=ncs%20NCS%203020-R70B%20color%20swatch,,,,,,,,,,,,,,,,,,,,,,,,,,,,,,,,,,,,,,,,,,,,
DB,ncs,NCS 3020-R80B,#7380bc,0.613878197551879,0.09236300281991595,274.03580131165756,115,128,188,"[115, 128, 188]",39%,32%,0%,26%,"[39%, 32%, 0%, 26%]",54.38,6.64,-33.42,"[54.38, 6.64, -33.42]",https://www.google.com/search?tbm=isch&q=ncs%20NCS%203020-R80B%20color%20swatch,,,,,,,,,,,,,,,,,,,,,,,,,,,,,,,,,,,,,,,,,,,,
DB,ncs,NCS 3020-R90B,#788ebc,0.647175733572818,0.07373848589541442,264.6197241869867,120,142,188,"[120, 142, 188]",36%,24%,0%,26%,"[36%, 24%, 0%, 26%]",58.62,0.56,-26.86,"[58.62, 0.56, -26.86]",https://www.google.com/search?tbm=isch&q=ncs%20NCS%203020-R90B%20color%20swatch,,,,,,,,,,,,,,,,,,,,,,,,,,,,,,,,,,,,,,,,,,,,
DB,ncs,NCS 3020-Y,#bcb385,0.7627934788917903,0.06279036658179384,98.33287954296031,188,179,133,"[188, 179, 133]",0%,5%,29%,26%,"[0%, 5%, 29%, 26%]",72.84,-2.00,24.80,"[72.84, -2.00, 24.80]",https://www.google.com/search?tbm=isch&q=ncs%20NCS%203020-Y%20color%20swatch,,,,,,,,,,,,,,,,,,,,,,,,,,,,,,,,,,,,,,,,,,,,
DB,ncs,NCS 3020-Y10R,#bcae83,0.7519369132741527,0.06030876656194586,92.16319564290757,188,174,131,"[188, 174, 131]",0%,7%,30%,26%,"[0%, 7%, 30%, 26%]",71.49,0.32,24.08,"[71.49, 0.32, 24.08]",https://www.google.com/search?tbm=isch&q=ncs%20NCS%203020-Y10R%20color%20swatch,,,,,,,,,,,,,,,,,,,,,,,,,,,,,,,,,,,,,,,,,,,,
DB,ncs,NCS 3020-Y20R,#bca982,0.7413699023662853,0.05743529998547419,84.94846434270846,188,169,130,"[188, 169, 130]",0%,10%,31%,26%,"[0%, 10%, 31%, 26%]",70.17,2.75,22.85,"[70.17, 2.75, 22.85]",https://www.google.com/search?tbm=isch&q=ncs%20NCS%203020-Y20R%20color%20swatch,,,,,,,,,,,,,,,,,,,,,,,,,,,,,,,,,,,,,,,,,,,,
DB,ncs,NCS 3020-Y30R,#bca37f,0.7284284097491212,0.05733650135004604,76.66166360517525,188,163,127,"[188, 163, 127]",0%,13%,32%,26%,"[0%, 13%, 32%, 26%]",68.56,5.53,22.33,"[68.56, 5.53, 22.33]",https://www.google.com/search?tbm=isch&q=ncs%20NCS%203020-Y30R%20color%20swatch,,,,,,,,,,,,,,,,,,,,,,,,,,,,,,,,,,,,,,,,,,,,
DB,ncs,NCS 3020-Y40R,#bc9d7d,0.7158385620767772,0.05753813781457965,67.58547625272024,188,157,125,"[188, 157, 125]",0%,16%,34%,26%,"[0%, 16%, 34%, 26%]",66.98,8.43,21.31,"[66.98, 8.43, 21.31]",https://www.google.com/search?tbm=isch&q=ncs%20NCS%203020-Y40R%20color%20swatch,,,,,,,,,,,,,,,,,,,,,,,,,,,,,,,,,,,,,,,,,,,,
DB,ncs,NCS 3020-Y50R,#bc967b,0.7014232898931918,0.05941183780128705,56.96461750883827,188,150,123,"[188, 150, 123]",0%,20%,35%,26%,"[0%, 20%, 35%, 26%]",65.16,11.88,19.98,"[65.16, 11.88, 19.98]",https://www.google.com/search?tbm=isch&q=ncs%20NCS%203020-Y50R%20color%20swatch,,,,,,,,,,,,,,,,,,,,,,,,,,,,,,,,,,,,,,,,,,,,
DB,ncs,NCS 3020-Y60R,#bc8f78,0.6870265232130371,0.0639827802084728,48.29843860396181,188,143,120,"[188, 143, 120]",0%,24%,36%,26%,"[0%, 24%, 36%, 26%]",63.36,15.27,19.22,"[63.36, 15.27, 19.22]",https://www.google.com/search?tbm=isch&q=ncs%20NCS%203020-Y60R%20color%20swatch,,,,,,,,,,,,,,,,,,,,,,,,,,,,,,,,,,,,,,,,,,,,
DB,ncs,NCS 3020-Y70R,#bc8775,0.6709952760511073,0.07071229684604391,39.55917433427817,188,135,117,"[188, 135, 117]",0%,28%,38%,26%,"[0%, 28%, 38%, 26%]",61.34,19.21,18.18,"[61.34, 19.21, 18.18]",https://www.google.com/search?tbm=isch&q=ncs%20NCS%203020-Y70R%20color%20swatch,,,,,,,,,,,,,,,,,,,,,,,,,,,,,,,,,,,,,,,,,,,,
DB,ncs,NCS 3020-Y80R,#bc7f72,0.6553589861437518,0.07896858369650905,32.526469633008674,188,127,114,"[188, 127, 114]",0%,32%,39%,26%,"[0%, 32%, 39%, 26%]",59.37,23.16,17.21,"[59.37, 23.16, 17.21]",https://www.google.com/search?tbm=isch&q=ncs%20NCS%203020-Y80R%20color%20swatch,,,,,,,,,,,,,,,,,,,,,,,,,,,,,,,,,,,,,,,,,,,,
DB,ncs,NCS 3020-Y90R,#bc7772,0.6408854762705215,0.0877047024412771,24.313283581696794,188,119,114,"[188, 119, 114]",0%,37%,39%,26%,"[0%, 37%, 39%, 26%]",57.50,27.35,14.68,"[57.50, 27.35, 14.68]",https://www.google.com/search?tbm=isch&q=ncs%20NCS%203020-Y90R%20color%20swatch,,,,,,,,,,,,,,,,,,,,,,,,,,,,,,,,,,,,,,,,,,,,
DB,ncs,NCS 3030-B,#689cbc,0.6683778218075982,0.07294181666825465,236.37964702684462,104,156,188,"[104, 156, 188]",45%,17%,0%,26%,"[45%, 17%, 0%, 26%]",61.62,-11.41,-22.39,"[61.62, -11.41, -22.39]",https://www.google.com/search?tbm=isch&q=ncs%20NCS%203030-B%20color%20swatch,,,,,,,,,,,,,,,,,,,,,,,,,,,,,,,,,,,,,,,,,,,,
DB,ncs,NCS 3030-B10G,#6ca7bc,0.6956479185739185,0.06848846015500705,222.49671576605726,108,167,188,"[108, 167, 188]",43%,11%,0%,26%,"[43%, 11%, 0%, 26%]",65.03,-15.76,-17.22,"[65.03, -15.76, -17.22]",https://www.google.com/search?tbm=isch&q=ncs%20NCS%203030-B10G%20color%20swatch,,,,,,,,,,,,,,,,,,,,,,,,,,,,,,,,,,,,,,,,,,,,
DB,ncs,NCS 3030-B30G,#70b4bc,0.7276350201993189,0.06976412397826089,205.2614428342731,112,180,188,"[112, 180, 188]",40%,4%,0%,26%,"[40%, 4%, 0%, 26%]",69.02,-20.88,-11.26,"[69.02, -20.88, -11.26]",https://www.google.com/search?tbm=isch&q=ncs%20NCS%203030-B30G%20color%20swatch,,,,,,,,,,,,,,,,,,,,,,,,,,,,,,,,,,,,,,,,,,,,
DB,ncs,NCS 3030-B40G,#71b9bc,0.7397001630800939,0.0723392124812367,199.09987267018232,113,185,188,"[113, 185, 188]",40%,2%,0%,26%,"[40%, 2%, 0%, 26%]",70.53,-22.94,-9.03,"[70.53, -22.94, -9.03]",https://www.google.com/search?tbm=isch&q=ncs%20NCS%203030-B40G%20color%20swatch,,,,,,,,,,,,,,,,,,,,,,,,,,,,,,,,,,,,,,,,,,,,
DB,ncs,NCS 3030-B50G,#71bcb9,0.7456737958840874,0.07498125467146481,192.3608646570832,113,188,185,"[113, 188, 185]",40%,0%,2%,26%,"[40%, 0%, 2%, 26%]",71.33,-24.88,-6.22,"[71.33, -24.88, -6.22]",https://www.google.com/search?tbm=isch&q=ncs%20NCS%203030-B50G%20color%20swatch,,,,,,,,,,,,,,,,,,,,,,,,,,,,,,,,,,,,,,,,,,,,
DB,ncs,NCS 3030-B60G,#70bcb5,0.7439062624363075,0.0765032768314196,188.10121160344124,112,188,181,"[112, 188, 181]",40%,0%,4%,26%,"[40%, 0%, 4%, 26%]",71.18,-25.90,-4.26,"[71.18, -25.90, -4.26]",https://www.google.com/search?tbm=isch&q=ncs%20NCS%203030-B60G%20color%20swatch,,,,,,,,,,,,,,,,,,,,,,,,,,,,,,,,,,,,,,,,,,,,
DB,ncs,NCS 3030-B70G,#6ebcb0,0.7413881054654518,0.07959161717931441,183.13971560575874,110,188,176,"[110, 188, 176]",41%,0%,6%,26%,"[41%, 0%, 6%, 26%]",70.98,-27.37,-1.87,"[70.98, -27.37, -1.87]",https://www.google.com/search?tbm=isch&q=ncs%20NCS%203030-B70G%20color%20swatch,,,,,,,,,,,,,,,,,,,,,,,,,,,,,,,,,,,,,,,,,,,,
DB,ncs,NCS 3030-B90G,#66bc95,0.7301027413761195,0.1022467455125878,162.79885478679557,102,188,149,"[102, 188, 149]",46%,0%,21%,26%,"[46%, 0%, 21%, 26%]",70.06,-34.17,11.37,"[70.06, -34.17, 11.37]",https://www.google.com/search?tbm=isch&q=ncs%20NCS%203030-B90G%20color%20swatch,,,,,,,,,,,,,,,,,,,,,,,,,,,,,,,,,,,,,,,,,,,,
DB,ncs,NCS 3030-G,#61bc84,0.7238640073086987,0.12051377881249105,154.9005035354328,97,188,132,"[97, 188, 132]",48%,0%,30%,26%,"[48%, 0%, 30%, 26%]",69.55,-38.11,19.71,"[69.55, -38.11, 19.71]",https://www.google.com/search?tbm=isch&q=ncs%20NCS%203030-G%20color%20swatch,,,,,,,,,,,,,,,,,,,,,,,,,,,,,,,,,,,,,,,,,,,,
DB,ncs,NCS 3030-G10Y,#78bc7b,0.7330532947156584,0.11554997283981976,145.2761651793469,120,188,123,"[120, 188, 123]",36%,0%,35%,26%,"[36%, 0%, 35%, 26%]",70.48,-32.47,25.90,"[70.48, -32.47, 25.90]",https://www.google.com/search?tbm=isch&q=ncs%20NCS%203030-G10Y%20color%20swatch,,,,,,,,,,,,,,,,,,,,,,,,,,,,,,,,,,,,,,,,,,,,
DB,ncs,NCS 3030-G20Y,#89bc74,0.7415583063988749,0.11301088142350883,136.95041418947437,137,188,116,"[137, 188, 116]",27%,0%,38%,26%,"[27%, 0%, 38%, 26%]",71.33,-27.50,30.85,"[71.33, -27.50, 30.85]",https://www.google.com/search?tbm=isch&q=ncs%20NCS%203030-G20Y%20color%20swatch,,,,,,,,,,,,,,,,,,,,,,,,,,,,,,,,,,,,,,,,,,,,
DB,ncs,NCS 3030-G30Y,#96bc6e,0.7489539246788866,0.11274061803821016,129.9296648347377,150,188,110,"[150, 188, 110]",20%,0%,41%,26%,"[20%, 0%, 41%, 26%]",72.08,-23.34,35.06,"[72.08, -23.34, 35.06]",https://www.google.com/search?tbm=isch&q=ncs%20NCS%203030-G30Y%20color%20swatch,,,,,,,,,,,,,,,,,,,,,,,,,,,,,,,,,,,,,,,,,,,,
DB,ncs,NCS 3030-G40Y,#a0bc6a,0.7553216554029613,0.1126223768309296,124.45840797674941,160,188,106,"[160, 188, 106]",15%,0%,44%,26%,"[15%, 0%, 44%, 26%]",72.72,-19.89,38.03,"[72.72, -19.89, 38.03]",https://www.google.com/search?tbm=isch&q=ncs%20NCS%203030-G40Y%20color%20swatch,,,,,,,,,,,,,,,,,,,,,,,,,,,,,,,,,,,,,,,,,,,,
DB,ncs,NCS 3030-G50Y,#a9bc6c,0.7623118671966963,0.10706846483792912,119.92788049725715,169,188,108,"[169, 188, 108]",10%,0%,43%,26%,"[10%, 0%, 43%, 26%]",73.41,-16.20,38.05,"[73.41, -16.20, 38.05]",https://www.google.com/search?tbm=isch&q=ncs%20NCS%203030-G50Y%20color%20swatch,,,,,,,,,,,,,,,,,,,,,,,,,,,,,,,,,,,,,,,,,,,,
DB,ncs,NCS 3030-G60Y,#b1bc6f,0.7689980626476204,0.101384185294963,115.47350373970244,177,188,111,"[177, 188, 111]",6%,0%,41%,26%,"[6%, 0%, 41%, 26%]",74.06,-12.77,37.52,"[74.06, -12.77, 37.52]",https://www.google.com/search?tbm=isch&q=ncs%20NCS%203030-G60Y%20color%20swatch,,,,,,,,,,,,,,,,,,,,,,,,,,,,,,,,,,,,,,,,,,,,
DB,ncs,NCS 3030-G70Y,#b8bc71,0.7749594809420849,0.09769461183730929,111.09495015315713,184,188,113,"[184, 188, 113]",2%,0%,40%,26%,"[2%, 0%, 40%, 26%]",74.65,-9.81,37.38,"[74.65, -9.81, 37.38]",https://www.google.com/search?tbm=isch&q=ncs%20NCS%203030-G70Y%20color%20swatch,,,,,,,,,,,,,,,,,,,,,,,,,,,,,,,,,,,,,,,,,,,,
DB,ncs,NCS 3030-G80Y,#bcb971,0.7718408895855068,0.09362219195349009,106.31870949962439,188,185,113,"[188, 185, 113]",0%,2%,40%,26%,"[0%, 2%, 40%, 26%]",74.17,-6.73,36.88,"[74.17, -6.73, 36.88]",https://www.google.com/search?tbm=isch&q=ncs%20NCS%203030-G80Y%20color%20swatch,,,,,,,,,,,,,,,,,,,,,,,,,,,,,,,,,,,,,,,,,,,,
DB,ncs,NCS 3030-G90Y,#bcb470,0.761025077299061,0.08913901132697356,102.44546740993252,188,180,112,"[188, 180, 112]",0%,4%,40%,26%,"[0%, 4%, 40%, 26%]",72.82,-4.35,35.71,"[72.82, -4.35, 35.71]",https://www.google.com/search?tbm=isch&q=ncs%20NCS%203030-G90Y%20color%20swatch,,,,,,,,,,,,,,,,,,,,,,,,,,,,,,,,,,,,,,,,,,,,
DB,ncs,NCS 3030-R,#bc555b,0.5802767893116869,0.13306158584733777,18.620144991184304,188,85,91,"[188, 85, 91]",0%,55%,52%,26%,"[0%, 55%, 52%, 26%]",49.90,42.75,17.88,"[49.90, 42.75, 17.88]",https://www.google.com/search?tbm=isch&q=ncs%20NCS%203030-R%20color%20swatch,,,,,,,,,,,,,,,,,,,,,,,,,,,,,,,,,,,,,,,,,,,,
DB,ncs,NCS 3030-R10B,#bc5763,0.5850764560889854,0.13041995539430545,14.663211600522516,188,87,99,"[188, 87, 99]",0%,54%,47%,26%,"[0%, 54%, 47%, 26%]",50.43,42.34,13.83,"[50.43, 42.34, 13.83]",https://www.google.com/search?tbm=isch&q=ncs%20NCS%203030-R10B%20color%20swatch,,,,,,,,,,,,,,,,,,,,,,,,,,,,,,,,,,,,,,,,,,,,
DB,ncs,NCS 3030-R20B,#bc5a6e,0.5923579071794924,0.1273163213236998,8.955908608793322,188,90,110,"[188, 90, 110]",0%,52%,41%,26%,"[0%, 52%, 41%, 26%]",51.23,41.72,8.37,"[51.23, 41.72, 8.37]",https://www.google.com/search?tbm=isch&q=ncs%20NCS%203030-R20B%20color%20swatch,,,,,,,,,,,,,,,,,,,,,,,,,,,,,,,,,,,,,,,,,,,,
DB,ncs,NCS 3030-R30B,#bc5f7c,0.603928477067734,0.12315504622034663,1.6660640502661863,188,95,124,"[188, 95, 124]",0%,49%,34%,26%,"[0%, 49%, 34%, 26%]",52.53,40.48,1.90,"[52.53, 40.48, 1.90]",https://www.google.com/search?tbm=isch&q=ncs%20NCS%203030-R30B%20color%20swatch,,,,,,,,,,,,,,,,,,,,,,,,,,,,,,,,,,,,,,,,,,,,
DB,ncs,NCS 3030-R40B,#bc6590,0.6197204623831906,0.1222488149775357,350.29128837957023,188,101,144,"[188, 101, 144]",0%,46%,23%,26%,"[0%, 46%, 23%, 26%]",54.25,39.48,-7.36,"[54.25, 39.48, -7.36]",https://www.google.com/search?tbm=isch&q=ncs%20NCS%203030-R40B%20color%20swatch,,,,,,,,,,,,,,,,,,,,,,,,,,,,,,,,,,,,,,,,,,,,
DB,ncs,NCS 3030-R50B,#bc6dad,0.6433071648519564,0.1292711789944693,334.3336587088397,188,109,173,"[188, 109, 173]",0%,42%,8%,26%,"[0%, 42%, 8%, 26%]",56.77,38.88,-20.42,"[56.77, 38.88, -20.42]",https://www.google.com/search?tbm=isch&q=ncs%20NCS%203030-R50B%20color%20swatch,,,,,,,,,,,,,,,,,,,,,,,,,,,,,,,,,,,,,,,,,,,,
DB,ncs,NCS 3030-R60B,#a26abc,0.6152882994033516,0.13355766292212853,314.4099059279512,162,106,188,"[162, 106, 188]",14%,44%,0%,26%,"[14%, 44%, 0%, 26%]",53.41,33.90,-34.52,"[53.41, 33.90, -34.52]",https://www.google.com/search?tbm=isch&q=ncs%20NCS%203030-R60B%20color%20swatch,,,,,,,,,,,,,,,,,,,,,,,,,,,,,,,,,,,,,,,,,,,,
DB,ncs,NCS 3030-R70B,#876bbc,0.5893321692546308,0.12330971447837549,298.4948997988265,135,107,188,"[135, 107, 188]",28%,43%,0%,26%,"[28%, 43%, 0%, 26%]",50.66,24.63,-39.06,"[50.66, 24.63, -39.06]",https://www.google.com/search?tbm=isch&q=ncs%20NCS%203030-R70B%20color%20swatch,,,,,,,,,,,,,,,,,,,,,,,,,,,,,,,,,,,,,,,,,,,,
DB,ncs,NCS 3030-R80B,#5a6cbc,0.5547247373198307,0.1257704997388606,272.1661605927562,90,108,188,"[90, 108, 188]",52%,43%,0%,26%,"[52%, 43%, 0%, 26%]",47.07,10.84,-45.03,"[47.07, 10.84, -45.03]",https://www.google.com/search?tbm=isch&q=ncs%20NCS%203030-R80B%20color%20swatch,,,,,,,,,,,,,,,,,,,,,,,,,,,,,,,,,,,,,,,,,,,,
DB,ncs,NCS 3030-R90B,#5f7ebc,0.5962246200129752,0.10179631390336809,263.3650288681755,95,126,188,"[95, 126, 188]",49%,33%,0%,26%,"[49%, 33%, 0%, 26%]",52.45,1.99,-36.54,"[52.45, 1.99, -36.54]",https://www.google.com/search?tbm=isch&q=ncs%20NCS%203030-R90B%20color%20swatch,,,,,,,,,,,,,,,,,,,,,,,,,,,,,,,,,,,,,,,,,,,,
DB,ncs,NCS 3030-Y,#bcb06e,0.7522266732767656,0.08723724565390663,99.19540588384461,188,176,110,"[188, 176, 110]",0%,6%,41%,26%,"[0%, 6%, 41%, 26%]",71.73,-2.53,35.38,"[71.73, -2.53, 35.38]",https://www.google.com/search?tbm=isch&q=ncs%20NCS%203030-Y%20color%20swatch,,,,,,,,,,,,,,,,,,,,,,,,,,,,,,,,,,,,,,,,,,,,
DB,ncs,NCS 3030-Y10R,#bca96c,0.7371995896241852,0.0829946223076066,92.74376070465667,188,169,108,"[188, 169, 108]",0%,10%,43%,26%,"[0%, 10%, 43%, 26%]",69.85,0.83,34.08,"[69.85, 0.83, 34.08]",https://www.google.com/search?tbm=isch&q=ncs%20NCS%203030-Y10R%20color%20swatch,,,,,,,,,,,,,,,,,,,,,,,,,,,,,,,,,,,,,,,,,,,,
DB,ncs,NCS 3030-Y20R,#bca16a,0.7202904906299628,0.07934223840767123,84.38804441116179,188,161,106,"[188, 161, 106]",0%,14%,44%,26%,"[0%, 14%, 44%, 26%]",67.73,4.75,32.47,"[67.73, 4.75, 32.47]",https://www.google.com/search?tbm=isch&q=ncs%20NCS%203030-Y20R%20color%20swatch,,,,,,,,,,,,,,,,,,,,,,,,,,,,,,,,,,,,,,,,,,,,
DB,ncs,NCS 3030-Y30R,#bc9a68,0.7056667693176056,0.0779862640312943,76.57228988730913,188,154,104,"[188, 154, 104]",0%,18%,45%,26%,"[0%, 18%, 45%, 26%]",65.90,8.20,31.23,"[65.90, 8.20, 31.23]",https://www.google.com/search?tbm=isch&q=ncs%20NCS%203030-Y30R%20color%20swatch,,,,,,,,,,,,,,,,,,,,,,,,,,,,,,,,,,,,,,,,,,,,
DB,ncs,NCS 3030-Y40R,#bc9165,0.6871234823519983,0.07899709851210028,66.52021027337088,188,145,101,"[188, 145, 101]",0%,23%,46%,26%,"[0%, 23%, 46%, 26%]",63.57,12.66,29.90,"[63.57, 12.66, 29.90]",https://www.google.com/search?tbm=isch&q=ncs%20NCS%203030-Y40R%20color%20swatch,,,,,,,,,,,,,,,,,,,,,,,,,,,,,,,,,,,,,,,,,,,,
DB,ncs,NCS 3030-Y50R,#bc8862,0.6690101841684871,0.08258523370379672,56.936367418559655,188,136,98,"[188, 136, 98]",0%,28%,48%,26%,"[0%, 28%, 48%, 26%]",61.29,17.16,28.64,"[61.29, 17.16, 28.64]",https://www.google.com/search?tbm=isch&q=ncs%20NCS%203030-Y50R%20color%20swatch,,,,,,,,,,,,,,,,,,,,,,,,,,,,,,,,,,,,,,,,,,,,
DB,ncs,NCS 3030-Y60R,#bc7f5f,0.6513938004529393,0.08850286730103456,48.36882365436037,188,127,95,"[188, 127, 95]",0%,32%,49%,26%,"[0%, 32%, 49%, 26%]",59.07,21.68,27.47,"[59.07, 21.68, 27.47]",https://www.google.com/search?tbm=isch&q=ncs%20NCS%203030-Y60R%20color%20swatch,,,,,,,,,,,,,,,,,,,,,,,,,,,,,,,,,,,,,,,,,,,,
DB,ncs,NCS 3030-Y70R,#bc755c,0.632557381152361,0.09714569421729678,40.12162027741982,188,117,92,"[188, 117, 92]",0%,38%,51%,26%,"[0%, 38%, 51%, 26%]",56.68,26.72,26.10,"[56.68, 26.72, 26.10]",https://www.google.com/search?tbm=isch&q=ncs%20NCS%203030-Y70R%20color%20swatch,,,,,,,,,,,,,,,,,,,,,,,,,,,,,,,,,,,,,,,,,,,,
DB,ncs,NCS 3030-Y80R,#bc6a59,0.6128501701523417,0.10861022165562563,32.706700078965355,188,106,89,"[188, 106, 89]",0%,44%,53%,26%,"[0%, 44%, 53%, 26%]",54.16,32.23,24.60,"[54.16, 32.23, 24.60]",https://www.google.com/search?tbm=isch&q=ncs%20NCS%203030-Y80R%20color%20swatch,,,,,,,,,,,,,,,,,,,,,,,,,,,,,,,,,,,,,,,,,,,,
DB,ncs,NCS 3030-Y90R,#bc6059,0.5964966880810897,0.1197141150496552,25.78329081817259,188,96,89,"[188, 96, 89]",0%,49%,53%,26%,"[0%, 49%, 53%, 26%]",52.04,37.29,21.87,"[52.04, 37.29, 21.87]",https://www.google.com/search?tbm=isch&q=ncs%20NCS%203030-Y90R%20color%20swatch,,,,,,,,,,,,,,,,,,,,,,,,,,,,,,,,,,,,,,,,,,,,
DB,ncs,NCS 3040-B,#5495bc,0.642272676953716,0.08873936707254636,236.70916749102628,84,149,188,"[84, 149, 188]",55%,21%,0%,26%,"[55%, 21%, 0%, 26%]",58.57,-12.99,-27.15,"[58.57, -12.99, -27.15]",https://www.google.com/search?tbm=isch&q=ncs%20NCS%203040-B%20color%20swatch,,,,,,,,,,,,,,,,,,,,,,,,,,,,,,,,,,,,,,,,,,,,
DB,ncs,NCS 3040-B10G,#57a2bc,0.6739734173536549,0.08368420425633515,222.86638408505564,87,162,188,"[87, 162, 188]",54%,14%,0%,26%,"[54%, 14%, 0%, 26%]",62.57,-18.70,-21.05,"[62.57, -18.70, -21.05]",https://www.google.com/search?tbm=isch&q=ncs%20NCS%203040-B10G%20color%20swatch,,,,,,,,,,,,,,,,,,,,,,,,,,,,,,,,,,,,,,,,,,,,
DB,ncs,NCS 3040-B20G,#59abbc,0.6960193923383027,0.08350066866669063,212.82209263642653,89,171,188,"[89, 171, 188]",53%,9%,0%,26%,"[53%, 9%, 0%, 26%]",65.33,-22.51,-16.88,"[65.33, -22.51, -16.88]",https://www.google.com/search?tbm=isch&q=ncs%20NCS%203040-B20G%20color%20swatch,,,,,,,,,,,,,,,,,,,,,,,,,,,,,,,,,,,,,,,,,,,,
DB,ncs,NCS 3040-B30G,#5bb3bc,0.715766450928604,0.08538414946171453,204.22878388944048,91,179,188,"[91, 179, 188]",52%,5%,0%,26%,"[52%, 5%, 0%, 26%]",67.79,-25.73,-13.20,"[67.79, -25.73, -13.20]",https://www.google.com/search?tbm=isch&q=ncs%20NCS%203040-B30G%20color%20swatch,,,,,,,,,,,,,,,,,,,,,,,,,,,,,,,,,,,,,,,,,,,,
DB,ncs,NCS 3040-B40G,#5db9bc,0.730797218882385,0.08767953008341439,198.22195122282346,93,185,188,"[93, 185, 188]",51%,2%,0%,26%,"[51%, 2%, 0%, 26%]",69.66,-27.97,-10.43,"[69.66, -27.97, -10.43]",https://www.google.com/search?tbm=isch&q=ncs%20NCS%203040-B40G%20color%20swatch,,,,,,,,,,,,,,,,,,,,,,,,,,,,,,,,,,,,,,,,,,,,
DB,ncs,NCS 3040-B50G,#5dbcb8,0.7365839851146174,0.09025656873936831,191.70277521896458,93,188,184,"[93, 188, 184]",51%,0%,2%,26%,"[51%, 0%, 2%, 26%]",70.45,-30.11,-7.08,"[70.45, -30.11, -7.08]",https://www.google.com/search?tbm=isch&q=ncs%20NCS%203040-B50G%20color%20swatch,,,,,,,,,,,,,,,,,,,,,,,,,,,,,,,,,,,,,,,,,,,,
DB,ncs,NCS 3040-B60G,#5bbcb3,0.7341804368397215,0.09263737991411113,187.2964069723148,91,188,179,"[91, 188, 179]",52%,0%,5%,26%,"[52%, 0%, 5%, 26%]",70.25,-31.56,-4.66,"[70.25, -31.56, -4.66]",https://www.google.com/search?tbm=isch&q=ncs%20NCS%203040-B60G%20color%20swatch,,,,,,,,,,,,,,,,,,,,,,,,,,,,,,,,,,,,,,,,,,,,
DB,ncs,NCS 3040-B70G,#5abcad,0.7319101903184354,0.09527001894310015,182.24129335234954,90,188,173,"[90, 188, 173]",52%,0%,8%,26%,"[52%, 0%, 8%, 26%]",70.08,-32.96,-1.66,"[70.08, -32.96, -1.66]",https://www.google.com/search?tbm=isch&q=ncs%20NCS%203040-B70G%20color%20swatch,,,,,,,,,,,,,,,,,,,,,,,,,,,,,,,,,,,,,,,,,,,,
DB,ncs,NCS 3040-B80G,#58bca5,0.72875024271257,0.10032698299726593,176.10445612202648,88,188,165,"[88, 188, 165]",53%,0%,12%,26%,"[53%, 0%, 12%, 26%]",69.83,-34.92,2.31,"[69.83, -34.92, 2.31]",https://www.google.com/search?tbm=isch&q=ncs%20NCS%203040-B80G%20color%20swatch,,,,,,,,,,,,,,,,,,,,,,,,,,,,,,,,,,,,,,,,,,,,
DB,ncs,NCS 3040-B90G,#52bc8c,0.7198855146531443,0.12180865087951302,161.3478085407146,82,188,140,"[82, 188, 140]",56%,0%,26%,26%,"[56%, 0%, 26%, 26%]",69.12,-40.62,14.76,"[69.12, -40.62, 14.76]",https://www.google.com/search?tbm=isch&q=ncs%20NCS%203040-B90G%20color%20swatch,,,,,,,,,,,,,,,,,,,,,,,,,,,,,,,,,,,,,,,,,,,,
DB,ncs,NCS 3040-G,#4dbc78,0.7137292128724737,0.1424564058900902,153.66618804045663,77,188,120,"[77, 188, 120]",59%,0%,36%,26%,"[59%, 0%, 36%, 26%]",68.64,-44.75,24.65,"[68.64, -44.75, 24.65]",https://www.google.com/search?tbm=isch&q=ncs%20NCS%203040-G%20color%20swatch,,,,,,,,,,,,,,,,,,,,,,,,,,,,,,,,,,,,,,,,,,,,
DB,ncs,NCS 3040-G10Y,#68bc6c,0.7222403427646971,0.1400784699803236,144.93489163542938,104,188,108,"[104, 188, 108]",45%,0%,43%,26%,"[45%, 0%, 43%, 26%]",69.50,-39.21,32.18,"[69.50, -39.21, 32.18]",https://www.google.com/search?tbm=isch&q=ncs%20NCS%203040-G10Y%20color%20swatch,,,,,,,,,,,,,,,,,,,,,,,,,,,,,,,,,,,,,,,,,,,,
DB,ncs,NCS 3040-G20Y,#7dbc63,0.7316182475810514,0.1374013567064273,137.1840116381785,125,188,99,"[125, 188, 99]",34%,0%,47%,26%,"[34%, 0%, 47%, 26%]",70.43,-33.40,38.10,"[70.43, -33.40, 38.10]",https://www.google.com/search?tbm=isch&q=ncs%20NCS%203040-G20Y%20color%20swatch,,,,,,,,,,,,,,,,,,,,,,,,,,,,,,,,,,,,,,,,,,,,
DB,ncs,NCS 3040-G30Y,#8cbc5b,0.7395193840046008,0.13736258723699507,130.83342531592723,140,188,91,"[140, 188, 91]",26%,0%,52%,26%,"[26%, 0%, 52%, 26%]",71.23,-28.73,43.16,"[71.23, -28.73, 43.16]",https://www.google.com/search?tbm=isch&q=ncs%20NCS%203040-G30Y%20color%20swatch,,,,,,,,,,,,,,,,,,,,,,,,,,,,,,,,,,,,,,,,,,,,
DB,ncs,NCS 3040-G40Y,#99bc55,0.7474431931630706,0.1369153240813463,125.20900520417035,153,188,85,"[153, 188, 85]",19%,0%,55%,26%,"[19%, 0%, 55%, 26%]",72.02,-24.24,47.14,"[72.02, -24.24, 47.14]",https://www.google.com/search?tbm=isch&q=ncs%20NCS%203040-G40Y%20color%20swatch,,,,,,,,,,,,,,,,,,,,,,,,,,,,,,,,,,,,,,,,,,,,
DB,ncs,NCS 3040-G50Y,#a5bc58,0.7564941554833092,0.1292203537049245,120.33148939853066,165,188,88,"[165, 188, 88]",12%,0%,53%,26%,"[12%, 0%, 53%, 26%]",72.90,-19.30,47.02,"[72.90, -19.30, 47.02]",https://www.google.com/search?tbm=isch&q=ncs%20NCS%203040-G50Y%20color%20swatch,,,,,,,,,,,,,,,,,,,,,,,,,,,,,,,,,,,,,,,,,,,,
DB,ncs,NCS 3040-G60Y,#aebc5a,0.7636503507977231,0.12434991894181481,116.15700680578368,174,188,90,"[174, 188, 90]",7%,0%,52%,26%,"[7%, 0%, 52%, 26%]",73.60,-15.54,47.11,"[73.60, -15.54, 47.11]",https://www.google.com/search?tbm=isch&q=ncs%20NCS%203040-G60Y%20color%20swatch,,,,,,,,,,,,,,,,,,,,,,,,,,,,,,,,,,,,,,,,,,,,
DB,ncs,NCS 3040-G70Y,#b7bc5c,0.7711346194856583,0.12021142116882816,111.57162301092507,183,188,92,"[183, 188, 92]",3%,0%,51%,26%,"[3%, 0%, 51%, 26%]",74.34,-11.74,47.24,"[74.34, -11.74, 47.24]",https://www.google.com/search?tbm=isch&q=ncs%20NCS%203040-G70Y%20color%20swatch,,,,,,,,,,,,,,,,,,,,,,,,,,,,,,,,,,,,,,,,,,,,
DB,ncs,NCS 3040-G80Y,#bcb95d,0.7689388875353581,0.1150428378574767,107.12795494439342,188,185,93,"[188, 185, 93]",0%,2%,51%,26%,"[0%, 2%, 51%, 26%]",73.95,-8.17,46.45,"[73.95, -8.17, 46.45]",https://www.google.com/search?tbm=isch&q=ncs%20NCS%203040-G80Y%20color%20swatch,,,,,,,,,,,,,,,,,,,,,,,,,,,,,,,,,,,,,,,,,,,,
DB,ncs,NCS 3040-G90Y,#bcb25b,0.7536678247349539,0.10963739379337507,102.75384783561509,188,178,91,"[188, 178, 91]",0%,5%,52%,26%,"[0%, 5%, 52%, 26%]",72.05,-4.87,45.22,"[72.05, -4.87, 45.22]",https://www.google.com/search?tbm=isch&q=ncs%20NCS%203040-G90Y%20color%20swatch,,,,,,,,,,,,,,,,,,,,,,,,,,,,,,,,,,,,,,,,,,,,
DB,ncs,NCS 3040-R,#bc4149,0.5501318746256163,0.15796781499721582,20.294781406012078,188,65,73,"[188, 65, 73]",0%,65%,61%,26%,"[0%, 65%, 61%, 26%]",46.16,50.58,23.82,"[46.16, 50.58, 23.82]",https://www.google.com/search?tbm=isch&q=ncs%20NCS%203040-R%20color%20swatch,,,,,,,,,,,,,,,,,,,,,,,,,,,,,,,,,,,,,,,,,,,,
DB,ncs,NCS 3040-R10B,#bc4352,0.5543827444810302,0.1554213542185813,16.517086250226157,188,67,82,"[188, 67, 82]",0%,64%,56%,26%,"[0%, 64%, 56%, 26%]",46.61,50.21,18.96,"[46.61, 50.21, 18.96]",https://www.google.com/search?tbm=isch&q=ncs%20NCS%203040-R10B%20color%20swatch,,,,,,,,,,,,,,,,,,,,,,,,,,,,,,,,,,,,,,,,,,,,
DB,ncs,NCS 3040-R20B,#bc465e,0.5608820184204569,0.1524495216851637,11.164331461612278,188,70,94,"[188, 70, 94]",0%,63%,50%,26%,"[0%, 63%, 50%, 26%]",47.31,49.67,12.60,"[47.31, 49.67, 12.60]",https://www.google.com/search?tbm=isch&q=ncs%20NCS%203040-R20B%20color%20swatch,,,,,,,,,,,,,,,,,,,,,,,,,,,,,,,,,,,,,,,,,,,,
DB,ncs,NCS 3040-R30B,#bc4a6e,0.5703056302215855,0.1501934248690035,3.5037323144459265,188,74,110,"[188, 74, 110]",0%,61%,41%,26%,"[0%, 61%, 41%, 26%]",48.32,49.07,4.28,"[48.32, 49.07, 4.28]",https://www.google.com/search?tbm=isch&q=ncs%20NCS%203040-R30B%20color%20swatch,,,,,,,,,,,,,,,,,,,,,,,,,,,,,,,,,,,,,,,,,,,,
DB,ncs,NCS 3040-R40B,#bc5086,0.5859764343115427,0.15089507476267458,351.6039855267155,188,80,134,"[188, 80, 134]",0%,57%,29%,26%,"[0%, 57%, 29%, 26%]",49.96,48.48,-7.77,"[49.96, 48.48, -7.77]",https://www.google.com/search?tbm=isch&q=ncs%20NCS%203040-R40B%20color%20swatch,,,,,,,,,,,,,,,,,,,,,,,,,,,,,,,,,,,,,,,,,,,,
DB,ncs,NCS 3040-R50B,#bc59a9,0.6121414638980924,0.15996617251122816,335.22268900172253,188,89,169,"[188, 89, 169]",0%,53%,10%,26%,"[0%, 53%, 10%, 26%]",52.68,48.15,-24.32,"[52.68, 48.15, -24.32]",https://www.google.com/search?tbm=isch&q=ncs%20NCS%203040-R50B%20color%20swatch,,,,,,,,,,,,,,,,,,,,,,,,,,,,,,,,,,,,,,,,,,,,
DB,ncs,NCS 3040-R60B,#9b55bc,0.5745588372483341,0.1655354590908005,313.75748142797283,155,85,188,"[155, 85, 188]",18%,55%,0%,26%,"[18%, 55%, 0%, 26%]",48.08,42.58,-42.94,"[48.08, 42.58, -42.94]",https://www.google.com/search?tbm=isch&q=ncs%20NCS%203040-R60B%20color%20swatch,,,,,,,,,,,,,,,,,,,,,,,,,,,,,,,,,,,,,,,,,,,,
DB,ncs,NCS 3040-R70B,#7b58bc,0.5443040704091663,0.151925042104829,297.25294985168716,123,88,188,"[123, 88, 188]",35%,53%,0%,26%,"[35%, 53%, 0%, 26%]",44.87,31.55,-48.30,"[44.87, 31.55, -48.30]",https://www.google.com/search?tbm=isch&q=ncs%20NCS%203040-R70B%20color%20swatch,,,,,,,,,,,,,,,,,,,,,,,,,,,,,,,,,,,,,,,,,,,,
DB,ncs,NCS 3040-R80B,#455bbc,0.5068199287815784,0.154082141909493,270.42149194412093,69,91,188,"[69, 91, 188]",63%,52%,0%,26%,"[63%, 52%, 0%, 26%]",41.01,15.91,-54.79,"[41.01, 15.91, -54.79]",https://www.google.com/search?tbm=isch&q=ncs%20NCS%203040-R80B%20color%20swatch,,,,,,,,,,,,,,,,,,,,,,,,,,,,,,,,,,,,,,,,,,,,
DB,ncs,NCS 3040-R90B,#4b70bc,0.5542455732937835,0.1258602211858039,263.2786534842494,75,112,188,"[75, 112, 188]",60%,40%,0%,26%,"[60%, 40%, 0%, 26%]",47.27,4.87,-44.78,"[47.27, 4.87, -44.78]",https://www.google.com/search?tbm=isch&q=ncs%20NCS%203040-R90B%20color%20swatch,,,,,,,,,,,,,,,,,,,,,,,,,,,,,,,,,,,,,,,,,,,,
DB,ncs,NCS 3040-Y,#bcad5a,0.7429059053717585,0.10577835906981635,99.25765448614516,188,173,90,"[188, 173, 90]",0%,8%,52%,26%,"[0%, 8%, 52%, 26%]",70.71,-2.45,44.16,"[70.71, -2.45, 44.16]",https://www.google.com/search?tbm=isch&q=ncs%20NCS%203040-Y%20color%20swatch,,,,,,,,,,,,,,,,,,,,,,,,,,,,,,,,,,,,,,,,,,,,
DB,ncs,NCS 3040-Y10R,#bca458,0.7237243941485693,0.10015418092855166,92.23480403369035,188,164,88,"[188, 164, 88]",0%,13%,53%,26%,"[0%, 13%, 53%, 26%]",68.31,1.96,42.36,"[68.31, 1.96, 42.36]",https://www.google.com/search?tbm=isch&q=ncs%20NCS%203040-Y10R%20color%20swatch,,,,,,,,,,,,,,,,,,,,,,,,,,,,,,,,,,,,,,,,,,,,
DB,ncs,NCS 3040-Y20R,#bc9b55,0.704721908284659,0.09724984827293998,84.60792332761764,188,155,85,"[188, 155, 85]",0%,18%,55%,26%,"[0%, 18%, 55%, 26%]",65.93,6.38,41.09,"[65.93, 6.38, 41.09]",https://www.google.com/search?tbm=isch&q=ncs%20NCS%203040-Y20R%20color%20swatch,,,,,,,,,,,,,,,,,,,,,,,,,,,,,,,,,,,,,,,,,,,,
DB,ncs,NCS 3040-Y30R,#bc9153,0.6842266519500336,0.09519575599453863,75.122310500781,188,145,83,"[188, 145, 83]",0%,23%,56%,26%,"[0%, 23%, 56%, 26%]",63.35,11.45,39.10,"[63.35, 11.45, 39.10]",https://www.google.com/search?tbm=isch&q=ncs%20NCS%203040-Y30R%20color%20swatch,,,,,,,,,,,,,,,,,,,,,,,,,,,,,,,,,,,,,,,,,,,,
DB,ncs,NCS 3040-Y40R,#bc8750,0.6641268772117435,0.09684469060589397,65.83051585669011,188,135,80,"[188, 135, 80]",0%,28%,57%,26%,"[0%, 28%, 57%, 26%]",60.82,16.51,37.68,"[60.82, 16.51, 37.68]",https://www.google.com/search?tbm=isch&q=ncs%20NCS%203040-Y40R%20color%20swatch,,,,,,,,,,,,,,,,,,,,,,,,,,,,,,,,,,,,,,,,,,,,
DB,ncs,NCS 3040-Y50R,#bc7c4e,0.6429403806488748,0.10092032070084997,55.547017547279495,188,124,78,"[188, 124, 78]",0%,34%,59%,26%,"[0%, 34%, 59%, 26%]",58.13,22.19,35.57,"[58.13, 22.19, 35.57]",https://www.google.com/search?tbm=isch&q=ncs%20NCS%203040-Y50R%20color%20swatch,,,,,,,,,,,,,,,,,,,,,,,,,,,,,,,,,,,,,,,,,,,,
DB,ncs,NCS 3040-Y60R,#bc714b,0.622510626282719,0.1087115775098836,46.9277877729283,188,113,75,"[188, 113, 75]",0%,40%,60%,26%,"[0%, 40%, 60%, 26%]",55.54,27.79,34.11,"[55.54, 27.79, 34.11]",https://www.google.com/search?tbm=isch&q=ncs%20NCS%203040-Y60R%20color%20swatch,,,,,,,,,,,,,,,,,,,,,,,,,,,,,,,,,,,,,,,,,,,,
DB,ncs,NCS 3040-Y70R,#bc6648,0.6031424770386921,0.11874986795833885,39.77436297834112,188,102,72,"[188, 102, 72]",0%,46%,62%,26%,"[0%, 46%, 62%, 26%]",53.07,33.30,32.84,"[53.07, 33.30, 32.84]",https://www.google.com/search?tbm=isch&q=ncs%20NCS%203040-Y70R%20color%20swatch,,,,,,,,,,,,,,,,,,,,,,,,,,,,,,,,,,,,,,,,,,,,
DB,ncs,NCS 3040-Y80R,#bc5a45,0.5834735245146752,0.13128034953376125,33.47681234415438,188,90,69,"[188, 90, 69]",0%,52%,63%,26%,"[0%, 52%, 63%, 26%]",50.55,39.14,31.53,"[50.55, 39.14, 31.53]",https://www.google.com/search?tbm=isch&q=ncs%20NCS%203040-Y80R%20color%20swatch,,,,,,,,,,,,,,,,,,,,,,,,,,,,,,,,,,,,,,,,,,,,
DB,ncs,NCS 3040-Y90R,#bc4d46,0.564827537304652,0.14496979344814662,26.347853891986517,188,77,70,"[188, 77, 70]",0%,59%,63%,26%,"[0%, 59%, 63%, 26%]",48.11,45.29,28.03,"[48.11, 45.29, 28.03]",https://www.google.com/search?tbm=isch&q=ncs%20NCS%203040-Y90R%20color%20swatch,,,,,,,,,,,,,,,,,,,,,,,,,,,,,,,,,,,,,,,,,,,,
DB,ncs,NCS 3050-B,#428ebc,0.618435528972089,0.10225274865294141,238.13273625393822,66,142,188,"[66, 142, 188]",65%,24%,0%,26%,"[65%, 24%, 0%, 26%]",55.74,-13.31,-31.58,"[55.74, -13.31, -31.58]",https://www.google.com/search?tbm=isch&q=ncs%20NCS%203050-B%20color%20swatch,,,,,,,,,,,,,,,,,,,,,,,,,,,,,,,,,,,,,,,,,,,,
DB,ncs,NCS 3050-B10G,#459dbc,0.6550984194205548,0.0951415789891592,224.35157963744984,69,157,188,"[69, 157, 188]",63%,16%,0%,26%,"[63%, 16%, 0%, 26%]",60.38,-20.14,-24.45,"[60.38, -20.14, -24.45]",https://www.google.com/search?tbm=isch&q=ncs%20NCS%203050-B10G%20color%20swatch,,,,,,,,,,,,,,,,,,,,,,,,,,,,,,,,,,,,,,,,,,,,
DB,ncs,NCS 3050-B20G,#47a8bc,0.6821291353821011,0.09422878386962075,213.48713614423343,71,168,188,"[71, 168, 188]",62%,11%,0%,26%,"[62%, 11%, 0%, 26%]",63.77,-24.92,-19.30,"[63.77, -24.92, -19.30]",https://www.google.com/search?tbm=isch&q=ncs%20NCS%203050-B20G%20color%20swatch,,,,,,,,,,,,,,,,,,,,,,,,,,,,,,,,,,,,,,,,,,,,
DB,ncs,NCS 3050-B30G,#49b1bc,0.7044467868001689,0.09592408449688754,204.85237559336497,73,177,188,"[73, 177, 188]",61%,6%,0%,26%,"[61%, 6%, 0%, 26%]",66.56,-28.61,-15.12,"[66.56, -28.61, -15.12]",https://www.google.com/search?tbm=isch&q=ncs%20NCS%203050-B30G%20color%20swatch,,,,,,,,,,,,,,,,,,,,,,,,,,,,,,,,,,,,,,,,,,,,
DB,ncs,NCS 3050-B40G,#4ab8bc,0.7216583573279279,0.09906195213039887,198.52777169657872,74,184,188,"[74, 184, 188]",61%,2%,0%,26%,"[61%, 2%, 0%, 26%]",68.70,-31.50,-11.92,"[68.70, -31.50, -11.92]",https://www.google.com/search?tbm=isch&q=ncs%20NCS%203050-B40G%20color%20swatch,,,,,,,,,,,,,,,,,,,,,,,,,,,,,,,,,,,,,,,,,,,,
DB,ncs,NCS 3050-B50G,#4abcb8,0.7299692344759522,0.10209290820375153,191.89497882362093,74,188,184,"[74, 188, 184]",61%,0%,2%,26%,"[61%, 0%, 2%, 26%]",69.81,-34.07,-8.11,"[69.81, -34.07, -8.11]",https://www.google.com/search?tbm=isch&q=ncs%20NCS%203050-B50G%20color%20swatch,,,,,,,,,,,,,,,,,,,,,,,,,,,,,,,,,,,,,,,,,,,,
DB,ncs,NCS 3050-B60G,#49bcb1,0.7273648959602694,0.1041740857903749,186.35855946530944,73,188,177,"[73, 188, 177]",61%,0%,6%,26%,"[61%, 0%, 6%, 26%]",69.61,-35.71,-4.60,"[69.61, -35.71, -4.60]",https://www.google.com/search?tbm=isch&q=ncs%20NCS%203050-B60G%20color%20swatch,,,,,,,,,,,,,,,,,,,,,,,,,,,,,,,,,,,,,,,,,,,,
DB,ncs,NCS 3050-B70G,#47bcaa,0.7245675526857336,0.10776723435798059,181.17311456229004,71,188,170,"[71, 188, 170]",62%,0%,10%,26%,"[62%, 0%, 10%, 26%]",69.39,-37.49,-1.12,"[69.39, -37.49, -1.12]",https://www.google.com/search?tbm=isch&q=ncs%20NCS%203050-B70G%20color%20swatch,,,,,,,,,,,,,,,,,,,,,,,,,,,,,,,,,,,,,,,,,,,,
DB,ncs,NCS 3050-B80G,#45bca1,0.7213029820738488,0.11332878484517456,175.0616509274205,69,188,161,"[69, 188, 161]",63%,0%,14%,26%,"[63%, 0%, 14%, 26%]",69.14,-39.61,3.39,"[69.14, -39.61, 3.39]",https://www.google.com/search?tbm=isch&q=ncs%20NCS%203050-B80G%20color%20swatch,,,,,,,,,,,,,,,,,,,,,,,,,,,,,,,,,,,,,,,,,,,,
DB,ncs,NCS 3050-B90G,#40bc84,0.7124014310833563,0.1373445404864955,159.92770979781903,64,188,132,"[64, 188, 132]",66%,0%,30%,26%,"[66%, 0%, 30%, 26%]",68.45,-45.61,18.01,"[68.45, -45.61, 18.01]",https://www.google.com/search?tbm=isch&q=ncs%20NCS%203050-B90G%20color%20swatch,,,,,,,,,,,,,,,,,,,,,,,,,,,,,,,,,,,,,,,,,,,,
DB,ncs,NCS 3050-G,#3bbc6d,0.7063684739503093,0.16026388990727344,152.355681942282,59,188,109,"[59, 188, 109]",69%,0%,42%,26%,"[69%, 0%, 42%, 26%]",67.98,-49.85,29.37,"[67.98, -49.85, 29.37]",https://www.google.com/search?tbm=isch&q=ncs%20NCS%203050-G%20color%20swatch,,,,,,,,,,,,,,,,,,,,,,,,,,,,,,,,,,,,,,,,,,,,
DB,ncs,NCS 3050-G10Y,#5bbc5f,0.7144824995274411,0.15939991698163633,144.45037702811652,91,188,95,"[91, 188, 95]",52%,0%,49%,26%,"[52%, 0%, 49%, 26%]",68.80,-44.31,37.65,"[68.80, -44.31, 37.65]",https://www.google.com/search?tbm=isch&q=ncs%20NCS%203050-G10Y%20color%20swatch,,,,,,,,,,,,,,,,,,,,,,,,,,,,,,,,,,,,,,,,,,,,
DB,ncs,NCS 3050-G20Y,#72bc54,0.72356169602125,0.1575563411413079,137.5473413809392,114,188,84,"[114, 188, 84]",39%,0%,55%,26%,"[39%, 0%, 55%, 26%]",69.71,-38.42,44.24,"[69.71, -38.42, 44.24]",https://www.google.com/search?tbm=isch&q=ncs%20NCS%203050-G20Y%20color%20swatch,,,,,,,,,,,,,,,,,,,,,,,,,,,,,,,,,,,,,,,,,,,,
DB,ncs,NCS 3050-G30Y,#84bc4a,0.732502046634966,0.1567581078388289,131.3557503196812,132,188,74,"[132, 188, 74]",30%,0%,61%,26%,"[30%, 0%, 61%, 26%]",70.59,-32.91,50.02,"[70.59, -32.91, 50.02]",https://www.google.com/search?tbm=isch&q=ncs%20NCS%203050-G30Y%20color%20swatch,,,,,,,,,,,,,,,,,,,,,,,,,,,,,,,,,,,,,,,,,,,,
DB,ncs,NCS 3050-G40Y,#93bc43,0.741404219117328,0.1549931375740227,125.95317630874933,147,188,67,"[147, 188, 67]",22%,0%,64%,26%,"[22%, 0%, 64%, 26%]",71.48,-27.68,54.23,"[71.48, -27.68, 54.23]",https://www.google.com/search?tbm=isch&q=ncs%20NCS%203050-G40Y%20color%20swatch,,,,,,,,,,,,,,,,,,,,,,,,,,,,,,,,,,,,,,,,,,,,
DB,ncs,NCS 3050-G50Y,#a0bc45,0.7507328313820528,0.14778489999398683,121.33052413715342,160,188,69,"[160, 188, 69]",15%,0%,63%,26%,"[15%, 0%, 63%, 26%]",72.38,-22.44,54.68,"[72.38, -22.44, 54.68]",https://www.google.com/search?tbm=isch&q=ncs%20NCS%203050-G50Y%20color%20swatch,,,,,,,,,,,,,,,,,,,,,,,,,,,,,,,,,,,,,,,,,,,,
DB,ncs,NCS 3050-G60Y,#abbc47,0.7592229315420747,0.14219879312800435,116.91035915300984,171,188,71,"[171, 188, 71]",9%,0%,62%,26%,"[9%, 0%, 62%, 26%]",73.22,-17.88,55.02,"[73.22, -17.88, 55.02]",https://www.google.com/search?tbm=isch&q=ncs%20NCS%203050-G60Y%20color%20swatch,,,,,,,,,,,,,,,,,,,,,,,,,,,,,,,,,,,,,,,,,,,,
DB,ncs,NCS 3050-G70Y,#b6bc4a,0.7683079271898299,0.13671276957626904,112.02630418725624,182,188,74,"[182, 188, 74]",3%,0%,61%,26%,"[3%, 0%, 61%, 26%]",74.11,-13.19,55.01,"[74.11, -13.19, 55.01]",https://www.google.com/search?tbm=isch&q=ncs%20NCS%203050-G70Y%20color%20swatch,,,,,,,,,,,,,,,,,,,,,,,,,,,,,,,,,,,,,,,,,,,,
DB,ncs,NCS 3050-G80Y,#bcb84a,0.7646277118732333,0.13133664925931615,107.15900225947064,188,184,74,"[188, 184, 74]",0%,2%,61%,26%,"[0%, 2%, 61%, 26%]",73.52,-8.77,54.58,"[73.52, -8.77, 54.58]",https://www.google.com/search?tbm=isch&q=ncs%20NCS%203050-G80Y%20color%20swatch,,,,,,,,,,,,,,,,,,,,,,,,,,,,,,,,,,,,,,,,,,,,
DB,ncs,NCS 3050-G90Y,#bcb048,0.7472077386521565,0.12512636904382476,102.7404977968356,188,176,72,"[188, 176, 72]",0%,6%,62%,26%,"[0%, 6%, 62%, 26%]",71.36,-4.94,53.17,"[71.36, -4.94, 53.17]",https://www.google.com/search?tbm=isch&q=ncs%20NCS%203050-G90Y%20color%20swatch,,,,,,,,,,,,,,,,,,,,,,,,,,,,,,,,,,,,,,,,,,,,
DB,ncs,NCS 3050-R,#bc313a,0.5305480203226705,0.17513401968215508,22.25723138767671,188,49,58,"[188, 49, 58]",0%,74%,69%,26%,"[0%, 74%, 69%, 26%]",43.73,55.85,29.93,"[43.73, 55.85, 29.93]",https://www.google.com/search?tbm=isch&q=ncs%20NCS%203050-R%20color%20swatch,,,,,,,,,,,,,,,,,,,,,,,,,,,,,,,,,,,,,,,,,,,,
DB,ncs,NCS 3050-R10B,#bc3343,0.5340073175482657,0.17274883040043215,19.036277544618656,188,51,67,"[188, 51, 67]",0%,73%,64%,26%,"[0%, 73%, 64%, 26%]",44.09,55.53,24.90,"[44.09, 55.53, 24.90]",https://www.google.com/search?tbm=isch&q=ncs%20NCS%203050-R10B%20color%20swatch,,,,,,,,,,,,,,,,,,,,,,,,,,,,,,,,,,,,,,,,,,,,
DB,ncs,NCS 3050-R20B,#bc3550,0.5386487255014695,0.17093006686227225,13.641650952249847,188,53,80,"[188, 53, 80]",0%,72%,57%,26%,"[0%, 72%, 57%, 26%]",44.56,55.44,17.49,"[44.56, 55.44, 17.49]",https://www.google.com/search?tbm=isch&q=ncs%20NCS%203050-R20B%20color%20swatch,,,,,,,,,,,,,,,,,,,,,,,,,,,,,,,,,,,,,,,,,,,,
DB,ncs,NCS 3050-R30B,#bc3963,0.547539633502019,0.16929702400618638,5.265360865826153,188,57,99,"[188, 57, 99]",0%,70%,47%,26%,"[0%, 70%, 47%, 26%]",45.47,55.11,6.99,"[45.47, 55.11, 6.99]",https://www.google.com/search?tbm=isch&q=ncs%20NCS%203050-R30B%20color%20swatch,,,,,,,,,,,,,,,,,,,,,,,,,,,,,,,,,,,,,,,,,,,,
DB,ncs,NCS 3050-R40B,#bc3e7d,0.561214411752314,0.17221267363370094,353.2638122764213,188,62,125,"[188, 62, 125]",0%,67%,34%,26%,"[0%, 67%, 34%, 26%]",46.83,55.18,-6.98,"[46.83, 55.18, -6.98]",https://www.google.com/search?tbm=isch&q=ncs%20NCS%203050-R40B%20color%20swatch,,,,,,,,,,,,,,,,,,,,,,,,,,,,,,,,,,,,,,,,,,,,
DB,ncs,NCS 3050-R50B,#bc46a5,0.5866953722377977,0.1858208135868771,336.17492352292356,188,70,165,"[188, 70, 165]",0%,63%,12%,26%,"[0%, 63%, 12%, 26%]",49.33,55.98,-27.13,"[49.33, 55.98, -27.13]",https://www.google.com/search?tbm=isch&q=ncs%20NCS%203050-R50B%20color%20swatch,,,,,,,,,,,,,,,,,,,,,,,,,,,,,,,,,,,,,,,,,,,,
DB,ncs,NCS 3050-R60B,#9543bc,0.5430338849416011,0.19006524424994545,313.05755999685937,149,67,188,"[149, 67, 188]",21%,64%,0%,26%,"[21%, 64%, 0%, 26%]",43.89,49.52,-49.65,"[43.89, 49.52, -49.65]",https://www.google.com/search?tbm=isch&q=ncs%20NCS%203050-R60B%20color%20swatch,,,,,,,,,,,,,,,,,,,,,,,,,,,,,,,,,,,,,,,,,,,,
DB,ncs,NCS 3050-R70B,#7048bc,0.5075715645679827,0.17430955308713392,295.3897841475107,112,72,188,"[112, 72, 188]",40%,62%,0%,26%,"[40%, 62%, 0%, 26%]",40.08,37.29,-56.06,"[40.08, 37.29, -56.06]",https://www.google.com/search?tbm=isch&q=ncs%20NCS%203050-R70B%20color%20swatch,,,,,,,,,,,,,,,,,,,,,,,,,,,,,,,,,,,,,,,,,,,,
DB,ncs,NCS 3050-R80B,#354ebc,0.47249570309656364,0.17508021809935612,268.90308769090973,53,78,188,"[53, 78, 188]",72%,59%,0%,26%,"[72%, 59%, 0%, 26%]",36.56,20.85,-62.04,"[36.56, 20.85, -62.04]",https://www.google.com/search?tbm=isch&q=ncs%20NCS%203050-R80B%20color%20swatch,,,,,,,,,,,,,,,,,,,,,,,,,,,,,,,,,,,,,,,,,,,,
DB,ncs,NCS 3050-R90B,#3964bc,0.5194006294861132,0.1466137192684365,262.7783860595979,57,100,188,"[57, 100, 188]",70%,47%,0%,26%,"[70%, 47%, 0%, 26%]",42.90,8.18,-51.79,"[42.90, 8.18, -51.79]",https://www.google.com/search?tbm=isch&q=ncs%20NCS%203050-R90B%20color%20swatch,,,,,,,,,,,,,,,,,,,,,,,,,,,,,,,,,,,,,,,,,,,,
DB,ncs,NCS 3050-Y,#bcaa47,0.7343238061391691,0.12059106153955412,99.02017354993649,188,170,71,"[188, 170, 71]",0%,10%,62%,26%,"[0%, 10%, 62%, 26%]",69.75,-2.01,51.92,"[69.75, -2.01, 51.92]",https://www.google.com/search?tbm=isch&q=ncs%20NCS%203050-Y%20color%20swatch,,,,,,,,,,,,,,,,,,,,,,,,,,,,,,,,,,,,,,,,,,,,
DB,ncs,NCS 3050-Y10R,#bca045,0.7131058669119288,0.1145928819378484,92.10837586857048,188,160,69,"[188, 160, 69]",0%,15%,63%,26%,"[0%, 15%, 63%, 26%]",67.09,2.95,50.01,"[67.09, 2.95, 50.01]",https://www.google.com/search?tbm=isch&q=ncs%20NCS%203050-Y10R%20color%20swatch,,,,,,,,,,,,,,,,,,,,,,,,,,,,,,,,,,,,,,,,,,,,
DB,ncs,NCS 3050-Y20R,#bc9543,0.6902757809556284,0.11012317901205228,83.51948982675316,188,149,67,"[188, 149, 67]",0%,21%,64%,26%,"[0%, 21%, 64%, 26%]",64.22,8.52,47.89,"[64.22, 8.52, 47.89]",https://www.google.com/search?tbm=isch&q=ncs%20NCS%203050-Y20R%20color%20swatch,,,,,,,,,,,,,,,,,,,,,,,,,,,,,,,,,,,,,,,,,,,,
DB,ncs,NCS 3050-Y30R,#bc8a41,0.6680593192532075,0.10853986177318566,74.2538207439228,188,138,65,"[188, 138, 65]",0%,27%,65%,26%,"[0%, 27%, 65%, 26%]",61.42,14.17,45.85,"[61.42, 14.17, 45.85]",https://www.google.com/search?tbm=isch&q=ncs%20NCS%203050-Y30R%20color%20swatch,,,,,,,,,,,,,,,,,,,,,,,,,,,,,,,,,,,,,,,,,,,,
DB,ncs,NCS 3050-Y40R,#bc7e3e,0.6445703046789664,0.1109546060348997,64.32295888395856,188,126,62,"[188, 126, 62]",0%,33%,67%,26%,"[0%, 33%, 67%, 26%]",58.45,20.34,44.13,"[58.45, 20.34, 44.13]",https://www.google.com/search?tbm=isch&q=ncs%20NCS%203050-Y40R%20color%20swatch,,,,,,,,,,,,,,,,,,,,,,,,,,,,,,,,,,,,,,,,,,,,
DB,ncs,NCS 3050-Y50R,#bc723c,0.6222472023082479,0.11630502383113353,54.71724081182083,188,114,60,"[188, 114, 60]",0%,39%,68%,26%,"[0%, 39%, 68%, 26%]",55.61,26.55,42.08,"[55.61, 26.55, 42.08]",https://www.google.com/search?tbm=isch&q=ncs%20NCS%203050-Y50R%20color%20swatch,,,,,,,,,,,,,,,,,,,,,,,,,,,,,,,,,,,,,,,,,,,,
DB,ncs,NCS 3050-Y60R,#bc663a,0.6011835900303092,0.12477340052265942,46.31396498315826,188,102,58,"[188, 102, 58]",0%,46%,69%,26%,"[0%, 46%, 69%, 26%]",52.92,32.67,40.21,"[52.92, 32.67, 40.21]",https://www.google.com/search?tbm=isch&q=ncs%20NCS%203050-Y60R%20color%20swatch,,,,,,,,,,,,,,,,,,,,,,,,,,,,,,,,,,,,,,,,,,,,
DB,ncs,NCS 3050-Y70R,#bc5937,0.5799448013772446,0.13674015622640515,39.191666362341095,188,89,55,"[188, 89, 55]",0%,53%,71%,26%,"[0%, 53%, 71%, 26%]",50.20,39.03,38.87,"[50.20, 39.03, 38.87]",https://www.google.com/search?tbm=isch&q=ncs%20NCS%203050-Y70R%20color%20swatch,,,,,,,,,,,,,,,,,,,,,,,,,,,,,,,,,,,,,,,,,,,,
DB,ncs,NCS 3050-Y80R,#bc4c34,0.5607567953289259,0.14996150652046206,33.718028429301796,188,76,52,"[188, 76, 52]",0%,60%,72%,26%,"[0%, 60%, 72%, 26%]",47.73,45.02,37.85,"[47.73, 45.02, 37.85]",https://www.google.com/search?tbm=isch&q=ncs%20NCS%203050-Y80R%20color%20swatch,,,,,,,,,,,,,,,,,,,,,,,,,,,,,,,,,,,,,,,,,,,,
DB,ncs,NCS 3050-Y90R,#bc3f36,0.5446033882240233,0.16238396379658607,27.835701038192042,188,63,54,"[188, 63, 54]",0%,66%,71%,26%,"[0%, 66%, 71%, 26%]",45.60,50.61,34.42,"[45.60, 50.61, 34.42]",https://www.google.com/search?tbm=isch&q=ncs%20NCS%203050-Y90R%20color%20swatch,,,,,,,,,,,,,,,,,,,,,,,,,,,,,,,,,,,,,,,,,,,,
DB,ncs,NCS 3055-B50G,#41bcb7,0.727073267857907,0.10692642973673872,191.1738887327565,65,188,183,"[65, 188, 183]",65%,0%,3%,26%,"[65%, 0%, 3%, 26%]",69.54,-35.85,-8.00,"[69.54, -35.85, -8.00]",https://www.google.com/search?tbm=isch&q=ncs%20NCS%203055-B50G%20color%20swatch,,,,,,,,,,,,,,,,,,,,,,,,,,,,,,,,,,,,,,,,,,,,
DB,ncs,NCS 3055-R30B,#bc315d,0.5381567074752263,0.1768311171734224,6.653838779842829,188,49,93,"[188, 49, 93]",0%,74%,51%,26%,"[0%, 74%, 51%, 26%]",44.31,57.49,9.09,"[44.31, 57.49, 9.09]",https://www.google.com/search?tbm=isch&q=ncs%20NCS%203055-R30B%20color%20swatch,,,,,,,,,,,,,,,,,,,,,,,,,,,,,,,,,,,,,,,,,,,,
DB,ncs,NCS 3055-R40B,#bc3679,0.5516938650667416,0.18038116211249144,354.09895868450496,188,54,121,"[188, 54, 121]",0%,71%,36%,26%,"[0%, 71%, 36%, 26%]",45.63,57.75,-6.31,"[45.63, 57.75, -6.31]",https://www.google.com/search?tbm=isch&q=ncs%20NCS%203055-R40B%20color%20swatch,,,,,,,,,,,,,,,,,,,,,,,,,,,,,,,,,,,,,,,,,,,,
DB,ncs,NCS 3055-R50B,#bc3ea3,0.5772488628252644,0.19517470807283446,336.705313495283,188,62,163,"[188, 62, 163]",0%,67%,13%,26%,"[0%, 67%, 13%, 26%]",48.09,58.85,-27.86,"[48.09, 58.85, -27.86]",https://www.google.com/search?tbm=isch&q=ncs%20NCS%203055-R50B%20color%20swatch,,,,,,,,,,,,,,,,,,,,,,,,,,,,,,,,,,,,,,,,,,,,
DB,ncs,NCS 3060-B,#3188bc,0.5986368327144608,0.11353023891818656,239.27251726674535,49,136,188,"[49, 136, 188]",74%,28%,0%,26%,"[74%, 28%, 0%, 26%]",53.36,-13.15,-35.31,"[53.36, -13.15, -35.31]",https://www.google.com/search?tbm=isch&q=ncs%20NCS%203060-B%20color%20swatch,,,,,,,,,,,,,,,,,,,,,,,,,,,,,,,,,,,,,,,,,,,,
DB,ncs,NCS 3060-B10G,#3499bc,0.6402603863552526,0.10426558447066936,225.3377477672709,52,153,188,"[52, 153, 188]",72%,19%,0%,26%,"[72%, 19%, 0%, 26%]",58.65,-21.13,-27.15,"[58.65, -21.13, -27.15]",https://www.google.com/search?tbm=isch&q=ncs%20NCS%203060-B10G%20color%20swatch,,,,,,,,,,,,,,,,,,,,,,,,,,,,,,,,,,,,,,,,,,,,
DB,ncs,NCS 3060-B20G,#36a5bc,0.6698951787351828,0.1024410582424812,214.52376883234797,54,165,188,"[54, 165, 188]",71%,12%,0%,26%,"[71%, 12%, 0%, 26%]",62.37,-26.42,-21.47,"[62.37, -26.42, -21.47]",https://www.google.com/search?tbm=isch&q=ncs%20NCS%203060-B20G%20color%20swatch,,,,,,,,,,,,,,,,,,,,,,,,,,,,,,,,,,,,,,,,,,,,
DB,ncs,NCS 3060-B30G,#37afbc,0.6945338131524662,0.10425233248039423,205.58544525539173,55,175,188,"[55, 175, 188]",71%,7%,0%,26%,"[71%, 7%, 0%, 26%]",65.46,-30.73,-16.82,"[65.46, -30.73, -16.82]",https://www.google.com/search?tbm=isch&q=ncs%20NCS%203060-B30G%20color%20swatch,,,,,,,,,,,,,,,,,,,,,,,,,,,,,,,,,,,,,,,,,,,,
DB,ncs,NCS 3060-B40G,#39b8bc,0.7170204044623791,0.10756087713464818,198.11001855268069,57,184,188,"[57, 184, 188]",70%,2%,0%,26%,"[70%, 2%, 0%, 26%]",68.26,-34.30,-12.64,"[68.26, -34.30, -12.64]",https://www.google.com/search?tbm=isch&q=ncs%20NCS%203060-B40G%20color%20swatch,,,,,,,,,,,,,,,,,,,,,,,,,,,,,,,,,,,,,,,,,,,,
DB,ncs,NCS 3060-B70G,#36bca8,0.7195944790656574,0.11647094534185065,180.59613052425004,54,188,168,"[54, 188, 168]",71%,0%,11%,26%,"[71%, 0%, 11%, 26%]",68.93,-40.67,-0.76,"[68.93, -40.67, -0.76]",https://www.google.com/search?tbm=isch&q=ncs%20NCS%203060-B70G%20color%20swatch,,,,,,,,,,,,,,,,,,,,,,,,,,,,,,,,,,,,,,,,,,,,
DB,ncs,NCS 3060-B90G,#30bc7d,0.7070942121753429,0.14936159348713757,158.57289091943403,48,188,125,"[48, 188, 125]",74%,0%,34%,26%,"[74%, 0%, 34%, 26%]",67.98,-49.29,21.01,"[67.98, -49.29, 21.01]",https://www.google.com/search?tbm=isch&q=ncs%20NCS%203060-B90G%20color%20swatch,,,,,,,,,,,,,,,,,,,,,,,,,,,,,,,,,,,,,,,,,,,,
DB,ncs,NCS 3060-G,#2cbc64,0.7015453767203224,0.1732408743019364,151.2328136035577,44,188,100,"[44, 188, 100]",77%,0%,47%,26%,"[77%, 0%, 47%, 26%]",67.56,-53.33,33.31,"[67.56, -53.33, 33.31]",https://www.google.com/search?tbm=isch&q=ncs%20NCS%203060-G%20color%20swatch,,,,,,,,,,,,,,,,,,,,,,,,,,,,,,,,,,,,,,,,,,,,
DB,ncs,NCS 3060-G10Y,#4fbc53,0.7082844940687115,0.17576265610698197,144.05394176714975,79,188,83,"[79, 188, 83]",58%,0%,56%,26%,"[58%, 0%, 56%, 26%]",68.25,-48.57,42.58,"[68.25, -48.57, 42.58]",https://www.google.com/search?tbm=isch&q=ncs%20NCS%203060-G10Y%20color%20swatch,,,,,,,,,,,,,,,,,,,,,,,,,,,,,,,,,,,,,,,,,,,,
DB,ncs,NCS 3060-G20Y,#68bc46,0.7170033389140945,0.17448706286715027,137.85493407874992,104,188,70,"[104, 188, 70]",45%,0%,63%,26%,"[45%, 0%, 63%, 26%]",69.11,-42.69,49.63,"[69.11, -42.69, 49.63]",https://www.google.com/search?tbm=isch&q=ncs%20NCS%203060-G20Y%20color%20swatch,,,,,,,,,,,,,,,,,,,,,,,,,,,,,,,,,,,,,,,,,,,,
DB,ncs,NCS 3060-G30Y,#7dbc3b,0.7269568054588056,0.1717220490167541,131.91169290503694,125,188,59,"[125, 188, 59]",34%,0%,69%,26%,"[34%, 0%, 69%, 26%]",70.09,-36.33,55.46,"[70.09, -36.33, 55.46]",https://www.google.com/search?tbm=isch&q=ncs%20NCS%203060-G30Y%20color%20swatch,,,,,,,,,,,,,,,,,,,,,,,,,,,,,,,,,,,,,,,,,,,,
DB,ncs,NCS 3060-G40Y,#8ebc33,0.7367932325551905,0.1683375092801944,126.60294667589164,142,188,51,"[142, 188, 51]",24%,0%,73%,26%,"[24%, 0%, 73%, 26%]",71.06,-30.39,59.69,"[71.06, -30.39, 59.69]",https://www.google.com/search?tbm=isch&q=ncs%20NCS%203060-G40Y%20color%20swatch,,,,,,,,,,,,,,,,,,,,,,,,,,,,,,,,,,,,,,,,,,,,
DB,ncs,NCS 3060-G50Y,#9cbc35,0.7465294797374764,0.16072080301238204,122.1071471112972,156,188,53,"[156, 188, 53]",17%,0%,72%,26%,"[17%, 0%, 72%, 26%]",72.00,-24.79,60.29,"[72.00, -24.79, 60.29]",https://www.google.com/search?tbm=isch&q=ncs%20NCS%203060-G50Y%20color%20swatch,,,,,,,,,,,,,,,,,,,,,,,,,,,,,,,,,,,,,,,,,,,,
DB,ncs,NCS 3060-G60Y,#a9bc36,0.7562769446220521,0.15503380331937322,117.31700832936576,169,188,54,"[169, 188, 54]",10%,0%,71%,26%,"[10%, 0%, 71%, 26%]",72.96,-19.46,61.24,"[72.96, -19.46, 61.24]",https://www.google.com/search?tbm=isch&q=ncs%20NCS%203060-G60Y%20color%20swatch,,,,,,,,,,,,,,,,,,,,,,,,,,,,,,,,,,,,,,,,,,,,
DB,ncs,NCS 3060-G70Y,#b5bc38,0.765974924806102,0.15011765746275577,112.44482698822759,181,188,56,"[181, 188, 56]",4%,0%,70%,26%,"[4%, 0%, 70%, 26%]",73.92,-14.40,61.83,"[73.92, -14.40, 61.83]",https://www.google.com/search?tbm=isch&q=ncs%20NCS%203060-G70Y%20color%20swatch,,,,,,,,,,,,,,,,,,,,,,,,,,,,,,,,,,,,,,,,,,,,
DB,ncs,NCS 3060-G80Y,#bcb739,0.7610011082470154,0.14296340654833078,107.08689597109543,188,183,57,"[188, 183, 57]",0%,3%,70%,26%,"[0%, 3%, 70%, 26%]",73.14,-9.02,60.99,"[73.14, -9.02, 60.99]",https://www.google.com/search?tbm=isch&q=ncs%20NCS%203060-G80Y%20color%20swatch,,,,,,,,,,,,,,,,,,,,,,,,,,,,,,,,,,,,,,,,,,,,
DB,ncs,NCS 3060-G90Y,#bcaf37,0.7435873228040659,0.13687531520486143,103.02680516277974,188,175,55,"[188, 175, 55]",0%,7%,71%,26%,"[0%, 7%, 71%, 26%]",70.98,-5.17,59.68,"[70.98, -5.17, 59.68]",https://www.google.com/search?tbm=isch&q=ncs%20NCS%203060-G90Y%20color%20swatch,,,,,,,,,,,,,,,,,,,,,,,,,,,,,,,,,,,,,,,,,,,,
DB,ncs,NCS 3060-R,#bc232d,0.5173150669564561,0.18727941296190626,24.04495432649975,188,35,45,"[188, 35, 45]",0%,81%,76%,26%,"[0%, 81%, 76%, 26%]",42.08,59.52,35.88,"[42.08, 59.52, 35.88]",https://www.google.com/search?tbm=isch&q=ncs%20NCS%203060-R%20color%20swatch,,,,,,,,,,,,,,,,,,,,,,,,,,,,,,,,,,,,,,,,,,,,
DB,ncs,NCS 3060-R10B,#bc2537,0.5201652384564521,0.18511944886074747,20.94223184198728,188,37,55,"[188, 37, 55]",0%,80%,71%,26%,"[0%, 80%, 71%, 26%]",42.38,59.30,30.20,"[42.38, 59.30, 30.20]",https://www.google.com/search?tbm=isch&q=ncs%20NCS%203060-R10B%20color%20swatch,,,,,,,,,,,,,,,,,,,,,,,,,,,,,,,,,,,,,,,,,,,,
DB,ncs,NCS 3060-R20B,#bc2745,0.5241676083078639,0.1833515524971403,15.740176752427033,188,39,69,"[188, 39, 69]",0%,79%,63%,26%,"[0%, 79%, 63%, 26%]",42.77,59.27,22.02,"[42.77, 59.27, 22.02]",https://www.google.com/search?tbm=isch&q=ncs%20NCS%203060-R20B%20color%20swatch,,,,,,,,,,,,,,,,,,,,,,,,,,,,,,,,,,,,,,,,,,,,
DB,ncs,NCS 3060-R70B,#673abc,0.47830126482453394,0.19198735846383777,293.72448496059155,103,58,188,"[103, 58, 188]",45%,69%,0%,26%,"[45%, 69%, 0%, 26%]",36.17,42.44,-62.44,"[36.17, 42.44, -62.44]",https://www.google.com/search?tbm=isch&q=ncs%20NCS%203060-R70B%20color%20swatch,,,,,,,,,,,,,,,,,,,,,,,,,,,,,,,,,,,,,,,,,,,,
DB,ncs,NCS 3060-R80B,#2742bc,0.4437157751615888,0.19319831640643959,267.59661521089583,39,66,188,"[39, 66, 188]",79%,65%,0%,26%,"[79%, 65%, 0%, 26%]",32.71,26.32,-68.35,"[32.71, 26.32, -68.35]",https://www.google.com/search?tbm=isch&q=ncs%20NCS%203060-R80B%20color%20swatch,,,,,,,,,,,,,,,,,,,,,,,,,,,,,,,,,,,,,,,,,,,,
DB,ncs,NCS 3060-R90B,#2a5abc,0.492010824136358,0.1633775511748173,262.44654899809984,42,90,188,"[42, 90, 188]",78%,52%,0%,26%,"[78%, 52%, 0%, 26%]",39.40,11.82,-57.47,"[39.40, 11.82, -57.47]",https://www.google.com/search?tbm=isch&q=ncs%20NCS%203060-R90B%20color%20swatch,,,,,,,,,,,,,,,,,,,,,,,,,,,,,,,,,,,,,,,,,,,,
DB,ncs,NCS 3060-Y,#bca836,0.728573610478415,0.1316783254752745,99.04245933977751,188,168,54,"[188, 168, 54]",0%,11%,71%,26%,"[0%, 11%, 71%, 26%]",69.10,-1.72,58.28,"[69.10, -1.72, 58.28]",https://www.google.com/search?tbm=isch&q=ncs%20NCS%203060-Y%20color%20swatch,,,,,,,,,,,,,,,,,,,,,,,,,,,,,,,,,,,,,,,,,,,,
DB,ncs,NCS 3060-Y10R,#bc9c34,0.70324392593755,0.12466844376949637,91.33734386897481,188,156,52,"[188, 156, 52]",0%,17%,72%,26%,"[0%, 17%, 72%, 26%]",65.93,4.29,56.05,"[65.93, 4.29, 56.05]",https://www.google.com/search?tbm=isch&q=ncs%20NCS%203060-Y10R%20color%20swatch,,,,,,,,,,,,,,,,,,,,,,,,,,,,,,,,,,,,,,,,,,,,
DB,ncs,NCS 3060-Y20R,#bc9033,0.6786449898380156,0.11972843230287453,82.4892520440535,188,144,51,"[188, 144, 51]",0%,23%,73%,26%,"[0%, 23%, 73%, 26%]",62.83,10.47,53.51,"[62.83, 10.47, 53.51]",https://www.google.com/search?tbm=isch&q=ncs%20NCS%203060-Y20R%20color%20swatch,,,,,,,,,,,,,,,,,,,,,,,,,,,,,,,,,,,,,,,,,,,,
DB,ncs,NCS 3060-Y30R,#bc8331,0.6528252222993516,0.1186627401014633,72.34818744859018,188,131,49,"[188, 131, 49]",0%,30%,74%,26%,"[0%, 30%, 74%, 26%]",59.57,17.21,51.23,"[59.57, 17.21, 51.23]",https://www.google.com/search?tbm=isch&q=ncs%20NCS%203060-Y30R%20color%20swatch,,,,,,,,,,,,,,,,,,,,,,,,,,,,,,,,,,,,,,,,,,,,
DB,ncs,NCS 3060-Y40R,#bc772f,0.6299912702226675,0.12139656380257006,63.075153279235224,188,119,47,"[188, 119, 47]",0%,37%,75%,26%,"[0%, 37%, 75%, 26%]",56.67,23.45,49.33,"[56.67, 23.45, 49.33]",https://www.google.com/search?tbm=isch&q=ncs%20NCS%203060-Y40R%20color%20swatch,,,,,,,,,,,,,,,,,,,,,,,,,,,,,,,,,,,,,,,,,,,,
DB,ncs,NCS 3060-Y50R,#bc692d,0.6048792363562928,0.12852098364368758,53.065045328861515,188,105,45,"[188, 105, 45]",0%,44%,76%,26%,"[0%, 44%, 76%, 26%]",53.47,30.67,47.18,"[53.47, 30.67, 47.18]",https://www.google.com/search?tbm=isch&q=ncs%20NCS%203060-Y50R%20color%20swatch,,,,,,,,,,,,,,,,,,,,,,,,,,,,,,,,,,,,,,,,,,,,
DB,ncs,NCS 3060-Y60R,#bc5c2b,0.583286589284656,0.13834009242066858,45.20833956166268,188,92,43,"[188, 92, 43]",0%,51%,77%,26%,"[0%, 51%, 77%, 26%]",50.70,37.17,45.49,"[50.70, 37.17, 45.49]",https://www.google.com/search?tbm=isch&q=ncs%20NCS%203060-Y60R%20color%20swatch,,,,,,,,,,,,,,,,,,,,,,,,,,,,,,,,,,,,,,,,,,,,
DB,ncs,NCS 3060-Y70R,#bc4e29,0.5622828132850931,0.15094504406828133,38.40274483361503,188,78,41,"[188, 78, 41]",0%,59%,78%,26%,"[0%, 59%, 78%, 26%]",47.99,43.78,43.90,"[47.99, 43.78, 43.90]",https://www.google.com/search?tbm=isch&q=ncs%20NCS%203060-Y70R%20color%20swatch,,,,,,,,,,,,,,,,,,,,,,,,,,,,,,,,,,,,,,,,,,,,
DB,ncs,NCS 3060-Y80R,#bc4026,0.5438860864617246,0.1644634182873309,33.55942499807105,188,64,38,"[188, 64, 38]",0%,66%,80%,26%,"[0%, 66%, 80%, 26%]",45.61,49.75,43.20,"[45.61, 49.75, 43.20]",https://www.google.com/search?tbm=isch&q=ncs%20NCS%203060-Y80R%20color%20swatch,,,,,,,,,,,,,,,,,,,,,,,,,,,,,,,,,,,,,,,,,,,,
DB,ncs,NCS 3060-Y90R,#bc3229,0.5291781999658566,0.17630881887403987,28.43284629515847,188,50,41,"[188, 50, 41]",0%,73%,78%,26%,"[0%, 73%, 78%, 26%]",43.67,55.02,39.77,"[43.67, 55.02, 39.77]",https://www.google.com/search?tbm=isch&q=ncs%20NCS%203060-Y90R%20color%20swatch,,,,,,,,,,,,,,,,,,,,,,,,,,,,,,,,,,,,,,,,,,,,
DB,ncs,NCS 3065-G10Y,#49bc4e,0.7056538280182114,0.18250881607313024,144.02858387897084,73,188,78,"[73, 188, 78]",61%,0%,59%,26%,"[61%, 0%, 59%, 26%]",68.02,-50.43,44.53,"[68.02, -50.43, 44.53]",https://www.google.com/search?tbm=isch&q=ncs%20NCS%203065-G10Y%20color%20swatch,,,,,,,,,,,,,,,,,,,,,,,,,,,,,,,,,,,,,,,,,,,,
DB,ncs,NCS 3065-G40Y,#8bbc2b,0.7343454260303289,0.1742583846739236,127.11543515200867,139,188,43,"[139, 188, 43]",26%,0%,77%,26%,"[26%, 0%, 77%, 26%]",70.83,-31.85,61.97,"[70.83, -31.85, 61.97]",https://www.google.com/search?tbm=isch&q=ncs%20NCS%203065-G40Y%20color%20swatch,,,,,,,,,,,,,,,,,,,,,,,,,,,,,,,,,,,,,,,,,,,,
DB,ncs,NCS 3065-G50Y,#9bbc2d,0.745300053086152,0.16576665125607346,122.17675873340687,155,188,45,"[155, 188, 45]",18%,0%,76%,26%,"[18%, 0%, 76%, 26%]",71.90,-25.49,62.79,"[71.90, -25.49, 62.79]",https://www.google.com/search?tbm=isch&q=ncs%20NCS%203065-G50Y%20color%20swatch,,,,,,,,,,,,,,,,,,,,,,,,,,,,,,,,,,,,,,,,,,,,
DB,ncs,NCS 3065-G60Y,#a8bc2f,0.7550523697067578,0.15950326334919115,117.56809449436787,168,188,47,"[168, 188, 47]",11%,0%,75%,26%,"[11%, 0%, 75%, 26%]",72.85,-20.13,63.44,"[72.85, -20.13, 63.44]",https://www.google.com/search?tbm=isch&q=ncs%20NCS%203065-G60Y%20color%20swatch,,,,,,,,,,,,,,,,,,,,,,,,,,,,,,,,,,,,,,,,,,,,
DB,ncs,NCS 3065-R90B,#2456bc,0.48157970498689845,0.16985960766332464,262.35362632070826,36,86,188,"[36, 86, 188]",81%,54%,0%,26%,"[81%, 54%, 0%, 26%]",38.04,13.51,-59.67,"[38.04, 13.51, -59.67]",https://www.google.com/search?tbm=isch&q=ncs%20NCS%203065-R90B%20color%20swatch,,,,,,,,,,,,,,,,,,,,,,,,,,,,,,,,,,,,,,,,,,,,
DB,ncs,NCS 3065-Y20R,#bc8d2b,0.6720202239979475,0.12356889506958829,81.43032976575137,188,141,43,"[188, 141, 43]",0%,25%,77%,26%,"[0%, 25%, 77%, 26%]",62.02,11.78,55.91,"[62.02, 11.78, 55.91]",https://www.google.com/search?tbm=isch&q=ncs%20NCS%203065-Y20R%20color%20swatch,,,,,,,,,,,,,,,,,,,,,,,,,,,,,,,,,,,,,,,,,,,,
DB,ncs,NCS 3500-N,#a5a5a5,0.721933646788374,0.00002803763519369825,72.58924660486753,165,165,165,"[165, 165, 165]",0%,0%,0%,35%,"[0%, 0%, 0%, 35%]",67.74,0.00,0.01,"[67.74, 0.00, 0.01]",https://www.google.com/search?tbm=isch&q=ncs%20NCS%203500-N%20color%20swatch,,,,,,,,,,,,,,,,,,,,,,,,,,,,,,,,,,,,,,,,,,,,
DB,ncs,NCS 3502-B,#a8acae,0.7418098113838414,0.005362406529782232,228.71593907359033,168,172,174,"[168, 172, 174]",3%,1%,0%,32%,"[3%, 1%, 0%, 32%]",70.07,-1.17,-1.54,"[70.07, -1.17, -1.54]",https://www.google.com/search?tbm=isch&q=ncs%20NCS%203502-B%20color%20swatch,,,,,,,,,,,,,,,,,,,,,,,,,,,,,,,,,,,,,,,,,,,,
DB,ncs,NCS 3502-G,#a7aeaa,0.7440385054694654,0.009695743669275121,161.09842536808958,167,174,170,"[167, 174, 170]",4%,0%,2%,32%,"[4%, 0%, 2%, 32%]",70.44,-3.12,1.17,"[70.44, -3.12, 1.17]",https://www.google.com/search?tbm=isch&q=ncs%20NCS%203502-G%20color%20swatch,,,,,,,,,,,,,,,,,,,,,,,,,,,,,,,,,,,,,,,,,,,,
DB,ncs,NCS 3502-R,#aea5a5,0.7295003418692474,0.010452900117396729,17.522033940802658,174,165,165,"[174, 165, 165]",0%,5%,5%,32%,"[0%, 5%, 5%, 32%]",68.51,3.36,1.23,"[68.51, 3.36, 1.23]",https://www.google.com/search?tbm=isch&q=ncs%20NCS%203502-R%20color%20swatch,,,,,,,,,,,,,,,,,,,,,,,,,,,,,,,,,,,,,,,,,,,,
DB,ncs,NCS 3502-Y,#aeada9,0.7472680316909354,0.005794128742413427,95.01284407920787,174,173,169,"[174, 173, 169]",0%,1%,3%,32%,"[0%, 1%, 3%, 32%]",70.72,-0.18,2.20,"[70.72, -0.18, 2.20]",https://www.google.com/search?tbm=isch&q=ncs%20NCS%203502-Y%20color%20swatch,,,,,,,,,,,,,,,,,,,,,,,,,,,,,,,,,,,,,,,,,,,,
DB,ncs,NCS 3555-B60G,#3baea4,0.6845475813365922,0.10243208856383555,186.81319100242058,59,174,164,"[59, 174, 164]",66%,0%,6%,32%,"[66%, 0%, 6%, 32%]",64.62,-35.09,-4.81,"[64.62, -35.09, -4.81]",https://www.google.com/search?tbm=isch&q=ncs%20NCS%203555-B60G%20color%20swatch,,,,,,,,,,,,,,,,,,,,,,,,,,,,,,,,,,,,,,,,,,,,
DB,ncs,NCS 3555-B80G,#39ae94,0.6790500854259506,0.11051603990179619,174.94731198298643,57,174,148,"[57, 174, 148]",67%,0%,15%,32%,"[67%, 0%, 15%, 32%]",64.20,-38.68,3.40,"[64.20, -38.68, 3.40]",https://www.google.com/search?tbm=isch&q=ncs%20NCS%203555-B80G%20color%20swatch,,,,,,,,,,,,,,,,,,,,,,,,,,,,,,,,,,,,,,,,,,,,
DB,ncs,NCS 3555-R60B,#8836ae,0.5017453675440432,0.18878653798229453,313.0187684132543,136,54,174,"[136, 54, 174]",22%,69%,0%,32%,"[22%, 69%, 0%, 32%]",39.05,49.59,-49.28,"[39.05, 49.59, -49.28]",https://www.google.com/search?tbm=isch&q=ncs%20NCS%203555-R60B%20color%20swatch,,,,,,,,,,,,,,,,,,,,,,,,,,,,,,,,,,,,,,,,,,,,
DB,ncs,NCS 3560-G,#29ae5d,0.6627213541727897,0.16245762433602504,151.39434280823292,41,174,93,"[41, 174, 93]",76%,0%,47%,32%,"[76%, 0%, 47%, 32%]",62.93,-50.10,31.04,"[62.93, -50.10, 31.04]",https://www.google.com/search?tbm=isch&q=ncs%20NCS%203560-G%20color%20swatch,,,,,,,,,,,,,,,,,,,,,,,,,,,,,,,,,,,,,,,,,,,,
DB,ncs,NCS 3560-G10Y,#49ae4d,0.6689921815689001,0.16511802565031466,144.1209967426915,73,174,77,"[73, 174, 77]",58%,0%,56%,32%,"[58%, 0%, 56%, 32%]",63.57,-45.68,39.89,"[63.57, -45.68, 39.89]",https://www.google.com/search?tbm=isch&q=ncs%20NCS%203560-G10Y%20color%20swatch,,,,,,,,,,,,,,,,,,,,,,,,,,,,,,,,,,,,,,,,,,,,
DB,ncs,NCS 3560-G20Y,#61ae41,0.6776246332997403,0.16348266546997564,137.70281818558004,97,174,65,"[97, 174, 65]",44%,0%,63%,32%,"[44%, 0%, 63%, 32%]",64.42,-39.87,46.59,"[64.42, -39.87, 46.59]",https://www.google.com/search?tbm=isch&q=ncs%20NCS%203560-G20Y%20color%20swatch,,,,,,,,,,,,,,,,,,,,,,,,,,,,,,,,,,,,,,,,,,,,
DB,ncs,NCS 3560-G30Y,#74ae37,0.6868283836982244,0.16106101939847997,131.8265221741142,116,174,55,"[116, 174, 55]",33%,0%,68%,32%,"[33%, 0%, 68%, 32%]",65.33,-34.01,52.01,"[65.33, -34.01, 52.01]",https://www.google.com/search?tbm=isch&q=ncs%20NCS%203560-G30Y%20color%20swatch,,,,,,,,,,,,,,,,,,,,,,,,,,,,,,,,,,,,,,,,,,,,
DB,ncs,NCS 3560-G40Y,#84ae2f,0.6962312706912903,0.158231876795871,126.36343353824992,132,174,47,"[132, 174, 47]",24%,0%,73%,32%,"[24%, 0%, 73%, 32%]",66.25,-28.35,56.25,"[66.25, -28.35, 56.25]",https://www.google.com/search?tbm=isch&q=ncs%20NCS%203560-G40Y%20color%20swatch,,,,,,,,,,,,,,,,,,,,,,,,,,,,,,,,,,,,,,,,,,,,
DB,ncs,NCS 3560-G50Y,#91ae31,0.7054640388393582,0.15100223484108619,121.836988278626,145,174,49,"[145, 174, 49]",17%,0%,72%,32%,"[17%, 0%, 72%, 32%]",67.15,-23.06,56.77,"[67.15, -23.06, 56.77]",https://www.google.com/search?tbm=isch&q=ncs%20NCS%203560-G50Y%20color%20swatch,,,,,,,,,,,,,,,,,,,,,,,,,,,,,,,,,,,,,,,,,,,,
DB,ncs,NCS 3560-G60Y,#9dae33,0.7147106537885402,0.14503271319396874,117.06589635466969,157,174,51,"[157, 174, 51]",10%,0%,71%,32%,"[10%, 0%, 71%, 32%]",68.05,-18.02,57.28,"[68.05, -18.02, 57.28]",https://www.google.com/search?tbm=isch&q=ncs%20NCS%203560-G60Y%20color%20swatch,,,,,,,,,,,,,,,,,,,,,,,,,,,,,,,,,,,,,,,,,,,,
DB,ncs,NCS 3560-G70Y,#a8ae34,0.7236986003079012,0.14104784201429355,112.20990112380491,168,174,52,"[168, 174, 52]",3%,0%,70%,32%,"[3%, 0%, 70%, 32%]",68.94,-13.35,58.13,"[68.94, -13.35, 58.13]",https://www.google.com/search?tbm=isch&q=ncs%20NCS%203560-G70Y%20color%20swatch,,,,,,,,,,,,,,,,,,,,,,,,,,,,,,,,,,,,,,,,,,,,
DB,ncs,NCS 3560-R,#ae212a,0.4895720105542781,0.17574984364337268,23.923875259603165,174,33,42,"[174, 33, 42]",0%,81%,76%,32%,"[0%, 81%, 76%, 32%]",38.98,55.86,33.38,"[38.98, 55.86, 33.38]",https://www.google.com/search?tbm=isch&q=ncs%20NCS%203560-R%20color%20swatch,,,,,,,,,,,,,,,,,,,,,,,,,,,,,,,,,,,,,,,,,,,,
DB,ncs,NCS 3560-R80B,#243dae,0.4202212749809371,0.18159602124192412,267.6731211123898,36,61,174,"[36, 61, 174]",79%,65%,0%,32%,"[79%, 65%, 0%, 32%]",30.16,24.59,-64.25,"[30.16, 24.59, -64.25]",https://www.google.com/search?tbm=isch&q=ncs%20NCS%203560-R80B%20color%20swatch,,,,,,,,,,,,,,,,,,,,,,,,,,,,,,,,,,,,,,,,,,,,
DB,ncs,NCS 3560-R90B,#2754ae,0.46745497962718957,0.1525045111773085,262.24173659566065,39,84,174,"[39, 84, 174]",78%,52%,0%,32%,"[78%, 52%, 0%, 32%]",36.69,10.53,-53.64,"[36.69, 10.53, -53.64]",https://www.google.com/search?tbm=isch&q=ncs%20NCS%203560-R90B%20color%20swatch,,,,,,,,,,,,,,,,,,,,,,,,,,,,,,,,,,,,,,,,,,,,
DB,ncs,NCS 3560-Y,#ae9c32,0.6892719331910487,0.12434107678937362,99.39222378091978,174,156,50,"[174, 156, 50]",0%,10%,71%,32%,"[0%, 10%, 71%, 32%]",64.52,-1.91,54.91,"[64.52, -1.91, 54.91]",https://www.google.com/search?tbm=isch&q=ncs%20NCS%203560-Y%20color%20swatch,,,,,,,,,,,,,,,,,,,,,,,,,,,,,,,,,,,,,,,,,,,,
DB,ncs,NCS 3560-Y20R,#ae852f,0.6406958633929378,0.11269816780094785,82.3550916008628,174,133,47,"[174, 133, 47]",0%,24%,73%,32%,"[0%, 24%, 73%, 32%]",58.42,9.93,50.30,"[58.42, 9.93, 50.30]",https://www.google.com/search?tbm=isch&q=ncs%20NCS%203560-Y20R%20color%20swatch,,,,,,,,,,,,,,,,,,,,,,,,,,,,,,,,,,,,,,,,,,,,
DB,ncs,NCS 3560-Y30R,#ae7a2d,0.6184690795670916,0.11184775552269359,73.1878873299205,174,122,45,"[174, 122, 45]",0%,30%,74%,32%,"[0%, 30%, 74%, 32%]",55.61,15.70,48.47,"[55.61, 15.70, 48.47]",https://www.google.com/search?tbm=isch&q=ncs%20NCS%203560-Y30R%20color%20swatch,,,,,,,,,,,,,,,,,,,,,,,,,,,,,,,,,,,,,,,,,,,,
DB,ncs,NCS 3560-Y40R,#ae6e2b,0.5952452637075134,0.11443547964713742,63.195556071900455,174,110,43,"[174, 110, 43]",0%,37%,75%,32%,"[0%, 37%, 75%, 32%]",52.67,22.04,46.53,"[52.67, 22.04, 46.53]",https://www.google.com/search?tbm=isch&q=ncs%20NCS%203560-Y40R%20color%20swatch,,,,,,,,,,,,,,,,,,,,,,,,,,,,,,,,,,,,,,,,,,,,
DB,ncs,NCS 3560-Y50R,#ae622a,0.573389082970802,0.12013212302568575,53.665449424889914,174,98,42,"[174, 98, 42]",0%,44%,76%,32%,"[0%, 44%, 76%, 32%]",49.88,28.34,44.31,"[49.88, 28.34, 44.31]",https://www.google.com/search?tbm=isch&q=ncs%20NCS%203560-Y50R%20color%20swatch,,,,,,,,,,,,,,,,,,,,,,,,,,,,,,,,,,,,,,,,,,,,
DB,ncs,NCS 3560-Y60R,#ae5528,0.5513669518488589,0.13000241143847205,45.11048553710964,174,85,40,"[174, 85, 40]",0%,51%,77%,32%,"[0%, 51%, 77%, 32%]",47.05,34.95,42.56,"[47.05, 34.95, 42.56]",https://www.google.com/search?tbm=isch&q=ncs%20NCS%203560-Y60R%20color%20swatch,,,,,,,,,,,,,,,,,,,,,,,,,,,,,,,,,,,,,,,,,,,,
DB,ncs,NCS 3560-Y70R,#ae4926,0.5329312705944786,0.1410327806659077,38.83580025126406,174,73,38,"[174, 73, 38]",0%,58%,78%,32%,"[0%, 58%, 78%, 32%]",44.68,40.72,41.28,"[44.68, 40.72, 41.28]",https://www.google.com/search?tbm=isch&q=ncs%20NCS%203560-Y70R%20color%20swatch,,,,,,,,,,,,,,,,,,,,,,,,,,,,,,,,,,,,,,,,,,,,
DB,ncs,NCS 3560-Y80R,#ae3c24,0.5153908036165067,0.15364717730884575,33.600059595300536,174,60,36,"[174, 60, 36]",0%,66%,79%,32%,"[0%, 66%, 79%, 32%]",42.41,46.43,40.17,"[42.41, 46.43, 40.17]",https://www.google.com/search?tbm=isch&q=ncs%20NCS%203560-Y80R%20color%20swatch,,,,,,,,,,,,,,,,,,,,,,,,,,,,,,,,,,,,,,,,,,,,
DB,ncs,NCS 3560-Y90R,#ae2f26,0.5011350607680336,0.16510815825778774,28.568307150709984,174,47,38,"[174, 47, 38]",0%,73%,78%,32%,"[0%, 73%, 78%, 32%]",40.53,51.47,37.28,"[40.53, 51.47, 37.28]",https://www.google.com/search?tbm=isch&q=ncs%20NCS%203560-Y90R%20color%20swatch,,,,,,,,,,,,,,,,,,,,,,,,,,,,,,,,,,,,,,,,,,,,
DB,ncs,NCS 4000-N,#999999,0.6829541079568446,0.000026523792343062198,72.5892466058267,153,153,153,"[153, 153, 153]",0%,0%,0%,40%,"[0%, 0%, 0%, 40%]",63.22,0.00,0.01,"[63.22, 0.00, 0.01]",https://www.google.com/search?tbm=isch&q=ncs%20NCS%204000-N%20color%20swatch,,,,,,,,,,,,,,,,,,,,,,,,,,,,,,,,,,,,,,,,,,,,
DB,ncs,NCS 4005-B20G,#949fa1,0.694320614092551,0.012903480976501156,209.71507634607838,148,159,161,"[148, 159, 161]",8%,1%,0%,37%,"[8%, 1%, 0%, 37%]",64.65,-3.75,-2.46,"[64.65, -3.75, -2.46]",https://www.google.com/search?tbm=isch&q=ncs%20NCS%204005-B20G%20color%20swatch,,,,,,,,,,,,,,,,,,,,,,,,,,,,,,,,,,,,,,,,,,,,
DB,ncs,NCS 4005-B80G,#94a19e,0.6977365123162861,0.0153804522164931,180.40496612074946,148,161,158,"[148, 161, 158]",8%,0%,2%,37%,"[8%, 0%, 2%, 37%]",65.13,-5.23,-0.09,"[65.13, -5.23, -0.09]",https://www.google.com/search?tbm=isch&q=ncs%20NCS%204005-B80G%20color%20swatch,,,,,,,,,,,,,,,,,,,,,,,,,,,,,,,,,,,,,,,,,,,,
DB,ncs,NCS 4005-G20Y,#98a194,0.6979317864967473,0.02126138984336705,135.8102682052122,152,161,148,"[152, 161, 148]",6%,0%,8%,37%,"[6%, 0%, 8%, 37%]",65.22,-5.18,5.64,"[65.22, -5.18, 5.64]",https://www.google.com/search?tbm=isch&q=ncs%20NCS%204005-G20Y%20color%20swatch,,,,,,,,,,,,,,,,,,,,,,,,,,,,,,,,,,,,,,,,,,,,
DB,ncs,NCS 4005-G50Y,#9ea194,0.7027672681097057,0.018849474051771717,117.39095223918372,158,161,148,"[158, 161, 148]",2%,0%,8%,37%,"[2%, 0%, 8%, 37%]",65.71,-2.92,6.41,"[65.71, -2.92, 6.41]",https://www.google.com/search?tbm=isch&q=ncs%20NCS%204005-G50Y%20color%20swatch,,,,,,,,,,,,,,,,,,,,,,,,,,,,,,,,,,,,,,,,,,,,
DB,ncs,NCS 4005-G80Y,#a1a095,0.7033902792505018,0.015743796674716717,102.52015244844466,161,160,149,"[161, 160, 149]",0%,1%,7%,37%,"[0%, 1%, 7%, 37%]",65.71,-1.13,5.90,"[65.71, -1.13, 5.90]",https://www.google.com/search?tbm=isch&q=ncs%20NCS%204005-G80Y%20color%20swatch,,,,,,,,,,,,,,,,,,,,,,,,,,,,,,,,,,,,,,,,,,,,
DB,ncs,NCS 4005-R20B,#a18e92,0.6648679875295619,0.023445460971035847,3.4858259615901943,161,142,146,"[161, 142, 146]",0%,12%,9%,37%,"[0%, 12%, 9%, 37%]",60.84,7.88,0.62,"[60.84, 7.88, 0.62]",https://www.google.com/search?tbm=isch&q=ncs%20NCS%204005-R20B%20color%20swatch,,,,,,,,,,,,,,,,,,,,,,,,,,,,,,,,,,,,,,,,,,,,
DB,ncs,NCS 4005-R50B,#a1949e,0.6809459368807618,0.020879299322933368,333.7056631490011,161,148,158,"[161, 148, 158]",0%,8%,2%,37%,"[0%, 8%, 2%, 37%]",62.70,6.35,-3.44,"[62.70, 6.35, -3.44]",https://www.google.com/search?tbm=isch&q=ncs%20NCS%204005-R50B%20color%20swatch,,,,,,,,,,,,,,,,,,,,,,,,,,,,,,,,,,,,,,,,,,,,
DB,ncs,NCS 4005-R80B,#8e91a1,0.6594474103993444,0.02385344647776655,277.3070210098091,142,145,161,"[142, 145, 161]",12%,10%,0%,37%,"[12%, 10%, 0%, 37%]",60.32,1.35,-8.86,"[60.32, 1.35, -8.86]",https://www.google.com/search?tbm=isch&q=ncs%20NCS%204005-R80B%20color%20swatch,,,,,,,,,,,,,,,,,,,,,,,,,,,,,,,,,,,,,,,,,,,,
DB,ncs,NCS 4005-Y20R,#a19c93,0.6943366532581892,0.014203781998425211,82.37426442098382,161,156,147,"[161, 156, 147]",0%,3%,9%,37%,"[0%, 3%, 9%, 37%]",64.59,0.67,5.42,"[64.59, 0.67, 5.42]",https://www.google.com/search?tbm=isch&q=ncs%20NCS%204005-Y20R%20color%20swatch,,,,,,,,,,,,,,,,,,,,,,,,,,,,,,,,,,,,,,,,,,,,
DB,ncs,NCS 4005-Y50R,#a19891,0.6853341775189647,0.014721252476124817,60.484783287708126,161,152,145,"[161, 152, 145]",0%,6%,10%,37%,"[0%, 6%, 10%, 37%]",63.47,2.48,4.95,"[63.47, 2.48, 4.95]",https://www.google.com/search?tbm=isch&q=ncs%20NCS%204005-Y50R%20color%20swatch,,,,,,,,,,,,,,,,,,,,,,,,,,,,,,,,,,,,,,,,,,,,
DB,ncs,NCS 4005-Y80R,#a1918e,0.6698610702542894,0.019721282865651064,30.362033418566,161,145,142,"[161, 145, 142]",0%,10%,12%,37%,"[0%, 10%, 12%, 37%]",61.54,5.77,3.89,"[61.54, 5.77, 3.89]",https://www.google.com/search?tbm=isch&q=ncs%20NCS%204005-Y80R%20color%20swatch,,,,,,,,,,,,,,,,,,,,,,,,,,,,,,,,,,,,,,,,,,,,
DB,ncs,NCS 4010-B10G,#879aa1,0.6735791084620211,0.023931987926960146,221.93239306451596,135,154,161,"[135, 154, 161]",16%,4%,0%,37%,"[16%, 4%, 0%, 37%]",62.27,-5.83,-6.07,"[62.27, -5.83, -6.07]",https://www.google.com/search?tbm=isch&q=ncs%20NCS%204010-B10G%20color%20swatch,,,,,,,,,,,,,,,,,,,,,,,,,,,,,,,,,,,,,,,,,,,,
DB,ncs,NCS 4010-B30G,#899fa1,0.6860950671458174,0.024911355065731586,203.24132149304023,137,159,161,"[137, 159, 161]",15%,1%,0%,37%,"[15%, 1%, 0%, 37%]",63.82,-7.68,-3.78,"[63.82, -7.68, -3.78]",https://www.google.com/search?tbm=isch&q=ncs%20NCS%204010-B30G%20color%20swatch,,,,,,,,,,,,,,,,,,,,,,,,,,,,,,,,,,,,,,,,,,,,
DB,ncs,NCS 4010-B50G,#89a1a0,0.6902187756294111,0.026893756766587534,193.4049016069671,137,161,160,"[137, 161, 160]",15%,0%,1%,37%,"[15%, 0%, 1%, 37%]",64.36,-8.85,-2.44,"[64.36, -8.85, -2.44]",https://www.google.com/search?tbm=isch&q=ncs%20NCS%204010-B50G%20color%20swatch,,,,,,,,,,,,,,,,,,,,,,,,,,,,,,,,,,,,,,,,,,,,
DB,ncs,NCS 4010-B70G,#88a19d,0.6885693895692004,0.0285460604148216,184.75307658436782,136,161,157,"[136, 161, 157]",16%,0%,2%,37%,"[16%, 0%, 2%, 37%]",64.22,-9.68,-0.98,"[64.22, -9.68, -0.98]",https://www.google.com/search?tbm=isch&q=ncs%20NCS%204010-B70G%20color%20swatch,,,,,,,,,,,,,,,,,,,,,,,,,,,,,,,,,,,,,,,,,,,,
DB,ncs,NCS 4010-B90G,#84a194,0.683056363688246,0.03746908919736979,166.25650866926492,132,161,148,"[132, 161, 148]",18%,0%,8%,37%,"[18%, 0%, 8%, 37%]",63.74,-12.49,3.28,"[63.74, -12.49, 3.28]",https://www.google.com/search?tbm=isch&q=ncs%20NCS%204010-B90G%20color%20swatch,,,,,,,,,,,,,,,,,,,,,,,,,,,,,,,,,,,,,,,,,,,,
DB,ncs,NCS 4010-G10Y,#8aa18b,0.6848117902768481,0.04101357506364769,146.2521708559808,138,161,139,"[138, 161, 139]",14%,0%,14%,37%,"[14%, 0%, 14%, 37%]",63.97,-11.65,8.68,"[63.97, -11.65, 8.68]",https://www.google.com/search?tbm=isch&q=ncs%20NCS%204010-G10Y%20color%20swatch,,,,,,,,,,,,,,,,,,,,,,,,,,,,,,,,,,,,,,,,,,,,
DB,ncs,NCS 4010-G30Y,#94a187,0.6913198459027705,0.03992866140933269,129.09539776534683,148,161,135,"[148, 161, 135]",8%,0%,16%,37%,"[8%, 0%, 16%, 37%]",64.65,-8.43,11.97,"[64.65, -8.43, 11.97]",https://www.google.com/search?tbm=isch&q=ncs%20NCS%204010-G30Y%20color%20swatch,,,,,,,,,,,,,,,,,,,,,,,,,,,,,,,,,,,,,,,,,,,,
DB,ncs,NCS 4010-G50Y,#9ba187,0.6968985776187852,0.03745077925004079,117.90837532123078,155,161,135,"[155, 161, 135]",4%,0%,16%,37%,"[4%, 0%, 16%, 37%]",65.21,-5.73,12.84,"[65.21, -5.73, 12.84]",https://www.google.com/search?tbm=isch&q=ncs%20NCS%204010-G50Y%20color%20swatch,,,,,,,,,,,,,,,,,,,,,,,,,,,,,,,,,,,,,,,,,,,,
DB,ncs,NCS 4010-G70Y,#a0a189,0.7015212055713466,0.033909156511126366,109.16976666964626,160,161,137,"[160, 161, 137]",1%,0%,15%,37%,"[1%, 0%, 15%, 37%]",65.66,-3.54,12.44,"[65.66, -3.54, 12.44]",https://www.google.com/search?tbm=isch&q=ncs%20NCS%204010-G70Y%20color%20swatch,,,,,,,,,,,,,,,,,,,,,,,,,,,,,,,,,,,,,,,,,,,,
DB,ncs,NCS 4010-G90Y,#a19e89,0.6959137322471753,0.029949696042261994,100.42085650984552,161,158,137,"[161, 158, 137]",0%,2%,15%,37%,"[0%, 2%, 15%, 37%]",64.93,-1.62,11.44,"[64.93, -1.62, 11.44]",https://www.google.com/search?tbm=isch&q=ncs%20NCS%204010-G90Y%20color%20swatch,,,,,,,,,,,,,,,,,,,,,,,,,,,,,,,,,,,,,,,,,,,,
DB,ncs,NCS 4010-R10B,#a17c80,0.6232697001706707,0.046339671147339875,11.267808656627949,161,124,128,"[161, 124, 128]",0%,23%,20%,37%,"[0%, 23%, 20%, 37%]",55.77,15.27,3.66,"[55.77, 15.27, 3.66]",https://www.google.com/search?tbm=isch&q=ncs%20NCS%204010-R10B%20color%20swatch,,,,,,,,,,,,,,,,,,,,,,,,,,,,,,,,,,,,,,,,,,,,
DB,ncs,NCS 4010-R30B,#a1808b,0.6345130572728352,0.04329983950787933,356.51240818382587,161,128,139,"[161, 128, 139]",0%,20%,14%,37%,"[0%, 20%, 14%, 37%]",57.05,14.46,-0.85,"[57.05, 14.46, -0.85]",https://www.google.com/search?tbm=isch&q=ncs%20NCS%204010-R30B%20color%20swatch,,,,,,,,,,,,,,,,,,,,,,,,,,,,,,,,,,,,,,,,,,,,
DB,ncs,NCS 4010-R50B,#a1889c,0.6559743867296862,0.041322765727308676,332.95031665469855,161,136,156,"[161, 136, 156]",0%,16%,3%,37%,"[0%, 16%, 3%, 37%]",59.52,12.45,-6.96,"[59.52, 12.45, -6.96]",https://www.google.com/search?tbm=isch&q=ncs%20NCS%204010-R50B%20color%20swatch,,,,,,,,,,,,,,,,,,,,,,,,,,,,,,,,,,,,,,,,,,,,
DB,ncs,NCS 4010-R70B,#8f86a1,0.6371687782120361,0.041099874267330805,300.4787761395411,143,134,161,"[143, 134, 161]",11%,17%,0%,37%,"[11%, 17%, 0%, 37%]",57.43,7.59,-13.14,"[57.43, 7.59, -13.14]",https://www.google.com/search?tbm=isch&q=ncs%20NCS%204010-R70B%20color%20swatch,,,,,,,,,,,,,,,,,,,,,,,,,,,,,,,,,,,,,,,,,,,,
DB,ncs,NCS 4010-R90B,#808ba1,0.635425154639635,0.03546874119422987,264.28701688748265,128,139,161,"[128, 139, 161]",20%,14%,0%,37%,"[20%, 14%, 0%, 37%]",57.53,-0.46,-13.14,"[57.53, -0.46, -13.14]",https://www.google.com/search?tbm=isch&q=ncs%20NCS%204010-R90B%20color%20swatch,,,,,,,,,,,,,,,,,,,,,,,,,,,,,,,,,,,,,,,,,,,,
DB,ncs,NCS 4010-Y10R,#a19b87,0.6889895651459252,0.02925927200638427,93.18676183422093,161,155,135,"[161, 155, 135]",0%,4%,16%,37%,"[0%, 4%, 16%, 37%]",64.08,-0.32,11.37,"[64.08, -0.32, 11.37]",https://www.google.com/search?tbm=isch&q=ncs%20NCS%204010-Y10R%20color%20swatch,,,,,,,,,,,,,,,,,,,,,,,,,,,,,,,,,,,,,,,,,,,,
DB,ncs,NCS 4010-Y30R,#a19585,0.6757460816166124,0.027016281974019552,75.14743894848823,161,149,133,"[161, 149, 133]",0%,7%,17%,37%,"[0%, 7%, 17%, 37%]",62.42,2.55,10.18,"[62.42, 2.55, 10.18]",https://www.google.com/search?tbm=isch&q=ncs%20NCS%204010-Y30R%20color%20swatch,,,,,,,,,,,,,,,,,,,,,,,,,,,,,,,,,,,,,,,,,,,,
DB,ncs,NCS 4010-Y50R,#a18f82,0.6623784486771281,0.028755041557613492,58.072170946233314,161,143,130,"[161, 143, 130]",0%,11%,19%,37%,"[0%, 11%, 19%, 37%]",60.76,5.34,9.54,"[60.76, 5.34, 9.54]",https://www.google.com/search?tbm=isch&q=ncs%20NCS%204010-Y50R%20color%20swatch,,,,,,,,,,,,,,,,,,,,,,,,,,,,,,,,,,,,,,,,,,,,
DB,ncs,NCS 4010-Y70R,#a1887f,0.6471087444080064,0.03338683224475338,40.814081769903,161,136,127,"[161, 136, 127]",0%,16%,21%,37%,"[0%, 16%, 21%, 37%]",58.85,8.71,8.57,"[58.85, 8.71, 8.57]",https://www.google.com/search?tbm=isch&q=ncs%20NCS%204010-Y70R%20color%20swatch,,,,,,,,,,,,,,,,,,,,,,,,,,,,,,,,,,,,,,,,,,,,
DB,ncs,NCS 4010-Y90R,#a17f7d,0.6283510691338569,0.04240955987725071,22.281423074367183,161,127,125,"[161, 127, 125]",0%,21%,22%,37%,"[0%, 21%, 22%, 37%]",56.47,13.30,6.37,"[56.47, 13.30, 6.37]",https://www.google.com/search?tbm=isch&q=ncs%20NCS%204010-Y90R%20color%20swatch,,,,,,,,,,,,,,,,,,,,,,,,,,,,,,,,,,,,,,,,,,,,
DB,ncs,NCS 4020-B,#6e8ea1,0.6292881091481852,0.04596407395865721,234.50857818491716,110,142,161,"[110, 142, 161]",32%,12%,0%,37%,"[32%, 12%, 0%, 37%]",57.10,-8.09,-13.95,"[57.10, -8.09, -13.95]",https://www.google.com/search?tbm=isch&q=ncs%20NCS%204020-B%20color%20swatch,,,,,,,,,,,,,,,,,,,,,,,,,,,,,,,,,,,,,,,,,,,,
DB,ncs,NCS 4020-B10G,#7094a1,0.6442846835772794,0.04430090365483252,222.06391700546476,112,148,161,"[112, 148, 161]",30%,8%,0%,37%,"[30%, 8%, 0%, 37%]",58.97,-10.52,-11.14,"[58.97, -10.52, -11.14]",https://www.google.com/search?tbm=isch&q=ncs%20NCS%204020-B10G%20color%20swatch,,,,,,,,,,,,,,,,,,,,,,,,,,,,,,,,,,,,,,,,,,,,
DB,ncs,NCS 4020-B30G,#739da1,0.6668547849253577,0.045943923793304524,203.44537892053472,115,157,161,"[115, 157, 161]",29%,2%,0%,37%,"[29%, 2%, 0%, 37%]",61.78,-14.07,-6.97,"[61.78, -14.07, -6.97]",https://www.google.com/search?tbm=isch&q=ncs%20NCS%204020-B30G%20color%20swatch,,,,,,,,,,,,,,,,,,,,,,,,,,,,,,,,,,,,,,,,,,,,
DB,ncs,NCS 4020-B50G,#74a19f,0.6760488923127508,0.04857210752586483,192.58114338107907,116,161,159,"[116, 161, 159]",28%,0%,1%,37%,"[28%, 0%, 1%, 37%]",62.96,-16.07,-4.12,"[62.96, -16.07, -4.12]",https://www.google.com/search?tbm=isch&q=ncs%20NCS%204020-B50G%20color%20swatch,,,,,,,,,,,,,,,,,,,,,,,,,,,,,,,,,,,,,,,,,,,,
DB,ncs,NCS 4020-B70G,#72a19a,0.6732435015291526,0.051589995572241816,184.5453480986332,114,161,154,"[114, 161, 154]",29%,0%,4%,37%,"[29%, 0%, 4%, 37%]",62.72,-17.59,-1.69,"[62.72, -17.59, -1.69]",https://www.google.com/search?tbm=isch&q=ncs%20NCS%204020-B70G%20color%20swatch,,,,,,,,,,,,,,,,,,,,,,,,,,,,,,,,,,,,,,,,,,,,
DB,ncs,NCS 4020-B90G,#6ca189,0.6646880957732092,0.06695977322735823,164.45741452437028,108,161,137,"[108, 161, 137]",33%,0%,15%,37%,"[33%, 0%, 15%, 37%]",62.00,-22.37,6.68,"[62.00, -22.37, 6.68]",https://www.google.com/search?tbm=isch&q=ncs%20NCS%204020-B90G%20color%20swatch,,,,,,,,,,,,,,,,,,,,,,,,,,,,,,,,,,,,,,,,,,,,
DB,ncs,NCS 4020-G,#68a17e,0.6595059373157537,0.07978452905666267,156.4661765440785,104,161,126,"[104, 161, 126]",35%,0%,22%,37%,"[35%, 0%, 22%, 37%]",61.56,-25.38,12.12,"[61.56, -25.38, 12.12]",https://www.google.com/search?tbm=isch&q=ncs%20NCS%204020-G%20color%20swatch,,,,,,,,,,,,,,,,,,,,,,,,,,,,,,,,,,,,,,,,,,,,
DB,ncs,NCS 4020-G10Y,#77a179,0.6672565650974455,0.07423310551334181,145.85958079010766,119,161,121,"[119, 161, 121]",26%,0%,25%,37%,"[26%, 0%, 25%, 37%]",62.35,-21.00,16.12,"[62.35, -21.00, 16.12]",https://www.google.com/search?tbm=isch&q=ncs%20NCS%204020-G10Y%20color%20swatch,,,,,,,,,,,,,,,,,,,,,,,,,,,,,,,,,,,,,,,,,,,,
DB,ncs,NCS 4020-G30Y,#8aa171,0.678612245399121,0.07250756719741432,128.96746963664333,138,161,113,"[138, 161, 113]",14%,0%,30%,37%,"[14%, 0%, 30%, 37%]",63.51,-14.92,22.29,"[63.51, -14.92, 22.29]",https://www.google.com/search?tbm=isch&q=ncs%20NCS%204020-G30Y%20color%20swatch,,,,,,,,,,,,,,,,,,,,,,,,,,,,,,,,,,,,,,,,,,,,
DB,ncs,NCS 4020-G50Y,#96a171,0.6878708620188702,0.06788565113293822,118.69593943984972,150,161,113,"[150, 161, 113]",7%,0%,30%,37%,"[7%, 0%, 30%, 37%]",64.43,-10.21,23.71,"[64.43, -10.21, 23.71]",https://www.google.com/search?tbm=isch&q=ncs%20NCS%204020-G50Y%20color%20swatch,,,,,,,,,,,,,,,,,,,,,,,,,,,,,,,,,,,,,,,,,,,,
DB,ncs,NCS 4020-G70Y,#9fa174,0.6958784798966716,0.06218799723138686,110.02624168714601,159,161,116,"[159, 161, 116]",1%,0%,28%,37%,"[1%, 0%, 28%, 37%]",65.22,-6.29,23.29,"[65.22, -6.29, 23.29]",https://www.google.com/search?tbm=isch&q=ncs%20NCS%204020-G70Y%20color%20swatch,,,,,,,,,,,,,,,,,,,,,,,,,,,,,,,,,,,,,,,,,,,,
DB,ncs,NCS 4020-G90Y,#a19c73,0.6864810590405968,0.05704844458940101,101.90549970658367,161,156,115,"[161, 156, 115]",0%,3%,29%,37%,"[0%, 3%, 29%, 37%]",64.00,-3.05,22.26,"[64.00, -3.05, 22.26]",https://www.google.com/search?tbm=isch&q=ncs%20NCS%204020-G90Y%20color%20swatch,,,,,,,,,,,,,,,,,,,,,,,,,,,,,,,,,,,,,,,,,,,,
DB,ncs,NCS 4020-R,#a15e62,0.5587634686471172,0.08766794331188088,16.454569404754295,161,94,98,"[161, 94, 98]",0%,42%,39%,37%,"[0%, 42%, 39%, 37%]",47.87,28.35,10.16,"[47.87, 28.35, 10.16]",https://www.google.com/search?tbm=isch&q=ncs%20NCS%204020-R%20color%20swatch,,,,,,,,,,,,,,,,,,,,,,,,,,,,,,,,,,,,,,,,,,,,
DB,ncs,NCS 4020-R10B,#a16068,0.5639082678365698,0.08504087100672963,12.216258213682636,161,96,104,"[161, 96, 104]",0%,40%,35%,37%,"[0%, 40%, 35%, 37%]",48.45,27.83,7.39,"[48.45, 27.83, 7.39]",https://www.google.com/search?tbm=isch&q=ncs%20NCS%204020-R10B%20color%20swatch,,,,,,,,,,,,,,,,,,,,,,,,,,,,,,,,,,,,,,,,,,,,
DB,ncs,NCS 4020-R20B,#a1636f,0.571232821537341,0.08149795406924261,7.421397645686056,161,99,111,"[161, 99, 111]",0%,39%,31%,37%,"[0%, 39%, 31%, 37%]",49.30,26.91,4.41,"[49.30, 26.91, 4.41]",https://www.google.com/search?tbm=isch&q=ncs%20NCS%204020-R20B%20color%20swatch,,,,,,,,,,,,,,,,,,,,,,,,,,,,,,,,,,,,,,,,,,,,
DB,ncs,NCS 4020-R30B,#a16679,0.5796651234874919,0.07962884486571599,359.06765330292683,161,102,121,"[161, 102, 121]",0%,37%,25%,37%,"[0%, 37%, 25%, 37%]",50.23,26.36,-0.19,"[50.23, 26.36, -0.19]",https://www.google.com/search?tbm=isch&q=ncs%20NCS%204020-R30B%20color%20swatch,,,,,,,,,,,,,,,,,,,,,,,,,,,,,,,,,,,,,,,,,,,,
DB,ncs,NCS 4020-R40B,#a16b86,0.5930072362642858,0.07764449315133218,348.34901073442757,161,107,134,"[161, 107, 134]",0%,34%,17%,37%,"[0%, 34%, 17%, 37%]",51.74,25.19,-5.67,"[51.74, 25.19, -5.67]",https://www.google.com/search?tbm=isch&q=ncs%20NCS%204020-R40B%20color%20swatch,,,,,,,,,,,,,,,,,,,,,,,,,,,,,,,,,,,,,,,,,,,,
DB,ncs,NCS 4020-R50B,#a17298,0.6123362532971381,0.07903584154902281,333.48020040853237,161,114,152,"[161, 114, 152]",0%,29%,6%,37%,"[0%, 29%, 6%, 37%]",53.92,23.77,-12.97,"[53.92, 23.77, -12.97]",https://www.google.com/search?tbm=isch&q=ncs%20NCS%204020-R50B%20color%20swatch,,,,,,,,,,,,,,,,,,,,,,,,,,,,,,,,,,,,,,,,,,,,
DB,ncs,NCS 4020-R60B,#916fa1,0.593469941540353,0.08380923865870585,314.6969877205986,145,111,161,"[145, 111, 161]",10%,31%,0%,37%,"[10%, 31%, 0%, 37%]",51.67,20.92,-21.79,"[51.67, 20.92, -21.79]",https://www.google.com/search?tbm=isch&q=ncs%20NCS%204020-R60B%20color%20swatch,,,,,,,,,,,,,,,,,,,,,,,,,,,,,,,,,,,,,,,,,,,,
DB,ncs,NCS 4020-R70B,#806fa1,0.5768545737574206,0.0776513433717576,299.59316821487016,128,111,161,"[128, 111, 161]",20%,31%,0%,37%,"[20%, 31%, 0%, 37%]",49.93,14.89,-24.64,"[49.93, 14.89, -24.64]",https://www.google.com/search?tbm=isch&q=ncs%20NCS%204020-R70B%20color%20swatch,,,,,,,,,,,,,,,,,,,,,,,,,,,,,,,,,,,,,,,,,,,,
DB,ncs,NCS 4020-R80B,#626ea1,0.5496176628133299,0.08096097476090781,273.3436384863576,98,110,161,"[98, 110, 161]",39%,32%,0%,37%,"[39%, 32%, 0%, 37%]",47.05,5.44,-29.34,"[47.05, 5.44, -29.34]",https://www.google.com/search?tbm=isch&q=ncs%20NCS%204020-R80B%20color%20swatch,,,,,,,,,,,,,,,,,,,,,,,,,,,,,,,,,,,,,,,,,,,,
DB,ncs,NCS 4020-R90B,#677aa1,0.5795377680873995,0.06440607345014934,264.327644888868,103,122,161,"[103, 122, 161]",36%,24%,0%,37%,"[36%, 24%, 0%, 37%]",50.84,0.32,-23.47,"[50.84, 0.32, -23.47]",https://www.google.com/search?tbm=isch&q=ncs%20NCS%204020-R90B%20color%20swatch,,,,,,,,,,,,,,,,,,,,,,,,,,,,,,,,,,,,,,,,,,,,
DB,ncs,NCS 4020-Y,#a19a72,0.6819427320053932,0.05603108083030137,99.32789362055559,161,154,114,"[161, 154, 114]",0%,4%,29%,37%,"[0%, 4%, 29%, 37%]",63.44,-2.12,22.06,"[63.44, -2.12, 22.06]",https://www.google.com/search?tbm=isch&q=ncs%20NCS%204020-Y%20color%20swatch,,,,,,,,,,,,,,,,,,,,,,,,,,,,,,,,,,,,,,,,,,,,
DB,ncs,NCS 4020-Y10R,#a19571,0.6709772411031663,0.05214250491327032,91.8035582280267,161,149,113,"[161, 149, 113]",0%,7%,30%,37%,"[0%, 7%, 30%, 37%]",62.06,0.35,20.78,"[62.06, 0.35, 20.78]",https://www.google.com/search?tbm=isch&q=ncs%20NCS%204020-Y10R%20color%20swatch,,,,,,,,,,,,,,,,,,,,,,,,,,,,,,,,,,,,,,,,,,,,
DB,ncs,NCS 4020-Y20R,#a1916f,0.6620160062615851,0.05124778467542959,85.6616776163653,161,145,111,"[161, 145, 111]",0%,10%,31%,37%,"[0%, 10%, 31%, 37%]",60.95,2.23,20.41,"[60.95, 2.23, 20.41]",https://www.google.com/search?tbm=isch&q=ncs%20NCS%204020-Y20R%20color%20swatch,,,,,,,,,,,,,,,,,,,,,,,,,,,,,,,,,,,,,,,,,,,,
DB,ncs,NCS 4020-Y30R,#a18c6d,0.6510150150159224,0.05047342153258103,77.31228944315859,161,140,109,"[161, 140, 109]",0%,13%,32%,37%,"[0%, 13%, 32%, 37%]",59.58,4.66,19.69,"[59.58, 4.66, 19.69]",https://www.google.com/search?tbm=isch&q=ncs%20NCS%204020-Y30R%20color%20swatch,,,,,,,,,,,,,,,,,,,,,,,,,,,,,,,,,,,,,,,,,,,,
DB,ncs,NCS 4020-Y40R,#a1876b,0.6401275208000335,0.05086955695106091,68.7960738420125,161,135,107,"[161, 135, 107]",0%,16%,34%,37%,"[0%, 16%, 34%, 37%]",58.22,7.12,18.99,"[58.22, 7.12, 18.99]",https://www.google.com/search?tbm=isch&q=ncs%20NCS%204020-Y40R%20color%20swatch,,,,,,,,,,,,,,,,,,,,,,,,,,,,,,,,,,,,,,,,,,,,
DB,ncs,NCS 4020-Y50R,#a18169,0.6273193596803025,0.05255054250789596,58.478839960410994,161,129,105,"[161, 129, 105]",0%,20%,35%,37%,"[0%, 20%, 35%, 37%]",56.61,10.13,17.97,"[56.61, 10.13, 17.97]",https://www.google.com/search?tbm=isch&q=ncs%20NCS%204020-Y50R%20color%20swatch,,,,,,,,,,,,,,,,,,,,,,,,,,,,,,,,,,,,,,,,,,,,
DB,ncs,NCS 4020-Y60R,#a17b67,0.614716915467922,0.05593964707347784,49.033221390384824,161,123,103,"[161, 123, 103]",0%,24%,36%,37%,"[0%, 24%, 36%, 37%]",55.02,13.17,16.98,"[55.02, 13.17, 16.98]",https://www.google.com/search?tbm=isch&q=ncs%20NCS%204020-Y60R%20color%20swatch,,,,,,,,,,,,,,,,,,,,,,,,,,,,,,,,,,,,,,,,,,,,
DB,ncs,NCS 4020-Y70R,#a17464,0.600150296167477,0.062074627297171274,40.41662675392962,161,116,100,"[161, 116, 100]",0%,28%,38%,37%,"[0%, 28%, 38%, 37%]",53.19,16.67,16.24,"[53.19, 16.67, 16.24]",https://www.google.com/search?tbm=isch&q=ncs%20NCS%204020-Y70R%20color%20swatch,,,,,,,,,,,,,,,,,,,,,,,,,,,,,,,,,,,,,,,,,,,,
DB,ncs,NCS 4020-Y80R,#a16d62,0.5861724785595072,0.06915236149318785,32.41446581879529,161,109,98,"[161, 109, 98]",0%,32%,39%,37%,"[0%, 32%, 39%, 37%]",51.42,20.28,15.01,"[51.42, 20.28, 15.01]",https://www.google.com/search?tbm=isch&q=ncs%20NCS%204020-Y80R%20color%20swatch,,,,,,,,,,,,,,,,,,,,,,,,,,,,,,,,,,,,,,,,,,,,
DB,ncs,NCS 4020-Y90R,#a16662,0.5730980414638278,0.07703771183374047,23.98045582659256,161,102,98,"[161, 102, 98]",0%,37%,39%,37%,"[0%, 37%, 39%, 37%]",49.73,24.07,12.72,"[49.73, 24.07, 12.72]",https://www.google.com/search?tbm=isch&q=ncs%20NCS%204020-Y90R%20color%20swatch,,,,,,,,,,,,,,,,,,,,,,,,,,,,,,,,,,,,,,,,,,,,
DB,ncs,NCS 4030-B,#5a86a1,0.5985973731238543,0.06350371439264443,236.217273154699,90,134,161,"[90, 134, 161]",44%,17%,0%,37%,"[44%, 17%, 0%, 37%]",53.52,-10.04,-19.48,"[53.52, -10.04, -19.48]",https://www.google.com/search?tbm=isch&q=ncs%20NCS%204030-B%20color%20swatch,,,,,,,,,,,,,,,,,,,,,,,,,,,,,,,,,,,,,,,,,,,,
DB,ncs,NCS 4030-B10G,#5c8fa1,0.6208429027154605,0.06083037142825361,222.29434731339745,92,143,161,"[92, 143, 161]",43%,11%,0%,37%,"[43%, 11%, 0%, 37%]",56.32,-14.06,-15.24,"[56.32, -14.06, -15.24]",https://www.google.com/search?tbm=isch&q=ncs%20NCS%204030-B10G%20color%20swatch,,,,,,,,,,,,,,,,,,,,,,,,,,,,,,,,,,,,,,,,,,,,
DB,ncs,NCS 4030-B30G,#609ba1,0.6513875452309504,0.0620645833016659,203.981393606217,96,155,161,"[96, 155, 161]",40%,4%,0%,37%,"[40%, 4%, 0%, 37%]",60.12,-18.83,-9.55,"[60.12, -18.83, -9.55]",https://www.google.com/search?tbm=isch&q=ncs%20NCS%204030-B30G%20color%20swatch,,,,,,,,,,,,,,,,,,,,,,,,,,,,,,,,,,,,,,,,,,,,
DB,ncs,NCS 4030-B50G,#61a19f,0.6655108760944541,0.06595500847439935,193.10301190986343,97,161,159,"[97, 161, 159]",40%,0%,1%,37%,"[40%, 0%, 1%, 37%]",61.92,-21.80,-5.78,"[61.92, -21.80, -5.78]",https://www.google.com/search?tbm=isch&q=ncs%20NCS%204030-B50G%20color%20swatch,,,,,,,,,,,,,,,,,,,,,,,,,,,,,,,,,,,,,,,,,,,,
DB,ncs,NCS 4030-B70G,#5fa197,0.6619005828303512,0.06952393076653723,183.40324696600146,95,161,151,"[95, 161, 151]",41%,0%,6%,37%,"[41%, 0%, 6%, 37%]",61.63,-23.88,-1.75,"[61.63, -23.88, -1.75]",https://www.google.com/search?tbm=isch&q=ncs%20NCS%204030-B70G%20color%20swatch,,,,,,,,,,,,,,,,,,,,,,,,,,,,,,,,,,,,,,,,,,,,
DB,ncs,NCS 4030-B90G,#58a180,0.6518423080415695,0.08946169895132251,162.99701659117386,88,161,128,"[88, 161, 128]",45%,0%,20%,37%,"[45%, 0%, 20%, 37%]",60.81,-29.91,9.82,"[60.81, -29.91, 9.82]",https://www.google.com/search?tbm=isch&q=ncs%20NCS%204030-B90G%20color%20swatch,,,,,,,,,,,,,,,,,,,,,,,,,,,,,,,,,,,,,,,,,,,,
DB,ncs,NCS 4030-G,#53a171,0.6458636928067127,0.10643720252371551,154.96215041200514,83,161,113,"[83, 161, 113]",48%,0%,30%,37%,"[48%, 0%, 30%, 37%]",60.32,-33.67,17.36,"[60.32, -33.67, 17.36]",https://www.google.com/search?tbm=isch&q=ncs%20NCS%204030-G%20color%20swatch,,,,,,,,,,,,,,,,,,,,,,,,,,,,,,,,,,,,,,,,,,,,
DB,ncs,NCS 4030-G10Y,#67a16a,0.6543458325070876,0.10104402672918007,145.4905435917197,103,161,106,"[103, 161, 106]",36%,0%,34%,37%,"[36%, 0%, 34%, 37%]",61.17,-28.48,22.49,"[61.17, -28.48, 22.49]",https://www.google.com/search?tbm=isch&q=ncs%20NCS%204030-G10Y%20color%20swatch,,,,,,,,,,,,,,,,,,,,,,,,,,,,,,,,,,,,,,,,,,,,
DB,ncs,NCS 4030-G30Y,#80a15f,0.6679621021600493,0.09877375744669561,130.33239675565756,128,161,95,"[128, 161, 95]",20%,0%,41%,37%,"[20%, 0%, 41%, 37%]",62.55,-20.69,30.45,"[62.55, -20.69, 30.45]",https://www.google.com/search?tbm=isch&q=ncs%20NCS%204030-G30Y%20color%20swatch,,,,,,,,,,,,,,,,,,,,,,,,,,,,,,,,,,,,,,,,,,,,
DB,ncs,NCS 4030-G50Y,#91a15d,0.6802287689635564,0.09380340532845456,119.7751562449713,145,161,93,"[145, 161, 93]",10%,0%,42%,37%,"[10%, 0%, 42%, 37%]",63.77,-14.14,33.33,"[63.77, -14.14, 33.33]",https://www.google.com/search?tbm=isch&q=ncs%20NCS%204030-G50Y%20color%20swatch,,,,,,,,,,,,,,,,,,,,,,,,,,,,,,,,,,,,,,,,,,,,
DB,ncs,NCS 4030-G70Y,#9ea161,0.691486724626747,0.08588199314988217,110.74753532075692,158,161,97,"[158, 161, 97]",2%,0%,40%,37%,"[2%, 0%, 40%, 37%]",64.87,-8.47,32.90,"[64.87, -8.47, 32.90]",https://www.google.com/search?tbm=isch&q=ncs%20NCS%204030-G70Y%20color%20swatch,,,,,,,,,,,,,,,,,,,,,,,,,,,,,,,,,,,,,,,,,,,,
DB,ncs,NCS 4030-G90Y,#a19a60,0.6785009392045986,0.07839985905814015,102.27934718355078,161,154,96,"[161, 154, 96]",0%,4%,40%,37%,"[0%, 4%, 40%, 37%]",63.18,-3.78,31.39,"[63.18, -3.78, 31.39]",https://www.google.com/search?tbm=isch&q=ncs%20NCS%204030-G90Y%20color%20swatch,,,,,,,,,,,,,,,,,,,,,,,,,,,,,,,,,,,,,,,,,,,,
DB,ncs,NCS 4030-R,#a1494e,0.519446380911351,0.11696558514016363,18.576321360823954,161,73,78,"[161, 73, 78]",0%,55%,52%,37%,"[0%, 55%, 52%, 37%]",43.02,37.58,15.66,"[43.02, 37.58, 15.66]",https://www.google.com/search?tbm=isch&q=ncs%20NCS%204030-R%20color%20swatch,,,,,,,,,,,,,,,,,,,,,,,,,,,,,,,,,,,,,,,,,,,,
DB,ncs,NCS 4030-R10B,#a14b55,0.5241906217073155,0.1142343578519621,14.656672354514058,161,75,85,"[161, 75, 85]",0%,53%,47%,37%,"[0%, 53%, 47%, 37%]",43.54,37.09,12.08,"[43.54, 37.09, 12.08]",https://www.google.com/search?tbm=isch&q=ncs%20NCS%204030-R10B%20color%20swatch,,,,,,,,,,,,,,,,,,,,,,,,,,,,,,,,,,,,,,,,,,,,
DB,ncs,NCS 4030-R20B,#a14d5e,0.5296735073938826,0.11226182443429741,8.964549764468416,161,77,94,"[161, 77, 94]",0%,52%,42%,37%,"[0%, 52%, 42%, 37%]",44.13,36.80,7.39,"[44.13, 36.80, 7.39]",https://www.google.com/search?tbm=isch&q=ncs%20NCS%204030-R20B%20color%20swatch,,,,,,,,,,,,,,,,,,,,,,,,,,,,,,,,,,,,,,,,,,,,
DB,ncs,NCS 4030-R30B,#a1516b,0.5397976073845673,0.10937317398664495,0.7868082101182381,161,81,107,"[161, 81, 107]",0%,50%,34%,37%,"[0%, 50%, 34%, 37%]",45.25,35.93,1.04,"[45.25, 35.93, 1.04]",https://www.google.com/search?tbm=isch&q=ncs%20NCS%204030-R30B%20color%20swatch,,,,,,,,,,,,,,,,,,,,,,,,,,,,,,,,,,,,,,,,,,,,
DB,ncs,NCS 4030-R40B,#a1567c,0.5535260966934423,0.10900282626579431,349.5654406827664,161,86,124,"[161, 86, 124]",0%,47%,23%,37%,"[0%, 47%, 23%, 37%]",46.74,35.13,-7.08,"[46.74, 35.13, -7.08]",https://www.google.com/search?tbm=isch&q=ncs%20NCS%204030-R40B%20color%20swatch,,,,,,,,,,,,,,,,,,,,,,,,,,,,,,,,,,,,,,,,,,,,
DB,ncs,NCS 4030-R50B,#a15e94,0.5759034681461259,0.11262621996924806,334.44333112112247,161,94,148,"[161, 94, 148]",0%,42%,8%,37%,"[0%, 42%, 8%, 37%]",49.19,33.91,-17.73,"[49.19, 33.91, -17.73]",https://www.google.com/search?tbm=isch&q=ncs%20NCS%204030-R50B%20color%20swatch,,,,,,,,,,,,,,,,,,,,,,,,,,,,,,,,,,,,,,,,,,,,
DB,ncs,NCS 4030-R60B,#8b5ba1,0.5509439114129324,0.11746460561399384,314.5561803504668,139,91,161,"[139, 91, 161]",14%,43%,0%,37%,"[14%, 43%, 0%, 37%]",46.18,29.83,-30.30,"[46.18, 29.83, -30.30]",https://www.google.com/search?tbm=isch&q=ncs%20NCS%204030-R60B%20color%20swatch,,,,,,,,,,,,,,,,,,,,,,,,,,,,,,,,,,,,,,,,,,,,
DB,ncs,NCS 4030-R70B,#745ca1,0.5285357021526152,0.10810575333699282,298.6914021060976,116,92,161,"[116, 92, 161]",28%,43%,0%,37%,"[28%, 43%, 0%, 37%]",43.83,21.59,-34.20,"[43.83, 21.59, -34.20]",https://www.google.com/search?tbm=isch&q=ncs%20NCS%204030-R70B%20color%20swatch,,,,,,,,,,,,,,,,,,,,,,,,,,,,,,,,,,,,,,,,,,,,
DB,ncs,NCS 4030-R80B,#4d5ca1,0.49585074621005115,0.11144598132071838,272.4981189509283,77,92,161,"[77, 92, 161]",52%,43%,0%,37%,"[52%, 43%, 0%, 37%]",40.38,9.72,-39.90,"[40.38, 9.72, -39.90]",https://www.google.com/search?tbm=isch&q=ncs%20NCS%204030-R80B%20color%20swatch,,,,,,,,,,,,,,,,,,,,,,,,,,,,,,,,,,,,,,,,,,,,
DB,ncs,NCS 4030-R90B,#516ca1,0.5335362134177214,0.08969029030550613,263.0805292627342,81,108,161,"[81, 108, 161]",50%,33%,0%,37%,"[50%, 33%, 0%, 37%]",45.28,1.52,-32.19,"[45.28, 1.52, -32.19]",https://www.google.com/search?tbm=isch&q=ncs%20NCS%204030-R90B%20color%20swatch,,,,,,,,,,,,,,,,,,,,,,,,,,,,,,,,,,,,,,,,,,,,
DB,ncs,NCS 4030-Y,#a1975f,0.6717948604472107,0.07633685998083185,99.35080470806116,161,151,95,"[161, 151, 95]",0%,6%,41%,37%,"[0%, 6%, 41%, 37%]",62.35,-2.33,30.87,"[62.35, -2.33, 30.87]",https://www.google.com/search?tbm=isch&q=ncs%20NCS%204030-Y%20color%20swatch,,,,,,,,,,,,,,,,,,,,,,,,,,,,,,,,,,,,,,,,,,,,
DB,ncs,NCS 4030-Y10R,#a1915d,0.6584838258349689,0.07288326854066632,92.93970586468652,161,145,93,"[161, 145, 93]",0%,10%,42%,37%,"[0%, 10%, 42%, 37%]",60.69,0.61,29.86,"[60.69, 0.61, 29.86]",https://www.google.com/search?tbm=isch&q=ncs%20NCS%204030-Y10R%20color%20swatch,,,,,,,,,,,,,,,,,,,,,,,,,,,,,,,,,,,,,,,,,,,,
DB,ncs,NCS 4030-Y20R,#a18a5b,0.6432044269437177,0.06982889444894118,84.48409101691004,161,138,91,"[161, 138, 91]",0%,14%,43%,37%,"[0%, 14%, 43%, 37%]",58.77,4.11,28.54,"[58.77, 4.11, 28.54]",https://www.google.com/search?tbm=isch&q=ncs%20NCS%204030-Y20R%20color%20swatch,,,,,,,,,,,,,,,,,,,,,,,,,,,,,,,,,,,,,,,,,,,,
DB,ncs,NCS 4030-Y30R,#a18459,0.6302427679958097,0.06889814796627361,76.81565975699328,161,132,89,"[161, 132, 89]",0%,18%,45%,37%,"[0%, 18%, 45%, 37%]",57.15,7.13,27.58,"[57.15, 7.13, 27.58]",https://www.google.com/search?tbm=isch&q=ncs%20NCS%204030-Y30R%20color%20swatch,,,,,,,,,,,,,,,,,,,,,,,,,,,,,,,,,,,,,,,,,,,,
DB,ncs,NCS 4030-Y40R,#a17c57,0.613390739588488,0.06917360994783155,65.93349590389278,161,124,87,"[161, 124, 87]",0%,23%,46%,37%,"[0%, 23%, 46%, 37%]",55.03,11.25,26.00,"[55.03, 11.25, 26.00]",https://www.google.com/search?tbm=isch&q=ncs%20NCS%204030-Y40R%20color%20swatch,,,,,,,,,,,,,,,,,,,,,,,,,,,,,,,,,,,,,,,,,,,,
DB,ncs,NCS 4030-Y50R,#a17554,0.5987385571044149,0.07257478150262382,57.6918910342697,161,117,84,"[161, 117, 84]",0%,27%,48%,37%,"[0%, 27%, 48%, 37%]",53.19,14.80,25.34,"[53.19, 14.80, 25.34]",https://www.google.com/search?tbm=isch&q=ncs%20NCS%204030-Y50R%20color%20swatch,,,,,,,,,,,,,,,,,,,,,,,,,,,,,,,,,,,,,,,,,,,,
DB,ncs,NCS 4030-Y60R,#a16d52,0.5826967097844036,0.0774127564801853,48.17647200945936,161,109,82,"[161, 109, 82]",0%,32%,49%,37%,"[0%, 32%, 49%, 37%]",51.16,18.98,23.89,"[51.16, 18.98, 23.89]",https://www.google.com/search?tbm=isch&q=ncs%20NCS%204030-Y60R%20color%20swatch,,,,,,,,,,,,,,,,,,,,,,,,,,,,,,,,,,,,,,,,,,,,
DB,ncs,NCS 4030-Y70R,#a1644f,0.5651420914295552,0.08561594347184741,39.73478290047967,161,100,79,"[161, 100, 79]",0%,38%,51%,37%,"[0%, 38%, 51%, 37%]",48.93,23.63,22.77,"[48.93, 23.63, 22.77]",https://www.google.com/search?tbm=isch&q=ncs%20NCS%204030-Y70R%20color%20swatch,,,,,,,,,,,,,,,,,,,,,,,,,,,,,,,,,,,,,,,,,,,,
DB,ncs,NCS 4030-Y80R,#a15b4c,0.548368934100558,0.09547602171820851,33.052665853120686,161,91,76,"[161, 91, 76]",0%,43%,53%,37%,"[0%, 43%, 53%, 37%]",46.80,28.23,21.79,"[46.80, 28.23, 21.79]",https://www.google.com/search?tbm=isch&q=ncs%20NCS%204030-Y80R%20color%20swatch,,,,,,,,,,,,,,,,,,,,,,,,,,,,,,,,,,,,,,,,,,,,
DB,ncs,NCS 4030-Y90R,#a1524d,0.5333499858499021,0.10554496801882113,24.985301058467826,161,82,77,"[161, 82, 77]",0%,49%,52%,37%,"[0%, 49%, 52%, 37%]",44.84,33.00,18.67,"[44.84, 33.00, 18.67]",https://www.google.com/search?tbm=isch&q=ncs%20NCS%204030-Y90R%20color%20swatch,,,,,,,,,,,,,,,,,,,,,,,,,,,,,,,,,,,,,,,,,,,,
DB,ncs,NCS 4040-B,#487fa1,0.572646366573843,0.07853422075924324,237.4208839520113,72,127,161,"[72, 127, 161]",55%,21%,0%,37%,"[55%, 21%, 0%, 37%]",50.47,-11.20,-24.22,"[50.47, -11.20, -24.22]",https://www.google.com/search?tbm=isch&q=ncs%20NCS%204040-B%20color%20swatch,,,,,,,,,,,,,,,,,,,,,,,,,,,,,,,,,,,,,,,,,,,,
DB,ncs,NCS 4040-B10G,#4b8ba1,0.6028367406688602,0.07355640866754641,222.58476101088922,75,139,161,"[75, 139, 161]",53%,14%,0%,37%,"[53%, 14%, 0%, 37%]",54.27,-16.57,-18.42,"[54.27, -16.57, -18.42]",https://www.google.com/search?tbm=isch&q=ncs%20NCS%204040-B10G%20color%20swatch,,,,,,,,,,,,,,,,,,,,,,,,,,,,,,,,,,,,,,,,,,,,
DB,ncs,NCS 4040-B20G,#4d93a1,0.6230835753954643,0.07338902321785837,212.18376407850042,77,147,161,"[77, 147, 161]",52%,9%,0%,37%,"[52%, 9%, 0%, 37%]",56.81,-19.99,-14.60,"[56.81, -19.99, -14.60]",https://www.google.com/search?tbm=isch&q=ncs%20NCS%204040-B20G%20color%20swatch,,,,,,,,,,,,,,,,,,,,,,,,,,,,,,,,,,,,,,,,,,,,
DB,ncs,NCS 4040-B30G,#4e99a1,0.6380970872898399,0.0752616258180597,204.58327866432944,78,153,161,"[78, 153, 161]",52%,5%,0%,37%,"[52%, 5%, 0%, 37%]",58.69,-22.60,-11.79,"[58.69, -22.60, -11.79]",https://www.google.com/search?tbm=isch&q=ncs%20NCS%204040-B30G%20color%20swatch,,,,,,,,,,,,,,,,,,,,,,,,,,,,,,,,,,,,,,,,,,,,
DB,ncs,NCS 4040-B40G,#509ea1,0.6511192808006823,0.07693889971391955,198.73655647169926,80,158,161,"[80, 158, 161]",50%,2%,0%,37%,"[50%, 2%, 0%, 37%]",60.30,-24.44,-9.39,"[60.30, -24.44, -9.39]",https://www.google.com/search?tbm=isch&q=ncs%20NCS%204040-B40G%20color%20swatch,,,,,,,,,,,,,,,,,,,,,,,,,,,,,,,,,,,,,,,,,,,,
DB,ncs,NCS 4040-B50G,#4fa19e,0.6569980871243642,0.08018830490821646,192.1883715642623,79,161,158,"[79, 161, 158]",51%,0%,2%,37%,"[51%, 0%, 2%, 37%]",61.10,-26.68,-6.54,"[61.10, -26.68, -6.54]",https://www.google.com/search?tbm=isch&q=ncs%20NCS%204040-B50G%20color%20swatch,,,,,,,,,,,,,,,,,,,,,,,,,,,,,,,,,,,,,,,,,,,,
DB,ncs,NCS 4040-B60G,#4ea199,0.6549200369763487,0.08192420602726934,187.03605771858452,78,161,153,"[78, 161, 153]",52%,0%,5%,37%,"[52%, 0%, 5%, 37%]",60.94,-27.94,-3.98,"[60.94, -27.94, -3.98]",https://www.google.com/search?tbm=isch&q=ncs%20NCS%204040-B60G%20color%20swatch,,,,,,,,,,,,,,,,,,,,,,,,,,,,,,,,,,,,,,,,,,,,
DB,ncs,NCS 4040-B70G,#4da194,0.6529050800095902,0.08432479037307244,182.15582423513843,77,161,148,"[77, 161, 148]",52%,0%,8%,37%,"[52%, 0%, 8%, 37%]",60.78,-29.17,-1.43,"[60.78, -29.17, -1.43]",https://www.google.com/search?tbm=isch&q=ncs%20NCS%204040-B70G%20color%20swatch,,,,,,,,,,,,,,,,,,,,,,,,,,,,,,,,,,,,,,,,,,,,
DB,ncs,NCS 4040-B80G,#4ba18e,0.6502582161478717,0.0885221836502599,176.83492189071615,75,161,142,"[75, 161, 142]",53%,0%,12%,37%,"[53%, 0%, 12%, 37%]",60.56,-30.81,1.61,"[60.56, -30.81, 1.61]",https://www.google.com/search?tbm=isch&q=ncs%20NCS%204040-B80G%20color%20swatch,,,,,,,,,,,,,,,,,,,,,,,,,,,,,,,,,,,,,,,,,,,,
DB,ncs,NCS 4040-B90G,#46a178,0.6422794593023781,0.10762433435781923,161.54460815426307,70,161,120,"[70, 161, 120]",57%,0%,25%,37%,"[57%, 0%, 25%, 37%]",59.93,-35.92,12.90,"[59.93, -35.92, 12.90]",https://www.google.com/search?tbm=isch&q=ncs%20NCS%204040-B90G%20color%20swatch,,,,,,,,,,,,,,,,,,,,,,,,,,,,,,,,,,,,,,,,,,,,
DB,ncs,NCS 4040-G,#42a167,0.6369337682543785,0.12555451582519142,153.8419970937922,66,161,103,"[66, 161, 103]",59%,0%,36%,37%,"[59%, 0%, 36%, 37%]",59.51,-39.50,21.57,"[59.51, -39.50, 21.57]",https://www.google.com/search?tbm=isch&q=ncs%20NCS%204040-G%20color%20swatch,,,,,,,,,,,,,,,,,,,,,,,,,,,,,,,,,,,,,,,,,,,,
DB,ncs,NCS 4040-G10Y,#59a15d,0.6445354398695282,0.12311261396742257,145.14102932565737,89,161,93,"[89, 161, 93]",45%,0%,42%,37%,"[45%, 0%, 42%, 37%]",60.28,-34.57,28.08,"[60.28, -34.57, 28.08]",https://www.google.com/search?tbm=isch&q=ncs%20NCS%204040-G10Y%20color%20swatch,,,,,,,,,,,,,,,,,,,,,,,,,,,,,,,,,,,,,,,,,,,,
DB,ncs,NCS 4040-G20Y,#6ba155,0.652803100511428,0.12103701231170912,137.23630293985536,107,161,85,"[107, 161, 85]",34%,0%,47%,37%,"[34%, 0%, 47%, 37%]",61.11,-29.46,33.48,"[61.11, -29.46, 33.48]",https://www.google.com/search?tbm=isch&q=ncs%20NCS%204040-G20Y%20color%20swatch,,,,,,,,,,,,,,,,,,,,,,,,,,,,,,,,,,,,,,,,,,,,
DB,ncs,NCS 4040-G30Y,#78a14e,0.6598633573645007,0.1211265400244805,130.7610022235341,120,161,78,"[120, 161, 78]",25%,0%,52%,37%,"[25%, 0%, 52%, 37%]",61.82,-25.31,38.04,"[61.82, -25.31, 38.04]",https://www.google.com/search?tbm=isch&q=ncs%20NCS%204040-G30Y%20color%20swatch,,,,,,,,,,,,,,,,,,,,,,,,,,,,,,,,,,,,,,,,,,,,
DB,ncs,NCS 4040-G40Y,#83a149,0.6667857218428338,0.1207300747718595,125.19575325525932,131,161,73,"[131, 161, 73]",19%,0%,55%,37%,"[19%, 0%, 55%, 37%]",62.51,-21.39,41.49,"[62.51, -21.39, 41.49]",https://www.google.com/search?tbm=isch&q=ncs%20NCS%204040-G40Y%20color%20swatch,,,,,,,,,,,,,,,,,,,,,,,,,,,,,,,,,,,,,,,,,,,,
DB,ncs,NCS 4040-G50Y,#8da14b,0.674492487940155,0.11460640199272451,120.41975838044135,141,161,75,"[141, 161, 75]",12%,0%,53%,37%,"[12%, 0%, 53%, 37%]",63.26,-17.19,41.62,"[63.26, -17.19, 41.62]",https://www.google.com/search?tbm=isch&q=ncs%20NCS%204040-G50Y%20color%20swatch,,,,,,,,,,,,,,,,,,,,,,,,,,,,,,,,,,,,,,,,,,,,
DB,ncs,NCS 4040-G60Y,#95a14d,0.6810694333726269,0.1099190978304799,116.12286887644609,149,161,77,"[149, 161, 77]",7%,0%,52%,37%,"[7%, 0%, 52%, 37%]",63.91,-13.74,41.59,"[63.91, -13.74, 41.59]",https://www.google.com/search?tbm=isch&q=ncs%20NCS%204040-G60Y%20color%20swatch,,,,,,,,,,,,,,,,,,,,,,,,,,,,,,,,,,,,,,,,,,,,
DB,ncs,NCS 4040-G70Y,#9da14f,0.6879545994441314,0.10592048916870381,111.37007402210463,157,161,79,"[157, 161, 79]",2%,0%,51%,37%,"[2%, 0%, 51%, 37%]",64.58,-10.25,41.60,"[64.58, -10.25, 41.60]",https://www.google.com/search?tbm=isch&q=ncs%20NCS%204040-G70Y%20color%20swatch,,,,,,,,,,,,,,,,,,,,,,,,,,,,,,,,,,,,,,,,,,,,
DB,ncs,NCS 4040-G80Y,#a19e50,0.6848491691547092,0.1007706176072202,106.79447198770725,161,158,80,"[161, 158, 80]",0%,2%,50%,37%,"[0%, 2%, 50%, 37%]",64.10,-7.00,40.66,"[64.10, -7.00, 40.66]",https://www.google.com/search?tbm=isch&q=ncs%20NCS%204040-G80Y%20color%20swatch,,,,,,,,,,,,,,,,,,,,,,,,,,,,,,,,,,,,,,,,,,,,
DB,ncs,NCS 4040-G90Y,#a1994e,0.6735460034919639,0.09737438462157329,103.18889130434093,161,153,78,"[161, 153, 78]",0%,5%,52%,37%,"[0%, 5%, 52%, 37%]",62.70,-4.61,40.03,"[62.70, -4.61, 40.03]",https://www.google.com/search?tbm=isch&q=ncs%20NCS%204040-G90Y%20color%20swatch,,,,,,,,,,,,,,,,,,,,,,,,,,,,,,,,,,,,,,,,,,,,
DB,ncs,NCS 4040-R,#a1383e,0.4925251863353084,0.1390107568036358,20.5523647950763,161,56,62,"[161, 56, 62]",0%,65%,61%,37%,"[0%, 65%, 61%, 37%]",39.68,44.47,21.18,"[39.68, 44.47, 21.18]",https://www.google.com/search?tbm=isch&q=ncs%20NCS%204040-R%20color%20swatch,,,,,,,,,,,,,,,,,,,,,,,,,,,,,,,,,,,,,,,,,,,,
DB,ncs,NCS 4040-R10B,#a13946,0.4954917880616719,0.13756916193282062,16.338147700453817,161,57,70,"[161, 57, 70]",0%,65%,57%,37%,"[0%, 65%, 57%, 37%]",39.97,44.46,16.58,"[39.97, 44.46, 16.58]",https://www.google.com/search?tbm=isch&q=ncs%20NCS%204040-R10B%20color%20swatch,,,,,,,,,,,,,,,,,,,,,,,,,,,,,,,,,,,,,,,,,,,,
DB,ncs,NCS 4040-R20B,#a13c50,0.5017531770779954,0.13435451349707003,11.336124874545078,161,60,80,"[161, 60, 80]",0%,63%,50%,37%,"[0%, 63%, 50%, 37%]",40.66,43.77,11.25,"[40.66, 43.77, 11.25]",https://www.google.com/search?tbm=isch&q=ncs%20NCS%204040-R20B%20color%20swatch,,,,,,,,,,,,,,,,,,,,,,,,,,,,,,,,,,,,,,,,,,,,
DB,ncs,NCS 4040-R30B,#a1405f,0.5112818474725817,0.1318104726920038,3.0391050866243177,161,64,95,"[161, 64, 95]",0%,60%,41%,37%,"[0%, 60%, 41%, 37%]",41.69,43.08,3.33,"[41.69, 43.08, 3.33]",https://www.google.com/search?tbm=isch&q=ncs%20NCS%204040-R30B%20color%20swatch,,,,,,,,,,,,,,,,,,,,,,,,,,,,,,,,,,,,,,,,,,,,
DB,ncs,NCS 4040-R40B,#a14573,0.5248663865484141,0.13246308912743693,351.45176573952085,161,69,115,"[161, 69, 115]",0%,57%,29%,37%,"[0%, 57%, 29%, 37%]",43.12,42.57,-6.96,"[43.12, 42.57, -6.96]",https://www.google.com/search?tbm=isch&q=ncs%20NCS%204040-R40B%20color%20swatch,,,,,,,,,,,,,,,,,,,,,,,,,,,,,,,,,,,,,,,,,,,,
DB,ncs,NCS 4040-R50B,#a14c91,0.5470592362562229,0.14171463247905589,335.0236171671436,161,76,145,"[161, 76, 145]",0%,53%,10%,37%,"[0%, 53%, 10%, 37%]",45.40,42.61,-21.71,"[45.40, 42.61, -21.71]",https://www.google.com/search?tbm=isch&q=ncs%20NCS%204040-R50B%20color%20swatch,,,,,,,,,,,,,,,,,,,,,,,,,,,,,,,,,,,,,,,,,,,,
DB,ncs,NCS 4040-R60B,#8549a1,0.5148312105725102,0.1458129727568467,313.901808136452,133,73,161,"[133, 73, 161]",17%,55%,0%,37%,"[17%, 55%, 0%, 37%]",41.46,37.51,-37.75,"[41.46, 37.51, -37.75]",https://www.google.com/search?tbm=isch&q=ncs%20NCS%204040-R60B%20color%20swatch,,,,,,,,,,,,,,,,,,,,,,,,,,,,,,,,,,,,,,,,,,,,
DB,ncs,NCS 4040-R70B,#694ca1,0.4884499534338465,0.13289034135399502,296.9562528765035,105,76,161,"[105, 76, 161]",35%,53%,0%,37%,"[35%, 53%, 0%, 37%]",38.70,27.29,-42.39,"[38.70, 27.29, -42.39]",https://www.google.com/search?tbm=isch&q=ncs%20NCS%204040-R70B%20color%20swatch,,,,,,,,,,,,,,,,,,,,,,,,,,,,,,,,,,,,,,,,,,,,
DB,ncs,NCS 4040-R80B,#3b4ea1,0.4546750448565825,0.13567303439347042,270.4725254712939,59,78,161,"[59, 78, 161]",63%,52%,0%,37%,"[63%, 52%, 0%, 37%]",35.19,13.78,-48.26,"[35.19, 13.78, -48.26]",https://www.google.com/search?tbm=isch&q=ncs%20NCS%204040-R80B%20color%20swatch,,,,,,,,,,,,,,,,,,,,,,,,,,,,,,,,,,,,,,,,,,,,
DB,ncs,NCS 4040-R90B,#4060a1,0.49653181420528686,0.11084124114778189,263.1482776923059,64,96,161,"[64, 96, 161]",60%,40%,0%,37%,"[60%, 40%, 0%, 37%]",40.71,4.06,-39.44,"[40.71, 4.06, -39.44]",https://www.google.com/search?tbm=isch&q=ncs%20NCS%204040-R90B%20color%20swatch,,,,,,,,,,,,,,,,,,,,,,,,,,,,,,,,,,,,,,,,,,,,
DB,ncs,NCS 4040-Y,#a1944d,0.662466982002508,0.09337117004995586,99.1365180969263,161,148,77,"[161, 148, 77]",0%,8%,52%,37%,"[0%, 8%, 52%, 37%]",61.32,-2.12,38.93,"[61.32, -2.12, 38.93]",https://www.google.com/search?tbm=isch&q=ncs%20NCS%204040-Y%20color%20swatch,,,,,,,,,,,,,,,,,,,,,,,,,,,,,,,,,,,,,,,,,,,,
DB,ncs,NCS 4040-Y10R,#a18d4b,0.6470420175292061,0.08926884632122725,92.8953637031895,161,141,75,"[161, 141, 75]",0%,12%,53%,37%,"[0%, 12%, 53%, 37%]",59.39,1.37,37.70,"[59.39, 1.37, 37.70]",https://www.google.com/search?tbm=isch&q=ncs%20NCS%204040-Y10R%20color%20swatch,,,,,,,,,,,,,,,,,,,,,,,,,,,,,,,,,,,,,,,,,,,,
DB,ncs,NCS 4040-Y20R,#a18549,0.6297284478684579,0.08582096961885065,84.88279470598621,161,133,73,"[161, 133, 73]",0%,17%,55%,37%,"[0%, 17%, 55%, 37%]",57.22,5.46,36.20,"[57.22, 5.46, 36.20]",https://www.google.com/search?tbm=isch&q=ncs%20NCS%204040-Y20R%20color%20swatch,,,,,,,,,,,,,,,,,,,,,,,,,,,,,,,,,,,,,,,,,,,,
DB,ncs,NCS 4040-Y30R,#a17c47,0.6106994898626174,0.08405491595342234,75.00894121563283,161,124,71,"[161, 124, 71]",0%,23%,56%,37%,"[0%, 23%, 56%, 37%]",54.83,10.13,34.44,"[54.83, 10.13, 34.44]",https://www.google.com/search?tbm=isch&q=ncs%20NCS%204040-Y30R%20color%20swatch,,,,,,,,,,,,,,,,,,,,,,,,,,,,,,,,,,,,,,,,,,,,
DB,ncs,NCS 4040-Y40R,#a17445,0.5941821429570031,0.08501235025158536,66.12488227639255,161,116,69,"[161, 116, 69]",0%,28%,57%,37%,"[0%, 28%, 57%, 37%]",52.74,14.32,33.05,"[52.74, 14.32, 33.05]",https://www.google.com/search?tbm=isch&q=ncs%20NCS%204040-Y40R%20color%20swatch,,,,,,,,,,,,,,,,,,,,,,,,,,,,,,,,,,,,,,,,,,,,
DB,ncs,NCS 4040-Y50R,#a16b43,0.5762065418031559,0.08850876769198125,56.43196305997435,161,107,67,"[161, 107, 67]",0%,34%,58%,37%,"[0%, 34%, 58%, 37%]",50.47,19.08,31.44,"[50.47, 19.08, 31.44]",https://www.google.com/search?tbm=isch&q=ncs%20NCS%204040-Y50R%20color%20swatch,,,,,,,,,,,,,,,,,,,,,,,,,,,,,,,,,,,,,,,,,,,,
DB,ncs,NCS 4040-Y60R,#a16140,0.5569383547631243,0.09575888092249162,47.353179365115864,161,97,64,"[161, 97, 64]",0%,40%,60%,37%,"[0%, 40%, 60%, 37%]",48.02,24.30,30.20,"[48.02, 24.30, 30.20]",https://www.google.com/search?tbm=isch&q=ncs%20NCS%204040-Y60R%20color%20swatch,,,,,,,,,,,,,,,,,,,,,,,,,,,,,,,,,,,,,,,,,,,,
DB,ncs,NCS 4040-Y70R,#a1573e,0.5388578741539892,0.10478709659726056,39.283536889282914,161,87,62,"[161, 87, 62]",0%,46%,61%,37%,"[0%, 46%, 61%, 37%]",45.71,29.50,28.58,"[45.71, 29.50, 28.58]",https://www.google.com/search?tbm=isch&q=ncs%20NCS%204040-Y70R%20color%20swatch,,,,,,,,,,,,,,,,,,,,,,,,,,,,,,,,,,,,,,,,,,,,
DB,ncs,NCS 4040-Y80R,#a14d3b,0.5218178901948299,0.11576365533093555,33.45317901893685,161,77,59,"[161, 77, 59]",0%,52%,63%,37%,"[0%, 52%, 63%, 37%]",43.53,34.49,27.71,"[43.53, 34.49, 27.71]",https://www.google.com/search?tbm=isch&q=ncs%20NCS%204040-Y80R%20color%20swatch,,,,,,,,,,,,,,,,,,,,,,,,,,,,,,,,,,,,,,,,,,,,
DB,ncs,NCS 4040-Y90R,#a1423c,0.5054480787426835,0.12770080566594683,26.253514317958377,161,66,60,"[161, 66, 60]",0%,59%,63%,37%,"[0%, 59%, 63%, 37%]",41.39,39.90,24.53,"[41.39, 39.90, 24.53]",https://www.google.com/search?tbm=isch&q=ncs%20NCS%204040-Y90R%20color%20swatch,,,,,,,,,,,,,,,,,,,,,,,,,,,,,,,,,,,,,,,,,,,,
DB,ncs,NCS 4050-B,#387aa1,0.5537117023874395,0.09031196034991633,237.45325881409474,56,122,161,"[56, 122, 161]",65%,24%,0%,37%,"[65%, 24%, 0%, 37%]",48.25,-12.17,-27.70,"[48.25, -12.17, -27.70]",https://www.google.com/search?tbm=isch&q=ncs%20NCS%204050-B%20color%20swatch,,,,,,,,,,,,,,,,,,,,,,,,,,,,,,,,,,,,,,,,,,,,
DB,ncs,NCS 4050-B10G,#3b87a1,0.5865673255339928,0.08407932511105658,223.58808196180223,59,135,161,"[59, 135, 161]",63%,16%,0%,37%,"[63%, 16%, 0%, 37%]",52.40,-18.16,-21.33,"[52.40, -18.16, -21.33]",https://www.google.com/search?tbm=isch&q=ncs%20NCS%204050-B10G%20color%20swatch,,,,,,,,,,,,,,,,,,,,,,,,,,,,,,,,,,,,,,,,,,,,
DB,ncs,NCS 4050-B20G,#3d90a1,0.6094463224850638,0.0832668188072784,213.30135356423955,61,144,161,"[61, 144, 161]",62%,11%,0%,37%,"[62%, 11%, 0%, 37%]",55.27,-22.11,-16.98,"[55.27, -22.11, -16.98]",https://www.google.com/search?tbm=isch&q=ncs%20NCS%204050-B20G%20color%20swatch,,,,,,,,,,,,,,,,,,,,,,,,,,,,,,,,,,,,,,,,,,,,
DB,ncs,NCS 4050-B30G,#3e98a1,0.6295884141054038,0.08539404242512125,204.3224244696853,62,152,161,"[62, 152, 161]",61%,6%,0%,37%,"[61%, 6%, 0%, 37%]",57.79,-25.63,-13.20,"[57.79, -25.63, -13.20]",https://www.google.com/search?tbm=isch&q=ncs%20NCS%204050-B30G%20color%20swatch,,,,,,,,,,,,,,,,,,,,,,,,,,,,,,,,,,,,,,,,,,,,
DB,ncs,NCS 4050-B40G,#3f9ea1,0.644812942005873,0.08817214720937358,198.0851549756319,63,158,161,"[63, 158, 161]",61%,2%,0%,37%,"[61%, 2%, 0%, 37%]",59.69,-28.14,-10.38,"[59.69, -28.14, -10.38]",https://www.google.com/search?tbm=isch&q=ncs%20NCS%204050-B40G%20color%20swatch,,,,,,,,,,,,,,,,,,,,,,,,,,,,,,,,,,,,,,,,,,,,
DB,ncs,NCS 4050-B50G,#3fa19e,0.6512216753099315,0.09051899570321902,192.3253610391447,63,161,158,"[63, 161, 158]",61%,0%,2%,37%,"[61%, 0%, 2%, 37%]",60.54,-30.12,-7.43,"[60.54, -30.12, -7.43]",https://www.google.com/search?tbm=isch&q=ncs%20NCS%204050-B50G%20color%20swatch,,,,,,,,,,,,,,,,,,,,,,,,,,,,,,,,,,,,,,,,,,,,
DB,ncs,NCS 4050-B60G,#3ea198,0.6488700738598999,0.09236758053831197,186.8111384502032,62,161,152,"[62, 161, 152]",61%,0%,6%,37%,"[61%, 0%, 6%, 37%]",60.36,-31.60,-4.35,"[60.36, -31.60, -4.35]",https://www.google.com/search?tbm=isch&q=ncs%20NCS%204050-B60G%20color%20swatch,,,,,,,,,,,,,,,,,,,,,,,,,,,,,,,,,,,,,,,,,,,,
DB,ncs,NCS 4050-B70G,#3da192,0.6466098179709344,0.09508100270498161,181.5874379149525,61,161,146,"[61, 161, 146]",62%,0%,9%,37%,"[62%, 0%, 9%, 37%]",60.19,-33.04,-1.25,"[60.19, -33.04, -1.25]",https://www.google.com/search?tbm=isch&q=ncs%20NCS%204050-B70G%20color%20swatch,,,,,,,,,,,,,,,,,,,,,,,,,,,,,,,,,,,,,,,,,,,,
DB,ncs,NCS 4050-B80G,#3ca18a,0.6438409873401674,0.09971545550394331,175.16748801340748,60,161,138,"[60, 161, 138]",63%,0%,14%,37%,"[63%, 0%, 14%, 37%]",59.97,-34.84,2.92,"[59.97, -34.84, 2.92]",https://www.google.com/search?tbm=isch&q=ncs%20NCS%204050-B80G%20color%20swatch,,,,,,,,,,,,,,,,,,,,,,,,,,,,,,,,,,,,,,,,,,,,
DB,ncs,NCS 4050-B90G,#36a171,0.6353976891149485,0.12180392782964986,160.1298758509755,54,161,113,"[54, 161, 113]",66%,0%,30%,37%,"[66%, 0%, 30%, 37%]",59.32,-40.50,15.81,"[59.32, -40.50, 15.81]",https://www.google.com/search?tbm=isch&q=ncs%20NCS%204050-B90G%20color%20swatch,,,,,,,,,,,,,,,,,,,,,,,,,,,,,,,,,,,,,,,,,,,,
DB,ncs,NCS 4050-G,#33a15d,0.6303223616635089,0.14179848271451742,152.2960636942571,51,161,93,"[51, 161, 93]",68%,0%,42%,37%,"[68%, 0%, 42%, 37%]",58.93,-44.06,26.03,"[58.93, -44.06, 26.03]",https://www.google.com/search?tbm=isch&q=ncs%20NCS%204050-G%20color%20swatch,,,,,,,,,,,,,,,,,,,,,,,,,,,,,,,,,,,,,,,,,,,,
DB,ncs,NCS 4050-G10Y,#4ea151,0.6375350785602699,0.14103718727094183,144.37566794694055,78,161,81,"[78, 161, 81]",52%,0%,50%,37%,"[52%, 0%, 50%, 37%]",59.66,-39.16,33.35,"[59.66, -39.16, 33.35]",https://www.google.com/search?tbm=isch&q=ncs%20NCS%204050-G10Y%20color%20swatch,,,,,,,,,,,,,,,,,,,,,,,,,,,,,,,,,,,,,,,,,,,,
DB,ncs,NCS 4050-G20Y,#62a148,0.6458462019394627,0.13884647839904404,137.42831472651199,98,161,72,"[98, 161, 72]",39%,0%,55%,37%,"[39%, 0%, 55%, 37%]",60.48,-33.79,39.01,"[60.48, -33.79, 39.01]",https://www.google.com/search?tbm=isch&q=ncs%20NCS%204050-G20Y%20color%20swatch,,,,,,,,,,,,,,,,,,,,,,,,,,,,,,,,,,,,,,,,,,,,
DB,ncs,NCS 4050-G30Y,#71a140,0.6535955531582237,0.1379674874250932,131.39624144120654,113,161,64,"[113, 161, 64]",30%,0%,60%,37%,"[30%, 0%, 60%, 37%]",61.25,-29.03,43.87,"[61.25, -29.03, 43.87]",https://www.google.com/search?tbm=isch&q=ncs%20NCS%204050-G30Y%20color%20swatch,,,,,,,,,,,,,,,,,,,,,,,,,,,,,,,,,,,,,,,,,,,,
DB,ncs,NCS 4050-G40Y,#7ea139,0.6614561778802314,0.13727969754487,125.81414981770905,126,161,57,"[126, 161, 57]",22%,0%,65%,37%,"[22%, 0%, 65%, 37%]",62.03,-24.43,48.05,"[62.03, -24.43, 48.05]",https://www.google.com/search?tbm=isch&q=ncs%20NCS%204050-G40Y%20color%20swatch,,,,,,,,,,,,,,,,,,,,,,,,,,,,,,,,,,,,,,,,,,,,
DB,ncs,NCS 4050-G50Y,#89a13b,0.6696326676617669,0.1307599572949887,121.27800281544614,137,161,59,"[137, 161, 59]",15%,0%,63%,37%,"[15%, 0%, 63%, 37%]",62.83,-19.84,48.32,"[62.83, -19.84, 48.32]",https://www.google.com/search?tbm=isch&q=ncs%20NCS%204050-G50Y%20color%20swatch,,,,,,,,,,,,,,,,,,,,,,,,,,,,,,,,,,,,,,,,,,,,
DB,ncs,NCS 4050-G60Y,#93a13d,0.6776195914281266,0.12540455976661652,116.59146338770006,147,161,61,"[147, 161, 61]",9%,0%,62%,37%,"[9%, 0%, 62%, 37%]",63.61,-15.56,48.56,"[63.61, -15.56, 48.56]",https://www.google.com/search?tbm=isch&q=ncs%20NCS%204050-G60Y%20color%20swatch,,,,,,,,,,,,,,,,,,,,,,,,,,,,,,,,,,,,,,,,,,,,
DB,ncs,NCS 4050-G70Y,#9ca13f,0.6852457991926797,0.12119340346278579,111.9205194025783,156,161,63,"[156, 161, 63]",3%,0%,61%,37%,"[3%, 0%, 61%, 37%]",64.36,-11.64,48.74,"[64.36, -11.64, 48.74]",https://www.google.com/search?tbm=isch&q=ncs%20NCS%204050-G70Y%20color%20swatch,,,,,,,,,,,,,,,,,,,,,,,,,,,,,,,,,,,,,,,,,,,,
DB,ncs,NCS 4050-G80Y,#a19e3f,0.6828346682108807,0.11693680045919712,107.4166026068529,161,158,63,"[161, 158, 63]",0%,2%,61%,37%,"[0%, 2%, 61%, 37%]",63.95,-8.01,48.47,"[63.95, -8.01, 48.47]",https://www.google.com/search?tbm=isch&q=ncs%20NCS%204050-G80Y%20color%20swatch,,,,,,,,,,,,,,,,,,,,,,,,,,,,,,,,,,,,,,,,,,,,
DB,ncs,NCS 4050-G90Y,#a1973e,0.6672177586732393,0.11065019224688566,102.91479285395337,161,151,62,"[161, 151, 62]",0%,6%,61%,37%,"[0%, 6%, 61%, 37%]",62.00,-4.53,46.86,"[62.00, -4.53, 46.86]",https://www.google.com/search?tbm=isch&q=ncs%20NCS%204050-G90Y%20color%20swatch,,,,,,,,,,,,,,,,,,,,,,,,,,,,,,,,,,,,,,,,,,,,
DB,ncs,NCS 4050-R,#a12a31,0.47450571161294075,0.1547656243356943,22.372601650266915,161,42,49,"[161, 42, 49]",0%,74%,70%,37%,"[0%, 74%, 70%, 37%]",37.44,49.33,26.52,"[37.44, 49.33, 26.52]",https://www.google.com/search?tbm=isch&q=ncs%20NCS%204050-R%20color%20swatch,,,,,,,,,,,,,,,,,,,,,,,,,,,,,,,,,,,,,,,,,,,,
DB,ncs,NCS 4050-R10B,#a12b3a,0.47714915128947955,0.1532802008089193,18.312464407283244,161,43,58,"[161, 43, 58]",0%,73%,64%,37%,"[0%, 73%, 64%, 37%]",37.70,49.34,21.20,"[37.70, 49.34, 21.20]",https://www.google.com/search?tbm=isch&q=ncs%20NCS%204050-R10B%20color%20swatch,,,,,,,,,,,,,,,,,,,,,,,,,,,,,,,,,,,,,,,,,,,,
DB,ncs,NCS 4050-R20B,#a12e45,0.4826228400478949,0.15037818286523288,13.316725468749326,161,46,69,"[161, 46, 69]",0%,71%,57%,37%,"[0%, 71%, 57%, 37%]",38.29,48.80,14.99,"[38.29, 48.80, 14.99]",https://www.google.com/search?tbm=isch&q=ncs%20NCS%204050-R20B%20color%20swatch,,,,,,,,,,,,,,,,,,,,,,,,,,,,,,,,,,,,,,,,,,,,
DB,ncs,NCS 4050-R30B,#a13154,0.48979632586735183,0.14915109196070833,5.565246168745205,161,49,84,"[161, 49, 84]",0%,70%,48%,37%,"[0%, 70%, 48%, 37%]",39.02,48.58,6.46,"[39.02, 48.58, 6.46]",https://www.google.com/search?tbm=isch&q=ncs%20NCS%204050-R30B%20color%20swatch,,,,,,,,,,,,,,,,,,,,,,,,,,,,,,,,,,,,,,,,,,,,
DB,ncs,NCS 4050-R40B,#a1356b,0.5018671010353388,0.1522423686363126,353.13034918222206,161,53,107,"[161, 53, 107]",0%,67%,34%,37%,"[0%, 67%, 34%, 37%]",40.20,48.79,-6.31,"[40.20, 48.79, -6.31]",https://www.google.com/search?tbm=isch&q=ncs%20NCS%204050-R40B%20color%20swatch,,,,,,,,,,,,,,,,,,,,,,,,,,,,,,,,,,,,,,,,,,,,
DB,ncs,NCS 4050-R50B,#a13c8e,0.5249553561281062,0.16458992403492426,335.79474279197245,161,60,142,"[161, 60, 142]",0%,63%,12%,37%,"[0%, 63%, 12%, 37%]",42.47,49.50,-24.39,"[42.47, 49.50, -24.39]",https://www.google.com/search?tbm=isch&q=ncs%20NCS%204050-R50B%20color%20swatch,,,,,,,,,,,,,,,,,,,,,,,,,,,,,,,,,,,,,,,,,,,,
DB,ncs,NCS 4050-R60B,#8039a1,0.4862238863020553,0.16856975026142137,313.34849099941835,128,57,161,"[128, 57, 161]",20%,65%,0%,37%,"[20%, 65%, 0%, 37%]",37.66,43.98,-43.83,"[37.66, 43.98, -43.83]",https://www.google.com/search?tbm=isch&q=ncs%20NCS%204050-R60B%20color%20swatch,,,,,,,,,,,,,,,,,,,,,,,,,,,,,,,,,,,,,,,,,,,,
DB,ncs,NCS 4050-R70B,#603ea1,0.4557751732520822,0.15332493842020326,295.5034249291899,96,62,161,"[96, 62, 161]",40%,61%,0%,37%,"[40%, 61%, 0%, 37%]",34.43,32.64,-49.28,"[34.43, 32.64, -49.28]",https://www.google.com/search?tbm=isch&q=ncs%20NCS%204050-R70B%20color%20swatch,,,,,,,,,,,,,,,,,,,,,,,,,,,,,,,,,,,,,,,,,,,,
DB,ncs,NCS 4050-R80B,#2d42a1,0.42235319283344086,0.15544005703033098,269.15737051934684,45,66,161,"[45, 66, 161]",72%,59%,0%,37%,"[72%, 59%, 0%, 37%]",31.00,18.56,-55.09,"[31.00, 18.56, -55.09]",https://www.google.com/search?tbm=isch&q=ncs%20NCS%204050-R80B%20color%20swatch,,,,,,,,,,,,,,,,,,,,,,,,,,,,,,,,,,,,,,,,,,,,
DB,ncs,NCS 4050-R90B,#3156a1,0.4665221816346087,0.12866143817043368,262.70017300679615,49,86,161,"[49, 86, 161]",70%,47%,0%,37%,"[70%, 47%, 0%, 37%]",36.96,6.82,-45.47,"[36.96, 6.82, -45.47]",https://www.google.com/search?tbm=isch&q=ncs%20NCS%204050-R90B%20color%20swatch,,,,,,,,,,,,,,,,,,,,,,,,,,,,,,,,,,,,,,,,,,,,
DB,ncs,NCS 4050-Y,#a1923d,0.6561437316792896,0.10685920142636526,99.3389515181077,161,146,61,"[161, 146, 61]",0%,9%,62%,37%,"[0%, 9%, 62%, 37%]",60.62,-2.03,45.85,"[60.62, -2.03, 45.85]",https://www.google.com/search?tbm=isch&q=ncs%20NCS%204050-Y%20color%20swatch,,,,,,,,,,,,,,,,,,,,,,,,,,,,,,,,,,,,,,,,,,,,
DB,ncs,NCS 4050-Y10R,#a1893b,0.6364563101103139,0.10140879244169171,92.15380607370724,161,137,59,"[161, 137, 59]",0%,15%,63%,37%,"[0%, 15%, 63%, 37%]",58.16,2.55,44.16,"[58.16, 2.55, 44.16]",https://www.google.com/search?tbm=isch&q=ncs%20NCS%204050-Y10R%20color%20swatch,,,,,,,,,,,,,,,,,,,,,,,,,,,,,,,,,,,,,,,,,,,,
DB,ncs,NCS 4050-Y20R,#a18039,0.6171699123406488,0.09785257488269221,84.09388367307139,161,128,57,"[161, 128, 57]",0%,20%,65%,37%,"[0%, 20%, 65%, 37%]",55.74,7.21,42.53,"[55.74, 7.21, 42.53]",https://www.google.com/search?tbm=isch&q=ncs%20NCS%204050-Y20R%20color%20swatch,,,,,,,,,,,,,,,,,,,,,,,,,,,,,,,,,,,,,,,,,,,,
DB,ncs,NCS 4050-Y30R,#a17637,0.5963310499849458,0.09638651343585847,74.3994422174282,161,118,55,"[161, 118, 55]",0%,27%,66%,37%,"[0%, 27%, 66%, 37%]",53.11,12.49,40.69,"[53.11, 12.49, 40.69]",https://www.google.com/search?tbm=isch&q=ncs%20NCS%204050-Y30R%20color%20swatch,,,,,,,,,,,,,,,,,,,,,,,,,,,,,,,,,,,,,,,,,,,,
DB,ncs,NCS 4050-Y40R,#a16c36,0.5763284181360606,0.09732177078160102,64.1724593359437,161,108,54,"[161, 108, 54]",0%,33%,66%,37%,"[0%, 33%, 66%, 37%]",50.58,17.85,38.46,"[50.58, 17.85, 38.46]",https://www.google.com/search?tbm=isch&q=ncs%20NCS%204050-Y40R%20color%20swatch,,,,,,,,,,,,,,,,,,,,,,,,,,,,,,,,,,,,,,,,,,,,
DB,ncs,NCS 4050-Y50R,#a16233,0.5569396216423644,0.10263256472582254,55.371101879033006,161,98,51,"[161, 98, 51]",0%,39%,68%,37%,"[0%, 39%, 68%, 37%]",48.12,23.11,37.35,"[48.12, 23.11, 37.35]",https://www.google.com/search?tbm=isch&q=ncs%20NCS%204050-Y50R%20color%20swatch,,,,,,,,,,,,,,,,,,,,,,,,,,,,,,,,,,,,,,,,,,,,
DB,ncs,NCS 4050-Y60R,#a15731,0.5369524919634,0.1105745425847677,46.432478100237404,161,87,49,"[161, 87, 49]",0%,46%,70%,37%,"[0%, 46%, 70%, 37%]",45.56,28.88,35.64,"[45.56, 28.88, 35.64]",https://www.google.com/search?tbm=isch&q=ncs%20NCS%204050-Y60R%20color%20swatch,,,,,,,,,,,,,,,,,,,,,,,,,,,,,,,,,,,,,,,,,,,,
DB,ncs,NCS 4050-Y70R,#a14c2f,0.5184364256644172,0.12076855439625575,39.133262835098265,161,76,47,"[161, 76, 47]",0%,53%,71%,37%,"[0%, 53%, 71%, 37%]",43.19,34.46,34.16,"[43.19, 34.46, 34.16]",https://www.google.com/search?tbm=isch&q=ncs%20NCS%204050-Y70R%20color%20swatch,,,,,,,,,,,,,,,,,,,,,,,,,,,,,,,,,,,,,,,,,,,,
DB,ncs,NCS 4050-Y80R,#a1412d,0.5016481925063807,0.1321865639506428,33.447280916742386,161,65,45,"[161, 65, 45]",0%,60%,72%,37%,"[0%, 60%, 72%, 37%]",41.02,39.72,32.93,"[41.02, 39.72, 32.93]",https://www.google.com/search?tbm=isch&q=ncs%20NCS%204050-Y80R%20color%20swatch,,,,,,,,,,,,,,,,,,,,,,,,,,,,,,,,,,,,,,,,,,,,
DB,ncs,NCS 4050-Y90R,#a1362e,0.4872759793836776,0.1432695443604655,27.86306773188778,161,54,46,"[161, 54, 46]",0%,66%,71%,37%,"[0%, 66%, 71%, 37%]",39.14,44.62,30.28,"[39.14, 44.62, 30.28]",https://www.google.com/search?tbm=isch&q=ncs%20NCS%204050-Y90R%20color%20swatch,,,,,,,,,,,,,,,,,,,,,,,,,,,,,,,,,,,,,,,,,,,,
DB,ncs,NCS 4055-B,#3177a1,0.5438666364617843,0.09555962786938448,238.48995720222865,49,119,161,"[49, 119, 161]",70%,26%,0%,37%,"[70%, 26%, 0%, 37%]",47.06,-11.93,-29.56,"[47.06, -11.93, -29.56]",https://www.google.com/search?tbm=isch&q=ncs%20NCS%204055-B%20color%20swatch,,,,,,,,,,,,,,,,,,,,,,,,,,,,,,,,,,,,,,,,,,,,
DB,ncs,NCS 4055-B40G,#389ea1,0.6426798937043015,0.09205747958706612,197.88391155793408,56,158,161,"[56, 158, 161]",65%,2%,0%,37%,"[65%, 2%, 0%, 37%]",59.48,-29.42,-10.71,"[59.48, -29.42, -10.71]",https://www.google.com/search?tbm=isch&q=ncs%20NCS%204055-B40G%20color%20swatch,,,,,,,,,,,,,,,,,,,,,,,,,,,,,,,,,,,,,,,,,,,,
DB,ncs,NCS 4055-R70B,#5c37a1,0.44082878733388275,0.1628318908316169,294.8867272053641,92,55,161,"[92, 55, 161]",43%,66%,0%,37%,"[43%, 66%, 0%, 37%]",32.44,35.44,-52.52,"[32.44, 35.44, -52.52]",https://www.google.com/search?tbm=isch&q=ncs%20NCS%204055-R70B%20color%20swatch,,,,,,,,,,,,,,,,,,,,,,,,,,,,,,,,,,,,,,,,,,,,
DB,ncs,NCS 4055-R95B,#2d5fa1,0.4852104464828895,0.11931148189717285,256.3182746094268,45,95,161,"[45, 95, 161]",72%,41%,0%,37%,"[72%, 41%, 0%, 37%]",39.49,0.70,-41.45,"[39.49, 0.70, -41.45]",https://www.google.com/search?tbm=isch&q=ncs%20NCS%204055-R95B%20color%20swatch,,,,,,,,,,,,,,,,,,,,,,,,,,,,,,,,,,,,,,,,,,,,
DB,ncs,NCS 4055-Y10R,#a18734,0.6314531980605611,0.10581633642985798,91.53549518188055,161,135,52,"[161, 135, 52]",0%,16%,68%,37%,"[0%, 16%, 68%, 37%]",57.57,3.27,46.74,"[57.57, 3.27, 46.74]",https://www.google.com/search?tbm=isch&q=ncs%20NCS%204055-Y10R%20color%20swatch,,,,,,,,,,,,,,,,,,,,,,,,,,,,,,,,,,,,,,,,,,,,
DB,ncs,NCS 4500-N,#8c8c8c,0.6400874486406394,0.000024858985942642,72.58924660568198,140,140,140,"[140, 140, 140]",0%,0%,0%,45%,"[0%, 0%, 0%, 45%]",58.25,0.00,0.01,"[58.25, 0.00, 0.01]",https://www.google.com/search?tbm=isch&q=ncs%20NCS%204500-N%20color%20swatch,,,,,,,,,,,,,,,,,,,,,,,,,,,,,,,,,,,,,,,,,,,,
DB,ncs,NCS 4502-B,#8e9193,0.6547836049145188,0.004583004445193765,236.44241171317663,142,145,147,"[142, 145, 147]",3%,1%,0%,42%,"[3%, 1%, 0%, 42%]",59.97,-0.84,-1.46,"[59.97, -0.84, -1.46]",https://www.google.com/search?tbm=isch&q=ncs%20NCS%204502-B%20color%20swatch,,,,,,,,,,,,,,,,,,,,,,,,,,,,,,,,,,,,,,,,,,,,
DB,ncs,NCS 4502-G,#8d9390,0.6573859653744111,0.008224554715133715,164.63866699976097,141,147,144,"[141, 147, 144]",4%,0%,2%,42%,"[4%, 0%, 2%, 42%]",60.37,-2.70,0.80,"[60.37, -2.70, 0.80]",https://www.google.com/search?tbm=isch&q=ncs%20NCS%204502-G%20color%20swatch,,,,,,,,,,,,,,,,,,,,,,,,,,,,,,,,,,,,,,,,,,,,
DB,ncs,NCS 4502-R,#938b8c,0.6440135331406163,0.00967077705590698,8.822376077705258,147,139,140,"[147, 139, 140]",0%,5%,5%,42%,"[0%, 5%, 5%, 42%]",58.59,3.22,0.60,"[58.59, 3.22, 0.60]",https://www.google.com/search?tbm=isch&q=ncs%20NCS%204502-R%20color%20swatch,,,,,,,,,,,,,,,,,,,,,,,,,,,,,,,,,,,,,,,,,,,,
DB,ncs,NCS 4502-Y,#93938f,0.6620429803800167,0.0058346998255080825,106.41708969537433,147,147,143,"[147, 147, 143]",0%,0%,3%,42%,"[0%, 0%, 3%, 42%]",60.85,-0.57,2.13,"[60.85, -0.57, 2.13]",https://www.google.com/search?tbm=isch&q=ncs%20NCS%204502-Y%20color%20swatch,,,,,,,,,,,,,,,,,,,,,,,,,,,,,,,,,,,,,,,,,,,,
DB,ncs,NCS 4550-B,#336f93,0.517928574274057,0.08423688836028807,237.79101951562586,51,111,147,"[51, 111, 147]",65%,24%,0%,42%,"[65%, 24%, 0%, 42%]",44.09,-11.20,-25.94,"[44.09, -11.20, -25.94]",https://www.google.com/search?tbm=isch&q=ncs%20NCS%204550-B%20color%20swatch,,,,,,,,,,,,,,,,,,,,,,,,,,,,,,,,,,,,,,,,,,,,
DB,ncs,NCS 4550-B20G,#388493,0.572090039212781,0.07742032503208446,212.64024988305766,56,132,147,"[56, 132, 147]",62%,10%,0%,42%,"[62%, 10%, 0%, 42%]",50.91,-20.78,-15.53,"[50.91, -20.78, -15.53]",https://www.google.com/search?tbm=isch&q=ncs%20NCS%204550-B20G%20color%20swatch,,,,,,,,,,,,,,,,,,,,,,,,,,,,,,,,,,,,,,,,,,,,
DB,ncs,NCS 4550-B30G,#398b93,0.5900433924866123,0.07936008361725981,204.07814516076542,57,139,147,"[57, 139, 147]",61%,5%,0%,42%,"[61%, 5%, 0%, 42%]",53.15,-23.89,-12.16,"[53.15, -23.89, -12.16]",https://www.google.com/search?tbm=isch&q=ncs%20NCS%204550-B30G%20color%20swatch,,,,,,,,,,,,,,,,,,,,,,,,,,,,,,,,,,,,,,,,,,,,
DB,ncs,NCS 4550-B40G,#3a9193,0.6055145042367863,0.08229615009615052,197.2951518095332,58,145,147,"[58, 145, 147]",61%,1%,0%,42%,"[61%, 1%, 0%, 42%]",55.08,-26.44,-9.29,"[55.08, -26.44, -9.29]",https://www.google.com/search?tbm=isch&q=ncs%20NCS%204550-B40G%20color%20swatch,,,,,,,,,,,,,,,,,,,,,,,,,,,,,,,,,,,,,,,,,,,,
DB,ncs,NCS 4550-B50G,#3a9390,0.6094993977727999,0.08402563717186876,192.07155428197962,58,147,144,"[58, 147, 144]",61%,0%,2%,42%,"[61%, 0%, 2%, 42%]",55.63,-28.00,-6.77,"[55.63, -28.00, -6.77]",https://www.google.com/search?tbm=isch&q=ncs%20NCS%204550-B50G%20color%20swatch,,,,,,,,,,,,,,,,,,,,,,,,,,,,,,,,,,,,,,,,,,,,
DB,ncs,NCS 4550-B80G,#37937f,0.6029433086587898,0.09209618705691178,176.0557588410495,55,147,127,"[55, 147, 127]",63%,0%,14%,42%,"[63%, 0%, 14%, 42%]",55.13,-32.18,2.15,"[55.13, -32.18, 2.15]",https://www.google.com/search?tbm=isch&q=ncs%20NCS%204550-B80G%20color%20swatch,,,,,,,,,,,,,,,,,,,,,,,,,,,,,,,,,,,,,,,,,,,,
DB,ncs,NCS 4550-B90G,#329368,0.5950995155638613,0.11224286318689634,160.56831211183226,50,147,104,"[50, 147, 104]",66%,0%,29%,42%,"[66%, 0%, 29%, 42%]",54.52,-37.41,14.23,"[54.52, -37.41, 14.23]",https://www.google.com/search?tbm=isch&q=ncs%20NCS%204550-B90G%20color%20swatch,,,,,,,,,,,,,,,,,,,,,,,,,,,,,,,,,,,,,,,,,,,,
DB,ncs,NCS 4550-G,#2e9356,0.5900116327850501,0.1310524196692802,152.84496974967374,46,147,86,"[46, 147, 86]",69%,0%,41%,42%,"[69%, 0%, 41%, 42%]",54.12,-40.96,23.55,"[54.12, -40.96, 23.55]",https://www.google.com/search?tbm=isch&q=ncs%20NCS%204550-G%20color%20swatch,,,,,,,,,,,,,,,,,,,,,,,,,,,,,,,,,,,,,,,,,,,,
DB,ncs,NCS 4550-G10Y,#47934b,0.5968141400905648,0.1301742331592764,144.73505409897683,71,147,75,"[71, 147, 75]",52%,0%,49%,42%,"[52%, 0%, 49%, 42%]",54.81,-36.35,30.42,"[54.81, -36.35, 30.42]",https://www.google.com/search?tbm=isch&q=ncs%20NCS%204550-G10Y%20color%20swatch,,,,,,,,,,,,,,,,,,,,,,,,,,,,,,,,,,,,,,,,,,,,
DB,ncs,NCS 4550-G20Y,#599342,0.6042744450807773,0.12907267488759927,137.61790480460024,89,147,66,"[89, 147, 66]",39%,0%,55%,42%,"[39%, 0%, 55%, 42%]",55.55,-31.54,36.07,"[55.55, -31.54, 36.07]",https://www.google.com/search?tbm=isch&q=ncs%20NCS%204550-G20Y%20color%20swatch,,,,,,,,,,,,,,,,,,,,,,,,,,,,,,,,,,,,,,,,,,,,
DB,ncs,NCS 4550-G30Y,#68933a,0.6121948317424565,0.12823199003539432,130.98463933983413,104,147,58,"[104, 147, 58]",29%,0%,61%,42%,"[29%, 0%, 61%, 42%]",56.34,-26.69,41.03,"[56.34, -26.69, 41.03]",https://www.google.com/search?tbm=isch&q=ncs%20NCS%204550-G30Y%20color%20swatch,,,,,,,,,,,,,,,,,,,,,,,,,,,,,,,,,,,,,,,,,,,,
DB,ncs,NCS 4550-G40Y,#749335,0.6198018981007936,0.12645862000123462,125.43838109813919,116,147,53,"[116, 147, 53]",21%,0%,64%,42%,"[21%, 0%, 64%, 42%]",57.09,-22.26,44.36,"[57.09, -22.26, 44.36]",https://www.google.com/search?tbm=isch&q=ncs%20NCS%204550-G40Y%20color%20swatch,,,,,,,,,,,,,,,,,,,,,,,,,,,,,,,,,,,,,,,,,,,,
DB,ncs,NCS 4550-G50Y,#7e9336,0.6273440942456103,0.12117030665239578,120.79459497675305,126,147,54,"[126, 147, 54]",14%,0%,63%,42%,"[14%, 0%, 63%, 42%]",57.83,-18.06,44.96,"[57.83, -18.06, 44.96]",https://www.google.com/search?tbm=isch&q=ncs%20NCS%204550-G50Y%20color%20swatch,,,,,,,,,,,,,,,,,,,,,,,,,,,,,,,,,,,,,,,,,,,,
DB,ncs,NCS 4550-G60Y,#879338,0.6347233826058516,0.11616464524934911,116.14103265329112,135,147,56,"[135, 147, 56]",8%,0%,62%,42%,"[8%, 0%, 62%, 42%]",58.55,-14.13,45.09,"[58.55, -14.13, 45.09]",https://www.google.com/search?tbm=isch&q=ncs%20NCS%204550-G60Y%20color%20swatch,,,,,,,,,,,,,,,,,,,,,,,,,,,,,,,,,,,,,,,,,,,,
DB,ncs,NCS 4550-G70Y,#8f933a,0.6416721355240017,0.11221924598821596,111.5649491743078,143,147,58,"[143, 147, 58]",3%,0%,61%,42%,"[3%, 0%, 61%, 42%]",59.24,-10.56,45.16,"[59.24, -10.56, 45.16]",https://www.google.com/search?tbm=isch&q=ncs%20NCS%204550-G70Y%20color%20swatch,,,,,,,,,,,,,,,,,,,,,,,,,,,,,,,,,,,,,,,,,,,,
DB,ncs,NCS 4550-R70B,#583993,0.42896929492247815,0.14190310698424227,295.7058194885557,88,57,147,"[88, 57, 147]",40%,61%,0%,42%,"[40%, 61%, 0%, 42%]",31.52,30.14,-45.55,"[31.52, 30.14, -45.55]",https://www.google.com/search?tbm=isch&q=ncs%20NCS%204550-R70B%20color%20swatch,,,,,,,,,,,,,,,,,,,,,,,,,,,,,,,,,,,,,,,,,,,,
DB,ncs,NCS 4550-R80B,#293d93,0.39832287683196754,0.14338294535921564,268.9751627764208,41,61,147,"[41, 61, 147]",72%,59%,0%,42%,"[72%, 59%, 0%, 42%]",28.40,16.59,-50.83,"[28.40, 16.59, -50.83]",https://www.google.com/search?tbm=isch&q=ncs%20NCS%204550-R80B%20color%20swatch,,,,,,,,,,,,,,,,,,,,,,,,,,,,,,,,,,,,,,,,,,,,
DB,ncs,NCS 4550-R90B,#2d4f93,0.4391828804032086,0.11872774565056664,262.5596710929011,45,79,147,"[45, 79, 147]",69%,46%,0%,42%,"[69%, 46%, 0%, 42%]",33.89,5.96,-41.97,"[33.89, 5.96, -41.97]",https://www.google.com/search?tbm=isch&q=ncs%20NCS%204550-R90B%20color%20swatch,,,,,,,,,,,,,,,,,,,,,,,,,,,,,,,,,,,,,,,,,,,,
DB,ncs,NCS 4550-Y,#938638,0.6156969962566882,0.09980117578158325,99.8966132331862,147,134,56,"[147, 134, 56]",0%,9%,62%,42%,"[0%, 9%, 62%, 42%]",55.91,-2.26,42.67,"[55.91, -2.26, 42.67]",https://www.google.com/search?tbm=isch&q=ncs%20NCS%204550-Y%20color%20swatch,,,,,,,,,,,,,,,,,,,,,,,,,,,,,,,,,,,,,,,,,,,,
DB,ncs,NCS 4550-Y30R,#936c33,0.5591946405363549,0.08905152471190651,74.4806411765162,147,108,51,"[147, 108, 51]",0%,27%,65%,42%,"[0%, 27%, 65%, 42%]",48.81,11.45,37.48,"[48.81, 11.45, 37.48]",https://www.google.com/search?tbm=isch&q=ncs%20NCS%204550-Y30R%20color%20swatch,,,,,,,,,,,,,,,,,,,,,,,,,,,,,,,,,,,,,,,,,,,,
DB,ncs,NCS 4550-Y40R,#936331,0.5407074802412812,0.09059497821339557,64.84333658550656,147,99,49,"[147, 99, 49]",0%,33%,67%,42%,"[0%, 33%, 67%, 42%]",46.48,16.30,35.96,"[46.48, 16.30, 35.96]",https://www.google.com/search?tbm=isch&q=ncs%20NCS%204550-Y40R%20color%20swatch,,,,,,,,,,,,,,,,,,,,,,,,,,,,,,,,,,,,,,,,,,,,
DB,ncs,NCS 4550-Y50R,#935a2f,0.5229743700392988,0.09483176031018471,55.7817502015651,147,90,47,"[147, 90, 47]",0%,39%,68%,42%,"[0%, 39%, 68%, 42%]",44.22,21.15,34.56,"[44.22, 21.15, 34.56]",https://www.google.com/search?tbm=isch&q=ncs%20NCS%204550-Y50R%20color%20swatch,,,,,,,,,,,,,,,,,,,,,,,,,,,,,,,,,,,,,,,,,,,,
DB,ncs,NCS 4550-Y60R,#93502d,0.5043544089884852,0.10212481547398002,46.86719056914433,147,80,45,"[147, 80, 45]",0%,46%,69%,42%,"[0%, 46%, 69%, 42%]",41.85,26.49,33.05,"[41.85, 26.49, 33.05]",https://www.google.com/search?tbm=isch&q=ncs%20NCS%204550-Y60R%20color%20swatch,,,,,,,,,,,,,,,,,,,,,,,,,,,,,,,,,,,,,,,,,,,,
DB,ncs,NCS 4550-Y70R,#93462b,0.48705211296947826,0.1115216643259042,39.56778779115308,147,70,43,"[147, 70, 43]",0%,52%,71%,42%,"[0%, 52%, 71%, 42%]",39.63,31.66,31.74,"[39.63, 31.66, 31.74]",https://www.google.com/search?tbm=isch&q=ncs%20NCS%204550-Y70R%20color%20swatch,,,,,,,,,,,,,,,,,,,,,,,,,,,,,,,,,,,,,,,,,,,,
DB,ncs,NCS 4550-Y80R,#933b29,0.46984470357559216,0.12313442718191736,33.27494718240632,147,59,41,"[147, 59, 41]",0%,60%,72%,42%,"[0%, 60%, 72%, 42%]",37.41,37.03,30.46,"[37.41, 37.03, 30.46]",https://www.google.com/search?tbm=isch&q=ncs%20NCS%204550-Y80R%20color%20swatch,,,,,,,,,,,,,,,,,,,,,,,,,,,,,,,,,,,,,,,,,,,,
DB,ncs,NCS 4550-Y90R,#93312a,0.45650740990288186,0.133421384778206,27.661197101379116,147,49,42,"[147, 49, 42]",0%,67%,71%,42%,"[0%, 67%, 71%, 42%]",35.66,41.59,27.93,"[35.66, 41.59, 27.93]",https://www.google.com/search?tbm=isch&q=ncs%20NCS%204550-Y90R%20color%20swatch,,,,,,,,,,,,,,,,,,,,,,,,,,,,,,,,,,,,,,,,,,,,
DB,ncs,NCS 5000-N,#7f7f7f,0.5964900779986788,0.00002316580100960713,72.58924660559302,127,127,127,"[127, 127, 127]",0%,0%,0%,50%,"[0%, 0%, 0%, 50%]",53.19,0.00,0.01,"[53.19, 0.00, 0.01]",https://www.google.com/search?tbm=isch&q=ncs%20NCS%205000-N%20color%20swatch,,,,,,,,,,,,,,,,,,,,,,,,,,,,,,,,,,,,,,,,,,,,
DB,ncs,NCS 5005-B20G,#7b8486,0.6065275769939541,0.01106493391506262,212.45545861163737,123,132,134,"[123, 132, 134]",8%,1%,0%,47%,"[8%, 1%, 0%, 47%]",54.44,-3.12,-2.28,"[54.44, -3.12, -2.28]",https://www.google.com/search?tbm=isch&q=ncs%20NCS%205005-B20G%20color%20swatch,,,,,,,,,,,,,,,,,,,,,,,,,,,,,,,,,,,,,,,,,,,,
DB,ncs,NCS 5005-B80G,#7b8684,0.6103754972731419,0.013255493810171912,183.73297740916917,123,134,132,"[123, 134, 132]",8%,0%,1%,47%,"[8%, 0%, 1%, 47%]",54.97,-4.49,-0.37,"[54.97, -4.49, -0.37]",https://www.google.com/search?tbm=isch&q=ncs%20NCS%205005-B80G%20color%20swatch,,,,,,,,,,,,,,,,,,,,,,,,,,,,,,,,,,,,,,,,,,,,
DB,ncs,NCS 5005-G20Y,#7f867c,0.6111717264375612,0.01695633005782066,136.05742299083596,127,134,124,"[127, 134, 124]",5%,0%,7%,47%,"[5%, 0%, 7%, 47%]",55.11,-4.15,4.48,"[55.11, -4.15, 4.48]",https://www.google.com/search?tbm=isch&q=ncs%20NCS%205005-G20Y%20color%20swatch,,,,,,,,,,,,,,,,,,,,,,,,,,,,,,,,,,,,,,,,,,,,
DB,ncs,NCS 5005-G50Y,#83867b,0.6142165963750631,0.01660637004620201,119.24802488390708,131,134,123,"[131, 134, 123]",2%,0%,8%,47%,"[2%, 0%, 8%, 47%]",55.42,-2.73,5.55,"[55.42, -2.73, 5.55]",https://www.google.com/search?tbm=isch&q=ncs%20NCS%205005-G50Y%20color%20swatch,,,,,,,,,,,,,,,,,,,,,,,,,,,,,,,,,,,,,,,,,,,,
DB,ncs,NCS 5005-G80Y,#86867c,0.6170621138753559,0.014735939947245933,106.77159585253986,134,134,124,"[134, 134, 124]",0%,0%,7%,47%,"[0%, 0%, 7%, 47%]",55.70,-1.41,5.42,"[55.70, -1.41, 5.42]",https://www.google.com/search?tbm=isch&q=ncs%20NCS%205005-G80Y%20color%20swatch,,,,,,,,,,,,,,,,,,,,,,,,,,,,,,,,,,,,,,,,,,,,
DB,ncs,NCS 5005-R20B,#86767a,0.5818278206892388,0.02063957482868511,0.9094636985404918,134,118,122,"[134, 118, 122]",0%,12%,9%,47%,"[0%, 12%, 9%, 47%]",51.23,6.94,0.20,"[51.23, 6.94, 0.20]",https://www.google.com/search?tbm=isch&q=ncs%20NCS%205005-R20B%20color%20swatch,,,,,,,,,,,,,,,,,,,,,,,,,,,,,,,,,,,,,,,,,,,,
DB,ncs,NCS 5005-R50B,#867b84,0.5956932660129887,0.01881907705185273,331.86775382277006,134,123,132,"[134, 123, 132]",0%,8%,1%,47%,"[0%, 8%, 1%, 47%]",52.84,5.64,-3.31,"[52.84, 5.64, -3.31]",https://www.google.com/search?tbm=isch&q=ncs%20NCS%205005-R50B%20color%20swatch,,,,,,,,,,,,,,,,,,,,,,,,,,,,,,,,,,,,,,,,,,,,
DB,ncs,NCS 5005-R80B,#767986,0.5779561979578886,0.02015091185981794,275.4353674692985,118,121,134,"[118, 121, 134]",12%,10%,0%,47%,"[12%, 10%, 0%, 47%]",50.90,0.92,-7.52,"[50.90, 0.92, -7.52]",https://www.google.com/search?tbm=isch&q=ncs%20NCS%205005-R80B%20color%20swatch,,,,,,,,,,,,,,,,,,,,,,,,,,,,,,,,,,,,,,,,,,,,
DB,ncs,NCS 5005-Y20R,#86827a,0.6076911671307289,0.01283016696290819,84.56496573048776,134,130,122,"[134, 130, 122]",0%,3%,9%,47%,"[0%, 3%, 9%, 47%]",54.54,0.44,4.92,"[54.54, 0.44, 4.92]",https://www.google.com/search?tbm=isch&q=ncs%20NCS%205005-Y20R%20color%20swatch,,,,,,,,,,,,,,,,,,,,,,,,,,,,,,,,,,,,,,,,,,,,
DB,ncs,NCS 5005-Y50R,#867e79,0.5986767566295593,0.012362161415955702,54.400537117109025,134,126,121,"[134, 126, 121]",0%,6%,10%,47%,"[0%, 6%, 10%, 47%]",53.41,2.45,3.89,"[53.41, 2.45, 3.89]",https://www.google.com/search?tbm=isch&q=ncs%20NCS%205005-Y50R%20color%20swatch,,,,,,,,,,,,,,,,,,,,,,,,,,,,,,,,,,,,,,,,,,,,
DB,ncs,NCS 5005-Y80R,#867976,0.5869927023992565,0.016766516978818397,33.13491169388453,134,121,118,"[134, 121, 118]",0%,10%,12%,47%,"[0%, 10%, 12%, 47%]",51.96,4.76,3.57,"[51.96, 4.76, 3.57]",https://www.google.com/search?tbm=isch&q=ncs%20NCS%205005-Y80R%20color%20swatch,,,,,,,,,,,,,,,,,,,,,,,,,,,,,,,,,,,,,,,,,,,,
DB,ncs,NCS 5010-B10G,#708186,0.5911774261504964,0.021319971744849873,217.33031956598734,112,129,134,"[112, 129, 134]",16%,4%,0%,47%,"[16%, 4%, 0%, 47%]",52.72,-5.59,-4.92,"[52.72, -5.59, -4.92]",https://www.google.com/search?tbm=isch&q=ncs%20NCS%205010-B10G%20color%20swatch,,,,,,,,,,,,,,,,,,,,,,,,,,,,,,,,,,,,,,,,,,,,
DB,ncs,NCS 5010-B30G,#728486,0.5995446314965426,0.021179844387313573,204.71713450620757,114,132,134,"[114, 132, 134]",15%,1%,0%,47%,"[15%, 1%, 0%, 47%]",53.74,-6.44,-3.40,"[53.74, -6.44, -3.40]",https://www.google.com/search?tbm=isch&q=ncs%20NCS%205010-B30G%20color%20swatch,,,,,,,,,,,,,,,,,,,,,,,,,,,,,,,,,,,,,,,,,,,,
DB,ncs,NCS 5010-B50G,#738685,0.6045462658218326,0.02208659156011398,192.6398878105531,115,134,133,"[115, 134, 133]",14%,0%,1%,47%,"[14%, 0%, 1%, 47%]",54.37,-7.29,-1.89,"[54.37, -7.29, -1.89]",https://www.google.com/search?tbm=isch&q=ncs%20NCS%205010-B50G%20color%20swatch,,,,,,,,,,,,,,,,,,,,,,,,,,,,,,,,,,,,,,,,,,,,
DB,ncs,NCS 5010-B70G,#718683,0.6024210530835146,0.024694473534194072,185.98339197208293,113,134,131,"[113, 134, 131]",16%,0%,2%,47%,"[16%, 0%, 2%, 47%]",54.18,-8.35,-1.05,"[54.18, -8.35, -1.05]",https://www.google.com/search?tbm=isch&q=ncs%20NCS%205010-B70G%20color%20swatch,,,,,,,,,,,,,,,,,,,,,,,,,,,,,,,,,,,,,,,,,,,,
DB,ncs,NCS 5010-B90G,#6e867b,0.5977486728151704,0.03226924379256383,165.74877390506947,110,134,123,"[110, 134, 123]",18%,0%,8%,47%,"[18%, 0%, 8%, 47%]",53.77,-10.74,2.93,"[53.77, -10.74, 2.93]",https://www.google.com/search?tbm=isch&q=ncs%20NCS%205010-B90G%20color%20swatch,,,,,,,,,,,,,,,,,,,,,,,,,,,,,,,,,,,,,,,,,,,,
DB,ncs,NCS 5010-G10Y,#738674,0.5994163675272444,0.03483871408885608,146.5236107596283,115,134,116,"[115, 134, 116]",14%,0%,13%,47%,"[14%, 0%, 13%, 47%]",53.99,-9.92,7.32,"[53.99, -9.92, 7.32]",https://www.google.com/search?tbm=isch&q=ncs%20NCS%205010-G10Y%20color%20swatch,,,,,,,,,,,,,,,,,,,,,,,,,,,,,,,,,,,,,,,,,,,,
DB,ncs,NCS 5010-G30Y,#7c8671,0.6056637291510745,0.033128972558067356,128.14097133982705,124,134,113,"[124, 134, 113]",7%,0%,16%,47%,"[7%, 0%, 16%, 47%]",54.63,-6.84,10.05,"[54.63, -6.84, 10.05]",https://www.google.com/search?tbm=isch&q=ncs%20NCS%205010-G30Y%20color%20swatch,,,,,,,,,,,,,,,,,,,,,,,,,,,,,,,,,,,,,,,,,,,,
DB,ncs,NCS 5010-G50Y,#818671,0.6097964991682553,0.031340230345008074,118.18793072483152,129,134,113,"[129, 134, 113]",4%,0%,16%,47%,"[4%, 0%, 16%, 47%]",55.05,-4.86,10.70,"[55.05, -4.86, 10.70]",https://www.google.com/search?tbm=isch&q=ncs%20NCS%205010-G50Y%20color%20swatch,,,,,,,,,,,,,,,,,,,,,,,,,,,,,,,,,,,,,,,,,,,,
DB,ncs,NCS 5010-G70Y,#858672,0.613464384409688,0.029241152415287946,109.54666412685117,133,134,114,"[133, 134, 114]",1%,0%,15%,47%,"[1%, 0%, 15%, 47%]",55.41,-3.12,10.70,"[55.41, -3.12, 10.70]",https://www.google.com/search?tbm=isch&q=ncs%20NCS%205010-G70Y%20color%20swatch,,,,,,,,,,,,,,,,,,,,,,,,,,,,,,,,,,,,,,,,,,,,
DB,ncs,NCS 5010-G90Y,#868472,0.6098852513058832,0.026459880742102794,101.91231351360699,134,132,114,"[134, 132, 114]",0%,1%,15%,47%,"[0%, 1%, 15%, 47%]",54.93,-1.67,10.06,"[54.93, -1.67, 10.06]",https://www.google.com/search?tbm=isch&q=ncs%20NCS%205010-G90Y%20color%20swatch,,,,,,,,,,,,,,,,,,,,,,,,,,,,,,,,,,,,,,,,,,,,
DB,ncs,NCS 5010-R10B,#86676b,0.5459576655934817,0.04021596963366738,9.854169733099354,134,103,107,"[134, 103, 107]",0%,23%,20%,47%,"[0%, 23%, 20%, 47%]",46.87,13.30,2.79,"[46.87, 13.30, 2.79]",https://www.google.com/search?tbm=isch&q=ncs%20NCS%205010-R10B%20color%20swatch,,,,,,,,,,,,,,,,,,,,,,,,,,,,,,,,,,,,,,,,,,,,
DB,ncs,NCS 5010-R30B,#866b74,0.556974832273451,0.03657701161478424,356.4445201057106,134,107,116,"[134, 107, 116]",0%,20%,13%,47%,"[0%, 20%, 13%, 47%]",48.14,12.22,-0.74,"[48.14, 12.22, -0.74]",https://www.google.com/search?tbm=isch&q=ncs%20NCS%205010-R30B%20color%20swatch,,,,,,,,,,,,,,,,,,,,,,,,,,,,,,,,,,,,,,,,,,,,
DB,ncs,NCS 5010-R50B,#867182,0.5740630927020572,0.03609256691642598,332.5826877105735,134,113,130,"[134, 113, 130]",0%,16%,3%,47%,"[0%, 16%, 3%, 47%]",50.09,10.84,-6.16,"[50.09, 10.84, -6.16]",https://www.google.com/search?tbm=isch&q=ncs%20NCS%205010-R50B%20color%20swatch,,,,,,,,,,,,,,,,,,,,,,,,,,,,,,,,,,,,,,,,,,,,
DB,ncs,NCS 5010-R70B,#776f86,0.5570900688839795,0.03629789241880783,301.1190023825611,119,111,134,"[119, 111, 134]",11%,17%,0%,47%,"[11%, 17%, 0%, 47%]",48.19,6.82,-11.52,"[48.19, 6.82, -11.52]",https://www.google.com/search?tbm=isch&q=ncs%20NCS%205010-R70B%20color%20swatch,,,,,,,,,,,,,,,,,,,,,,,,,,,,,,,,,,,,,,,,,,,,
DB,ncs,NCS 5010-R90B,#6b7486,0.5578040554366206,0.029971456001259958,264.30058979564683,107,116,134,"[107, 116, 134]",20%,13%,0%,47%,"[20%, 13%, 0%, 47%]",48.56,-0.40,-11.11,"[48.56, -0.40, -11.11]",https://www.google.com/search?tbm=isch&q=ncs%20NCS%205010-R90B%20color%20swatch,,,,,,,,,,,,,,,,,,,,,,,,,,,,,,,,,,,,,,,,,,,,
DB,ncs,NCS 5010-Y10R,#868171,0.6029875781498959,0.024290383553844934,92.61113465722542,134,129,113,"[134, 129, 113]",0%,4%,16%,47%,"[0%, 4%, 16%, 47%]",54.07,-0.20,9.43,"[54.07, -0.20, 9.43]",https://www.google.com/search?tbm=isch&q=ncs%20NCS%205010-Y10R%20color%20swatch,,,,,,,,,,,,,,,,,,,,,,,,,,,,,,,,,,,,,,,,,,,,
DB,ncs,NCS 5010-Y30R,#867d6f,0.5936703374931938,0.023469234003817282,78.99035103235457,134,125,111,"[134, 125, 111]",0%,7%,17%,47%,"[0%, 7%, 17%, 47%]",52.92,1.70,8.97,"[52.92, 1.70, 8.97]",https://www.google.com/search?tbm=isch&q=ncs%20NCS%205010-Y30R%20color%20swatch,,,,,,,,,,,,,,,,,,,,,,,,,,,,,,,,,,,,,,,,,,,,
DB,ncs,NCS 5010-Y50R,#86776d,0.5801036161219076,0.023992676666682828,55.87442477700546,134,119,109,"[134, 119, 109]",0%,11%,19%,47%,"[0%, 11%, 19%, 47%]",51.22,4.70,7.76,"[51.22, 4.70, 7.76]",https://www.google.com/search?tbm=isch&q=ncs%20NCS%205010-Y50R%20color%20swatch,,,,,,,,,,,,,,,,,,,,,,,,,,,,,,,,,,,,,,,,,,,,
DB,ncs,NCS 5010-Y70R,#86716a,0.566448521073574,0.028668188080250817,39.30308134069736,134,113,106,"[134, 113, 106]",0%,16%,21%,47%,"[0%, 16%, 21%, 47%]",49.52,7.63,7.13,"[49.52, 7.63, 7.13]",https://www.google.com/search?tbm=isch&q=ncs%20NCS%205010-Y70R%20color%20swatch,,,,,,,,,,,,,,,,,,,,,,,,,,,,,,,,,,,,,,,,,,,,
DB,ncs,NCS 5010-Y90R,#866a68,0.5512181337544542,0.03610769886950478,23.08363272727229,134,106,104,"[134, 106, 104]",0%,21%,22%,47%,"[0%, 21%, 22%, 47%]",47.59,11.27,5.61,"[47.59, 11.27, 5.61]",https://www.google.com/search?tbm=isch&q=ncs%20NCS%205010-Y90R%20color%20swatch,,,,,,,,,,,,,,,,,,,,,,,,,,,,,,,,,,,,,,,,,,,,
DB,ncs,NCS 5020-B,#5c7686,0.5512800606840826,0.039231720804819376,235.42983393622512,92,118,134,"[92, 118, 134]",31%,12%,0%,47%,"[31%, 12%, 0%, 47%]",48.02,-6.73,-12.04,"[48.02, -6.73, -12.04]",https://www.google.com/search?tbm=isch&q=ncs%20NCS%205020-B%20color%20swatch,,,,,,,,,,,,,,,,,,,,,,,,,,,,,,,,,,,,,,,,,,,,
DB,ncs,NCS 5020-B10G,#5e7c86,0.5667711370290838,0.03762091235426058,220.28394301397623,94,124,134,"[94, 124, 134]",30%,7%,0%,47%,"[30%, 7%, 0%, 47%]",49.96,-9.24,-9.15,"[49.96, -9.24, -9.15]",https://www.google.com/search?tbm=isch&q=ncs%20NCS%205020-B10G%20color%20swatch,,,,,,,,,,,,,,,,,,,,,,,,,,,,,,,,,,,,,,,,,,,,
DB,ncs,NCS 5020-B30G,#608286,0.5823120529363275,0.038785712610526,205.15287474612433,96,130,134,"[96, 130, 134]",28%,3%,0%,47%,"[28%, 3%, 0%, 47%]",51.89,-11.69,-6.28,"[51.89, -11.69, -6.28]",https://www.google.com/search?tbm=isch&q=ncs%20NCS%205020-B30G%20color%20swatch,,,,,,,,,,,,,,,,,,,,,,,,,,,,,,,,,,,,,,,,,,,,
DB,ncs,NCS 5020-B50G,#618685,0.5921423288289652,0.041344133647336946,193.96588734509328,97,134,133,"[97, 134, 133]",28%,0%,1%,47%,"[28%, 0%, 1%, 47%]",53.14,-13.58,-3.87,"[53.14, -13.58, -3.87]",https://www.google.com/search?tbm=isch&q=ncs%20NCS%205020-B50G%20color%20swatch,,,,,,,,,,,,,,,,,,,,,,,,,,,,,,,,,,,,,,,,,,,,
DB,ncs,NCS 5020-B70G,#5f8680,0.5892286387557595,0.04440790089227108,184.2237227305152,95,134,128,"[95, 134, 128]",29%,0%,4%,47%,"[29%, 0%, 4%, 47%]",52.89,-15.15,-1.37,"[52.89, -15.15, -1.37]",https://www.google.com/search?tbm=isch&q=ncs%20NCS%205020-B70G%20color%20swatch,,,,,,,,,,,,,,,,,,,,,,,,,,,,,,,,,,,,,,,,,,,,
DB,ncs,NCS 5020-B90G,#5a8672,0.5818838847357999,0.05761744866371219,164.43329459822064,90,134,114,"[90, 134, 114]",33%,0%,15%,47%,"[33%, 0%, 15%, 47%]",52.27,-19.24,5.76,"[52.27, -19.24, 5.76]",https://www.google.com/search?tbm=isch&q=ncs%20NCS%205020-B90G%20color%20swatch,,,,,,,,,,,,,,,,,,,,,,,,,,,,,,,,,,,,,,,,,,,,
DB,ncs,NCS 5020-G,#578669,0.5776321150562912,0.06826664859278876,156.43208516855998,87,134,105,"[87, 134, 105]",35%,0%,22%,47%,"[35%, 0%, 22%, 47%]",51.91,-21.70,10.38,"[51.91, -21.70, 10.38]",https://www.google.com/search?tbm=isch&q=ncs%20NCS%205020-G%20color%20swatch,,,,,,,,,,,,,,,,,,,,,,,,,,,,,,,,,,,,,,,,,,,,
DB,ncs,NCS 5020-G10Y,#638665,0.5841020987524086,0.06361076275457707,146.13055366053817,99,134,101,"[99, 134, 101]",26%,0%,25%,47%,"[26%, 0%, 25%, 47%]",52.57,-18.06,13.70,"[52.57, -18.06, 13.70]",https://www.google.com/search?tbm=isch&q=ncs%20NCS%205020-G10Y%20color%20swatch,,,,,,,,,,,,,,,,,,,,,,,,,,,,,,,,,,,,,,,,,,,,
DB,ncs,NCS 5020-G30Y,#73865f,0.5941808330428899,0.061149253563660945,129.20689187031877,115,134,95,"[115, 134, 95]",14%,0%,29%,47%,"[14%, 0%, 29%, 47%]",53.60,-12.68,18.69,"[53.60, -12.68, 18.69]",https://www.google.com/search?tbm=isch&q=ncs%20NCS%205020-G30Y%20color%20swatch,,,,,,,,,,,,,,,,,,,,,,,,,,,,,,,,,,,,,,,,,,,,
DB,ncs,NCS 5020-G50Y,#7d865e,0.6019594187994707,0.05849330558309753,118.48270651886367,125,134,94,"[125, 134, 94]",7%,0%,30%,47%,"[7%, 0%, 30%, 47%]",54.38,-8.74,20.45,"[54.38, -8.74, 20.45]",https://www.google.com/search?tbm=isch&q=ncs%20NCS%205020-G50Y%20color%20swatch,,,,,,,,,,,,,,,,,,,,,,,,,,,,,,,,,,,,,,,,,,,,
DB,ncs,NCS 5020-G70Y,#848661,0.6085446090789794,0.053001485129312416,110.44285612841526,132,134,97,"[132, 134, 97]",1%,0%,28%,47%,"[1%, 0%, 28%, 47%]",55.02,-5.52,19.75,"[55.02, -5.52, 19.75]",https://www.google.com/search?tbm=isch&q=ncs%20NCS%205020-G70Y%20color%20swatch,,,,,,,,,,,,,,,,,,,,,,,,,,,,,,,,,,,,,,,,,,,,
DB,ncs,NCS 5020-G90Y,#868260,0.6010764883373122,0.04895851904767362,102.09547031591273,134,130,96,"[134, 130, 96]",0%,3%,28%,47%,"[0%, 3%, 28%, 47%]",54.04,-2.69,19.06,"[54.04, -2.69, 19.06]",https://www.google.com/search?tbm=isch&q=ncs%20NCS%205020-G90Y%20color%20swatch,,,,,,,,,,,,,,,,,,,,,,,,,,,,,,,,,,,,,,,,,,,,
DB,ncs,NCS 5020-R,#864e52,0.4902271766263264,0.07570618091214237,15.640751732092383,134,78,82,"[134, 78, 82]",0%,42%,39%,47%,"[0%, 42%, 39%, 47%]",40.04,24.55,8.35,"[40.04, 24.55, 8.35]",https://www.google.com/search?tbm=isch&q=ncs%20NCS%205020-R%20color%20swatch,,,,,,,,,,,,,,,,,,,,,,,,,,,,,,,,,,,,,,,,,,,,
DB,ncs,NCS 5020-R10B,#865057,0.4952961268658361,0.07299678533348657,11.698170179918975,134,80,87,"[134, 80, 87]",0%,40%,35%,47%,"[0%, 40%, 35%, 47%]",40.63,23.92,6.08,"[40.63, 23.92, 6.08]",https://www.google.com/search?tbm=isch&q=ncs%20NCS%205020-R10B%20color%20swatch,,,,,,,,,,,,,,,,,,,,,,,,,,,,,,,,,,,,,,,,,,,,
DB,ncs,NCS 5020-R20B,#86525d,0.500773432634749,0.07085585587271367,6.22407915451231,134,82,93,"[134, 82, 93]",0%,39%,31%,47%,"[0%, 39%, 31%, 47%]",41.24,23.43,3.26,"[41.24, 23.43, 3.26]",https://www.google.com/search?tbm=isch&q=ncs%20NCS%205020-R20B%20color%20swatch,,,,,,,,,,,,,,,,,,,,,,,,,,,,,,,,,,,,,,,,,,,,
DB,ncs,NCS 5020-R30B,#865565,0.5088916366417995,0.06840979725214157,358.70605562806657,134,85,101,"[134, 85, 101]",0%,37%,25%,47%,"[0%, 37%, 25%, 47%]",42.16,22.65,-0.33,"[42.16, 22.65, -0.33]",https://www.google.com/search?tbm=isch&q=ncs%20NCS%205020-R30B%20color%20swatch,,,,,,,,,,,,,,,,,,,,,,,,,,,,,,,,,,,,,,,,,,,,
DB,ncs,NCS 5020-R40B,#865970,0.5201750782672077,0.0672088701617639,347.6943083329537,134,89,112,"[134, 89, 112]",0%,34%,16%,47%,"[0%, 34%, 16%, 47%]",43.43,21.77,-5.19,"[43.43, 21.77, -5.19]",https://www.google.com/search?tbm=isch&q=ncs%20NCS%205020-R40B%20color%20swatch,,,,,,,,,,,,,,,,,,,,,,,,,,,,,,,,,,,,,,,,,,,,
DB,ncs,NCS 5020-R50B,#865f7e,0.5367957938781978,0.06727917231298439,333.9883187180633,134,95,126,"[134, 95, 126]",0%,29%,6%,47%,"[0%, 29%, 6%, 47%]",45.32,20.32,-10.84,"[45.32, 20.32, -10.84]",https://www.google.com/search?tbm=isch&q=ncs%20NCS%205020-R50B%20color%20swatch,,,,,,,,,,,,,,,,,,,,,,,,,,,,,,,,,,,,,,,,,,,,
DB,ncs,NCS 5020-R60B,#795d86,0.5220988784160178,0.07110211521454059,314.84241176429566,121,93,134,"[121, 93, 134]",10%,31%,0%,47%,"[10%, 31%, 0%, 47%]",43.58,17.76,-18.45,"[43.58, 17.76, -18.45]",https://www.google.com/search?tbm=isch&q=ncs%20NCS%205020-R60B%20color%20swatch,,,,,,,,,,,,,,,,,,,,,,,,,,,,,,,,,,,,,,,,,,,,
DB,ncs,NCS 5020-R70B,#6b5d86,0.5080183050912552,0.06579230315826842,299.7504591325559,107,93,134,"[107, 93, 134]",20%,31%,0%,47%,"[20%, 31%, 0%, 47%]",42.10,12.61,-20.87,"[42.10, 12.61, -20.87]",https://www.google.com/search?tbm=isch&q=ncs%20NCS%205020-R70B%20color%20swatch,,,,,,,,,,,,,,,,,,,,,,,,,,,,,,,,,,,,,,,,,,,,
DB,ncs,NCS 5020-R80B,#525b86,0.4819576750757246,0.07024494588964078,274.42661806382193,82,91,134,"[82, 91, 134]",39%,32%,0%,47%,"[39%, 32%, 0%, 47%]",39.28,5.09,-25.43,"[39.28, 5.09, -25.43]",https://www.google.com/search?tbm=isch&q=ncs%20NCS%205020-R80B%20color%20swatch,,,,,,,,,,,,,,,,,,,,,,,,,,,,,,,,,,,,,,,,,,,,
DB,ncs,NCS 5020-R90B,#556586,0.506840049953013,0.05632161938122655,264.4105689776401,85,101,134,"[85, 101, 134]",37%,25%,0%,47%,"[37%, 25%, 0%, 47%]",42.45,0.31,-20.52,"[42.45, 0.31, -20.52]",https://www.google.com/search?tbm=isch&q=ncs%20NCS%205020-R90B%20color%20swatch,,,,,,,,,,,,,,,,,,,,,,,,,,,,,,,,,,,,,,,,,,,,
DB,ncs,NCS 5020-Y,#86805f,0.596383497201308,0.04790700306127632,98.9837548665297,134,128,95,"[134, 128, 95]",0%,4%,29%,47%,"[0%, 4%, 29%, 47%]",53.46,-1.74,18.86,"[53.46, -1.74, 18.86]",https://www.google.com/search?tbm=isch&q=ncs%20NCS%205020-Y%20color%20swatch,,,,,,,,,,,,,,,,,,,,,,,,,,,,,,,,,,,,,,,,,,,,
DB,ncs,NCS 5020-Y10R,#867d5e,0.5894857601993525,0.04596072471538277,93.805711077848,134,125,94,"[134, 125, 94]",0%,7%,30%,47%,"[0%, 7%, 30%, 47%]",52.60,-0.24,18.28,"[52.60, -0.24, 18.28]",https://www.google.com/search?tbm=isch&q=ncs%20NCS%205020-Y10R%20color%20swatch,,,,,,,,,,,,,,,,,,,,,,,,,,,,,,,,,,,,,,,,,,,,
DB,ncs,NCS 5020-Y20R,#86795c,0.5802035867653931,0.04487886963343468,86.63143298617797,134,121,92,"[134, 121, 92]",0%,10%,31%,47%,"[0%, 10%, 31%, 47%]",51.45,1.70,17.89,"[51.45, 1.70, 17.89]",https://www.google.com/search?tbm=isch&q=ncs%20NCS%205020-Y20R%20color%20swatch,,,,,,,,,,,,,,,,,,,,,,,,,,,,,,,,,,,,,,,,,,,,
DB,ncs,NCS 5020-Y30R,#86755b,0.57122602298265,0.043381319619461504,78.22410236077019,134,117,91,"[134, 117, 91]",0%,13%,32%,47%,"[0%, 13%, 32%, 47%]",50.32,3.76,16.96,"[50.32, 3.76, 16.96]",https://www.google.com/search?tbm=isch&q=ncs%20NCS%205020-Y30R%20color%20swatch,,,,,,,,,,,,,,,,,,,,,,,,,,,,,,,,,,,,,,,,,,,,
DB,ncs,NCS 5020-Y40R,#867059,0.5599590454536518,0.04376949615223122,67.98642458792824,134,112,89,"[134, 112, 89]",0%,16%,34%,47%,"[0%, 16%, 34%, 47%]",48.92,6.30,16.23,"[48.92, 6.30, 16.23]",https://www.google.com/search?tbm=isch&q=ncs%20NCS%205020-Y40R%20color%20swatch,,,,,,,,,,,,,,,,,,,,,,,,,,,,,,,,,,,,,,,,,,,,
DB,ncs,NCS 5020-Y50R,#866b58,0.5490819360621833,0.04472602912277883,56.75489540815158,134,107,88,"[134, 107, 88]",0%,20%,34%,47%,"[0%, 20%, 34%, 47%]",47.54,8.96,14.97,"[47.54, 8.96, 14.97]",https://www.google.com/search?tbm=isch&q=ncs%20NCS%205020-Y50R%20color%20swatch,,,,,,,,,,,,,,,,,,,,,,,,,,,,,,,,,,,,,,,,,,,,
DB,ncs,NCS 5020-Y60R,#866656,0.5381434902104767,0.04809382397498372,47.81207128318874,134,102,86,"[134, 102, 86]",0%,24%,36%,47%,"[0%, 24%, 36%, 47%]",46.17,11.54,14.30,"[46.17, 11.54, 14.30]",https://www.google.com/search?tbm=isch&q=ncs%20NCS%205020-Y60R%20color%20swatch,,,,,,,,,,,,,,,,,,,,,,,,,,,,,,,,,,,,,,,,,,,,
DB,ncs,NCS 5020-Y70R,#866154,0.5273972639822826,0.05258986743102847,40.19913177590814,134,97,84,"[134, 97, 84]",0%,28%,37%,47%,"[0%, 28%, 37%, 47%]",44.82,14.14,13.66,"[44.82, 14.14, 13.66]",https://www.google.com/search?tbm=isch&q=ncs%20NCS%205020-Y70R%20color%20swatch,,,,,,,,,,,,,,,,,,,,,,,,,,,,,,,,,,,,,,,,,,,,
DB,ncs,NCS 5020-Y80R,#865b52,0.5148867606851644,0.058984160943697315,32.25617121996959,134,91,82,"[134, 91, 82]",0%,32%,39%,47%,"[0%, 32%, 39%, 47%]",43.24,17.31,12.72,"[43.24, 17.31, 12.72]",https://www.google.com/search?tbm=isch&q=ncs%20NCS%205020-Y80R%20color%20swatch,,,,,,,,,,,,,,,,,,,,,,,,,,,,,,,,,,,,,,,,,,,,
DB,ncs,NCS 5020-Y90R,#865551,0.5029881783427408,0.06618252058103874,24.78554378698408,134,85,81,"[134, 85, 81]",0%,37%,40%,47%,"[0%, 37%, 40%, 47%]",41.71,20.57,11.26,"[41.71, 20.57, 11.26]",https://www.google.com/search?tbm=isch&q=ncs%20NCS%205020-Y90R%20color%20swatch,,,,,,,,,,,,,,,,,,,,,,,,,,,,,,,,,,,,,,,,,,,,
DB,ncs,NCS 5030-B,#4b7086,0.5261403357840903,0.05446518883737105,235.31562688943677,75,112,134,"[75, 112, 134]",44%,16%,0%,47%,"[44%, 16%, 0%, 47%]",45.12,-8.92,-16.54,"[45.12, -8.92, -16.54]",https://www.google.com/search?tbm=isch&q=ncs%20NCS%205030-B%20color%20swatch,,,,,,,,,,,,,,,,,,,,,,,,,,,,,,,,,,,,,,,,,,,,
DB,ncs,NCS 5030-B10G,#4d7786,0.5442723227693869,0.05207710511909419,222.48884270985877,77,119,134,"[77, 119, 134]",43%,11%,0%,47%,"[43%, 11%, 0%, 47%]",47.39,-12.02,-13.10,"[47.39, -12.02, -13.10]",https://www.google.com/search?tbm=isch&q=ncs%20NCS%205030-B10G%20color%20swatch,,,,,,,,,,,,,,,,,,,,,,,,,,,,,,,,,,,,,,,,,,,,
DB,ncs,NCS 5030-B30G,#508186,0.5703829218616374,0.05345657235921176,204.00246761374945,80,129,134,"[80, 129, 134]",40%,4%,0%,47%,"[40%, 4%, 0%, 47%]",50.65,-16.22,-8.24,"[50.65, -16.22, -8.24]",https://www.google.com/search?tbm=isch&q=ncs%20NCS%205030-B30G%20color%20swatch,,,,,,,,,,,,,,,,,,,,,,,,,,,,,,,,,,,,,,,,,,,,
DB,ncs,NCS 5030-B50G,#518684,0.5825111223523046,0.05671815452687992,192.6094159701446,81,134,132,"[81, 134, 132]",40%,0%,1%,47%,"[40%, 0%, 1%, 47%]",52.20,-18.79,-4.80,"[52.20, -18.79, -4.80]",https://www.google.com/search?tbm=isch&q=ncs%20NCS%205030-B50G%20color%20swatch,,,,,,,,,,,,,,,,,,,,,,,,,,,,,,,,,,,,,,,,,,,,
DB,ncs,NCS 5030-B70G,#4f867e,0.5794418286415307,0.059931781914708895,183.92262143723394,79,134,126,"[79, 134, 126]",41%,0%,6%,47%,"[41%, 0%, 6%, 47%]",51.94,-20.56,-1.71,"[51.94, -20.56, -1.71]",https://www.google.com/search?tbm=isch&q=ncs%20NCS%205030-B70G%20color%20swatch,,,,,,,,,,,,,,,,,,,,,,,,,,,,,,,,,,,,,,,,,,,,
DB,ncs,NCS 5030-B90G,#49866b,0.5706805715637436,0.07692141397381286,163.5763419040743,73,134,107,"[73, 134, 107]",46%,0%,20%,47%,"[46%, 0%, 20%, 47%]",51.23,-25.79,8.15,"[51.23, -25.79, 8.15]",https://www.google.com/search?tbm=isch&q=ncs%20NCS%205030-B90G%20color%20swatch,,,,,,,,,,,,,,,,,,,,,,,,,,,,,,,,,,,,,,,,,,,,
DB,ncs,NCS 5030-G,#45865f,0.5656729037272618,0.09087610621303853,155.67665970254416,69,134,95,"[69, 134, 95]",49%,0%,29%,47%,"[49%, 0%, 29%, 47%]",50.81,-28.92,14.38,"[50.81, -28.92, 14.38]",https://www.google.com/search?tbm=isch&q=ncs%20NCS%205030-G%20color%20swatch,,,,,,,,,,,,,,,,,,,,,,,,,,,,,,,,,,,,,,,,,,,,
DB,ncs,NCS 5030-G10Y,#568658,0.5729842086777371,0.08711009783368454,145.28025622964094,86,134,88,"[86, 134, 88]",36%,0%,34%,47%,"[36%, 0%, 34%, 47%]",51.56,-24.48,19.48,"[51.56, -24.48, 19.48]",https://www.google.com/search?tbm=isch&q=ncs%20NCS%205030-G10Y%20color%20swatch,,,,,,,,,,,,,,,,,,,,,,,,,,,,,,,,,,,,,,,,,,,,
DB,ncs,NCS 5030-G30Y,#6b864f,0.5849769575210142,0.08494801254394903,129.9728699586126,107,134,79,"[107, 134, 79]",20%,0%,41%,47%,"[20%, 0%, 41%, 47%]",52.77,-17.65,26.30,"[52.77, -17.65, 26.30]",https://www.google.com/search?tbm=isch&q=ncs%20NCS%205030-G30Y%20color%20swatch,,,,,,,,,,,,,,,,,,,,,,,,,,,,,,,,,,,,,,,,,,,,
DB,ncs,NCS 5030-G50Y,#79864d,0.5954174728863065,0.08124455973174609,119.42708605222714,121,134,77,"[121, 134, 77]",10%,0%,43%,47%,"[10%, 0%, 43%, 47%]",53.81,-12.10,28.94,"[53.81, -12.10, 28.94]",https://www.google.com/search?tbm=isch&q=ncs%20NCS%205030-G50Y%20color%20swatch,,,,,,,,,,,,,,,,,,,,,,,,,,,,,,,,,,,,,,,,,,,,
DB,ncs,NCS 5030-G70Y,#838651,0.6045373400776055,0.07380590661040118,111.18311042213037,131,134,81,"[131, 134, 81]",2%,0%,40%,47%,"[2%, 0%, 40%, 47%]",54.70,-7.50,28.12,"[54.70, -7.50, 28.12]",https://www.google.com/search?tbm=isch&q=ncs%20NCS%205030-G70Y%20color%20swatch,,,,,,,,,,,,,,,,,,,,,,,,,,,,,,,,,,,,,,,,,,,,
DB,ncs,NCS 5030-G90Y,#868150,0.5956399382009692,0.0684431506977931,103.2131474794528,134,129,80,"[134, 129, 80]",0%,4%,40%,47%,"[0%, 4%, 40%, 47%]",53.52,-3.70,27.26,"[53.52, -3.70, 27.26]",https://www.google.com/search?tbm=isch&q=ncs%20NCS%205030-G90Y%20color%20swatch,,,,,,,,,,,,,,,,,,,,,,,,,,,,,,,,,,,,,,,,,,,,
DB,ncs,NCS 5030-R,#863c41,0.455240269332156,0.10166624443708289,17.860887922765926,134,60,65,"[134, 60, 65]",0%,55%,51%,47%,"[0%, 55%, 51%, 47%]",35.72,32.74,13.08,"[35.72, 32.74, 13.08]",https://www.google.com/search?tbm=isch&q=ncs%20NCS%205030-R%20color%20swatch,,,,,,,,,,,,,,,,,,,,,,,,,,,,,,,,,,,,,,,,,,,,
DB,ncs,NCS 5030-R10B,#863e47,0.4599328940701899,0.09890266010856634,14.011546860610736,134,62,71,"[134, 62, 71]",0%,54%,47%,47%,"[0%, 54%, 47%, 47%]",36.25,32.16,10.00,"[36.25, 32.16, 10.00]",https://www.google.com/search?tbm=isch&q=ncs%20NCS%205030-R10B%20color%20swatch,,,,,,,,,,,,,,,,,,,,,,,,,,,,,,,,,,,,,,,,,,,,
DB,ncs,NCS 5030-R20B,#86404e,0.46508830159891057,0.09668149073385308,8.982079187198508,134,64,78,"[134, 64, 78]",0%,52%,42%,47%,"[0%, 52%, 42%, 47%]",36.82,31.70,6.36,"[36.82, 31.70, 6.36]",https://www.google.com/search?tbm=isch&q=ncs%20NCS%205030-R20B%20color%20swatch,,,,,,,,,,,,,,,,,,,,,,,,,,,,,,,,,,,,,,,,,,,,
DB,ncs,NCS 5030-R30B,#864459,0.4750158246107914,0.09310850473553166,1.013903392470695,134,68,89,"[134, 68, 89]",0%,49%,34%,47%,"[0%, 49%, 34%, 47%]",37.94,30.62,1.02,"[37.94, 30.62, 1.02]",https://www.google.com/search?tbm=isch&q=ncs%20NCS%205030-R30B%20color%20swatch,,,,,,,,,,,,,,,,,,,,,,,,,,,,,,,,,,,,,,,,,,,,
DB,ncs,NCS 5030-R40B,#864867,0.48657912255487,0.09292032084718502,349.799554925733,134,72,103,"[134, 72, 103]",0%,46%,23%,47%,"[0%, 46%, 23%, 47%]",39.19,30.00,-5.89,"[39.19, 30.00, -5.89]",https://www.google.com/search?tbm=isch&q=ncs%20NCS%205030-R40B%20color%20swatch,,,,,,,,,,,,,,,,,,,,,,,,,,,,,,,,,,,,,,,,,,,,
DB,ncs,NCS 5030-R50B,#864e7b,0.5047871743596822,0.09723841803522683,334.50857898592494,134,78,123,"[134, 78, 123]",0%,42%,8%,47%,"[0%, 42%, 8%, 47%]",41.16,29.30,-15.27,"[41.16, 29.30, -15.27]",https://www.google.com/search?tbm=isch&q=ncs%20NCS%205030-R50B%20color%20swatch,,,,,,,,,,,,,,,,,,,,,,,,,,,,,,,,,,,,,,,,,,,,
DB,ncs,NCS 5030-R60B,#734c86,0.4835202073281945,0.10030956036509758,314.0031800611114,115,76,134,"[115, 76, 134]",14%,43%,0%,47%,"[14%, 43%, 0%, 47%]",38.62,25.27,-26.13,"[38.62, 25.27, -26.13]",https://www.google.com/search?tbm=isch&q=ncs%20NCS%205030-R60B%20color%20swatch,,,,,,,,,,,,,,,,,,,,,,,,,,,,,,,,,,,,,,,,,,,,
DB,ncs,NCS 5030-R70B,#614d86,0.46594897423550935,0.09235255327110672,298.9616384985418,97,77,134,"[97, 77, 134]",28%,43%,0%,47%,"[28%, 43%, 0%, 47%]",36.79,18.44,-29.17,"[36.79, 18.44, -29.17]",https://www.google.com/search?tbm=isch&q=ncs%20NCS%205030-R70B%20color%20swatch,,,,,,,,,,,,,,,,,,,,,,,,,,,,,,,,,,,,,,,,,,,,
DB,ncs,NCS 5030-R80B,#404d86,0.43738408600285517,0.0952456119365277,272.2362327231061,64,77,134,"[64, 77, 134]",52%,43%,0%,47%,"[52%, 43%, 0%, 47%]",33.79,7.97,-34.14,"[33.79, 7.97, -34.14]",https://www.google.com/search?tbm=isch&q=ncs%20NCS%205030-R80B%20color%20swatch,,,,,,,,,,,,,,,,,,,,,,,,,,,,,,,,,,,,,,,,,,,,
DB,ncs,NCS 5030-R90B,#445a86,0.469605376702542,0.07672738677996661,263.42898559620744,68,90,134,"[68, 90, 134]",49%,33%,0%,47%,"[49%, 33%, 0%, 47%]",37.95,1.33,-27.59,"[37.95, 1.33, -27.59]",https://www.google.com/search?tbm=isch&q=ncs%20NCS%205030-R90B%20color%20swatch,,,,,,,,,,,,,,,,,,,,,,,,,,,,,,,,,,,,,,,,,,,,
DB,ncs,NCS 5030-Y,#867e4f,0.5886975645684387,0.06625590588532582,99.76639696673692,134,126,79,"[134, 126, 79]",0%,6%,41%,47%,"[0%, 6%, 41%, 47%]",52.66,-2.21,26.73,"[52.66, -2.21, 26.73]",https://www.google.com/search?tbm=isch&q=ncs%20NCS%205030-Y%20color%20swatch,,,,,,,,,,,,,,,,,,,,,,,,,,,,,,,,,,,,,,,,,,,,
DB,ncs,NCS 5030-Y10R,#86794d,0.5771561505686655,0.06361498203833242,93.53959419746639,134,121,77,"[134, 121, 77]",0%,10%,43%,47%,"[0%, 10%, 43%, 47%]",51.22,0.29,26.03,"[51.22, 0.29, 26.03]",https://www.google.com/search?tbm=isch&q=ncs%20NCS%205030-Y10R%20color%20swatch,,,,,,,,,,,,,,,,,,,,,,,,,,,,,,,,,,,,,,,,,,,,
DB,ncs,NCS 5030-Y20R,#86734c,0.5637326494556743,0.05997684508154288,84.61644155099657,134,115,76,"[134, 115, 76]",0%,14%,43%,47%,"[0%, 14%, 43%, 47%]",49.54,3.45,24.46,"[49.54, 3.45, 24.46]",https://www.google.com/search?tbm=isch&q=ncs%20NCS%205030-Y20R%20color%20swatch,,,,,,,,,,,,,,,,,,,,,,,,,,,,,,,,,,,,,,,,,,,,
DB,ncs,NCS 5030-Y30R,#866e4a,0.5524873987632908,0.05950108068727771,77.15302449400627,134,110,74,"[134, 110, 74]",0%,18%,45%,47%,"[0%, 18%, 45%, 47%]",48.13,6.02,23.82,"[48.13, 6.02, 23.82]",https://www.google.com/search?tbm=isch&q=ncs%20NCS%205030-Y30R%20color%20swatch,,,,,,,,,,,,,,,,,,,,,,,,,,,,,,,,,,,,,,,,,,,,
DB,ncs,NCS 5030-Y40R,#866848,0.5392846010115742,0.060013511527600795,67.79445664092577,134,104,72,"[134, 104, 72]",0%,22%,46%,47%,"[0%, 22%, 46%, 47%]",46.47,9.17,22.86,"[46.47, 9.17, 22.86]",https://www.google.com/search?tbm=isch&q=ncs%20NCS%205030-Y40R%20color%20swatch,,,,,,,,,,,,,,,,,,,,,,,,,,,,,,,,,,,,,,,,,,,,
DB,ncs,NCS 5030-Y50R,#866146,0.5242892844035522,0.06249005113165875,56.99948682876959,134,97,70,"[134, 97, 70]",0%,28%,48%,47%,"[0%, 28%, 48%, 47%]",44.58,12.91,21.61,"[44.58, 12.91, 21.61]",https://www.google.com/search?tbm=isch&q=ncs%20NCS%205030-Y50R%20color%20swatch,,,,,,,,,,,,,,,,,,,,,,,,,,,,,,,,,,,,,,,,,,,,
DB,ncs,NCS 5030-Y60R,#865b44,0.511717266236663,0.06658407859187859,48.90845599644439,134,91,68,"[134, 91, 68]",0%,32%,49%,47%,"[0%, 32%, 49%, 47%]",43.00,16.12,20.75,"[43.00, 16.12, 20.75]",https://www.google.com/search?tbm=isch&q=ncs%20NCS%205030-Y60R%20color%20swatch,,,,,,,,,,,,,,,,,,,,,,,,,,,,,,,,,,,,,,,,,,,,
DB,ncs,NCS 5030-Y70R,#865342,0.49565497838992734,0.07368855115828016,39.18686112083748,134,83,66,"[134, 83, 66]",0%,38%,51%,47%,"[0%, 38%, 51%, 47%]",40.95,20.44,19.32,"[40.95, 20.44, 19.32]",https://www.google.com/search?tbm=isch&q=ncs%20NCS%205030-Y70R%20color%20swatch,,,,,,,,,,,,,,,,,,,,,,,,,,,,,,,,,,,,,,,,,,,,
DB,ncs,NCS 5030-Y80R,#864c40,0.48216040323915144,0.08152780373175815,32.60718578664057,134,76,64,"[134, 76, 64]",0%,43%,52%,47%,"[0%, 43%, 52%, 47%]",39.24,24.17,18.31,"[39.24, 24.17, 18.31]",https://www.google.com/search?tbm=isch&q=ncs%20NCS%205030-Y80R%20color%20swatch,,,,,,,,,,,,,,,,,,,,,,,,,,,,,,,,,,,,,,,,,,,,
DB,ncs,NCS 5030-Y90R,#864440,0.4680599005074669,0.09107846585043086,24.75671481446136,134,68,64,"[134, 68, 64]",0%,49%,52%,47%,"[0%, 49%, 52%, 47%]",37.41,28.50,15.94,"[37.41, 28.50, 15.94]",https://www.google.com/search?tbm=isch&q=ncs%20NCS%205030-Y90R%20color%20swatch,,,,,,,,,,,,,,,,,,,,,,,,,,,,,,,,,,,,,,,,,,,,
DB,ncs,NCS 5040-B,#3c6a86,0.5033045351813294,0.06749084967113177,236.91731087741744,60,106,134,"[60, 106, 134]",55%,21%,0%,47%,"[55%, 21%, 0%, 47%]",42.43,-9.88,-20.72,"[42.43, -9.88, -20.72]",https://www.google.com/search?tbm=isch&q=ncs%20NCS%205040-B%20color%20swatch,,,,,,,,,,,,,,,,,,,,,,,,,,,,,,,,,,,,,,,,,,,,
DB,ncs,NCS 5040-B10G,#3e7486,0.5290710908740762,0.06379848908652033,221.84936795503086,62,116,134,"[62, 116, 134]",54%,13%,0%,47%,"[54%, 13%, 0%, 47%]",45.68,-14.62,-15.76,"[45.68, -14.62, -15.76]",https://www.google.com/search?tbm=isch&q=ncs%20NCS%205040-B10G%20color%20swatch,,,,,,,,,,,,,,,,,,,,,,,,,,,,,,,,,,,,,,,,,,,,
DB,ncs,NCS 5040-B20G,#407a86,0.5449963930508697,0.06333822885117597,212.67010054922036,64,122,134,"[64, 122, 134]",52%,9%,0%,47%,"[52%, 9%, 0%, 47%]",47.67,-17.14,-12.77,"[47.67, -17.14, -12.77]",https://www.google.com/search?tbm=isch&q=ncs%20NCS%205040-B20G%20color%20swatch,,,,,,,,,,,,,,,,,,,,,,,,,,,,,,,,,,,,,,,,,,,,
DB,ncs,NCS 5040-B30G,#418086,0.5605055603240973,0.06535360790019779,203.6003161686217,65,128,134,"[65, 128, 134]",51%,4%,0%,47%,"[51%, 4%, 0%, 47%]",49.61,-19.84,-9.87,"[49.61, -19.84, -9.87]",https://www.google.com/search?tbm=isch&q=ncs%20NCS%205040-B30G%20color%20swatch,,,,,,,,,,,,,,,,,,,,,,,,,,,,,,,,,,,,,,,,,,,,
DB,ncs,NCS 5040-B40G,#428486,0.5710131479735043,0.06730489183258938,198.03228375864546,66,132,134,"[66, 132, 134]",51%,1%,0%,47%,"[51%, 1%, 0%, 47%]",50.92,-21.51,-7.93,"[50.92, -21.51, -7.93]",https://www.google.com/search?tbm=isch&q=ncs%20NCS%205040-B40G%20color%20swatch,,,,,,,,,,,,,,,,,,,,,,,,,,,,,,,,,,,,,,,,,,,,
DB,ncs,NCS 5040-B50G,#428684,0.5753430404230706,0.06905458017666034,192.84809745632163,66,134,132,"[66, 134, 132]",51%,0%,1%,47%,"[51%, 0%, 1%, 47%]",51.50,-22.88,-5.92,"[51.50, -22.88, -5.92]",https://www.google.com/search?tbm=isch&q=ncs%20NCS%205040-B50G%20color%20swatch,,,,,,,,,,,,,,,,,,,,,,,,,,,,,,,,,,,,,,,,,,,,
DB,ncs,NCS 5040-B60G,#418680,0.5735269421437683,0.07056228630855871,187.8913012325272,65,134,128,"[65, 134, 128]",51%,0%,4%,47%,"[51%, 0%, 4%, 47%]",51.35,-23.97,-3.82,"[51.35, -23.97, -3.82]",https://www.google.com/search?tbm=isch&q=ncs%20NCS%205040-B60G%20color%20swatch,,,,,,,,,,,,,,,,,,,,,,,,,,,,,,,,,,,,,,,,,,,,
DB,ncs,NCS 5040-B70G,#40867c,0.5717617451749619,0.07259760021842743,183.19174932003352,64,134,124,"[64, 134, 124]",52%,0%,7%,47%,"[52%, 0%, 7%, 47%]",51.21,-25.05,-1.72,"[51.21, -25.05, -1.72]",https://www.google.com/search?tbm=isch&q=ncs%20NCS%205040-B70G%20color%20swatch,,,,,,,,,,,,,,,,,,,,,,,,,,,,,,,,,,,,,,,,,,,,
DB,ncs,NCS 5040-B80G,#3f8676,0.5694159903892767,0.07618431630956735,176.64887456945894,63,134,118,"[63, 134, 118]",53%,0%,12%,47%,"[53%, 0%, 12%, 47%]",51.03,-26.50,1.48,"[51.03, -26.50, 1.48]",https://www.google.com/search?tbm=isch&q=ncs%20NCS%205040-B80G%20color%20swatch,,,,,,,,,,,,,,,,,,,,,,,,,,,,,,,,,,,,,,,,,,,,
DB,ncs,NCS 5040-B90G,#3a8664,0.5622536845666058,0.0929524469749101,161.81718350870597,58,134,100,"[58, 134, 100]",57%,0%,25%,47%,"[57%, 0%, 25%, 47%]",50.46,-31.06,10.97,"[50.46, -31.06, 10.97]",https://www.google.com/search?tbm=isch&q=ncs%20NCS%205040-B90G%20color%20swatch,,,,,,,,,,,,,,,,,,,,,,,,,,,,,,,,,,,,,,,,,,,,
DB,ncs,NCS 5040-G,#378656,0.5577560432030819,0.10805308806415444,154.08571575862754,55,134,86,"[55, 134, 86]",59%,0%,36%,47%,"[59%, 0%, 36%, 47%]",50.10,-34.06,18.37,"[50.10, -34.06, 18.37]",https://www.google.com/search?tbm=isch&q=ncs%20NCS%205040-G%20color%20swatch,,,,,,,,,,,,,,,,,,,,,,,,,,,,,,,,,,,,,,,,,,,,
DB,ncs,NCS 5040-G10Y,#4b864d,0.564735500050713,0.10600107384849339,144.71534998889706,75,134,77,"[75, 134, 77]",44%,0%,43%,47%,"[44%, 0%, 43%, 47%]",50.81,-29.56,24.43,"[50.81, -29.56, 24.43]",https://www.google.com/search?tbm=isch&q=ncs%20NCS%205040-G10Y%20color%20swatch,,,,,,,,,,,,,,,,,,,,,,,,,,,,,,,,,,,,,,,,,,,,
DB,ncs,NCS 5040-G20Y,#598646,0.5713663849187616,0.10516708585617582,137.0270711145232,89,134,70,"[89, 134, 70]",34%,0%,48%,47%,"[34%, 0%, 48%, 47%]",51.48,-25.49,29.20,"[51.48, -25.49, 29.20]",https://www.google.com/search?tbm=isch&q=ncs%20NCS%205040-G20Y%20color%20swatch,,,,,,,,,,,,,,,,,,,,,,,,,,,,,,,,,,,,,,,,,,,,
DB,ncs,NCS 5040-G30Y,#648641,0.5777249924113667,0.10431786576359138,130.66129768999042,100,134,65,"[100, 134, 65]",25%,0%,51%,47%,"[25%, 0%, 51%, 47%]",52.11,-21.76,32.75,"[52.11, -21.76, 32.75]",https://www.google.com/search?tbm=isch&q=ncs%20NCS%205040-G30Y%20color%20swatch,,,,,,,,,,,,,,,,,,,,,,,,,,,,,,,,,,,,,,,,,,,,
DB,ncs,NCS 5040-G40Y,#6e863d,0.5843579322405935,0.10350439810249824,124.61586773417059,110,134,61,"[110, 134, 61]",18%,0%,54%,47%,"[18%, 0%, 54%, 47%]",52.78,-18.03,35.74,"[52.78, -18.03, 35.74]",https://www.google.com/search?tbm=isch&q=ncs%20NCS%205040-G40Y%20color%20swatch,,,,,,,,,,,,,,,,,,,,,,,,,,,,,,,,,,,,,,,,,,,,
DB,ncs,NCS 5040-G50Y,#76863f,0.5908461840480594,0.098078800162259,120.00251341714159,118,134,63,"[118, 134, 63]",12%,0%,53%,47%,"[12%, 0%, 53%, 47%]",53.41,-14.52,35.66,"[53.41, -14.52, 35.66]",https://www.google.com/search?tbm=isch&q=ncs%20NCS%205040-G50Y%20color%20swatch,,,,,,,,,,,,,,,,,,,,,,,,,,,,,,,,,,,,,,,,,,,,
DB,ncs,NCS 5040-G60Y,#7c8640,0.5958997565035481,0.09498849972597223,116.0763312019144,124,134,64,"[124, 134, 64]",7%,0%,52%,47%,"[7%, 0%, 52%, 47%]",53.91,-11.88,35.88,"[53.91, -11.88, 35.88]",https://www.google.com/search?tbm=isch&q=ncs%20NCS%205040-G60Y%20color%20swatch,,,,,,,,,,,,,,,,,,,,,,,,,,,,,,,,,,,,,,,,,,,,
DB,ncs,NCS 5040-G70Y,#838642,0.602176627097095,0.09111857294957208,111.08786553954639,131,134,66,"[131, 134, 66]",2%,0%,51%,47%,"[2%, 0%, 51%, 47%]",54.52,-8.70,35.77,"[54.52, -8.70, 35.77]",https://www.google.com/search?tbm=isch&q=ncs%20NCS%205040-G70Y%20color%20swatch,,,,,,,,,,,,,,,,,,,,,,,,,,,,,,,,,,,,,,,,,,,,
DB,ncs,NCS 5040-G80Y,#868442,0.6002408246961787,0.08821911503868317,107.2166140015056,134,132,66,"[134, 132, 66]",0%,1%,51%,47%,"[0%, 1%, 51%, 47%]",54.21,-6.36,35.49,"[54.21, -6.36, 35.49]",https://www.google.com/search?tbm=isch&q=ncs%20NCS%205040-G80Y%20color%20swatch,,,,,,,,,,,,,,,,,,,,,,,,,,,,,,,,,,,,,,,,,,,,
DB,ncs,NCS 5040-G90Y,#867f41,0.5886918923789364,0.08361406186785789,102.84792139621726,134,127,65,"[134, 127, 65]",0%,5%,51%,47%,"[0%, 5%, 51%, 47%]",52.77,-3.83,34.33,"[52.77, -3.83, 34.33]",https://www.google.com/search?tbm=isch&q=ncs%20NCS%205040-G90Y%20color%20swatch,,,,,,,,,,,,,,,,,,,,,,,,,,,,,,,,,,,,,,,,,,,,
DB,ncs,NCS 5040-R,#862e34,0.43214262482333343,0.12049463545686148,19.780772578621225,134,46,52,"[134, 46, 52]",0%,66%,61%,47%,"[0%, 66%, 61%, 47%]",32.86,38.62,17.62,"[32.86, 38.62, 17.62]",https://www.google.com/search?tbm=isch&q=ncs%20NCS%205040-R%20color%20swatch,,,,,,,,,,,,,,,,,,,,,,,,,,,,,,,,,,,,,,,,,,,,
DB,ncs,NCS 5040-R10B,#86303a,0.436133399479994,0.1178265323901788,16.56045975711794,134,48,58,"[134, 48, 58]",0%,64%,57%,47%,"[0%, 64%, 57%, 47%]",33.31,38.07,14.35,"[33.31, 38.07, 14.35]",https://www.google.com/search?tbm=isch&q=ncs%20NCS%205040-R10B%20color%20swatch,,,,,,,,,,,,,,,,,,,,,,,,,,,,,,,,,,,,,,,,,,,,
DB,ncs,NCS 5040-R20B,#863243,0.4411330718841504,0.1157292126205127,10.8302346707693,134,50,67,"[134, 50, 67]",0%,63%,50%,47%,"[0%, 63%, 50%, 47%]",33.84,37.74,9.26,"[33.84, 37.74, 9.26]",https://www.google.com/search?tbm=isch&q=ncs%20NCS%205040-R20B%20color%20swatch,,,,,,,,,,,,,,,,,,,,,,,,,,,,,,,,,,,,,,,,,,,,
DB,ncs,NCS 5040-R30B,#86354f,0.44884624968792797,0.1139551383740914,2.798544707105691,134,53,79,"[134, 53, 79]",0%,60%,41%,47%,"[0%, 60%, 41%, 47%]",34.66,37.26,2.68,"[34.66, 37.26, 2.68]",https://www.google.com/search?tbm=isch&q=ncs%20NCS%205040-R30B%20color%20swatch,,,,,,,,,,,,,,,,,,,,,,,,,,,,,,,,,,,,,,,,,,,,
DB,ncs,NCS 5040-R40B,#863960,0.4605270491085324,0.11501263329006318,350.984942407104,134,57,96,"[134, 57, 96]",0%,57%,28%,47%,"[0%, 57%, 28%, 47%]",35.88,36.93,-6.39,"[35.88, 36.93, -6.39]",https://www.google.com/search?tbm=isch&q=ncs%20NCS%205040-R40B%20color%20swatch,,,,,,,,,,,,,,,,,,,,,,,,,,,,,,,,,,,,,,,,,,,,
DB,ncs,NCS 5040-R50B,#863f78,0.47951784246282186,0.12198809253165034,335.3681457398501,134,63,120,"[134, 63, 120]",0%,53%,10%,47%,"[0%, 53%, 10%, 47%]",37.85,36.76,-18.46,"[37.85, 36.76, -18.46]",https://www.google.com/search?tbm=isch&q=ncs%20NCS%205040-R50B%20color%20swatch,,,,,,,,,,,,,,,,,,,,,,,,,,,,,,,,,,,,,,,,,,,,
DB,ncs,NCS 5040-R60B,#6f3d86,0.45333950562517833,0.12538636360613628,314.1001343515006,111,61,134,"[111, 61, 134]",17%,54%,0%,47%,"[17%, 54%, 0%, 47%]",34.66,32.25,-32.37,"[34.66, 32.25, -32.37]",https://www.google.com/search?tbm=isch&q=ncs%20NCS%205040-R60B%20color%20swatch,,,,,,,,,,,,,,,,,,,,,,,,,,,,,,,,,,,,,,,,,,,,
DB,ncs,NCS 5040-R70B,#583f86,0.4302150805919169,0.11493558848300675,297.6269998151058,88,63,134,"[88, 63, 134]",34%,53%,0%,47%,"[34%, 53%, 0%, 47%]",32.21,23.77,-36.46,"[32.21, 23.77, -36.46]",https://www.google.com/search?tbm=isch&q=ncs%20NCS%205040-R70B%20color%20swatch,,,,,,,,,,,,,,,,,,,,,,,,,,,,,,,,,,,,,,,,,,,,
DB,ncs,NCS 5040-R80B,#324186,0.4016473603885992,0.11630347111532441,271.07849785578026,50,65,134,"[50, 65, 134]",63%,51%,0%,47%,"[63%, 51%, 0%, 47%]",29.27,11.81,-41.39,"[29.27, 11.81, -41.39]",https://www.google.com/search?tbm=isch&q=ncs%20NCS%205040-R80B%20color%20swatch,,,,,,,,,,,,,,,,,,,,,,,,,,,,,,,,,,,,,,,,,,,,
DB,ncs,NCS 5040-R90B,#355086,0.43709633281954197,0.09530110369857021,262.96075705613214,53,80,134,"[53, 80, 134]",60%,40%,0%,47%,"[60%, 40%, 0%, 47%]",33.96,3.21,-33.92,"[33.96, 3.21, -33.92]",https://www.google.com/search?tbm=isch&q=ncs%20NCS%205040-R90B%20color%20swatch,,,,,,,,,,,,,,,,,,,,,,,,,,,,,,,,,,,,,,,,,,,,
DB,ncs,NCS 5040-Y,#867c40,0.5817570372721974,0.08153511962891782,100.00649404220269,134,124,64,"[134, 124, 64]",0%,7%,52%,47%,"[0%, 7%, 52%, 47%]",51.91,-2.31,33.85,"[51.91, -2.31, 33.85]",https://www.google.com/search?tbm=isch&q=ncs%20NCS%205040-Y%20color%20swatch,,,,,,,,,,,,,,,,,,,,,,,,,,,,,,,,,,,,,,,,,,,,
DB,ncs,NCS 5040-Y10R,#86753f,0.5659416618427701,0.07615041225278744,92.34707202121797,134,117,63,"[134, 117, 63]",0%,13%,53%,47%,"[0%, 13%, 53%, 47%]",49.93,1.37,32.05,"[49.93, 1.37, 32.05]",https://www.google.com/search?tbm=isch&q=ncs%20NCS%205040-Y10R%20color%20swatch,,,,,,,,,,,,,,,,,,,,,,,,,,,,,,,,,,,,,,,,,,,,
DB,ncs,NCS 5040-Y20R,#866f3d,0.5524322972323421,0.07399163578740894,85.26195913946049,134,111,61,"[134, 111, 61]",0%,17%,54%,47%,"[0%, 17%, 54%, 47%]",48.24,4.49,31.13,"[48.24, 4.49, 31.13]",https://www.google.com/search?tbm=isch&q=ncs%20NCS%205040-Y20R%20color%20swatch,,,,,,,,,,,,,,,,,,,,,,,,,,,,,,,,,,,,,,,,,,,,
DB,ncs,NCS 5040-Y30R,#86683b,0.5370146945022811,0.07280605334006926,76.30523499629561,134,104,59,"[134, 104, 59]",0%,22%,56%,47%,"[0%, 22%, 56%, 47%]",46.30,8.22,29.93,"[46.30, 8.22, 29.93]",https://www.google.com/search?tbm=isch&q=ncs%20NCS%205040-Y30R%20color%20swatch,,,,,,,,,,,,,,,,,,,,,,,,,,,,,,,,,,,,,,,,,,,,
DB,ncs,NCS 5040-Y40R,#866039,0.5198943033942034,0.07365785636809825,65.69554434440755,134,96,57,"[134, 96, 57]",0%,28%,57%,47%,"[0%, 28%, 57%, 47%]",44.14,12.54,28.48,"[44.14, 12.54, 28.48]",https://www.google.com/search?tbm=isch&q=ncs%20NCS%205040-Y40R%20color%20swatch,,,,,,,,,,,,,,,,,,,,,,,,,,,,,,,,,,,,,,,,,,,,
DB,ncs,NCS 5040-Y50R,#865937,0.5053422566398867,0.0767869400002842,57.00167436394736,134,89,55,"[134, 89, 55]",0%,34%,59%,47%,"[0%, 34%, 59%, 47%]",42.30,16.34,27.42,"[42.30, 16.34, 27.42]",https://www.google.com/search?tbm=isch&q=ncs%20NCS%205040-Y50R%20color%20swatch,,,,,,,,,,,,,,,,,,,,,,,,,,,,,,,,,,,,,,,,,,,,
DB,ncs,NCS 5040-Y60R,#865135,0.48938761517907087,0.08236483244768147,47.95156989275728,134,81,53,"[134, 81, 53]",0%,40%,60%,47%,"[0%, 40%, 60%, 47%]",40.28,20.69,26.15,"[40.28, 20.69, 26.15]",https://www.google.com/search?tbm=isch&q=ncs%20NCS%205040-Y60R%20color%20swatch,,,,,,,,,,,,,,,,,,,,,,,,,,,,,,,,,,,,,,,,,,,,
DB,ncs,NCS 5040-Y70R,#864933,0.4742187984279412,0.08984449750633358,40.36258022986294,134,73,51,"[134, 73, 51]",0%,46%,62%,47%,"[0%, 46%, 62%, 47%]",38.34,24.98,25.01,"[38.34, 24.98, 25.01]",https://www.google.com/search?tbm=isch&q=ncs%20NCS%205040-Y70R%20color%20swatch,,,,,,,,,,,,,,,,,,,,,,,,,,,,,,,,,,,,,,,,,,,,
DB,ncs,NCS 5040-Y80R,#864031,0.45829941916461625,0.0997054182757874,33.420158239834905,134,64,49,"[134, 64, 49]",0%,52%,63%,47%,"[0%, 52%, 63%, 47%]",36.30,29.69,23.76,"[36.30, 29.69, 23.76]",https://www.google.com/search?tbm=isch&q=ncs%20NCS%205040-Y80R%20color%20swatch,,,,,,,,,,,,,,,,,,,,,,,,,,,,,,,,,,,,,,,,,,,,
DB,ncs,NCS 5040-Y90R,#863732,0.4443021478600338,0.1098163024416449,26.126182782016656,134,55,50,"[134, 55, 50]",0%,59%,63%,47%,"[0%, 59%, 63%, 47%]",34.47,34.31,20.91,"[34.47, 34.31, 20.91]",https://www.google.com/search?tbm=isch&q=ncs%20NCS%205040-Y90R%20color%20swatch,,,,,,,,,,,,,,,,,,,,,,,,,,,,,,,,,,,,,,,,,,,,
DB,ncs,NCS 5045-B10G,#377286,0.5209248467141689,0.06874707749538399,222.74581271350246,55,114,134,"[55, 114, 134]",59%,15%,0%,47%,"[59%, 15%, 0%, 47%]",44.74,-15.30,-17.23,"[44.74, -15.30, -17.23]",https://www.google.com/search?tbm=isch&q=ncs%20NCS%205045-B10G%20color%20swatch,,,,,,,,,,,,,,,,,,,,,,,,,,,,,,,,,,,,,,,,,,,,
DB,ncs,NCS 5500-N,#727272,0.5520801913325017,0.00002144106050628307,72.58924660546131,114,114,114,"[114, 114, 114]",0%,0%,0%,55%,"[0%, 0%, 0%, 55%]",48.04,0.00,0.01,"[48.04, 0.00, 0.01]",https://www.google.com/search?tbm=isch&q=ncs%20NCS%205500-N%20color%20swatch,,,,,,,,,,,,,,,,,,,,,,,,,,,,,,,,,,,,,,,,,,,,
DB,ncs,NCS 5502-B,#747779,0.5673279050963785,0.004752590023894251,236.4769052227847,116,119,121,"[116, 119, 121]",4%,2%,0%,53%,"[4%, 2%, 0%, 53%]",49.82,-0.86,-1.51,"[49.82, -0.86, -1.51]",https://www.google.com/search?tbm=isch&q=ncs%20NCS%205502-B%20color%20swatch,,,,,,,,,,,,,,,,,,,,,,,,,,,,,,,,,,,,,,,,,,,,
DB,ncs,NCS 5502-G,#747976,0.5708748766921065,0.007527310044682609,159.7650703353961,116,121,118,"[116, 121, 118]",4%,0%,2%,53%,"[4%, 0%, 2%, 53%]",50.32,-2.41,0.97,"[50.32, -2.41, 0.97]",https://www.google.com/search?tbm=isch&q=ncs%20NCS%205502-G%20color%20swatch,,,,,,,,,,,,,,,,,,,,,,,,,,,,,,,,,,,,,,,,,,,,
DB,ncs,NCS 5502-R,#797272,0.5583861104606287,0.00869870229737767,17.532840133774187,121,114,114,"[121, 114, 114]",0%,6%,6%,53%,"[0%, 6%, 6%, 53%]",48.68,2.80,1.03,"[48.68, 2.80, 1.03]",https://www.google.com/search?tbm=isch&q=ncs%20NCS%205502-R%20color%20swatch,,,,,,,,,,,,,,,,,,,,,,,,,,,,,,,,,,,,,,,,,,,,
DB,ncs,NCS 5502-Y,#797875,0.5726150111687324,0.004716628354456284,91.39061266878895,121,120,117,"[121, 120, 117]",0%,1%,3%,53%,"[0%, 1%, 3%, 53%]",50.45,-0.05,1.80,"[50.45, -0.05, 1.80]",https://www.google.com/search?tbm=isch&q=ncs%20NCS%205502-Y%20color%20swatch,,,,,,,,,,,,,,,,,,,,,,,,,,,,,,,,,,,,,,,,,,,,
DB,ncs,NCS 5540-B,#366079,0.46923443945034593,0.06211521971763593,236.28723206522568,54,96,121,"[54, 96, 121]",55%,21%,0%,53%,"[55%, 21%, 0%, 53%]",38.49,-9.34,-18.94,"[38.49, -9.34, -18.94]",https://www.google.com/search?tbm=isch&q=ncs%20NCS%205540-B%20color%20swatch,,,,,,,,,,,,,,,,,,,,,,,,,,,,,,,,,,,,,,,,,,,,
DB,ncs,NCS 5540-B10G,#386879,0.49041439205755016,0.05876511546775023,223.1547970654285,56,104,121,"[56, 104, 121]",54%,14%,0%,53%,"[54%, 14%, 0%, 53%]",41.16,-13.10,-14.88,"[41.16, -13.10, -14.88]",https://www.google.com/search?tbm=isch&q=ncs%20NCS%205540-B10G%20color%20swatch,,,,,,,,,,,,,,,,,,,,,,,,,,,,,,,,,,,,,,,,,,,,
DB,ncs,NCS 5540-B20G,#396e79,0.5061506473815852,0.05894495680154409,212.7275710090446,57,110,121,"[57, 110, 121]",53%,9%,0%,53%,"[53%, 9%, 0%, 53%]",43.13,-15.94,-11.90,"[43.13, -15.94, -11.90]",https://www.google.com/search?tbm=isch&q=ncs%20NCS%205540-B20G%20color%20swatch,,,,,,,,,,,,,,,,,,,,,,,,,,,,,,,,,,,,,,,,,,,,
DB,ncs,NCS 5540-B30G,#3b7379,0.5198467271172641,0.05966540551120672,204.58273456439315,59,115,121,"[59, 115, 121]",51%,5%,0%,53%,"[51%, 5%, 0%, 53%]",44.83,-17.93,-9.35,"[44.83, -17.93, -9.35]",https://www.google.com/search?tbm=isch&q=ncs%20NCS%205540-B30G%20color%20swatch,,,,,,,,,,,,,,,,,,,,,,,,,,,,,,,,,,,,,,,,,,,,
DB,ncs,NCS 5540-B40G,#3c7779,0.5305378411309197,0.06159531472881459,198.35121872468926,60,119,121,"[60, 119, 121]",50%,2%,0%,53%,"[50%, 2%, 0%, 53%]",46.16,-19.63,-7.38,"[46.16, -19.63, -7.38]",https://www.google.com/search?tbm=isch&q=ncs%20NCS%205540-B40G%20color%20swatch,,,,,,,,,,,,,,,,,,,,,,,,,,,,,,,,,,,,,,,,,,,,
DB,ncs,NCS 5540-B50G,#3c7977,0.5349407358794291,0.06338849321418995,192.59064985495957,60,121,119,"[60, 121, 119]",50%,0%,2%,53%,"[50%, 0%, 2%, 53%]",46.75,-21.03,-5.33,"[46.75, -21.03, -5.33]",https://www.google.com/search?tbm=isch&q=ncs%20NCS%205540-B50G%20color%20swatch,,,,,,,,,,,,,,,,,,,,,,,,,,,,,,,,,,,,,,,,,,,,
DB,ncs,NCS 5540-B80G,#38796a,0.5288175548949359,0.0711846846399109,176.22143253642093,56,121,106,"[56, 121, 106]",54%,0%,12%,53%,"[54%, 0%, 12%, 53%]",46.26,-24.76,1.58,"[46.26, -24.76, 1.58]",https://www.google.com/search?tbm=isch&q=ncs%20NCS%205540-B80G%20color%20swatch,,,,,,,,,,,,,,,,,,,,,,,,,,,,,,,,,,,,,,,,,,,,
DB,ncs,NCS 5540-B90G,#34795a,0.5225230480270691,0.08615331372339805,161.75272239504238,52,121,90,"[52, 121, 90]",57%,0%,26%,53%,"[57%, 0%, 26%, 53%]",45.76,-28.78,10.21,"[45.76, -28.78, 10.21]",https://www.google.com/search?tbm=isch&q=ncs%20NCS%205540-B90G%20color%20swatch,,,,,,,,,,,,,,,,,,,,,,,,,,,,,,,,,,,,,,,,,,,,
DB,ncs,NCS 5540-G,#31794d,0.5181872932183246,0.10057902667987932,153.95398636029188,49,121,77,"[49, 121, 77]",60%,0%,36%,53%,"[60%, 0%, 36%, 53%]",45.41,-31.66,17.19,"[45.41, -31.66, 17.19]",https://www.google.com/search?tbm=isch&q=ncs%20NCS%205540-G%20color%20swatch,,,,,,,,,,,,,,,,,,,,,,,,,,,,,,,,,,,,,,,,,,,,
DB,ncs,NCS 5540-G10Y,#437945,0.5246010638285424,0.09860275875444409,144.77937603380724,67,121,69,"[67, 121, 69]",45%,0%,43%,53%,"[45%, 0%, 43%, 53%]",46.06,-27.53,22.69,"[46.06, -27.53, 22.69]",https://www.google.com/search?tbm=isch&q=ncs%20NCS%205540-G10Y%20color%20swatch,,,,,,,,,,,,,,,,,,,,,,,,,,,,,,,,,,,,,,,,,,,,
DB,ncs,NCS 5540-G20Y,#50793f,0.5309511084824614,0.09726744249833114,137.1219055948012,80,121,63,"[80, 121, 63]",34%,0%,48%,53%,"[34%, 0%, 48%, 53%]",46.70,-23.63,26.93,"[46.70, -23.63, 26.93]",https://www.google.com/search?tbm=isch&q=ncs%20NCS%205540-G20Y%20color%20swatch,,,,,,,,,,,,,,,,,,,,,,,,,,,,,,,,,,,,,,,,,,,,
DB,ncs,NCS 5540-G30Y,#5a793b,0.5369178007826394,0.09589978428446763,130.8649111168952,90,121,59,"[90, 121, 59]",26%,0%,51%,53%,"[26%, 0%, 51%, 53%]",47.30,-20.13,29.95,"[47.30, -20.13, 29.95]",https://www.google.com/search?tbm=isch&q=ncs%20NCS%205540-G30Y%20color%20swatch,,,,,,,,,,,,,,,,,,,,,,,,,,,,,,,,,,,,,,,,,,,,
DB,ncs,NCS 5540-G40Y,#637937,0.5429265381476999,0.09560010985576145,124.76937390700368,99,121,55,"[99, 121, 55]",18%,0%,55%,53%,"[18%, 0%, 55%, 53%]",47.90,-16.75,32.90,"[47.90, -16.75, 32.90]",https://www.google.com/search?tbm=isch&q=ncs%20NCS%205540-G40Y%20color%20swatch,,,,,,,,,,,,,,,,,,,,,,,,,,,,,,,,,,,,,,,,,,,,
DB,ncs,NCS 5540-G50Y,#6a7938,0.5485933060530749,0.09153296975583378,120.26207496012478,106,121,56,"[106, 121, 56]",12%,0%,54%,53%,"[12%, 0%, 54%, 53%]",48.45,-13.68,33.20,"[48.45, -13.68, 33.20]",https://www.google.com/search?tbm=isch&q=ncs%20NCS%205540-G50Y%20color%20swatch,,,,,,,,,,,,,,,,,,,,,,,,,,,,,,,,,,,,,,,,,,,,
DB,ncs,NCS 5540-G60Y,#70793a,0.553875194905823,0.08729260274634926,116.03464025778078,112,121,58,"[112, 121, 58]",7%,0%,52%,53%,"[7%, 0%, 52%, 53%]",48.97,-10.92,32.92,"[48.97, -10.92, 32.92]",https://www.google.com/search?tbm=isch&q=ncs%20NCS%205540-G60Y%20color%20swatch,,,,,,,,,,,,,,,,,,,,,,,,,,,,,,,,,,,,,,,,,,,,
DB,ncs,NCS 5540-G70Y,#76793b,0.5592522131541284,0.08468018765558205,111.30401872673559,118,121,59,"[118, 121, 59]",2%,0%,51%,53%,"[2%, 0%, 51%, 53%]",49.50,-8.20,33.18,"[49.50, -8.20, 33.18]",https://www.google.com/search?tbm=isch&q=ncs%20NCS%205540-G70Y%20color%20swatch,,,,,,,,,,,,,,,,,,,,,,,,,,,,,,,,,,,,,,,,,,,,
DB,ncs,NCS 5540-R70B,#4f3979,0.4010902440759329,0.10548366369862171,297.28958192134246,79,57,121,"[79, 57, 121]",35%,53%,0%,53%,"[35%, 53%, 0%, 53%]",28.98,21.61,-33.58,"[28.98, 21.61, -33.58]",https://www.google.com/search?tbm=isch&q=ncs%20NCS%205540-R70B%20color%20swatch,,,,,,,,,,,,,,,,,,,,,,,,,,,,,,,,,,,,,,,,,,,,
DB,ncs,NCS 5540-R90B,#304879,0.407240866800757,0.08785039813227441,263.290035674078,48,72,121,"[48, 72, 121]",60%,40%,0%,53%,"[60%, 40%, 0%, 53%]",30.55,3.05,-31.30,"[30.55, 3.05, -31.30]",https://www.google.com/search?tbm=isch&q=ncs%20NCS%205540-R90B%20color%20swatch,,,,,,,,,,,,,,,,,,,,,,,,,,,,,,,,,,,,,,,,,,,,
DB,ncs,NCS 5540-Y90R,#79322d,0.4145485871720737,0.1006140878173847,26.403568478342947,121,50,45,"[121, 50, 45]",0%,59%,63%,53%,"[0%, 59%, 63%, 53%]",31.11,31.38,19.31,"[31.11, 31.38, 19.31]",https://www.google.com/search?tbm=isch&q=ncs%20NCS%205540-Y90R%20color%20swatch,,,,,,,,,,,,,,,,,,,,,,,,,,,,,,,,,,,,,,,,,,,,
DB,ncs,NCS 6000-N,#666666,0.5102788862802743,0.000019817629119075886,72.58924660495325,102,102,102,"[102, 102, 102]",0%,0%,0%,60%,"[0%, 0%, 0%, 60%]",43.19,0.00,0.01,"[43.19, 0.00, 0.01]",https://www.google.com/search?tbm=isch&q=ncs%20NCS%206000-N%20color%20swatch,,,,,,,,,,,,,,,,,,,,,,,,,,,,,,,,,,,,,,,,,,,,
DB,ncs,NCS 6005-B20G,#636a6b,0.5185874603998754,0.008755126169465341,207.00639517926493,99,106,107,"[99, 106, 107]",7%,1%,0%,58%,"[7%, 1%, 0%, 58%]",44.23,-2.62,-1.53,"[44.23, -2.62, -1.53]",https://www.google.com/search?tbm=isch&q=ncs%20NCS%206005-B20G%20color%20swatch,,,,,,,,,,,,,,,,,,,,,,,,,,,,,,,,,,,,,,,,,,,,
DB,ncs,NCS 6005-B80G,#626b69,0.519426827708739,0.01143037563729252,180.97784391220864,98,107,105,"[98, 107, 105]",8%,0%,2%,58%,"[8%, 0%, 2%, 58%]",44.40,-3.88,-0.11,"[44.40, -3.88, -0.11]",https://www.google.com/search?tbm=isch&q=ncs%20NCS%206005-B80G%20color%20swatch,,,,,,,,,,,,,,,,,,,,,,,,,,,,,,,,,,,,,,,,,,,,
DB,ncs,NCS 6005-G20Y,#656b63,0.5200468720332907,0.014371782881496192,137.74266083458696,101,107,99,"[101, 107, 99]",6%,0%,7%,58%,"[6%, 0%, 7%, 58%]",44.51,-3.62,3.67,"[44.51, -3.62, 3.67]",https://www.google.com/search?tbm=isch&q=ncs%20NCS%206005-G20Y%20color%20swatch,,,,,,,,,,,,,,,,,,,,,,,,,,,,,,,,,,,,,,,,,,,,
DB,ncs,NCS 6005-G50Y,#696b62,0.5232188497918219,0.01403100673390619,117.01005090564627,105,107,98,"[105, 107, 98]",2%,0%,8%,58%,"[2%, 0%, 8%, 58%]",44.83,-2.14,4.79,"[44.83, -2.14, 4.79]",https://www.google.com/search?tbm=isch&q=ncs%20NCS%206005-G50Y%20color%20swatch,,,,,,,,,,,,,,,,,,,,,,,,,,,,,,,,,,,,,,,,,,,,
DB,ncs,NCS 6005-G80Y,#6b6b63,0.525296309797717,0.012275627608931906,106.76152677492217,107,107,99,"[107, 107, 99]",0%,0%,7%,58%,"[0%, 0%, 7%, 58%]",45.04,-1.18,4.51,"[45.04, -1.18, 4.51]",https://www.google.com/search?tbm=isch&q=ncs%20NCS%206005-G80Y%20color%20swatch,,,,,,,,,,,,,,,,,,,,,,,,,,,,,,,,,,,,,,,,,,,,
DB,ncs,NCS 6005-R20B,#6b5f61,0.4975797196503733,0.015733978117548793,6.323930133128499,107,95,97,"[107, 95, 97]",0%,11%,9%,58%,"[0%, 11%, 9%, 58%]",41.53,5.27,0.72,"[41.53, 5.27, 0.72]",https://www.google.com/search?tbm=isch&q=ncs%20NCS%206005-R20B%20color%20swatch,,,,,,,,,,,,,,,,,,,,,,,,,,,,,,,,,,,,,,,,,,,,
DB,ncs,NCS 6005-R50B,#6b636a,0.5094772761602887,0.014731073050446632,329.8289307001269,107,99,106,"[107, 99, 106]",0%,7%,1%,58%,"[0%, 7%, 1%, 58%]",42.90,4.33,-2.76,"[42.90, 4.33, -2.76]",https://www.google.com/search?tbm=isch&q=ncs%20NCS%206005-R50B%20color%20swatch,,,,,,,,,,,,,,,,,,,,,,,,,,,,,,,,,,,,,,,,,,,,
DB,ncs,NCS 6005-R80B,#5f616b,0.4943476473912945,0.016034839809925615,276.81793334174813,95,97,107,"[95, 97, 107]",11%,9%,0%,58%,"[11%, 9%, 0%, 58%]",41.23,0.85,-5.97,"[41.23, 0.85, -5.97]",https://www.google.com/search?tbm=isch&q=ncs%20NCS%206005-R80B%20color%20swatch,,,,,,,,,,,,,,,,,,,,,,,,,,,,,,,,,,,,,,,,,,,,
DB,ncs,NCS 6005-Y20R,#6b6862,0.5181292681141588,0.010022323204116777,84.56137981609055,107,104,98,"[107, 104, 98]",0%,3%,8%,58%,"[0%, 3%, 8%, 58%]",44.14,0.34,3.84,"[44.14, 0.34, 3.84]",https://www.google.com/search?tbm=isch&q=ncs%20NCS%206005-Y20R%20color%20swatch,,,,,,,,,,,,,,,,,,,,,,,,,,,,,,,,,,,,,,,,,,,,
DB,ncs,NCS 6005-Y50R,#6b6560,0.5107035632671432,0.010921907615593349,62.441751713368376,107,101,96,"[107, 101, 96]",0%,6%,10%,58%,"[0%, 6%, 10%, 58%]",43.23,1.73,3.74,"[43.23, 1.73, 3.74]",https://www.google.com/search?tbm=isch&q=ncs%20NCS%206005-Y50R%20color%20swatch,,,,,,,,,,,,,,,,,,,,,,,,,,,,,,,,,,,,,,,,,,,,
DB,ncs,NCS 6005-Y80R,#6b615e,0.5010805656486342,0.013744600447346154,37.416696181567886,107,97,94,"[107, 97, 94]",0%,9%,12%,58%,"[0%, 9%, 12%, 58%]",42.03,3.71,3.25,"[42.03, 3.71, 3.25]",https://www.google.com/search?tbm=isch&q=ncs%20NCS%206005-Y80R%20color%20swatch,,,,,,,,,,,,,,,,,,,,,,,,,,,,,,,,,,,,,,,,,,,,
DB,ncs,NCS 6010-B10G,#5a676b,0.5041977814183913,0.01710366158464556,218.17266031359145,90,103,107,"[90, 103, 107]",16%,4%,0%,58%,"[16%, 4%, 0%, 58%]",42.60,-4.43,-4.02,"[42.60, -4.43, -4.02]",https://www.google.com/search?tbm=isch&q=ncs%20NCS%206010-B10G%20color%20swatch,,,,,,,,,,,,,,,,,,,,,,,,,,,,,,,,,,,,,,,,,,,,
DB,ncs,NCS 6010-B30G,#5b6a6b,0.5121212966511121,0.018225657345212996,201.46769664914234,91,106,107,"[91, 106, 107]",15%,1%,0%,58%,"[15%, 1%, 0%, 58%]",43.58,-5.70,-2.57,"[43.58, -5.70, -2.57]",https://www.google.com/search?tbm=isch&q=ncs%20NCS%206010-B30G%20color%20swatch,,,,,,,,,,,,,,,,,,,,,,,,,,,,,,,,,,,,,,,,,,,,
DB,ncs,NCS 6010-B50G,#5c6b6b,0.5152832842453279,0.018131507911469037,196.54851317873442,92,107,107,"[92, 107, 107]",14%,0%,0%,58%,"[14%, 0%, 0%, 58%]",43.96,-5.86,-2.01,"[43.96, -5.86, -2.01]",https://www.google.com/search?tbm=isch&q=ncs%20NCS%206010-B50G%20color%20swatch,,,,,,,,,,,,,,,,,,,,,,,,,,,,,,,,,,,,,,,,,,,,
DB,ncs,NCS 6010-B70G,#5b6b69,0.5138315871623621,0.019555857206969143,187.33556050271022,91,107,105,"[91, 107, 105]",15%,0%,2%,58%,"[15%, 0%, 2%, 58%]",43.83,-6.59,-1.01,"[43.83, -6.59, -1.01]",https://www.google.com/search?tbm=isch&q=ncs%20NCS%206010-B70G%20color%20swatch,,,,,,,,,,,,,,,,,,,,,,,,,,,,,,,,,,,,,,,,,,,,
DB,ncs,NCS 6010-B90G,#586b63,0.5095855958955792,0.026056859079190853,167.85360941166118,88,107,99,"[88, 107, 99]",18%,0%,7%,58%,"[18%, 0%, 7%, 58%]",43.46,-8.74,2.01,"[43.46, -8.74, 2.01]",https://www.google.com/search?tbm=isch&q=ncs%20NCS%206010-B90G%20color%20swatch,,,,,,,,,,,,,,,,,,,,,,,,,,,,,,,,,,,,,,,,,,,,
DB,ncs,NCS 6010-G10Y,#5c6b5d,0.5108538643239201,0.028387580005008215,146.94619835457604,92,107,93,"[92, 107, 93]",14%,0%,13%,58%,"[14%, 0%, 13%, 58%]",43.63,-8.13,5.89,"[43.63, -8.13, 5.89]",https://www.google.com/search?tbm=isch&q=ncs%20NCS%206010-G10Y%20color%20swatch,,,,,,,,,,,,,,,,,,,,,,,,,,,,,,,,,,,,,,,,,,,,
DB,ncs,NCS 6010-G30Y,#636b5a,0.5157369858676893,0.027878214419196044,127.91468317604665,99,107,90,"[99, 107, 90]",7%,0%,16%,58%,"[7%, 0%, 16%, 58%]",44.14,-5.73,8.49,"[44.14, -5.73, 8.49]",https://www.google.com/search?tbm=isch&q=ncs%20NCS%206010-G30Y%20color%20swatch,,,,,,,,,,,,,,,,,,,,,,,,,,,,,,,,,,,,,,,,,,,,
DB,ncs,NCS 6010-G50Y,#676b5a,0.5191823764678215,0.026404399418978,118.05416862923482,103,107,90,"[103, 107, 90]",4%,0%,16%,58%,"[4%, 0%, 16%, 58%]",44.49,-4.07,9.03,"[44.49, -4.07, 9.03]",https://www.google.com/search?tbm=isch&q=ncs%20NCS%206010-G50Y%20color%20swatch,,,,,,,,,,,,,,,,,,,,,,,,,,,,,,,,,,,,,,,,,,,,
DB,ncs,NCS 6010-G70Y,#6a6b5c,0.5223878296915205,0.022889276632875523,110.25141039135042,106,107,92,"[106, 107, 92]",1%,0%,14%,58%,"[1%, 0%, 14%, 58%]",44.80,-2.56,8.32,"[44.80, -2.56, 8.32]",https://www.google.com/search?tbm=isch&q=ncs%20NCS%206010-G70Y%20color%20swatch,,,,,,,,,,,,,,,,,,,,,,,,,,,,,,,,,,,,,,,,,,,,
DB,ncs,NCS 6010-G90Y,#6b6a5b,0.5206987699273526,0.02287813200157417,104.0082341063644,107,106,91,"[107, 106, 91]",0%,1%,15%,58%,"[0%, 1%, 15%, 58%]",44.57,-1.72,8.62,"[44.57, -1.72, 8.62]",https://www.google.com/search?tbm=isch&q=ncs%20NCS%206010-G90Y%20color%20swatch,,,,,,,,,,,,,,,,,,,,,,,,,,,,,,,,,,,,,,,,,,,,
DB,ncs,NCS 6010-R10B,#6b5356,0.4679228191721287,0.032285645818625267,10.011638831187668,107,83,86,"[107, 83, 86]",0%,22%,20%,58%,"[0%, 22%, 20%, 58%]",37.91,10.68,2.27,"[37.91, 10.68, 2.27]",https://www.google.com/search?tbm=isch&q=ncs%20NCS%206010-R10B%20color%20swatch,,,,,,,,,,,,,,,,,,,,,,,,,,,,,,,,,,,,,,,,,,,,
DB,ncs,NCS 6010-R30B,#6b565c,0.47630106387692506,0.02906929178342739,359.29212329825384,107,86,92,"[107, 86, 92]",0%,20%,14%,58%,"[0%, 20%, 14%, 58%]",38.88,9.74,-0.04,"[38.88, 9.74, -0.04]",https://www.google.com/search?tbm=isch&q=ncs%20NCS%206010-R30B%20color%20swatch,,,,,,,,,,,,,,,,,,,,,,,,,,,,,,,,,,,,,,,,,,,,
DB,ncs,NCS 6010-R50B,#6b5a68,0.48910637004946717,0.03066701007256246,332.0497774961667,107,90,104,"[107, 90, 104]",0%,16%,3%,58%,"[0%, 16%, 3%, 58%]",40.31,9.17,-5.33,"[40.31, 9.17, -5.33]",https://www.google.com/search?tbm=isch&q=ncs%20NCS%206010-R50B%20color%20swatch,,,,,,,,,,,,,,,,,,,,,,,,,,,,,,,,,,,,,,,,,,,,
DB,ncs,NCS 6010-R70B,#5f596b,0.4762366751390747,0.029469474599723405,300.522810472768,95,89,107,"[95, 89, 107]",11%,17%,0%,58%,"[11%, 17%, 0%, 58%]",38.90,5.44,-9.42,"[38.90, 5.44, -9.42]",https://www.google.com/search?tbm=isch&q=ncs%20NCS%206010-R70B%20color%20swatch,,,,,,,,,,,,,,,,,,,,,,,,,,,,,,,,,,,,,,,,,,,,
DB,ncs,NCS 6010-R90B,#565d6b,0.4773756857556397,0.024225242864500736,264.3196872222335,86,93,107,"[86, 93, 107]",20%,13%,0%,58%,"[20%, 13%, 0%, 58%]",39.26,-0.35,-8.99,"[39.26, -0.35, -8.99]",https://www.google.com/search?tbm=isch&q=ncs%20NCS%206010-R90B%20color%20swatch,,,,,,,,,,,,,,,,,,,,,,,,,,,,,,,,,,,,,,,,,,,,
DB,ncs,NCS 6010-Y10R,#6b675a,0.5135126081216311,0.020528170084757994,92.82407659563023,107,103,90,"[107, 103, 90]",0%,4%,16%,58%,"[0%, 4%, 16%, 58%]",43.68,-0.19,7.97,"[43.68, -0.19, 7.97]",https://www.google.com/search?tbm=isch&q=ncs%20NCS%206010-Y10R%20color%20swatch,,,,,,,,,,,,,,,,,,,,,,,,,,,,,,,,,,,,,,,,,,,,
DB,ncs,NCS 6010-Y30R,#6b6459,0.5063752149398889,0.019157748387414443,79.242866442013,107,100,89,"[107, 100, 89]",0%,7%,17%,58%,"[0%, 7%, 17%, 58%]",42.78,1.35,7.32,"[42.78, 1.35, 7.32]",https://www.google.com/search?tbm=isch&q=ncs%20NCS%206010-Y30R%20color%20swatch,,,,,,,,,,,,,,,,,,,,,,,,,,,,,,,,,,,,,,,,,,,,
DB,ncs,NCS 6010-Y50R,#6b5f57,0.4945035762298569,0.019973844396521164,55.88817459454714,107,95,87,"[107, 95, 87]",0%,11%,19%,58%,"[0%, 11%, 19%, 58%]",41.30,3.91,6.46,"[41.30, 3.91, 6.46]",https://www.google.com/search?tbm=isch&q=ncs%20NCS%206010-Y50R%20color%20swatch,,,,,,,,,,,,,,,,,,,,,,,,,,,,,,,,,,,,,,,,,,,,
DB,ncs,NCS 6010-Y70R,#6b5a55,0.4827977593052892,0.023778985956190973,37.01583487998016,107,90,85,"[107, 90, 85]",0%,16%,21%,58%,"[0%, 16%, 21%, 58%]",39.83,6.51,5.62,"[39.83, 6.51, 5.62]",https://www.google.com/search?tbm=isch&q=ncs%20NCS%206010-Y70R%20color%20swatch,,,,,,,,,,,,,,,,,,,,,,,,,,,,,,,,,,,,,,,,,,,,
DB,ncs,NCS 6010-Y90R,#6b5553,0.47128284042420737,0.029542232790881053,24.326437501286478,107,85,83,"[107, 85, 83]",0%,21%,22%,58%,"[0%, 21%, 22%, 58%]",38.39,9.14,4.81,"[38.39, 9.14, 4.81]",https://www.google.com/search?tbm=isch&q=ncs%20NCS%206010-Y90R%20color%20swatch,,,,,,,,,,,,,,,,,,,,,,,,,,,,,,,,,,,,,,,,,,,,
DB,ncs,NCS 6020-B,#495e6b,0.4696911338024613,0.03307954795785236,235.57426856328652,73,94,107,"[73, 94, 107]",32%,12%,0%,58%,"[32%, 12%, 0%, 58%]",38.55,-5.66,-10.18,"[38.55, -5.66, -10.18]",https://www.google.com/search?tbm=isch&q=ncs%20NCS%206020-B%20color%20swatch,,,,,,,,,,,,,,,,,,,,,,,,,,,,,,,,,,,,,,,,,,,,
DB,ncs,NCS 6020-B10G,#4b636b,0.483357309991695,0.03136923615798964,220.2559467840183,75,99,107,"[75, 99, 107]",30%,7%,0%,58%,"[30%, 7%, 0%, 58%]",40.25,-7.72,-7.63,"[40.25, -7.72, -7.63]",https://www.google.com/search?tbm=isch&q=ncs%20NCS%206020-B10G%20color%20swatch,,,,,,,,,,,,,,,,,,,,,,,,,,,,,,,,,,,,,,,,,,,,
DB,ncs,NCS 6020-B30G,#4d686b,0.4970552773460588,0.032092878146544906,204.65789697140508,77,104,107,"[77, 104, 107]",28%,3%,0%,58%,"[28%, 3%, 0%, 58%]",41.95,-9.72,-5.10,"[41.95, -9.72, -5.10]",https://www.google.com/search?tbm=isch&q=ncs%20NCS%206020-B30G%20color%20swatch,,,,,,,,,,,,,,,,,,,,,,,,,,,,,,,,,,,,,,,,,,,,
DB,ncs,NCS 6020-B50G,#4d6b6a,0.5041335000015112,0.0349422221921711,193.48731456542168,77,107,106,"[77, 107, 106]",28%,0%,1%,58%,"[28%, 0%, 1%, 58%]",42.86,-11.51,-3.17,"[42.86, -11.51, -3.17]",https://www.google.com/search?tbm=isch&q=ncs%20NCS%206020-B50G%20color%20swatch,,,,,,,,,,,,,,,,,,,,,,,,,,,,,,,,,,,,,,,,,,,,
DB,ncs,NCS 6020-B70G,#4c6b67,0.5024372113274076,0.036587549493455156,186.1297743008863,76,107,103,"[76, 107, 103]",29%,0%,4%,58%,"[29%, 0%, 4%, 58%]",42.72,-12.42,-1.58,"[42.72, -12.42, -1.58]",https://www.google.com/search?tbm=isch&q=ncs%20NCS%206020-B70G%20color%20swatch,,,,,,,,,,,,,,,,,,,,,,,,,,,,,,,,,,,,,,,,,,,,
DB,ncs,NCS 6020-B90G,#486b5b,0.49601637499096163,0.04787779756390904,164.39166934158368,72,107,91,"[72, 107, 91]",33%,0%,15%,58%,"[33%, 0%, 15%, 58%]",42.18,-15.98,4.80,"[42.18, -15.98, 4.80]",https://www.google.com/search?tbm=isch&q=ncs%20NCS%206020-B90G%20color%20swatch,,,,,,,,,,,,,,,,,,,,,,,,,,,,,,,,,,,,,,,,,,,,
DB,ncs,NCS 6020-G,#456b54,0.4921363719455969,0.05704204023032447,156.97093418958548,69,107,84,"[69, 107, 84]",36%,0%,21%,58%,"[36%, 0%, 21%, 58%]",41.85,-18.20,8.47,"[41.85, -18.20, 8.47]",https://www.google.com/search?tbm=isch&q=ncs%20NCS%206020-G%20color%20swatch,,,,,,,,,,,,,,,,,,,,,,,,,,,,,,,,,,,,,,,,,,,,
DB,ncs,NCS 6020-G10Y,#4f6b51,0.49786811782153756,0.05253167158440773,146.5446825291791,79,107,81,"[79, 107, 81]",26%,0%,24%,58%,"[26%, 0%, 24%, 58%]",42.43,-15.00,11.17,"[42.43, -15.00, 11.17]",https://www.google.com/search?tbm=isch&q=ncs%20NCS%206020-G10Y%20color%20swatch,,,,,,,,,,,,,,,,,,,,,,,,,,,,,,,,,,,,,,,,,,,,
DB,ncs,NCS 6020-G30Y,#5c6b4c,0.5064008166102595,0.05059230875455256,129.04275193113392,92,107,76,"[92, 107, 76]",14%,0%,29%,58%,"[14%, 0%, 29%, 58%]",43.30,-10.47,15.48,"[43.30, -10.47, 15.48]",https://www.google.com/search?tbm=isch&q=ncs%20NCS%206020-G30Y%20color%20swatch,,,,,,,,,,,,,,,,,,,,,,,,,,,,,,,,,,,,,,,,,,,,
DB,ncs,NCS 6020-G50Y,#646b4b,0.5128547338809992,0.0487093504384689,118.16372697571808,100,107,75,"[100, 107, 75]",7%,0%,30%,58%,"[7%, 0%, 30%, 58%]",43.95,-7.20,17.06,"[43.95, -7.20, 17.06]",https://www.google.com/search?tbm=isch&q=ncs%20NCS%206020-G50Y%20color%20swatch,,,,,,,,,,,,,,,,,,,,,,,,,,,,,,,,,,,,,,,,,,,,
DB,ncs,NCS 6020-G70Y,#6a6b4d,0.5186255829254321,0.044689410408158194,109.44196736499629,106,107,77,"[106, 107, 77]",1%,0%,28%,58%,"[1%, 0%, 28%, 58%]",44.51,-4.39,16.76,"[44.51, -4.39, 16.76]",https://www.google.com/search?tbm=isch&q=ncs%20NCS%206020-G70Y%20color%20swatch,,,,,,,,,,,,,,,,,,,,,,,,,,,,,,,,,,,,,,,,,,,,
DB,ncs,NCS 6020-G90Y,#6b684d,0.5125132130012007,0.0405202122600174,102.38364528308085,107,104,77,"[107, 104, 77]",0%,3%,28%,58%,"[0%, 3%, 28%, 58%]",43.72,-2.32,15.73,"[43.72, -2.32, 15.73]",https://www.google.com/search?tbm=isch&q=ncs%20NCS%206020-G90Y%20color%20swatch,,,,,,,,,,,,,,,,,,,,,,,,,,,,,,,,,,,,,,,,,,,,
DB,ncs,NCS 6020-R,#6b3f42,0.42111755807263584,0.061731114559127415,15.646583181637482,107,63,66,"[107, 63, 66]",0%,41%,38%,58%,"[0%, 41%, 38%, 58%]",32.18,20.02,6.79,"[32.18, 20.02, 6.79]",https://www.google.com/search?tbm=isch&q=ncs%20NCS%206020-R%20color%20swatch,,,,,,,,,,,,,,,,,,,,,,,,,,,,,,,,,,,,,,,,,,,,
DB,ncs,NCS 6020-R10B,#6b4045,0.42392793085146224,0.06033471596621039,12.427133530062747,107,64,69,"[107, 64, 69]",0%,40%,36%,58%,"[0%, 40%, 36%, 58%]",32.50,19.74,5.32,"[32.50, 19.74, 5.32]",https://www.google.com/search?tbm=isch&q=ncs%20NCS%206020-R10B%20color%20swatch,,,,,,,,,,,,,,,,,,,,,,,,,,,,,,,,,,,,,,,,,,,,
DB,ncs,NCS 6020-R20B,#6b424a,0.42934931445849644,0.05785538729792854,7.098586300185161,107,66,74,"[107, 66, 74]",0%,38%,31%,58%,"[0%, 38%, 31%, 58%]",33.12,19.13,3.00,"[33.12, 19.13, 3.00]",https://www.google.com/search?tbm=isch&q=ncs%20NCS%206020-R20B%20color%20swatch,,,,,,,,,,,,,,,,,,,,,,,,,,,,,,,,,,,,,,,,,,,,
DB,ncs,NCS 6020-R30B,#6b4451,0.43557205876304245,0.05672098589728469,358.16788703139446,107,68,81,"[107, 68, 81]",0%,36%,24%,58%,"[0%, 36%, 24%, 58%]",33.80,18.79,-0.48,"[33.80, 18.79, -0.48]",https://www.google.com/search?tbm=isch&q=ncs%20NCS%206020-R30B%20color%20swatch,,,,,,,,,,,,,,,,,,,,,,,,,,,,,,,,,,,,,,,,,,,,
DB,ncs,NCS 6020-R40B,#6b4759,0.4443223655609552,0.05564826627534961,348.21513598448894,107,71,89,"[107, 71, 89]",0%,34%,17%,58%,"[0%, 34%, 17%, 58%]",34.79,18.06,-4.11,"[34.79, 18.06, -4.11]",https://www.google.com/search?tbm=isch&q=ncs%20NCS%206020-R40B%20color%20swatch,,,,,,,,,,,,,,,,,,,,,,,,,,,,,,,,,,,,,,,,,,,,
DB,ncs,NCS 6020-R50B,#6b4c65,0.458904429943963,0.05601403289859148,333.4731078750349,107,76,101,"[107, 76, 101]",0%,29%,6%,58%,"[0%, 29%, 6%, 58%]",36.45,16.86,-9.20,"[36.45, 16.86, -9.20]",https://www.google.com/search?tbm=isch&q=ncs%20NCS%206020-R50B%20color%20swatch,,,,,,,,,,,,,,,,,,,,,,,,,,,,,,,,,,,,,,,,,,,,
DB,ncs,NCS 6020-R60B,#614a6b,0.4461635700796254,0.05982672716706197,315.4262591516273,97,74,107,"[97, 74, 107]",9%,31%,0%,58%,"[9%, 31%, 0%, 58%]",34.92,15.05,-15.38,"[34.92, 15.05, -15.38]",https://www.google.com/search?tbm=isch&q=ncs%20NCS%206020-R60B%20color%20swatch,,,,,,,,,,,,,,,,,,,,,,,,,,,,,,,,,,,,,,,,,,,,
DB,ncs,NCS 6020-R70B,#564a6b,0.43462075803436057,0.05528014230896838,300.8234463759211,86,74,107,"[86, 74, 107]",20%,31%,0%,58%,"[20%, 31%, 0%, 58%]",33.71,10.82,-17.35,"[33.71, 10.82, -17.35]",https://www.google.com/search?tbm=isch&q=ncs%20NCS%206020-R70B%20color%20swatch,,,,,,,,,,,,,,,,,,,,,,,,,,,,,,,,,,,,,,,,,,,,
DB,ncs,NCS 6020-R80B,#41496b,0.4133486716329309,0.05796334468805025,273.4751264577918,65,73,107,"[65, 73, 107]",39%,32%,0%,58%,"[39%, 32%, 0%, 58%]",31.45,3.81,-21.03,"[31.45, 3.81, -21.03]",https://www.google.com/search?tbm=isch&q=ncs%20NCS%206020-R80B%20color%20swatch,,,,,,,,,,,,,,,,,,,,,,,,,,,,,,,,,,,,,,,,,,,,
DB,ncs,NCS 6020-R90B,#44516b,0.43457498939106054,0.04628598239769922,263.9119569141435,68,81,107,"[68, 81, 107]",36%,24%,0%,58%,"[36%, 24%, 0%, 58%]",34.14,0.05,-16.87,"[34.14, 0.05, -16.87]",https://www.google.com/search?tbm=isch&q=ncs%20NCS%206020-R90B%20color%20swatch,,,,,,,,,,,,,,,,,,,,,,,,,,,,,,,,,,,,,,,,,,,,
DB,ncs,NCS 6020-Y,#6b674c,0.5099522301080776,0.04065142721685555,100.60189638398089,107,103,76,"[107, 103, 76]",0%,4%,29%,58%,"[0%, 4%, 29%, 58%]",43.41,-1.88,15.90,"[43.41, -1.88, 15.90]",https://www.google.com/search?tbm=isch&q=ncs%20NCS%206020-Y%20color%20swatch,,,,,,,,,,,,,,,,,,,,,,,,,,,,,,,,,,,,,,,,,,,,
DB,ncs,NCS 6020-Y10R,#6b644b,0.5027623205247913,0.03853585517928215,94.28615018671405,107,100,75,"[107, 100, 75]",0%,7%,30%,58%,"[0%, 7%, 30%, 58%]",42.51,-0.33,15.30,"[42.51, -0.33, 15.30]",https://www.google.com/search?tbm=isch&q=ncs%20NCS%206020-Y10R%20color%20swatch,,,,,,,,,,,,,,,,,,,,,,,,,,,,,,,,,,,,,,,,,,,,
DB,ncs,NCS 6020-Y20R,#6b614a,0.49562452554061937,0.03695684604922239,87.23669912233231,107,97,74,"[107, 97, 74]",0%,9%,31%,58%,"[0%, 9%, 31%, 58%]",41.62,1.24,14.70,"[41.62, 1.24, 14.70]",https://www.google.com/search?tbm=isch&q=ncs%20NCS%206020-Y20R%20color%20swatch,,,,,,,,,,,,,,,,,,,,,,,,,,,,,,,,,,,,,,,,,,,,
DB,ncs,NCS 6020-Y30R,#6b5d49,0.4862774358384198,0.03543549441746281,76.54338431842876,107,93,73,"[107, 93, 73]",0%,13%,32%,58%,"[0%, 13%, 32%, 58%]",40.45,3.38,13.73,"[40.45, 3.38, 13.73]",https://www.google.com/search?tbm=isch&q=ncs%20NCS%206020-Y30R%20color%20swatch,,,,,,,,,,,,,,,,,,,,,,,,,,,,,,,,,,,,,,,,,,,,
DB,ncs,NCS 6020-Y40R,#6b5a47,0.4790378478568899,0.036607434408649026,69.8910084320409,107,90,71,"[107, 90, 71]",0%,16%,34%,58%,"[0%, 16%, 34%, 58%]",39.55,4.88,13.74,"[39.55, 4.88, 13.74]",https://www.google.com/search?tbm=isch&q=ncs%20NCS%206020-Y40R%20color%20swatch,,,,,,,,,,,,,,,,,,,,,,,,,,,,,,,,,,,,,,,,,,,,
DB,ncs,NCS 6020-Y50R,#6b5646,0.4698971092987209,0.03732810930242304,58.99664784764008,107,86,70,"[107, 86, 70]",0%,20%,35%,58%,"[0%, 20%, 35%, 58%]",38.40,7.07,12.80,"[38.40, 7.07, 12.80]",https://www.google.com/search?tbm=isch&q=ncs%20NCS%206020-Y50R%20color%20swatch,,,,,,,,,,,,,,,,,,,,,,,,,,,,,,,,,,,,,,,,,,,,
DB,ncs,NCS 6020-Y60R,#6b5245,0.460897929956998,0.039408205965672405,48.800559412413406,107,82,69,"[107, 82, 69]",0%,23%,36%,58%,"[0%, 23%, 36%, 58%]",37.26,9.28,11.88,"[37.26, 9.28, 11.88]",https://www.google.com/search?tbm=isch&q=ncs%20NCS%206020-Y60R%20color%20swatch,,,,,,,,,,,,,,,,,,,,,,,,,,,,,,,,,,,,,,,,,,,,
DB,ncs,NCS 6020-Y70R,#6b4d43,0.4496777103426408,0.044062684951702714,39.224826713416576,107,77,67,"[107, 77, 67]",0%,28%,37%,58%,"[0%, 28%, 37%, 58%]",35.85,11.98,11.20,"[35.85, 11.98, 11.20]",https://www.google.com/search?tbm=isch&q=ncs%20NCS%206020-Y70R%20color%20swatch,,,,,,,,,,,,,,,,,,,,,,,,,,,,,,,,,,,,,,,,,,,,
DB,ncs,NCS 6020-Y80R,#6b4841,0.43872875714239506,0.049840370129314276,31.70147676365741,107,72,65,"[107, 72, 65]",0%,33%,39%,58%,"[0%, 33%, 39%, 58%]",34.47,14.69,10.58,"[34.47, 14.69, 10.58]",https://www.google.com/search?tbm=isch&q=ncs%20NCS%206020-Y80R%20color%20swatch,,,,,,,,,,,,,,,,,,,,,,,,,,,,,,,,,,,,,,,,,,,,
DB,ncs,NCS 6020-Y90R,#6b4441,0.43062110005705545,0.05467190662289597,24.413570801953256,107,68,65,"[107, 68, 65]",0%,36%,39%,58%,"[0%, 36%, 39%, 58%]",33.43,17.02,9.15,"[33.43, 17.02, 9.15]",https://www.google.com/search?tbm=isch&q=ncs%20NCS%206020-Y90R%20color%20swatch,,,,,,,,,,,,,,,,,,,,,,,,,,,,,,,,,,,,,,,,,,,,
DB,ncs,NCS 6030-B,#3c596b,0.4485877541627531,0.04538466243580339,236.38219747499807,60,89,107,"[60, 89, 107]",44%,17%,0%,58%,"[44%, 17%, 0%, 58%]",36.10,-7.20,-13.96,"[36.10, -7.20, -13.96]",https://www.google.com/search?tbm=isch&q=ncs%20NCS%206030-B%20color%20swatch,,,,,,,,,,,,,,,,,,,,,,,,,,,,,,,,,,,,,,,,,,,,
DB,ncs,NCS 6030-B10G,#3e606b,0.4674411665051649,0.04308459210001693,220.24205332289648,62,96,107,"[62, 96, 107]",42%,10%,0%,58%,"[42%, 10%, 0%, 58%]",38.46,-10.41,-10.39,"[38.46, -10.41, -10.39]",https://www.google.com/search?tbm=isch&q=ncs%20NCS%206030-B10G%20color%20swatch,,,,,,,,,,,,,,,,,,,,,,,,,,,,,,,,,,,,,,,,,,,,
DB,ncs,NCS 6030-B30G,#40676b,0.48639021123537185,0.044478885825561185,204.035467043037,64,103,107,"[64, 103, 107]",40%,4%,0%,58%,"[40%, 4%, 0%, 58%]",40.82,-13.50,-6.87,"[40.82, -13.50, -6.87]",https://www.google.com/search?tbm=isch&q=ncs%20NCS%206030-B30G%20color%20swatch,,,,,,,,,,,,,,,,,,,,,,,,,,,,,,,,,,,,,,,,,,,,
DB,ncs,NCS 6030-B50G,#416b6a,0.49680273593843044,0.046965196446265796,193.79078019655367,65,107,106,"[65, 107, 106]",39%,0%,1%,58%,"[39%, 0%, 1%, 58%]",42.14,-15.45,-4.32,"[42.14, -15.45, -4.32]",https://www.google.com/search?tbm=isch&q=ncs%20NCS%206030-B50G%20color%20swatch,,,,,,,,,,,,,,,,,,,,,,,,,,,,,,,,,,,,,,,,,,,,
DB,ncs,NCS 6030-B70G,#3f6b65,0.493932822739732,0.049942147933923195,184.69847150070404,63,107,101,"[63, 107, 101]",41%,0%,6%,58%,"[41%, 0%, 6%, 58%]",41.90,-17.09,-1.68,"[41.90, -17.09, -1.68]",https://www.google.com/search?tbm=isch&q=ncs%20NCS%206030-B70G%20color%20swatch,,,,,,,,,,,,,,,,,,,,,,,,,,,,,,,,,,,,,,,,,,,,
DB,ncs,NCS 6030-B90G,#3a6b55,0.48623131376664197,0.06474645169733526,163.33256439787795,58,107,85,"[58, 107, 85]",46%,0%,21%,58%,"[46%, 0%, 21%, 58%]",41.27,-21.67,6.96,"[41.27, -21.67, 6.96]",https://www.google.com/search?tbm=isch&q=ncs%20NCS%206030-B90G%20color%20swatch,,,,,,,,,,,,,,,,,,,,,,,,,,,,,,,,,,,,,,,,,,,,
DB,ncs,NCS 6030-G,#376b4c,0.4822838562384902,0.07566524068906519,155.9597677699876,55,107,76,"[55, 107, 76]",49%,0%,29%,58%,"[49%, 0%, 29%, 58%]",40.94,-24.12,11.83,"[40.94, -24.12, 11.83]",https://www.google.com/search?tbm=isch&q=ncs%20NCS%206030-G%20color%20swatch,,,,,,,,,,,,,,,,,,,,,,,,,,,,,,,,,,,,,,,,,,,,
DB,ncs,NCS 6030-G10Y,#456b46,0.48862478037249596,0.07259215593284143,144.9579750445758,69,107,70,"[69, 107, 70]",36%,0%,35%,58%,"[36%, 0%, 35%, 58%]",41.59,-20.30,16.36,"[41.59, -20.30, 16.36]",https://www.google.com/search?tbm=isch&q=ncs%20NCS%206030-G10Y%20color%20swatch,,,,,,,,,,,,,,,,,,,,,,,,,,,,,,,,,,,,,,,,,,,,
DB,ncs,NCS 6030-G30Y,#566b3f,0.4989349535380369,0.07053927138708424,129.42842950668432,86,107,63,"[86, 107, 63]",20%,0%,41%,58%,"[20%, 0%, 41%, 58%]",42.63,-14.47,21.98,"[42.63, -14.47, 21.98]",https://www.google.com/search?tbm=isch&q=ncs%20NCS%206030-G30Y%20color%20swatch,,,,,,,,,,,,,,,,,,,,,,,,,,,,,,,,,,,,,,,,,,,,
DB,ncs,NCS 6030-G50Y,#616b3e,0.5076423130141423,0.06692578253783507,119.06962838865644,97,107,62,"[97, 107, 62]",9%,0%,42%,58%,"[9%, 0%, 42%, 58%]",43.50,-9.87,23.85,"[43.50, -9.87, 23.85]",https://www.google.com/search?tbm=isch&q=ncs%20NCS%206030-G50Y%20color%20swatch,,,,,,,,,,,,,,,,,,,,,,,,,,,,,,,,,,,,,,,,,,,,
DB,ncs,NCS 6030-G70Y,#696b40,0.5150548614205256,0.06232213435319613,110.6741687251644,105,107,64,"[105, 107, 64]",2%,0%,40%,58%,"[2%, 0%, 40%, 58%]",44.22,-6.16,23.82,"[44.22, -6.16, 23.82]",https://www.google.com/search?tbm=isch&q=ncs%20NCS%206030-G70Y%20color%20swatch,,,,,,,,,,,,,,,,,,,,,,,,,,,,,,,,,,,,,,,,,,,,
DB,ncs,NCS 6030-G90Y,#6b6740,0.5074326016464047,0.05688425097798401,103.16044501345948,107,103,64,"[107, 103, 64]",0%,4%,40%,58%,"[0%, 4%, 40%, 58%]",43.22,-3.09,22.61,"[43.22, -3.09, 22.61]",https://www.google.com/search?tbm=isch&q=ncs%20NCS%206030-G90Y%20color%20swatch,,,,,,,,,,,,,,,,,,,,,,,,,,,,,,,,,,,,,,,,,,,,
DB,ncs,NCS 6030-R,#6b3034,0.39033225578774855,0.08432917042496967,17.618362374328058,107,48,52,"[107, 48, 52]",0%,55%,51%,58%,"[0%, 55%, 51%, 58%]",28.38,27.17,10.67,"[28.38, 27.17, 10.67]",https://www.google.com/search?tbm=isch&q=ncs%20NCS%206030-R%20color%20swatch,,,,,,,,,,,,,,,,,,,,,,,,,,,,,,,,,,,,,,,,,,,,
DB,ncs,NCS 6030-R10B,#6b3239,0.3950359841034328,0.0814265986964322,13.862099178677909,107,50,57,"[107, 50, 57]",0%,53%,47%,58%,"[0%, 53%, 47%, 58%]",28.92,26.49,8.13,"[28.92, 26.49, 8.13]",https://www.google.com/search?tbm=isch&q=ncs%20NCS%206030-R10B%20color%20swatch,,,,,,,,,,,,,,,,,,,,,,,,,,,,,,,,,,,,,,,,,,,,
DB,ncs,NCS 6030-R20B,#6b343f,0.4002104959820176,0.07899513142849146,8.640022675171622,107,52,63,"[107, 52, 63]",0%,51%,41%,58%,"[0%, 51%, 41%, 58%]",29.50,25.93,5.00,"[29.50, 25.93, 5.00]",https://www.google.com/search?tbm=isch&q=ncs%20NCS%206030-R20B%20color%20swatch,,,,,,,,,,,,,,,,,,,,,,,,,,,,,,,,,,,,,,,,,,,,
DB,ncs,NCS 6030-R30B,#6b3647,0.4062625151954366,0.07786283904977964,0.7168552385617204,107,54,71,"[107, 54, 71]",0%,50%,34%,58%,"[0%, 50%, 34%, 58%]",30.15,25.62,0.70,"[30.15, 25.62, 0.70]",https://www.google.com/search?tbm=isch&q=ncs%20NCS%206030-R30B%20color%20swatch,,,,,,,,,,,,,,,,,,,,,,,,,,,,,,,,,,,,,,,,,,,,
DB,ncs,NCS 6030-R40B,#6b3a52,0.41728495300511326,0.07611239521227892,350.17252185367863,107,58,82,"[107, 58, 82]",0%,46%,23%,58%,"[0%, 46%, 23%, 58%]",31.39,24.63,-4.65,"[31.39, 24.63, -4.65]",https://www.google.com/search?tbm=isch&q=ncs%20NCS%206030-R40B%20color%20swatch,,,,,,,,,,,,,,,,,,,,,,,,,,,,,,,,,,,,,,,,,,,,
DB,ncs,NCS 6030-R50B,#6b3e63,0.4315205766381459,0.08218194222751886,333.68521642330984,107,62,99,"[107, 62, 99]",0%,42%,7%,58%,"[0%, 42%, 7%, 58%]",32.88,24.64,-13.30,"[32.88, 24.64, -13.30]",https://www.google.com/search?tbm=isch&q=ncs%20NCS%206030-R50B%20color%20swatch,,,,,,,,,,,,,,,,,,,,,,,,,,,,,,,,,,,,,,,,,,,,
DB,ncs,NCS 6030-R60B,#5c3d6b,0.4148763649355195,0.08289915840229671,314.11636535294895,92,61,107,"[92, 61, 107]",14%,43%,0%,58%,"[14%, 43%, 0%, 58%]",30.92,20.87,-21.58,"[30.92, 20.87, -21.58]",https://www.google.com/search?tbm=isch&q=ncs%20NCS%206030-R60B%20color%20swatch,,,,,,,,,,,,,,,,,,,,,,,,,,,,,,,,,,,,,,,,,,,,
DB,ncs,NCS 6030-R70B,#4d3d6b,0.39811006958368966,0.07755141513212403,298.8769647915333,77,61,107,"[77, 61, 107]",28%,43%,0%,58%,"[28%, 43%, 0%, 58%]",29.13,15.41,-24.53,"[29.13, 15.41, -24.53]",https://www.google.com/search?tbm=isch&q=ncs%20NCS%206030-R70B%20color%20swatch,,,,,,,,,,,,,,,,,,,,,,,,,,,,,,,,,,,,,,,,,,,,
DB,ncs,NCS 6030-R80B,#333d6b,0.3746081176805607,0.07979784145513792,272.74581308472784,51,61,107,"[51, 61, 107]",52%,43%,0%,58%,"[52%, 43%, 0%, 58%]",26.66,6.76,-28.61,"[26.66, 6.76, -28.61]",https://www.google.com/search?tbm=isch&q=ncs%20NCS%206030-R80B%20color%20swatch,,,,,,,,,,,,,,,,,,,,,,,,,,,,,,,,,,,,,,,,,,,,
DB,ncs,NCS 6030-R90B,#36486b,0.40274150452145174,0.06366425203732194,263.0037982207398,54,72,107,"[54, 72, 107]",50%,33%,0%,58%,"[50%, 33%, 0%, 58%]",30.30,0.84,-22.89,"[30.30, 0.84, -22.89]",https://www.google.com/search?tbm=isch&q=ncs%20NCS%206030-R90B%20color%20swatch,,,,,,,,,,,,,,,,,,,,,,,,,,,,,,,,,,,,,,,,,,,,
DB,ncs,NCS 6030-Y,#6b653f,0.502548707305381,0.055777195113669756,100.37652432355907,107,101,63,"[107, 101, 63]",0%,6%,41%,58%,"[0%, 6%, 41%, 58%]",42.62,-2.09,22.42,"[42.62, -2.09, 22.42]",https://www.google.com/search?tbm=isch&q=ncs%20NCS%206030-Y%20color%20swatch,,,,,,,,,,,,,,,,,,,,,,,,,,,,,,,,,,,,,,,,,,,,
DB,ncs,NCS 6030-Y10R,#6b613e,0.4930398208790534,0.05273522131853624,94.02760089926983,107,97,62,"[107, 97, 62]",0%,9%,42%,58%,"[0%, 9%, 42%, 58%]",41.43,0.04,21.49,"[41.43, 0.04, 21.49]",https://www.google.com/search?tbm=isch&q=ncs%20NCS%206030-Y10R%20color%20swatch,,,,,,,,,,,,,,,,,,,,,,,,,,,,,,,,,,,,,,,,,,,,
DB,ncs,NCS 6030-Y20R,#6b5c3d,0.48134962190742436,0.04969764845980866,84.81091619366441,107,92,61,"[107, 92, 61]",0%,14%,43%,58%,"[0%, 14%, 43%, 58%]",39.96,2.76,20.22,"[39.96, 2.76, 20.22]",https://www.google.com/search?tbm=isch&q=ncs%20NCS%206030-Y20R%20color%20swatch,,,,,,,,,,,,,,,,,,,,,,,,,,,,,,,,,,,,,,,,,,,,
DB,ncs,NCS 6030-Y30R,#6b583b,0.47188766346854427,0.04971954609815842,77.6520879609709,107,88,59,"[107, 88, 59]",0%,18%,45%,58%,"[0%, 18%, 45%, 58%]",38.78,4.86,19.89,"[38.78, 4.86, 19.89]",https://www.google.com/search?tbm=isch&q=ncs%20NCS%206030-Y30R%20color%20swatch,,,,,,,,,,,,,,,,,,,,,,,,,,,,,,,,,,,,,,,,,,,,
DB,ncs,NCS 6030-Y40R,#6b533a,0.46054868913338776,0.049403825130888326,67.23430635607838,107,83,58,"[107, 83, 58]",0%,22%,46%,58%,"[0%, 22%, 46%, 58%]",37.35,7.65,18.67,"[37.35, 7.65, 18.67]",https://www.google.com/search?tbm=isch&q=ncs%20NCS%206030-Y40R%20color%20swatch,,,,,,,,,,,,,,,,,,,,,,,,,,,,,,,,,,,,,,,,,,,,
DB,ncs,NCS 6030-Y50R,#6b4e38,0.44923826386990817,0.05170204335326067,58.15029591664211,107,78,56,"[107, 78, 56]",0%,27%,48%,58%,"[0%, 27%, 48%, 58%]",35.93,10.37,18.05,"[35.93, 10.37, 18.05]",https://www.google.com/search?tbm=isch&q=ncs%20NCS%206030-Y50R%20color%20swatch,,,,,,,,,,,,,,,,,,,,,,,,,,,,,,,,,,,,,,,,,,,,
DB,ncs,NCS 6030-Y60R,#6b4836,0.4361051608776905,0.055910276802028515,48.02062285516786,107,72,54,"[107, 72, 54]",0%,33%,50%,58%,"[0%, 33%, 50%, 58%]",34.27,13.71,17.15,"[34.27, 13.71, 17.15]",https://www.google.com/search?tbm=isch&q=ncs%20NCS%206030-Y60R%20color%20swatch,,,,,,,,,,,,,,,,,,,,,,,,,,,,,,,,,,,,,,,,,,,,
DB,ncs,NCS 6030-Y70R,#6b4335,0.42564933869973587,0.06034172964359785,40.046362555432836,107,67,53,"[107, 67, 53]",0%,37%,50%,58%,"[0%, 37%, 50%, 58%]",32.94,16.54,16.05,"[32.94, 16.54, 16.05]",https://www.google.com/search?tbm=isch&q=ncs%20NCS%206030-Y70R%20color%20swatch,,,,,,,,,,,,,,,,,,,,,,,,,,,,,,,,,,,,,,,,,,,,
DB,ncs,NCS 6030-Y80R,#6b3d33,0.41340234204278353,0.06733648514251311,33.12344806396544,107,61,51,"[107, 61, 51]",0%,43%,52%,58%,"[0%, 43%, 52%, 58%]",31.39,19.85,15.29,"[31.39, 19.85, 15.29]",https://www.google.com/search?tbm=isch&q=ncs%20NCS%206030-Y80R%20color%20swatch,,,,,,,,,,,,,,,,,,,,,,,,,,,,,,,,,,,,,,,,,,,,
DB,ncs,NCS 6030-Y90R,#6b3733,0.40221639481536736,0.07468746472531451,25.521301924561897,107,55,51,"[107, 55, 51]",0%,49%,52%,58%,"[0%, 49%, 52%, 58%]",29.94,23.26,13.40,"[29.94, 23.26, 13.40]",https://www.google.com/search?tbm=isch&q=ncs%20NCS%206030-Y90R%20color%20swatch,,,,,,,,,,,,,,,,,,,,,,,,,,,,,,,,,,,,,,,,,,,,
DB,ncs,NCS 6035-B60G,#3a6b67,0.49200514580875454,0.05378339320120321,188.75491920347054,58,107,103,"[58, 107, 103]",46%,0%,4%,58%,"[46%, 0%, 4%, 58%]",41.69,-18.18,-3.22,"[41.69, -18.18, -3.22]",https://www.google.com/search?tbm=isch&q=ncs%20NCS%206035-B60G%20color%20swatch,,,,,,,,,,,,,,,,,,,,,,,,,,,,,,,,,,,,,,,,,,,,
DB,ncs,NCS 6500-N,#595959,0.46400262325631764,0.000018020404420447997,72.58924660506284,89,89,89,"[89, 89, 89]",0%,0%,0%,65%,"[0%, 0%, 0%, 65%]",37.82,0.00,0.01,"[37.82, 0.00, 0.01]",https://www.google.com/search?tbm=isch&q=ncs%20NCS%206500-N%20color%20swatch,,,,,,,,,,,,,,,,,,,,,,,,,,,,,,,,,,,,,,,,,,,,
DB,ncs,NCS 6502-B,#5a5d5e,0.47600494648978336,0.004121773586011715,219.427187659556,90,93,94,"[90, 93, 94]",4%,1%,0%,63%,"[4%, 1%, 0%, 63%]",39.24,-1.06,-1.00,"[39.24, -1.06, -1.00]",https://www.google.com/search?tbm=isch&q=ncs%20NCS%206502-B%20color%20swatch,,,,,,,,,,,,,,,,,,,,,,,,,,,,,,,,,,,,,,,,,,,,
DB,ncs,NCS 6502-G,#5a5e5b,0.47736477962344553,0.00690730308298565,153.48343921044977,90,94,91,"[90, 94, 91]",4%,0%,3%,63%,"[4%, 0%, 3%, 63%]",39.47,-2.11,1.16,"[39.47, -2.11, 1.16]",https://www.google.com/search?tbm=isch&q=ncs%20NCS%206502-G%20color%20swatch,,,,,,,,,,,,,,,,,,,,,,,,,,,,,,,,,,,,,,,,,,,,
DB,ncs,NCS 6502-R,#5e5959,0.4686938446476723,0.006484339112344852,17.51828782435132,94,89,89,"[94, 89, 89]",0%,5%,5%,63%,"[0%, 5%, 5%, 63%]",38.30,2.09,0.77,"[38.30, 2.09, 0.77]",https://www.google.com/search?tbm=isch&q=ncs%20NCS%206502-R%20color%20swatch,,,,,,,,,,,,,,,,,,,,,,,,,,,,,,,,,,,,,,,,,,,,
DB,ncs,NCS 6502-Y,#5e5d5b,0.47861585021677927,0.003433722031391118,84.50127798325713,94,93,91,"[94, 93, 91]",0%,1%,3%,63%,"[0%, 1%, 3%, 63%]",39.53,0.11,1.31,"[39.53, 0.11, 1.31]",https://www.google.com/search?tbm=isch&q=ncs%20NCS%206502-Y%20color%20swatch,,,,,,,,,,,,,,,,,,,,,,,,,,,,,,,,,,,,,,,,,,,,
DB,ncs,NCS 6530-B30G,#385a5e,0.4432303404746283,0.03993278490158703,205.22429673234387,56,90,94,"[56, 90, 94]",40%,4%,0%,63%,"[40%, 4%, 0%, 63%]",35.77,-11.97,-6.44,"[35.77, -11.97, -6.44]",https://www.google.com/search?tbm=isch&q=ncs%20NCS%206530-B30G%20color%20swatch,,,,,,,,,,,,,,,,,,,,,,,,,,,,,,,,,,,,,,,,,,,,
DB,ncs,NCS 6530-B50G,#395e5d,0.4538733734497342,0.042422253144234506,193.54960083227581,57,94,93,"[57, 94, 93]",39%,0%,1%,63%,"[39%, 0%, 1%, 63%]",37.11,-13.98,-3.84,"[37.11, -13.98, -3.84]",https://www.google.com/search?tbm=isch&q=ncs%20NCS%206530-B50G%20color%20swatch,,,,,,,,,,,,,,,,,,,,,,,,,,,,,,,,,,,,,,,,,,,,
DB,ncs,NCS 6530-G10Y,#3c5e3e,0.44635135080530075,0.0651223196676289,145.75878901079386,60,94,62,"[60, 94, 62]",36%,0%,34%,63%,"[36%, 0%, 34%, 63%]",36.60,-18.42,14.34,"[36.60, -18.42, 14.34]",https://www.google.com/search?tbm=isch&q=ncs%20NCS%206530-G10Y%20color%20swatch,,,,,,,,,,,,,,,,,,,,,,,,,,,,,,,,,,,,,,,,,,,,
DB,ncs,NCS 6530-G50Y,#555e36,0.46349575547111094,0.06092131507086776,119.1833975541224,85,94,54,"[85, 94, 54]",10%,0%,43%,63%,"[10%, 0%, 43%, 63%]",38.32,-9.03,21.67,"[38.32, -9.03, 21.67]",https://www.google.com/search?tbm=isch&q=ncs%20NCS%206530-G50Y%20color%20swatch,,,,,,,,,,,,,,,,,,,,,,,,,,,,,,,,,,,,,,,,,,,,
DB,ncs,NCS 7000-N,#4c4c4c,0.41654012338628915,0.000016177110008689852,72.5892466051115,76,76,76,"[76, 76, 76]",0%,0%,0%,70%,"[0%, 0%, 0%, 70%]",32.32,0.00,0.01,"[32.32, 0.00, 0.01]",https://www.google.com/search?tbm=isch&q=ncs%20NCS%207000-N%20color%20swatch,,,,,,,,,,,,,,,,,,,,,,,,,,,,,,,,,,,,,,,,,,,,
DB,ncs,NCS 7005-B20G,#4a4f50,0.4234013765557558,0.006688818835846864,210.94185205745168,74,79,80,"[74, 79, 80]",7%,1%,0%,69%,"[7%, 1%, 0%, 69%]",33.17,-1.92,-1.32,"[33.17, -1.92, -1.32]",https://www.google.com/search?tbm=isch&q=ncs%20NCS%207005-B20G%20color%20swatch,,,,,,,,,,,,,,,,,,,,,,,,,,,,,,,,,,,,,,,,,,,,
DB,ncs,NCS 7005-B80G,#4a504f,0.4255002142611374,0.007900385922196676,184.84957139944527,74,80,79,"[74, 80, 79]",7%,0%,1%,69%,"[7%, 0%, 1%, 69%]",33.45,-2.67,-0.28,"[33.45, -2.67, -0.28]",https://www.google.com/search?tbm=isch&q=ncs%20NCS%207005-B80G%20color%20swatch,,,,,,,,,,,,,,,,,,,,,,,,,,,,,,,,,,,,,,,,,,,,
DB,ncs,NCS 7005-G20Y,#4c504a,0.4256139542092087,0.011014533610051634,134.88539133497022,76,80,74,"[76, 80, 74]",5%,0%,7%,69%,"[5%, 0%, 7%, 69%]",33.51,-2.64,2.97,"[33.51, -2.64, 2.97]",https://www.google.com/search?tbm=isch&q=ncs%20NCS%207005-G20Y%20color%20swatch,,,,,,,,,,,,,,,,,,,,,,,,,,,,,,,,,,,,,,,,,,,,
DB,ncs,NCS 7005-G50Y,#4f504a,0.4283689729159394,0.009777526368555447,114.42648277135334,79,80,74,"[79, 80, 74]",1%,0%,7%,69%,"[1%, 0%, 7%, 69%]",33.79,-1.36,3.41,"[33.79, -1.36, 3.41]",https://www.google.com/search?tbm=isch&q=ncs%20NCS%207005-G50Y%20color%20swatch,,,,,,,,,,,,,,,,,,,,,,,,,,,,,,,,,,,,,,,,,,,,
DB,ncs,NCS 7005-G80Y,#50504a,0.4293065572468092,0.009686425889849281,106.74555279860232,80,80,74,"[80, 80, 74]",0%,0%,7%,69%,"[0%, 0%, 7%, 69%]",33.88,-0.93,3.56,"[33.88, -0.93, 3.56]",https://www.google.com/search?tbm=isch&q=ncs%20NCS%207005-G80Y%20color%20swatch,,,,,,,,,,,,,,,,,,,,,,,,,,,,,,,,,,,,,,,,,,,,
DB,ncs,NCS 7005-R20B,#504749,0.40760733953385686,0.012562988393868062,2.605293205563271,80,71,73,"[80, 71, 73]",0%,11%,9%,69%,"[0%, 11%, 9%, 69%]",31.13,4.23,0.26,"[31.13, 4.23, 0.26]",https://www.google.com/search?tbm=isch&q=ncs%20NCS%207005-R20B%20color%20swatch,,,,,,,,,,,,,,,,,,,,,,,,,,,,,,,,,,,,,,,,,,,,
DB,ncs,NCS 7005-R50B,#504a4f,0.416734118987155,0.011325313767091522,331.2702020045301,80,74,79,"[80, 74, 79]",0%,7%,1%,69%,"[0%, 7%, 1%, 69%]",32.19,3.37,-2.03,"[32.19, 3.37, -2.03]",https://www.google.com/search?tbm=isch&q=ncs%20NCS%207005-R50B%20color%20swatch,,,,,,,,,,,,,,,,,,,,,,,,,,,,,,,,,,,,,,,,,,,,
DB,ncs,NCS 7005-R80B,#474950,0.4061053012641659,0.011946115893409447,273.1475327997605,71,73,80,"[71, 73, 80]",11%,9%,0%,69%,"[11%, 9%, 0%, 69%]",31.03,0.37,-4.48,"[31.03, 0.37, -4.48]",https://www.google.com/search?tbm=isch&q=ncs%20NCS%207005-R80B%20color%20swatch,,,,,,,,,,,,,,,,,,,,,,,,,,,,,,,,,,,,,,,,,,,,
DB,ncs,NCS 7005-Y20R,#504e4a,0.4244939077870152,0.007032477518848606,84.55421816127,80,78,74,"[80, 78, 74]",0%,2%,7%,69%,"[0%, 2%, 7%, 69%]",33.27,0.23,2.69,"[33.27, 0.23, 2.69]",https://www.google.com/search?tbm=isch&q=ncs%20NCS%207005-Y20R%20color%20swatch,,,,,,,,,,,,,,,,,,,,,,,,,,,,,,,,,,,,,,,,,,,,
DB,ncs,NCS 7005-Y50R,#504c48,0.4190664933542617,0.008453874033467179,67.59884209402844,80,76,72,"[80, 76, 72]",0%,5%,10%,69%,"[0%, 5%, 10%, 69%]",32.61,1.11,3.01,"[32.61, 1.11, 3.01]",https://www.google.com/search?tbm=isch&q=ncs%20NCS%207005-Y50R%20color%20swatch,,,,,,,,,,,,,,,,,,,,,,,,,,,,,,,,,,,,,,,,,,,,
DB,ncs,NCS 7005-Y80R,#504947,0.41162325978246267,0.0100348093506599,36.56185861618451,80,73,71,"[80, 73, 71]",0%,9%,11%,69%,"[0%, 9%, 11%, 69%]",31.68,2.73,2.32,"[31.68, 2.73, 2.32]",https://www.google.com/search?tbm=isch&q=ncs%20NCS%207005-Y80R%20color%20swatch,,,,,,,,,,,,,,,,,,,,,,,,,,,,,,,,,,,,,,,,,,,,
DB,ncs,NCS 7010-B10G,#434d50,0.4124399020427553,0.013791046460136822,217.67801537995047,67,77,80,"[67, 77, 80]",16%,4%,0%,69%,"[16%, 4%, 0%, 69%]",31.93,-3.60,-3.21,"[31.93, -3.60, -3.21]",https://www.google.com/search?tbm=isch&q=ncs%20NCS%207010-B10G%20color%20swatch,,,,,,,,,,,,,,,,,,,,,,,,,,,,,,,,,,,,,,,,,,,,
DB,ncs,NCS 7010-B30G,#444f50,0.4182677372704618,0.014134933896193599,203.25431083524222,68,79,80,"[68, 79, 80]",15%,1%,0%,69%,"[15%, 1%, 0%, 69%]",32.65,-4.36,-2.15,"[32.65, -4.36, -2.15]",https://www.google.com/search?tbm=isch&q=ncs%20NCS%207010-B30G%20color%20swatch,,,,,,,,,,,,,,,,,,,,,,,,,,,,,,,,,,,,,,,,,,,,
DB,ncs,NCS 7010-B50G,#455050,0.42159413918188204,0.014010147537423119,196.57535522347416,69,80,80,"[69, 80, 80]",14%,0%,0%,69%,"[14%, 0%, 0%, 69%]",33.05,-4.53,-1.55,"[33.05, -4.53, -1.55]",https://www.google.com/search?tbm=isch&q=ncs%20NCS%207010-B50G%20color%20swatch,,,,,,,,,,,,,,,,,,,,,,,,,,,,,,,,,,,,,,,,,,,,
DB,ncs,NCS 7010-B70G,#44504f,0.4204169312498374,0.015331711630286557,190.39049287663897,68,80,79,"[68, 80, 79]",15%,0%,1%,69%,"[15%, 0%, 1%, 69%]",32.94,-5.11,-1.09,"[32.94, -5.11, -1.09]",https://www.google.com/search?tbm=isch&q=ncs%20NCS%207010-B70G%20color%20swatch,,,,,,,,,,,,,,,,,,,,,,,,,,,,,,,,,,,,,,,,,,,,
DB,ncs,NCS 7010-B90G,#42504a,0.41707999167407583,0.020302880278323082,167.51504362827586,66,80,74,"[66, 80, 74]",18%,0%,7%,69%,"[18%, 0%, 7%, 69%]",32.65,-6.80,1.61,"[32.65, -6.80, 1.61]",https://www.google.com/search?tbm=isch&q=ncs%20NCS%207010-B90G%20color%20swatch,,,,,,,,,,,,,,,,,,,,,,,,,,,,,,,,,,,,,,,,,,,,
DB,ncs,NCS 7010-G10Y,#455046,0.4182535739075624,0.02156840132423561,147.6945917836539,69,80,70,"[69, 80, 70]",14%,0%,12%,69%,"[14%, 0%, 12%, 69%]",32.80,-6.23,4.38,"[32.80, -6.23, 4.38]",https://www.google.com/search?tbm=isch&q=ncs%20NCS%207010-G10Y%20color%20swatch,,,,,,,,,,,,,,,,,,,,,,,,,,,,,,,,,,,,,,,,,,,,
DB,ncs,NCS 7010-G30Y,#4a5044,0.4219721486444566,0.020884887358546763,128.99210926171497,74,80,68,"[74, 80, 68]",7%,0%,15%,69%,"[7%, 0%, 15%, 69%]",33.19,-4.41,6.25,"[33.19, -4.41, 6.25]",https://www.google.com/search?tbm=isch&q=ncs%20NCS%207010-G30Y%20color%20swatch,,,,,,,,,,,,,,,,,,,,,,,,,,,,,,,,,,,,,,,,,,,,
DB,ncs,NCS 7010-G50Y,#4e5044,0.42561636207697834,0.01943140004435362,114.88172527973029,78,80,68,"[78, 80, 68]",2%,0%,15%,69%,"[2%, 0%, 15%, 69%]",33.56,-2.67,6.82,"[33.56, -2.67, 6.82]",https://www.google.com/search?tbm=isch&q=ncs%20NCS%207010-G50Y%20color%20swatch,,,,,,,,,,,,,,,,,,,,,,,,,,,,,,,,,,,,,,,,,,,,
DB,ncs,NCS 7010-G70Y,#505045,0.4277870391922555,0.017628774144016292,107.0918531537904,80,80,69,"[80, 80, 69]",0%,0%,14%,69%,"[0%, 0%, 14%, 69%]",33.77,-1.66,6.53,"[33.77, -1.66, 6.53]",https://www.google.com/search?tbm=isch&q=ncs%20NCS%207010-G70Y%20color%20swatch,,,,,,,,,,,,,,,,,,,,,,,,,,,,,,,,,,,,,,,,,,,,
DB,ncs,NCS 7010-G90Y,#504f44,0.4250647301760312,0.017691399090339382,102.83360600561275,80,79,68,"[80, 79, 68]",0%,1%,15%,69%,"[0%, 1%, 15%, 69%]",33.44,-1.22,6.69,"[33.44, -1.22, 6.69]",https://www.google.com/search?tbm=isch&q=ncs%20NCS%207010-G90Y%20color%20swatch,,,,,,,,,,,,,,,,,,,,,,,,,,,,,,,,,,,,,,,,,,,,
DB,ncs,NCS 7010-R10B,#503e40,0.3839126095018736,0.025372207869777882,10.873576620472704,80,62,64,"[80, 62, 64]",0%,22%,20%,69%,"[0%, 22%, 20%, 69%]",28.25,8.37,1.93,"[28.25, 8.37, 1.93]",https://www.google.com/search?tbm=isch&q=ncs%20NCS%207010-R10B%20color%20swatch,,,,,,,,,,,,,,,,,,,,,,,,,,,,,,,,,,,,,,,,,,,,
DB,ncs,NCS 7010-R30B,#504045,0.39014460959700387,0.023483257439720108,357.5885217823187,80,64,69,"[80, 64, 69]",0%,20%,14%,69%,"[0%, 20%, 14%, 69%]",28.96,7.86,-0.30,"[28.96, 7.86, -0.30]",https://www.google.com/search?tbm=isch&q=ncs%20NCS%207010-R30B%20color%20swatch,,,,,,,,,,,,,,,,,,,,,,,,,,,,,,,,,,,,,,,,,,,,
DB,ncs,NCS 7010-R50B,#50444e,0.4025280220460868,0.02286322705787438,331.6120776350949,80,68,78,"[80, 68, 78]",0%,15%,2%,69%,"[0%, 15%, 2%, 69%]",30.38,6.82,-4.03,"[30.38, 6.82, -4.03]",https://www.google.com/search?tbm=isch&q=ncs%20NCS%207010-R50B%20color%20swatch,,,,,,,,,,,,,,,,,,,,,,,,,,,,,,,,,,,,,,,,,,,,
DB,ncs,NCS 7010-R70B,#484350,0.3927694117604371,0.022550142532100213,302.8789751372824,72,67,80,"[72, 67, 80]",10%,16%,0%,69%,"[10%, 16%, 0%, 69%]",29.29,4.39,-7.04,"[29.29, 4.39, -7.04]",https://www.google.com/search?tbm=isch&q=ncs%20NCS%207010-R70B%20color%20swatch,,,,,,,,,,,,,,,,,,,,,,,,,,,,,,,,,,,,,,,,,,,,
DB,ncs,NCS 7010-R90B,#404650,0.39251450142639877,0.01869096236799103,260.6841732699186,64,70,80,"[64, 70, 80]",20%,12%,0%,69%,"[20%, 12%, 0%, 69%]",29.46,-0.68,-6.89,"[29.46, -0.68, -6.89]",https://www.google.com/search?tbm=isch&q=ncs%20NCS%207010-R90B%20color%20swatch,,,,,,,,,,,,,,,,,,,,,,,,,,,,,,,,,,,,,,,,,,,,
DB,ncs,NCS 7010-Y10R,#504d44,0.42022640580597215,0.015055376539292308,91.65622118122673,80,77,68,"[80, 77, 68]",0%,4%,15%,69%,"[0%, 4%, 15%, 69%]",32.82,-0.05,5.83,"[32.82, -0.05, 5.83]",https://www.google.com/search?tbm=isch&q=ncs%20NCS%207010-Y10R%20color%20swatch,,,,,,,,,,,,,,,,,,,,,,,,,,,,,,,,,,,,,,,,,,,,
DB,ncs,NCS 7010-Y30R,#504b42,0.41482338382058964,0.016025075726098247,82.34209350701741,80,75,66,"[80, 75, 66]",0%,6%,18%,69%,"[0%, 6%, 18%, 69%]",32.17,0.84,6.18,"[32.17, 0.84, 6.18]",https://www.google.com/search?tbm=isch&q=ncs%20NCS%207010-Y30R%20color%20swatch,,,,,,,,,,,,,,,,,,,,,,,,,,,,,,,,,,,,,,,,,,,,
DB,ncs,NCS 7010-Y50R,#504841,0.4073689325047345,0.01577770559765043,63.57949520019383,80,72,65,"[80, 72, 65]",0%,10%,19%,69%,"[0%, 10%, 19%, 69%]",31.23,2.48,5.51,"[31.23, 2.48, 5.51]",https://www.google.com/search?tbm=isch&q=ncs%20NCS%207010-Y50R%20color%20swatch,,,,,,,,,,,,,,,,,,,,,,,,,,,,,,,,,,,,,,,,,,,,
DB,ncs,NCS 7010-Y70R,#50443f,0.39734876480950587,0.018528439613295887,43.95333316209428,80,68,63,"[80, 68, 63]",0%,15%,21%,69%,"[0%, 15%, 21%, 69%]",29.99,4.60,5.04,"[29.99, 4.60, 5.04]",https://www.google.com/search?tbm=isch&q=ncs%20NCS%207010-Y70R%20color%20swatch,,,,,,,,,,,,,,,,,,,,,,,,,,,,,,,,,,,,,,,,,,,,
DB,ncs,NCS 7010-Y90R,#503f3e,0.38551733091999824,0.023897511836485946,22.198770530363788,80,63,62,"[80, 63, 62]",0%,21%,22%,69%,"[0%, 21%, 22%, 69%]",28.49,7.50,3.57,"[28.49, 7.50, 3.57]",https://www.google.com/search?tbm=isch&q=ncs%20NCS%207010-Y90R%20color%20swatch,,,,,,,,,,,,,,,,,,,,,,,,,,,,,,,,,,,,,,,,,,,,
DB,ncs,NCS 7020-B,#374750,0.3876925408584627,0.025502649312172786,232.9059953984148,55,71,80,"[55, 71, 80]",31%,11%,0%,69%,"[31%, 11%, 0%, 69%]",29.04,-4.74,-7.60,"[29.04, -4.74, -7.60]",https://www.google.com/search?tbm=isch&q=ncs%20NCS%207020-B%20color%20swatch,,,,,,,,,,,,,,,,,,,,,,,,,,,,,,,,,,,,,,,,,,,,
DB,ncs,NCS 7020-B10G,#384a50,0.3961585714282276,0.024788377634835605,220.21302568678152,56,74,80,"[56, 74, 80]",30%,7%,0%,69%,"[30%, 7%, 0%, 69%]",30.10,-6.11,-6.03,"[30.10, -6.11, -6.03]",https://www.google.com/search?tbm=isch&q=ncs%20NCS%207020-B10G%20color%20swatch,,,,,,,,,,,,,,,,,,,,,,,,,,,,,,,,,,,,,,,,,,,,
DB,ncs,NCS 7020-B30G,#3a4e50,0.4079611304422076,0.02503402767340809,203.82156751633636,58,78,80,"[58, 78, 80]",28%,2%,0%,69%,"[28%, 2%, 0%, 69%]",31.55,-7.65,-3.86,"[31.55, -7.65, -3.86]",https://www.google.com/search?tbm=isch&q=ncs%20NCS%207020-B30G%20color%20swatch,,,,,,,,,,,,,,,,,,,,,,,,,,,,,,,,,,,,,,,,,,,,
DB,ncs,NCS 7020-B50G,#3a5050,0.41315082484573223,0.027042883066594095,196.12367356972345,58,80,80,"[58, 80, 80]",28%,0%,0%,69%,"[28%, 0%, 0%, 69%]",32.21,-8.77,-2.90,"[32.21, -8.77, -2.90]",https://www.google.com/search?tbm=isch&q=ncs%20NCS%207020-B50G%20color%20swatch,,,,,,,,,,,,,,,,,,,,,,,,,,,,,,,,,,,,,,,,,,,,
DB,ncs,NCS 7020-B70G,#39504d,0.4113515807443534,0.02867144229210058,186.11392778279026,57,80,77,"[57, 80, 77]",29%,0%,4%,69%,"[29%, 0%, 4%, 69%]",32.06,-9.73,-1.24,"[32.06, -9.73, -1.24]",https://www.google.com/search?tbm=isch&q=ncs%20NCS%207020-B70G%20color%20swatch,,,,,,,,,,,,,,,,,,,,,,,,,,,,,,,,,,,,,,,,,,,,
DB,ncs,NCS 7020-B90G,#365045,0.406566963592698,0.036727865858631206,166.41187320951144,54,80,69,"[54, 80, 69]",32%,0%,14%,69%,"[32%, 0%, 14%, 69%]",31.65,-12.35,3.19,"[31.65, -12.35, 3.19]",https://www.google.com/search?tbm=isch&q=ncs%20NCS%207020-B90G%20color%20swatch,,,,,,,,,,,,,,,,,,,,,,,,,,,,,,,,,,,,,,,,,,,,
DB,ncs,NCS 7020-G,#34503f,0.4033863151903836,0.044386736077761335,157.07087248877792,52,80,63,"[52, 80, 63]",35%,0%,21%,69%,"[35%, 0%, 21%, 69%]",31.38,-14.16,6.56,"[31.38, -14.16, 6.56]",https://www.google.com/search?tbm=isch&q=ncs%20NCS%207020-G%20color%20swatch,,,,,,,,,,,,,,,,,,,,,,,,,,,,,,,,,,,,,,,,,,,,
DB,ncs,NCS 7020-G10Y,#3c503c,0.40818164431872217,0.04131832632023979,144.7562805311178,60,80,60,"[60, 80, 60]",25%,0%,25%,69%,"[25%, 0%, 25%, 69%]",31.88,-11.51,9.21,"[31.88, -11.51, 9.21]",https://www.google.com/search?tbm=isch&q=ncs%20NCS%207020-G10Y%20color%20swatch,,,,,,,,,,,,,,,,,,,,,,,,,,,,,,,,,,,,,,,,,,,,
DB,ncs,NCS 7020-G30Y,#455039,0.41462075821268174,0.03945969448529179,128.76796950476222,69,80,57,"[69, 80, 57]",14%,0%,29%,69%,"[14%, 0%, 29%, 69%]",32.53,-8.12,12.09,"[32.53, -8.12, 12.09]",https://www.google.com/search?tbm=isch&q=ncs%20NCS%207020-G30Y%20color%20swatch,,,,,,,,,,,,,,,,,,,,,,,,,,,,,,,,,,,,,,,,,,,,
DB,ncs,NCS 7020-G50Y,#4b5038,0.41967604526435726,0.03841061154272153,117.63417377479885,75,80,56,"[75, 80, 56]",6%,0%,30%,69%,"[6%, 0%, 30%, 69%]",33.04,-5.58,13.50,"[33.04, -5.58, 13.50]",https://www.google.com/search?tbm=isch&q=ncs%20NCS%207020-G50Y%20color%20swatch,,,,,,,,,,,,,,,,,,,,,,,,,,,,,,,,,,,,,,,,,,,,
DB,ncs,NCS 7020-G70Y,#4f503a,0.4238895927965316,0.03460365268233366,109.93938468510515,79,80,58,"[79, 80, 58]",1%,0%,28%,69%,"[1%, 0%, 28%, 69%]",33.45,-3.54,12.89,"[33.45, -3.54, 12.89]",https://www.google.com/search?tbm=isch&q=ncs%20NCS%207020-G70Y%20color%20swatch,,,,,,,,,,,,,,,,,,,,,,,,,,,,,,,,,,,,,,,,,,,,
DB,ncs,NCS 7020-G90Y,#504e3a,0.41992577516703394,0.0316194744575175,102.87306797245435,80,78,58,"[80, 78, 58]",0%,2%,28%,69%,"[0%, 2%, 28%, 69%]",32.93,-1.93,12.22,"[32.93, -1.93, 12.22]",https://www.google.com/search?tbm=isch&q=ncs%20NCS%207020-G90Y%20color%20swatch,,,,,,,,,,,,,,,,,,,,,,,,,,,,,,,,,,,,,,,,,,,,
DB,ncs,NCS 7020-R,#502f31,0.34677084352617177,0.048553159640117874,15.968526612269102,80,47,49,"[80, 47, 49]",0%,41%,39%,69%,"[0%, 41%, 39%, 69%]",23.70,15.73,5.44,"[23.70, 15.73, 5.44]",https://www.google.com/search?tbm=isch&q=ncs%20NCS%207020-R%20color%20swatch,,,,,,,,,,,,,,,,,,,,,,,,,,,,,,,,,,,,,,,,,,,,
DB,ncs,NCS 7020-R10B,#503034,0.3497583241973691,0.04709956167110416,11.65660205380658,80,48,52,"[80, 48, 52]",0%,40%,35%,69%,"[0%, 40%, 35%, 69%]",24.04,15.45,3.90,"[24.04, 15.45, 3.90]",https://www.google.com/search?tbm=isch&q=ncs%20NCS%207020-R10B%20color%20swatch,,,,,,,,,,,,,,,,,,,,,,,,,,,,,,,,,,,,,,,,,,,,
DB,ncs,NCS 7020-R20B,#503138,0.3531401563672329,0.04618168027909285,5.003099221525929,80,49,56,"[80, 49, 56]",0%,39%,30%,69%,"[0%, 39%, 30%, 69%]",24.41,15.30,1.74,"[24.41, 15.30, 1.74]",https://www.google.com/search?tbm=isch&q=ncs%20NCS%207020-R20B%20color%20swatch,,,,,,,,,,,,,,,,,,,,,,,,,,,,,,,,,,,,,,,,,,,,
DB,ncs,NCS 7020-R30B,#50333c,0.35867542013137155,0.043939185716458364,359.39072490986064,80,51,60,"[80, 51, 60]",0%,36%,25%,69%,"[0%, 36%, 25%, 69%]",25.05,14.58,-0.01,"[25.05, 14.58, -0.01]",https://www.google.com/search?tbm=isch&q=ncs%20NCS%207020-R30B%20color%20swatch,,,,,,,,,,,,,,,,,,,,,,,,,,,,,,,,,,,,,,,,,,,,
DB,ncs,NCS 7020-R40B,#503543,0.3654694399840173,0.04421271552089458,347.09935826874107,80,53,67,"[80, 53, 67]",0%,34%,16%,69%,"[0%, 34%, 16%, 69%]",25.80,14.31,-3.58,"[25.80, 14.31, -3.58]",https://www.google.com/search?tbm=isch&q=ncs%20NCS%207020-R40B%20color%20swatch,,,,,,,,,,,,,,,,,,,,,,,,,,,,,,,,,,,,,,,,,,,,
DB,ncs,NCS 7020-R50B,#50394c,0.37755264877633965,0.044166229040095095,332.6254598598565,80,57,76,"[80, 57, 76]",0%,29%,5%,69%,"[0%, 29%, 5%, 69%]",27.18,13.21,-7.47,"[27.18, 13.21, -7.47]",https://www.google.com/search?tbm=isch&q=ncs%20NCS%207020-R50B%20color%20swatch,,,,,,,,,,,,,,,,,,,,,,,,,,,,,,,,,,,,,,,,,,,,
DB,ncs,NCS 7020-R60B,#483750,0.3656855753800863,0.04740572489838586,314.7541467214587,72,55,80,"[72, 55, 80]",10%,31%,0%,69%,"[10%, 31%, 0%, 69%]",25.76,11.81,-12.34,"[25.76, 11.81, -12.34]",https://www.google.com/search?tbm=isch&q=ncs%20NCS%207020-R60B%20color%20swatch,,,,,,,,,,,,,,,,,,,,,,,,,,,,,,,,,,,,,,,,,,,,
DB,ncs,NCS 7020-R70B,#403750,0.35691820277044645,0.04398914180382732,300.72008152419585,64,55,80,"[64, 55, 80]",20%,31%,0%,69%,"[20%, 31%, 0%, 69%]",24.85,8.57,-13.83,"[24.85, 8.57, -13.83]",https://www.google.com/search?tbm=isch&q=ncs%20NCS%207020-R70B%20color%20swatch,,,,,,,,,,,,,,,,,,,,,,,,,,,,,,,,,,,,,,,,,,,,
DB,ncs,NCS 7020-R80B,#313750,0.34261526057397385,0.04470149980715303,273.46284374616926,49,55,80,"[49, 55, 80]",39%,31%,0%,69%,"[39%, 31%, 0%, 69%]",23.37,2.80,-16.25,"[23.37, 2.80, -16.25]",https://www.google.com/search?tbm=isch&q=ncs%20NCS%207020-R80B%20color%20swatch,,,,,,,,,,,,,,,,,,,,,,,,,,,,,,,,,,,,,,,,,,,,
DB,ncs,NCS 7020-R90B,#333d50,0.3591668102255741,0.03571054997757051,263.0375445444081,51,61,80,"[51, 61, 80]",36%,24%,0%,69%,"[36%, 24%, 0%, 69%]",25.47,-0.22,-13.02,"[25.47, -0.22, -13.02]",https://www.google.com/search?tbm=isch&q=ncs%20NCS%207020-R90B%20color%20swatch,,,,,,,,,,,,,,,,,,,,,,,,,,,,,,,,,,,,,,,,,,,,
DB,ncs,NCS 7020-Y,#504d39,0.4172290348381153,0.03175499400575582,100.47586077572987,80,77,57,"[80, 77, 57]",0%,4%,29%,69%,"[0%, 4%, 29%, 69%]",32.60,-1.47,12.40,"[32.60, -1.47, 12.40]",https://www.google.com/search?tbm=isch&q=ncs%20NCS%207020-Y%20color%20swatch,,,,,,,,,,,,,,,,,,,,,,,,,,,,,,,,,,,,,,,,,,,,
DB,ncs,NCS 7020-Y10R,#504b38,0.41210348826866405,0.03073814334524498,95.06983569268073,80,75,56,"[80, 75, 56]",0%,6%,30%,69%,"[0%, 6%, 30%, 69%]",31.96,-0.43,12.17,"[31.96, -0.43, 12.17]",https://www.google.com/search?tbm=isch&q=ncs%20NCS%207020-Y10R%20color%20swatch,,,,,,,,,,,,,,,,,,,,,,,,,,,,,,,,,,,,,,,,,,,,
DB,ncs,NCS 7020-Y20R,#504837,0.4045968360661985,0.029095890184344518,85.69571539466932,80,72,55,"[80, 72, 55]",0%,10%,31%,69%,"[0%, 10%, 31%, 69%]",31.03,1.22,11.54,"[31.03, 1.22, 11.54]",https://www.google.com/search?tbm=isch&q=ncs%20NCS%207020-Y20R%20color%20swatch,,,,,,,,,,,,,,,,,,,,,,,,,,,,,,,,,,,,,,,,,,,,
DB,ncs,NCS 7020-Y30R,#504637,0.39980670378944894,0.027607543072888624,77.82920063823997,80,70,55,"[80, 70, 55]",0%,12%,31%,69%,"[0%, 12%, 31%, 69%]",30.42,2.41,10.72,"[30.42, 2.41, 10.72]",https://www.google.com/search?tbm=isch&q=ncs%20NCS%207020-Y30R%20color%20swatch,,,,,,,,,,,,,,,,,,,,,,,,,,,,,,,,,,,,,,,,,,,,
DB,ncs,NCS 7020-Y40R,#504336,0.3924379025996607,0.027635599207836353,66.87181826911979,80,67,54,"[80, 67, 54]",0%,16%,32%,69%,"[0%, 16%, 32%, 69%]",29.49,4.08,10.11,"[29.49, 4.08, 10.11]",https://www.google.com/search?tbm=isch&q=ncs%20NCS%207020-Y40R%20color%20swatch,,,,,,,,,,,,,,,,,,,,,,,,,,,,,,,,,,,,,,,,,,,,
DB,ncs,NCS 7020-Y50R,#504035,0.3851626499839151,0.028718786721857827,56.22812390948428,80,64,53,"[80, 64, 53]",0%,20%,34%,69%,"[0%, 20%, 34%, 69%]",28.58,5.78,9.51,"[28.58, 5.78, 9.51]",https://www.google.com/search?tbm=isch&q=ncs%20NCS%207020-Y50R%20color%20swatch,,,,,,,,,,,,,,,,,,,,,,,,,,,,,,,,,,,,,,,,,,,,
DB,ncs,NCS 7020-Y60R,#503d33,0.3777206245368204,0.03156631765991544,49.11837229563076,80,61,51,"[80, 61, 51]",0%,24%,36%,69%,"[0%, 24%, 36%, 69%]",27.66,7.38,9.55,"[27.66, 7.38, 9.55]",https://www.google.com/search?tbm=isch&q=ncs%20NCS%207020-Y60R%20color%20swatch,,,,,,,,,,,,,,,,,,,,,,,,,,,,,,,,,,,,,,,,,,,,
DB,ncs,NCS 7020-Y70R,#503a32,0.37066018253614486,0.03425388190303724,40.8764495594196,80,58,50,"[80, 58, 50]",0%,28%,38%,69%,"[0%, 28%, 38%, 69%]",26.77,9.10,8.99,"[26.77, 9.10, 8.99]",https://www.google.com/search?tbm=isch&q=ncs%20NCS%207020-Y70R%20color%20swatch,,,,,,,,,,,,,,,,,,,,,,,,,,,,,,,,,,,,,,,,,,,,
DB,ncs,NCS 7020-Y80R,#503631,0.36154120358770564,0.03871689838355887,31.187242888935202,80,54,49,"[80, 54, 49]",0%,32%,39%,69%,"[0%, 32%, 39%, 69%]",25.61,11.45,8.07,"[25.61, 11.45, 8.07]",https://www.google.com/search?tbm=isch&q=ncs%20NCS%207020-Y80R%20color%20swatch,,,,,,,,,,,,,,,,,,,,,,,,,,,,,,,,,,,,,,,,,,,,
DB,ncs,NCS 7020-Y90R,#503331,0.35509162684822604,0.042545392677740955,23.791753626582363,80,51,49,"[80, 51, 49]",0%,36%,39%,69%,"[0%, 36%, 39%, 69%]",24.78,13.29,6.93,"[24.78, 13.29, 6.93]",https://www.google.com/search?tbm=isch&q=ncs%20NCS%207020-Y90R%20color%20swatch,,,,,,,,,,,,,,,,,,,,,,,,,,,,,,,,,,,,,,,,,,,,
DB,ncs,NCS 7500-N,#3f3f3f,0.36768143576592643,0.000014279592050325523,72.58924660547564,63,63,63,"[63, 63, 63]",0%,0%,0%,75%,"[0%, 0%, 0%, 75%]",26.65,0.00,0.01,"[26.65, 0.00, 0.01]",https://www.google.com/search?tbm=isch&q=ncs%20NCS%207500-N%20color%20swatch,,,,,,,,,,,,,,,,,,,,,,,,,,,,,,,,,,,,,,,,,,,,
DB,ncs,NCS 7502-B,#414243,0.3784935675897935,0.002152121080844697,247.84402735944252,65,66,67,"[65, 66, 67]",3%,1%,0%,74%,"[3%, 1%, 0%, 74%]",27.90,-0.26,-0.76,"[27.90, -0.26, -0.76]",https://www.google.com/search?tbm=isch&q=ncs%20NCS%207502-B%20color%20swatch,,,,,,,,,,,,,,,,,,,,,,,,,,,,,,,,,,,,,,,,,,,,
DB,ncs,NCS 7502-G,#404341,0.3793374161888379,0.005209855616844732,156.82764791614704,64,67,65,"[64, 67, 65]",4%,0%,3%,74%,"[4%, 0%, 3%, 74%]",28.07,-1.63,0.77,"[28.07, -1.63, 0.77]",https://www.google.com/search?tbm=isch&q=ncs%20NCS%207502-G%20color%20swatch,,,,,,,,,,,,,,,,,,,,,,,,,,,,,,,,,,,,,,,,,,,,
DB,ncs,NCS 7502-R,#433f40,0.3720179947809795,0.005716453674757214,0.43659522756621527,67,63,64,"[67, 63, 64]",0%,6%,4%,74%,"[0%, 6%, 4%, 74%]",27.08,1.93,0.04,"[27.08, 1.93, 0.04]",https://www.google.com/search?tbm=isch&q=ncs%20NCS%207502-R%20color%20swatch,,,,,,,,,,,,,,,,,,,,,,,,,,,,,,,,,,,,,,,,,,,,
DB,ncs,NCS 7502-Y,#434341,0.3821833147719781,0.003347030751872396,106.41520841146792,67,67,65,"[67, 67, 65]",0%,0%,3%,74%,"[0%, 0%, 3%, 74%]",28.36,-0.33,1.22,"[28.36, -0.33, 1.22]",https://www.google.com/search?tbm=isch&q=ncs%20NCS%207502-Y%20color%20swatch,,,,,,,,,,,,,,,,,,,,,,,,,,,,,,,,,,,,,,,,,,,,
DB,ncs,NCS 8000-N,#323232,0.31713633797609075,0.000012316579218031806,72.58924660565015,50,50,50,"[50, 50, 50]",0%,0%,0%,80%,"[0%, 0%, 0%, 80%]",20.79,0.00,0.00,"[20.79, 0.00, 0.00]",https://www.google.com/search?tbm=isch&q=ncs%20NCS%208000-N%20color%20swatch,,,,,,,,,,,,,,,,,,,,,,,,,,,,,,,,,,,,,,,,,,,,
DB,ncs,NCS 8005-B20G,#313536,0.32546489446844556,0.005805781997569294,214.29381065639848,49,53,54,"[49, 53, 54]",9%,2%,0%,79%,"[9%, 2%, 0%, 79%]",21.80,-1.60,-1.25,"[21.80, -1.60, -1.25]",https://www.google.com/search?tbm=isch&q=ncs%20NCS%208005-B20G%20color%20swatch,,,,,,,,,,,,,,,,,,,,,,,,,,,,,,,,,,,,,,,,,,,,
DB,ncs,NCS 8005-B80G,#313635,0.32771164476709896,0.0070769717293529604,182.4904714487402,49,54,53,"[49, 54, 53]",9%,0%,2%,79%,"[9%, 0%, 2%, 79%]",22.10,-2.40,-0.14,"[22.10, -2.40, -0.14]",https://www.google.com/search?tbm=isch&q=ncs%20NCS%208005-B80G%20color%20swatch,,,,,,,,,,,,,,,,,,,,,,,,,,,,,,,,,,,,,,,,,,,,
DB,ncs,NCS 8005-G20Y,#333632,0.32853044656241864,0.008062826266614953,137.72797666868553,51,54,50,"[51, 54, 50]",6%,0%,7%,79%,"[6%, 0%, 7%, 79%]",22.21,-2.03,2.06,"[22.21, -2.03, 2.06]",https://www.google.com/search?tbm=isch&q=ncs%20NCS%208005-G20Y%20color%20swatch,,,,,,,,,,,,,,,,,,,,,,,,,,,,,,,,,,,,,,,,,,,,
DB,ncs,NCS 8005-G50Y,#353631,0.3301459009595721,0.008720544416969829,116.00678169323021,53,54,49,"[53, 54, 49]",2%,0%,9%,79%,"[2%, 0%, 9%, 79%]",22.38,-1.28,3.00,"[22.38, -1.28, 3.00]",https://www.google.com/search?tbm=isch&q=ncs%20NCS%208005-G50Y%20color%20swatch,,,,,,,,,,,,,,,,,,,,,,,,,,,,,,,,,,,,,,,,,,,,
DB,ncs,NCS 8005-G80Y,#363632,0.331480892161682,0.006894111642746001,106.71000011838044,54,54,50,"[54, 54, 50]",0%,0%,7%,79%,"[0%, 0%, 7%, 79%]",22.51,-0.66,2.53,"[22.51, -0.66, 2.53]",https://www.google.com/search?tbm=isch&q=ncs%20NCS%208005-G80Y%20color%20swatch,,,,,,,,,,,,,,,,,,,,,,,,,,,,,,,,,,,,,,,,,,,,
DB,ncs,NCS 8005-R20B,#362f31,0.31342847713008065,0.010654906737292255,358.58367298554094,54,47,49,"[54, 47, 49]",0%,13%,9%,79%,"[0%, 13%, 9%, 79%]",20.22,3.58,-0.06,"[20.22, 3.58, -0.06]",https://www.google.com/search?tbm=isch&q=ncs%20NCS%208005-R20B%20color%20swatch,,,,,,,,,,,,,,,,,,,,,,,,,,,,,,,,,,,,,,,,,,,,
DB,ncs,NCS 8005-R50B,#363135,0.31991337800971364,0.009882405743565028,332.53372877910635,54,49,53,"[54, 49, 53]",0%,9%,2%,79%,"[0%, 9%, 2%, 79%]",20.97,2.98,-1.70,"[20.97, 2.98, -1.70]",https://www.google.com/search?tbm=isch&q=ncs%20NCS%208005-R50B%20color%20swatch,,,,,,,,,,,,,,,,,,,,,,,,,,,,,,,,,,,,,,,,,,,,
DB,ncs,NCS 8005-R80B,#2f3036,0.31056563270940973,0.01076526068494865,278.25306811160056,47,48,54,"[47, 48, 54]",13%,11%,0%,79%,"[13%, 11%, 0%, 79%]",19.94,0.66,-3.99,"[19.94, 0.66, -3.99]",https://www.google.com/search?tbm=isch&q=ncs%20NCS%208005-R80B%20color%20swatch,,,,,,,,,,,,,,,,,,,,,,,,,,,,,,,,,,,,,,,,,,,,
DB,ncs,NCS 8005-Y20R,#363431,0.3260111129535226,0.005941559987860469,78.22896969769374,54,52,49,"[54, 52, 49]",0%,4%,9%,79%,"[0%, 4%, 9%, 79%]",21.83,0.42,2.24,"[21.83, 0.42, 2.24]",https://www.google.com/search?tbm=isch&q=ncs%20NCS%208005-Y20R%20color%20swatch,,,,,,,,,,,,,,,,,,,,,,,,,,,,,,,,,,,,,,,,,,,,
DB,ncs,NCS 8005-Y50R,#363330,0.32311927310443544,0.006765271590712581,67.58942700259234,54,51,48,"[54, 51, 48]",0%,6%,11%,79%,"[0%, 6%, 11%, 79%]",21.48,0.89,2.41,"[21.48, 0.89, 2.41]",https://www.google.com/search?tbm=isch&q=ncs%20NCS%208005-Y50R%20color%20swatch,,,,,,,,,,,,,,,,,,,,,,,,,,,,,,,,,,,,,,,,,,,,
DB,ncs,NCS 8005-Y80R,#36302f,0.31519580625957516,0.00887443453566552,28.996471519655756,54,48,47,"[54, 48, 47]",0%,11%,13%,79%,"[0%, 11%, 13%, 79%]",20.49,2.63,1.68,"[20.49, 2.63, 1.68]",https://www.google.com/search?tbm=isch&q=ncs%20NCS%208005-Y80R%20color%20swatch,,,,,,,,,,,,,,,,,,,,,,,,,,,,,,,,,,,,,,,,,,,,
DB,ncs,NCS 8010-B10G,#2d3336,0.3165085179828835,0.00986511380529828,229.16078714389903,45,51,54,"[45, 51, 54]",17%,6%,0%,79%,"[17%, 6%, 0%, 79%]",20.75,-2.09,-2.83,"[20.75, -2.09, -2.83]",https://www.google.com/search?tbm=isch&q=ncs%20NCS%208010-B10G%20color%20swatch,,,,,,,,,,,,,,,,,,,,,,,,,,,,,,,,,,,,,,,,,,,,
DB,ncs,NCS 8010-B30G,#2e3536,0.3227137103298363,0.009736008781564434,207.0073700544018,46,53,54,"[46, 53, 54]",15%,2%,0%,79%,"[15%, 2%, 0%, 79%]",21.52,-2.90,-1.70,"[21.52, -2.90, -1.70]",https://www.google.com/search?tbm=isch&q=ncs%20NCS%208010-B30G%20color%20swatch,,,,,,,,,,,,,,,,,,,,,,,,,,,,,,,,,,,,,,,,,,,,
DB,ncs,NCS 8010-B50G,#2e3635,0.324997725773062,0.011010081214093807,187.43521261190142,46,54,53,"[46, 54, 53]",15%,0%,2%,79%,"[15%, 0%, 2%, 79%]",21.83,-3.70,-0.57,"[21.83, -3.70, -0.57]",https://www.google.com/search?tbm=isch&q=ncs%20NCS%208010-B50G%20color%20swatch,,,,,,,,,,,,,,,,,,,,,,,,,,,,,,,,,,,,,,,,,,,,
DB,ncs,NCS 8010-B70G,#2d3634,0.3237500562770266,0.012685556216135787,180.50950811392488,45,54,52,"[45, 54, 52]",17%,0%,4%,79%,"[17%, 0%, 4%, 79%]",21.71,-4.32,-0.08,"[21.71, -4.32, -0.08]",https://www.google.com/search?tbm=isch&q=ncs%20NCS%208010-B70G%20color%20swatch,,,,,,,,,,,,,,,,,,,,,,,,,,,,,,,,,,,,,,,,,,,,
DB,ncs,NCS 8010-B90G,#2c3631,0.32180636177997113,0.01612937471818287,163.7151182147021,44,54,49,"[44, 54, 49]",19%,0%,9%,79%,"[19%, 0%, 9%, 79%]",21.55,-5.31,1.68,"[21.55, -5.31, 1.68]",https://www.google.com/search?tbm=isch&q=ncs%20NCS%208010-B90G%20color%20swatch,,,,,,,,,,,,,,,,,,,,,,,,,,,,,,,,,,,,,,,,,,,,
DB,ncs,NCS 8010-G10Y,#2e362e,0.322545841317424,0.0177080471770954,145.11725811755286,46,54,46,"[46, 54, 46]",15%,0%,15%,79%,"[15%, 0%, 15%, 79%]",21.65,-4.96,3.86,"[21.65, -4.96, 3.86]",https://www.google.com/search?tbm=isch&q=ncs%20NCS%208010-G10Y%20color%20swatch,,,,,,,,,,,,,,,,,,,,,,,,,,,,,,,,,,,,,,,,,,,,
DB,ncs,NCS 8010-G30Y,#31362d,0.3249809518586644,0.016991641893223462,131.11520928235302,49,54,45,"[49, 54, 45]",9%,0%,17%,79%,"[9%, 0%, 17%, 79%]",21.90,-3.76,4.93,"[21.90, -3.76, 4.93]",https://www.google.com/search?tbm=isch&q=ncs%20NCS%208010-G30Y%20color%20swatch,,,,,,,,,,,,,,,,,,,,,,,,,,,,,,,,,,,,,,,,,,,,
DB,ncs,NCS 8010-G50Y,#34362d,0.32787204430424205,0.015664816723229447,117.41676590161751,52,54,45,"[52, 54, 45]",4%,0%,17%,79%,"[4%, 0%, 17%, 79%]",22.19,-2.37,5.38,"[22.19, -2.37, 5.38]",https://www.google.com/search?tbm=isch&q=ncs%20NCS%208010-G50Y%20color%20swatch,,,,,,,,,,,,,,,,,,,,,,,,,,,,,,,,,,,,,,,,,,,,
DB,ncs,NCS 8010-G70Y,#35362e,0.3291748223535423,0.01377243391235425,112.9076852705349,53,54,46,"[53, 54, 46]",2%,0%,15%,79%,"[2%, 0%, 15%, 79%]",22.31,-1.75,4.90,"[22.31, -1.75, 4.90]",https://www.google.com/search?tbm=isch&q=ncs%20NCS%208010-G70Y%20color%20swatch,,,,,,,,,,,,,,,,,,,,,,,,,,,,,,,,,,,,,,,,,,,,
DB,ncs,NCS 8010-G90Y,#36352e,0.3275903185838724,0.012091451793453521,100.33692588852261,54,53,46,"[54, 53, 46]",0%,2%,15%,79%,"[0%, 2%, 15%, 79%]",22.08,-0.67,4.61,"[22.08, -0.67, 4.61]",https://www.google.com/search?tbm=isch&q=ncs%20NCS%208010-G90Y%20color%20swatch,,,,,,,,,,,,,,,,,,,,,,,,,,,,,,,,,,,,,,,,,,,,
DB,ncs,NCS 8010-R10B,#36292b,0.29658948449923755,0.019659213449590852,8.020298865023562,54,41,43,"[54, 41, 43]",0%,24%,20%,79%,"[0%, 24%, 20%, 79%]",18.17,6.53,1.12,"[18.17, 6.53, 1.12]",https://www.google.com/search?tbm=isch&q=ncs%20NCS%208010-R10B%20color%20swatch,,,,,,,,,,,,,,,,,,,,,,,,,,,,,,,,,,,,,,,,,,,,
DB,ncs,NCS 8010-R30B,#362b2e,0.3025121692191459,0.016960197551234957,359.9856081420817,54,43,46,"[54, 43, 46]",0%,20%,15%,79%,"[0%, 20%, 15%, 79%]",18.88,5.69,0.06,"[18.88, 5.69, 0.06]",https://www.google.com/search?tbm=isch&q=ncs%20NCS%208010-R30B%20color%20swatch,,,,,,,,,,,,,,,,,,,,,,,,,,,,,,,,,,,,,,,,,,,,
DB,ncs,NCS 8010-R50B,#362d34,0.3096996354169409,0.017710458249022766,333.7386780453496,54,45,52,"[54, 45, 52]",0%,17%,4%,79%,"[0%, 17%, 4%, 79%]",19.68,5.37,-2.91,"[19.68, 5.37, -2.91]",https://www.google.com/search?tbm=isch&q=ncs%20NCS%208010-R50B%20color%20swatch,,,,,,,,,,,,,,,,,,,,,,,,,,,,,,,,,,,,,,,,,,,,
DB,ncs,NCS 8010-R70B,#302d36,0.3039547983160469,0.016485509203821185,300.65128950098233,48,45,54,"[48, 45, 54]",11%,17%,0%,79%,"[11%, 17%, 0%, 79%]",19.07,3.03,-5.28,"[19.07, 3.03, -5.28]",https://www.google.com/search?tbm=isch&q=ncs%20NCS%208010-R70B%20color%20swatch,,,,,,,,,,,,,,,,,,,,,,,,,,,,,,,,,,,,,,,,,,,,
DB,ncs,NCS 8010-R90B,#2b2e36,0.301505782345298,0.015051116699765676,269.19336377320565,43,46,54,"[43, 46, 54]",20%,15%,0%,79%,"[20%, 15%, 0%, 79%]",18.88,0.21,-5.61,"[18.88, 0.21, -5.61]",https://www.google.com/search?tbm=isch&q=ncs%20NCS%208010-R90B%20color%20swatch,,,,,,,,,,,,,,,,,,,,,,,,,,,,,,,,,,,,,,,,,,,,
DB,ncs,NCS 8010-Y10R,#36342d,0.32469496692015487,0.012356220926223436,93.79619216389256,54,52,45,"[54, 52, 45]",0%,4%,17%,79%,"[0%, 4%, 17%, 79%]",21.73,-0.20,4.78,"[21.73, -0.20, 4.78]",https://www.google.com/search?tbm=isch&q=ncs%20NCS%208010-Y10R%20color%20swatch,,,,,,,,,,,,,,,,,,,,,,,,,,,,,,,,,,,,,,,,,,,,
DB,ncs,NCS 8010-Y30R,#36322c,0.31924973512021476,0.011857992822591644,78.12771525844528,54,50,44,"[54, 50, 44]",0%,7%,19%,79%,"[0%, 7%, 19%, 79%]",21.06,0.91,4.51,"[21.06, 0.91, 4.51]",https://www.google.com/search?tbm=isch&q=ncs%20NCS%208010-Y30R%20color%20swatch,,,,,,,,,,,,,,,,,,,,,,,,,,,,,,,,,,,,,,,,,,,,
DB,ncs,NCS 8010-Y50R,#36302b,0.31384879532677273,0.012324956001709861,62.183225456560535,54,48,43,"[54, 48, 43]",0%,11%,20%,79%,"[0%, 11%, 20%, 79%]",20.39,2.03,4.25,"[20.39, 2.03, 4.25]",https://www.google.com/search?tbm=isch&q=ncs%20NCS%208010-Y50R%20color%20swatch,,,,,,,,,,,,,,,,,,,,,,,,,,,,,,,,,,,,,,,,,,,,
DB,ncs,NCS 8010-Y70R,#362d2a,0.3060060512852103,0.014308210955321548,39.315069861304266,54,45,42,"[54, 45, 42]",0%,17%,22%,79%,"[0%, 17%, 22%, 79%]",19.40,3.80,3.55,"[19.40, 3.80, 3.55]",https://www.google.com/search?tbm=isch&q=ncs%20NCS%208010-Y70R%20color%20swatch,,,,,,,,,,,,,,,,,,,,,,,,,,,,,,,,,,,,,,,,,,,,
DB,ncs,NCS 8010-Y90R,#362a2a,0.2986446808915525,0.017887503749110235,18.229801660329315,54,42,42,"[54, 42, 42]",0%,22%,22%,79%,"[0%, 22%, 22%, 79%]",18.46,5.74,2.22,"[18.46, 5.74, 2.22]",https://www.google.com/search?tbm=isch&q=ncs%20NCS%208010-Y90R%20color%20swatch,,,,,,,,,,,,,,,,,,,,,,,,,,,,,,,,,,,,,,,,,,,,
DB,ncs,NCS 8500-N,#262626,0.26861855492038295,0.000010432300922189652,72.58924660507074,38,38,38,"[38, 38, 38]",0%,0%,0%,85%,"[0%, 0%, 0%, 85%]",15.16,0.00,0.00,"[15.16, 0.00, 0.00]",https://www.google.com/search?tbm=isch&q=ncs%20NCS%208500-N%20color%20swatch,,,,,,,,,,,,,,,,,,,,,,,,,,,,,,,,,,,,,,,,,,,,
DB,ncs,NCS 8502-B,#272828,0.2758139629925519,0.0014500464642712482,196.72235550435983,39,40,40,"[39, 40, 40]",2%,0%,0%,84%,"[2%, 0%, 0%, 84%]",16.01,-0.47,-0.16,"[16.01, -0.47, -0.16]",https://www.google.com/search?tbm=isch&q=ncs%20NCS%208502-B%20color%20swatch,,,,,,,,,,,,,,,,,,,,,,,,,,,,,,,,,,,,,,,,,,,,
DB,ncs,NCS 8502-G,#272827,0.2754325751403081,0.002317574520390473,145.26528965674294,39,40,39,"[39, 40, 39]",2%,0%,2%,84%,"[2%, 0%, 2%, 84%]",15.98,-0.65,0.50,"[15.98, -0.65, 0.50]",https://www.google.com/search?tbm=isch&q=ncs%20NCS%208502-G%20color%20swatch,,,,,,,,,,,,,,,,,,,,,,,,,,,,,,,,,,,,,,,,,,,,
DB,ncs,NCS 8502-R,#282626,0.27075995348197923,0.002970038717341167,17.504832177885874,40,38,38,"[40, 38, 38]",0%,5%,5%,84%,"[0%, 5%, 5%, 84%]",15.38,0.96,0.35,"[15.38, 0.96, 0.35]",https://www.google.com/search?tbm=isch&q=ncs%20NCS%208502-R%20color%20swatch,,,,,,,,,,,,,,,,,,,,,,,,,,,,,,,,,,,,,,,,,,,,
DB,ncs,NCS 8502-Y,#282827,0.2764697723110938,0.0018180588983805134,106.3293044409615,40,40,39,"[40, 40, 39]",0%,0%,2%,84%,"[0%, 0%, 2%, 84%]",16.09,-0.18,0.66,"[16.09, -0.18, 0.66]",https://www.google.com/search?tbm=isch&q=ncs%20NCS%208502-Y%20color%20swatch,,,,,,,,,,,,,,,,,,,,,,,,,,,,,,,,,,,,,,,,,,,,
DB,ncs,NCS 8505-B20G,#252828,0.2738011334219364,0.004328973988042828,196.78600813730782,37,40,40,"[37, 40, 40]",7%,0%,0%,84%,"[7%, 0%, 0%, 84%]",15.81,-1.40,-0.49,"[15.81, -1.40, -0.49]",https://www.google.com/search?tbm=isch&q=ncs%20NCS%208505-B20G%20color%20swatch,,,,,,,,,,,,,,,,,,,,,,,,,,,,,,,,,,,,,,,,,,,,
DB,ncs,NCS 8505-B80G,#252828,0.2738011334219364,0.004328973988042828,196.78600813730782,37,40,40,"[37, 40, 40]",7%,0%,0%,84%,"[7%, 0%, 0%, 84%]",15.81,-1.40,-0.49,"[15.81, -1.40, -0.49]",https://www.google.com/search?tbm=isch&q=ncs%20NCS%208505-B80G%20color%20swatch,,,,,,,,,,,,,,,,,,,,,,,,,,,,,,,,,,,,,,,,,,,,
DB,ncs,NCS 8505-G20Y,#262825,0.2736731335401906,0.006152470491074999,134.85661406732765,38,40,37,"[38, 40, 37]",5%,0%,7%,84%,"[5%, 0%, 7%, 84%]",15.82,-1.48,1.66,"[15.82, -1.48, 1.66]",https://www.google.com/search?tbm=isch&q=ncs%20NCS%208505-G20Y%20color%20swatch,,,,,,,,,,,,,,,,,,,,,,,,,,,,,,,,,,,,,,,,,,,,
DB,ncs,NCS 8505-G80Y,#282825,0.27573918356460897,0.005416845005018856,106.68627759383287,40,40,37,"[40, 40, 37]",0%,0%,7%,84%,"[0%, 0%, 7%, 84%]",16.03,-0.52,1.99,"[16.03, -0.52, 1.99]",https://www.google.com/search?tbm=isch&q=ncs%20NCS%208505-G80Y%20color%20swatch,,,,,,,,,,,,,,,,,,,,,,,,,,,,,,,,,,,,,,,,,,,,
DB,ncs,NCS 8505-R20B,#282425,0.2651045129609368,0.006246405951263364,0.6146204975196952,40,36,37,"[40, 36, 37]",0%,10%,7%,84%,"[0%, 10%, 7%, 84%]",14.67,2.11,0.05,"[14.67, 2.11, 0.05]",https://www.google.com/search?tbm=isch&q=ncs%20NCS%208505-R20B%20color%20swatch,,,,,,,,,,,,,,,,,,,,,,,,,,,,,,,,,,,,,,,,,,,,
DB,ncs,NCS 8505-R80B,#242428,0.2619600377311628,0.007387807586792699,285.9222811284503,36,36,40,"[36, 36, 40]",10%,10%,0%,84%,"[10%, 10%, 0%, 84%]",14.32,0.76,-2.67,"[14.32, 0.76, -2.67]",https://www.google.com/search?tbm=isch&q=ncs%20NCS%208505-R80B%20color%20swatch,,,,,,,,,,,,,,,,,,,,,,,,,,,,,,,,,,,,,,,,,,,,
DB,ncs,NCS 8505-Y20R,#282725,0.2730528018531469,0.00393073931320104,84.5469844758951,40,39,37,"[40, 39, 37]",0%,2%,7%,84%,"[0%, 2%, 7%, 84%]",15.69,0.13,1.50,"[15.69, 0.13, 1.50]",https://www.google.com/search?tbm=isch&q=ncs%20NCS%208505-Y20R%20color%20swatch,,,,,,,,,,,,,,,,,,,,,,,,,,,,,,,,,,,,,,,,,,,,
DB,ncs,NCS 8505-Y80R,#282423,0.26435031910788825,0.0063215335231762365,34.351147740188765,40,36,35,"[40, 36, 35]",0%,10%,13%,84%,"[0%, 10%, 13%, 84%]",14.62,1.77,1.39,"[14.62, 1.77, 1.39]",https://www.google.com/search?tbm=isch&q=ncs%20NCS%208505-Y80R%20color%20swatch,,,,,,,,,,,,,,,,,,,,,,,,,,,,,,,,,,,,,,,,,,,,