Type,Adjective,Noun,HEX,OKLCH_L,OKLCH_C,OKLCH_H,RGB_R,RGB_G,RGB_B,RGB,CMYK_C,CMYK_M,CMYK_Y,CMYK_K,CMYK,CIE_L,CIE_A,CIE_B,CIE_LAB,ERP_Code,Note,Tags,Sheen,Profile,Visual_Pattern,Tactile_Texture,Material,Illuminant,Observer,Measurement_Method,Measurement_Date,Measurement_Device,R400 nm,R410 nm,R420 nm,R430 nm,R440 nm,R450 nm,R460 nm,R470 nm,R480 nm,R490 nm,R500 nm,R510 nm,R520 nm,R530 nm,R540 nm,R550 nm,R560 nm,R570 nm,R580 nm,R590 nm,R600 nm,R610 nm,R620 nm,R630 nm,R640 nm,R650 nm,R660 nm,R670 nm,R680 nm,R690 nm,R700 nm,Spectral
DB,ppg,PPG 1001-1 Delicate White,#f1f2ee,0.9592756470751826,0.005426359379541602,117.64754443574338,241,242,238,"[241, 242, 238]",0%,0%,2%,5%,"[0%, 0%, 2%, 5%]",95.33,-0.87,1.83,"[95.33, -0.87, 1.83]",https://www.google.com/search?tbm=isch&q=ppg%20PPG%201001-1%20Delicate%20White%20color%20swatch,,,,,,,,,,,,,,,,,,,,,,,,,,,,,,,,,,,,,,,,,,,,
DB,ppg,PPG 1001-2 Aria,#e3e4e2,0.9175334413429709,0.0029021542132250198,127.91739542123548,227,228,226,"[227, 228, 226]",0%,0%,1%,11%,"[0%, 0%, 1%, 11%]",90.47,-0.61,0.87,"[90.47, -0.61, 0.87]",https://www.google.com/search?tbm=isch&q=ppg%20PPG%201001-2%20Aria%20color%20swatch,,,,,,,,,,,,,,,,,,,,,,,,,,,,,,,,,,,,,,,,,,,,
DB,ppg,PPG 1001-3 Thin Ice,#d9dcdb,0.8918836467470997,0.0035097895780805337,173.92203142179517,217,220,219,"[217, 220, 219]",1%,0%,0%,14%,"[1%, 0%, 0%, 14%]",87.50,-1.18,0.13,"[87.50, -1.18, 0.13]",https://www.google.com/search?tbm=isch&q=ppg%20PPG%201001-3%20Thin%20Ice%20color%20swatch,,,,,,,,,,,,,,,,,,,,,,,,,,,,,,,,,,,,,,,,,,,,
DB,ppg,PPG 1001-4 Flagstone,#acadad,0.7468167341709809,0.0011225251364536423,195.91271559396148,172,173,173,"[172, 173, 173]",1%,0%,0%,32%,"[1%, 0%, 0%, 32%]",70.64,-0.36,-0.12,"[70.64, -0.36, -0.12]",https://www.google.com/search?tbm=isch&q=ppg%20PPG%201001-4%20Flagstone%20color%20swatch,,,,,,,,,,,,,,,,,,,,,,,,,,,,,,,,,,,,,,,,,,,,
DB,ppg,PPG 1001-5 Dover Gray,#848585,0.6158559887505946,0.001181140636180267,196.16966414583703,132,133,133,"[132, 133, 133]",1%,0%,0%,48%,"[1%, 0%, 0%, 48%]",55.45,-0.38,-0.13,"[55.45, -0.38, -0.13]",https://www.google.com/search?tbm=isch&q=ppg%20PPG%201001-5%20Dover%20Gray%20color%20swatch,,,,,,,,,,,,,,,,,,,,,,,,,,,,,,,,,,,,,,,,,,,,
DB,ppg,PPG 1001-6 Knight's Armor,#5c5d5d,0.4774533108680248,0.0012618333992478095,196.41996531238453,92,93,93,"[92, 93, 93]",1%,0%,0%,64%,"[1%, 0%, 0%, 64%]",39.40,-0.41,-0.14,"[39.40, -0.41, -0.14]",https://www.google.com/search?tbm=isch&q=ppg%20PPG%201001-6%20Knight's%20Armor%20color%20swatch,,,,,,,,,,,,,,,,,,,,,,,,,,,,,,,,,,,,,,,,,,,,
DB,ppg,PPG 1001-7 Black Magic,#414040,0.37247100346119344,0.001369019620377713,17.715268734744882,65,64,64,"[65, 64, 64]",0%,2%,2%,75%,"[0%, 2%, 2%, 75%]",27.19,0.44,0.16,"[27.19, 0.44, 0.16]",https://www.google.com/search?tbm=isch&q=ppg%20PPG%201001-7%20Black%20Magic%20color%20swatch,,,,,,,,,,,,,,,,,,,,,,,,,,,,,,,,,,,,,,,,,,,,
DB,ppg,PPG 1002-1 Silver Feather,#edebe7,0.940500501280045,0.005807208864117217,84.4886163947607,237,235,231,"[237, 235, 231]",0%,1%,3%,7%,"[0%, 1%, 3%, 7%]",93.12,0.18,2.21,"[93.12, 0.18, 2.21]",https://www.google.com/search?tbm=isch&q=ppg%20PPG%201002-1%20Silver%20Feather%20color%20swatch,,,,,,,,,,,,,,,,,,,,,,,,,,,,,,,,,,,,,,,,,,,,
DB,ppg,PPG 1002-2 Arctic Cotton,#e6e3df,0.9170486694984925,0.006342330736163251,75.3835503763085,230,227,223,"[230, 227, 223]",0%,1%,3%,10%,"[0%, 1%, 3%, 10%]",90.39,0.53,2.35,"[90.39, 0.53, 2.35]",https://www.google.com/search?tbm=isch&q=ppg%20PPG%201002-2%20Arctic%20Cotton%20color%20swatch,,,,,,,,,,,,,,,,,,,,,,,,,,,,,,,,,,,,,,,,,,,,
DB,ppg,PPG 1002-3 Cool Slate,#d0ccc5,0.846434934452206,0.010607581975562034,81.76141049175095,208,204,197,"[208, 204, 197]",0%,2%,5%,18%,"[0%, 2%, 5%, 18%]",82.22,0.51,4.03,"[82.22, 0.51, 4.03]",https://www.google.com/search?tbm=isch&q=ppg%20PPG%201002-3%20Cool%20Slate%20color%20swatch,,,,,,,,,,,,,,,,,,,,,,,,,,,,,,,,,,,,,,,,,,,,
DB,ppg,PPG 1002-4 Gray Marble,#b9b4b1,0.773149906289613,0.007137260601121716,53.4898951327076,185,180,177,"[185, 180, 177]",0%,3%,4%,27%,"[0%, 3%, 4%, 27%]",73.66,1.43,2.21,"[73.66, 1.43, 2.21]",https://www.google.com/search?tbm=isch&q=ppg%20PPG%201002-4%20Gray%20Marble%20color%20swatch,,,,,,,,,,,,,,,,,,,,,,,,,,,,,,,,,,,,,,,,,,,,
DB,ppg,PPG 1002-5 Antique Silver,#918e8c,0.6486735388584925,0.004658846088069283,56.41614312135073,145,142,140,"[145, 142, 140]",0%,2%,3%,43%,"[0%, 2%, 3%, 43%]",59.23,0.87,1.49,"[59.23, 0.87, 1.49]",https://www.google.com/search?tbm=isch&q=ppg%20PPG%201002-5%20Antique%20Silver%20color%20swatch,,,,,,,,,,,,,,,,,,,,,,,,,,,,,,,,,,,,,,,,,,,,
DB,ppg,PPG 1002-6 Gibraltar Gray,#6f6a68,0.5282044930112583,0.007043673488292753,43.34954144856624,111,106,104,"[111, 106, 104]",0%,5%,6%,56%,"[0%, 5%, 6%, 56%]",45.23,1.73,1.87,"[45.23, 1.73, 1.87]",https://www.google.com/search?tbm=isch&q=ppg%20PPG%201002-6%20Gibraltar%20Gray%20color%20swatch,,,,,,,,,,,,,,,,,,,,,,,,,,,,,,,,,,,,,,,,,,,,
DB,ppg,PPG 1002-7 Phantom Mist,#4b4441,0.3926433826984624,0.010826670329553763,44.75318559830595,75,68,65,"[75, 68, 65]",0%,9%,13%,71%,"[0%, 9%, 13%, 71%]",29.49,2.62,2.96,"[29.49, 2.62, 2.96]",https://www.google.com/search?tbm=isch&q=ppg%20PPG%201002-7%20Phantom%20Mist%20color%20swatch,,,,,,,,,,,,,,,,,,,,,,,,,,,,,,,,,,,,,,,,,,,,
DB,ppg,PPG 1003-1 Fall Chill,#e1dddb,0.9001199191163438,0.005196420792646339,48.83082438759703,225,221,219,"[225, 221, 219]",0%,2%,3%,12%,"[0%, 2%, 3%, 12%]",88.39,1.15,1.50,"[88.39, 1.15, 1.50]",https://www.google.com/search?tbm=isch&q=ppg%20PPG%201003-1%20Fall%20Chill%20color%20swatch,,,,,,,,,,,,,,,,,,,,,,,,,,,,,,,,,,,,,,,,,,,,
DB,ppg,PPG 1003-2 Balanced,#d7d2d1,0.8674638823804419,0.0057286439795586385,31.27500917307333,215,210,209,"[215, 210, 209]",0%,2%,3%,16%,"[0%, 2%, 3%, 16%]",84.58,1.65,1.15,"[84.58, 1.65, 1.15]",https://www.google.com/search?tbm=isch&q=ppg%20PPG%201003-2%20Balanced%20color%20swatch,,,,,,,,,,,,,,,,,,,,,,,,,,,,,,,,,,,,,,,,,,,,
DB,ppg,PPG 1003-3 Silver Bells,#b8b4b6,0.7737893755359727,0.005299918227090616,345.65107288074216,184,180,182,"[184, 180, 182]",0%,2%,1%,28%,"[0%, 2%, 1%, 28%]",73.69,1.74,-0.48,"[73.69, 1.74, -0.48]",https://www.google.com/search?tbm=isch&q=ppg%20PPG%201003-3%20Silver%20Bells%20color%20swatch,,,,,,,,,,,,,,,,,,,,,,,,,,,,,,,,,,,,,,,,,,,,
DB,ppg,PPG 1003-4 Equilibrium,#a49f9f,0.7067028101147245,0.005833568407881526,17.51450225050172,164,159,159,"[164, 159, 159]",0%,3%,3%,36%,"[0%, 3%, 3%, 36%]",65.92,1.88,0.69,"[65.92, 1.88, 0.69]",https://www.google.com/search?tbm=isch&q=ppg%20PPG%201003-4%20Equilibrium%20color%20swatch,,,,,,,,,,,,,,,,,,,,,,,,,,,,,,,,,,,,,,,,,,,,
DB,ppg,PPG 1003-5 Shining Armor,#908b8e,0.6419969471440723,0.007349896579303693,340.69110098218755,144,139,142,"[144, 139, 142]",0%,3%,1%,44%,"[0%, 3%, 1%, 44%]",58.37,2.35,-0.90,"[58.37, 2.35, -0.90]",https://www.google.com/search?tbm=isch&q=ppg%20PPG%201003-5%20Shining%20Armor%20color%20swatch,,,,,,,,,,,,,,,,,,,,,,,,,,,,,,,,,,,,,,,,,,,,
DB,ppg,PPG 1003-6 Cracked Slate,#69656a,0.5120755103108936,0.009183502351915285,319.56873393859166,105,101,106,"[105, 101, 106]",1%,5%,0%,58%,"[1%, 5%, 0%, 58%]",43.28,2.39,-2.23,"[43.28, 2.39, -2.23]",https://www.google.com/search?tbm=isch&q=ppg%20PPG%201003-6%20Cracked%20Slate%20color%20swatch,,,,,,,,,,,,,,,,,,,,,,,,,,,,,,,,,,,,,,,,,,,,
DB,ppg,PPG 1003-7 Blackhearth,#49454b,0.3965044776611041,0.011215366235571091,314.76391569286534,73,69,75,"[73, 69, 75]",3%,8%,0%,71%,"[3%, 8%, 0%, 71%]",29.85,2.72,-2.98,"[29.85, 2.72, -2.98]",https://www.google.com/search?tbm=isch&q=ppg%20PPG%201003-7%20Blackhearth%20color%20swatch,,,,,,,,,,,,,,,,,,,,,,,,,,,,,,,,,,,,,,,,,,,,
DB,ppg,PPG 1004-1 Go To Gray,#dcd8d7,0.8851056792903915,0.004637564816169521,34.567234930839675,220,216,215,"[220, 216, 215]",0%,2%,2%,14%,"[0%, 2%, 2%, 14%]",86.64,1.29,1.02,"[86.64, 1.29, 1.02]",https://www.google.com/search?tbm=isch&q=ppg%20PPG%201004-1%20Go%20To%20Gray%20color%20swatch,,,,,,,,,,,,,,,,,,,,,,,,,,,,,,,,,,,,,,,,,,,,
DB,ppg,PPG 1004-2 Free Reign,#d1cdca,0.8506506351749076,0.006107156365275891,59.70061190171475,209,205,202,"[209, 205, 202]",0%,2%,3%,18%,"[0%, 2%, 3%, 18%]",82.66,1.03,2.02,"[82.66, 1.03, 2.02]",https://www.google.com/search?tbm=isch&q=ppg%20PPG%201004-2%20Free%20Reign%20color%20swatch,,,,,,,,,,,,,,,,,,,,,,,,,,,,,,,,,,,,,,,,,,,,
DB,ppg,PPG 1004-3 Hush,#c4bdba,0.8032086814552986,0.009002313189176488,44.955740064651195,196,189,186,"[196, 189, 186]",0%,4%,5%,23%,"[0%, 4%, 5%, 23%]",77.13,2.15,2.45,"[77.13, 2.15, 2.45]",https://www.google.com/search?tbm=isch&q=ppg%20PPG%201004-3%20Hush%20color%20swatch,,,,,,,,,,,,,,,,,,,,,,,,,,,,,,,,,,,,,,,,,,,,
DB,ppg,PPG 1004-4 Silver Service,#b2aaaa,0.7446878303599324,0.009232850825164104,17.509507587649296,178,170,170,"[178, 170, 170]",0%,4%,4%,30%,"[0%, 4%, 4%, 30%]",70.29,2.97,1.09,"[70.29, 2.97, 1.09]",https://www.google.com/search?tbm=isch&q=ppg%20PPG%201004-4%20Silver%20Service%20color%20swatch,,,,,,,,,,,,,,,,,,,,,,,,,,,,,,,,,,,,,,,,,,,,
DB,ppg,PPG 1004-5 Pewter Mug,#8b8283,0.6148752717941631,0.011002515915563851,9.826444598394346,139,130,131,"[139, 130, 131]",0%,6%,6%,45%,"[0%, 6%, 6%, 45%]",55.20,3.66,0.75,"[55.20, 3.66, 0.75]",https://www.google.com/search?tbm=isch&q=ppg%20PPG%201004-5%20Pewter%20Mug%20color%20swatch,,,,,,,,,,,,,,,,,,,,,,,,,,,,,,,,,,,,,,,,,,,,
DB,ppg,PPG 1004-6 Phantom Hue,#645d5e,0.4852547887807052,0.009129711275790594,7.66248700188396,100,93,94,"[100, 93, 94]",0%,7%,6%,61%,"[0%, 7%, 6%, 61%]",40.18,3.05,0.49,"[40.18, 3.05, 0.49]",https://www.google.com/search?tbm=isch&q=ppg%20PPG%201004-6%20Phantom%20Hue%20color%20swatch,,,,,,,,,,,,,,,,,,,,,,,,,,,,,,,,,,,,,,,,,,,,
DB,ppg,PPG 1004-7 Black Elegance,#50484a,0.4102863506068386,0.011220544457533345,0.7058798631119316,80,72,74,"[80, 72, 74]",0%,10%,7%,69%,"[0%, 10%, 7%, 69%]",31.45,3.78,0.09,"[31.45, 3.78, 0.09]",https://www.google.com/search?tbm=isch&q=ppg%20PPG%201004-7%20Black%20Elegance%20color%20swatch,,,,,,,,,,,,,,,,,,,,,,,,,,,,,,,,,,,,,,,,,,,,
DB,ppg,PPG 1005-1 Dusky Dawn,#e5e1de,0.9120316438739349,0.006004068341149685,59.71508197072188,229,225,222,"[229, 225, 222]",0%,2%,3%,10%,"[0%, 2%, 3%, 10%]",89.78,1.01,1.99,"[89.78, 1.01, 1.99]",https://www.google.com/search?tbm=isch&q=ppg%20PPG%201005-1%20Dusky%20Dawn%20color%20swatch,,,,,,,,,,,,,,,,,,,,,,,,,,,,,,,,,,,,,,,,,,,,
DB,ppg,PPG 1005-2 Elusion,#d2cfcc,0.856036739216211,0.005331731962937912,67.77846370248574,210,207,204,"[210, 207, 204]",0%,1%,3%,18%,"[0%, 1%, 3%, 18%]",83.30,0.67,1.89,"[83.30, 0.67, 1.89]",https://www.google.com/search?tbm=isch&q=ppg%20PPG%201005-2%20Elusion%20color%20swatch,,,,,,,,,,,,,,,,,,,,,,,,,,,,,,,,,,,,,,,,,,,,
DB,ppg,PPG 1005-3 Gray Shadows,#c2bdba,0.8015589393037689,0.007073616485445457,53.499017201624156,194,189,186,"[194, 189, 186]",0%,3%,4%,24%,"[0%, 3%, 4%, 24%]",76.96,1.42,2.19,"[76.96, 1.42, 2.19]",https://www.google.com/search?tbm=isch&q=ppg%20PPG%201005-3%20Gray%20Shadows%20color%20swatch,,,,,,,,,,,,,,,,,,,,,,,,,,,,,,,,,,,,,,,,,,,,
DB,ppg,PPG 1005-4 Slate Pebble,#b4ada9,0.7522663111638683,0.009895255970174457,52.108911316844626,180,173,169,"[180, 173, 169]",0%,4%,6%,29%,"[0%, 4%, 6%, 29%]",71.23,2.05,3.01,"[71.23, 2.05, 3.01]",https://www.google.com/search?tbm=isch&q=ppg%20PPG%201005-4%20Slate%20Pebble%20color%20swatch,,,,,,,,,,,,,,,,,,,,,,,,,,,,,,,,,,,,,,,,,,,,
DB,ppg,PPG 1005-5 Elephant Gray,#8d847f,0.6197715404218824,0.013253756967354209,51.23845915482531,141,132,127,"[141, 132, 127]",0%,6%,10%,45%,"[0%, 6%, 10%, 45%]",55.84,2.83,4.00,"[55.84, 2.83, 4.00]",https://www.google.com/search?tbm=isch&q=ppg%20PPG%201005-5%20Elephant%20Gray%20color%20swatch,,,,,,,,,,,,,,,,,,,,,,,,,,,,,,,,,,,,,,,,,,,,
DB,ppg,PPG 1005-6 Oswego Tea,#665d59,0.48561063697233203,0.013302976104915536,45.601693557429485,102,93,89,"[102, 93, 89]",0%,9%,13%,60%,"[0%, 9%, 13%, 60%]",40.26,3.18,3.69,"[40.26, 3.18, 3.69]",https://www.google.com/search?tbm=isch&q=ppg%20PPG%201005-6%20Oswego%20Tea%20color%20swatch,,,,,,,,,,,,,,,,,,,,,,,,,,,,,,,,,,,,,,,,,,,,
DB,ppg,PPG 1005-7 Dark Granite,#4f443f,0.396259719178725,0.017287754125946155,45.97498369717414,79,68,63,"[79, 68, 63]",0%,14%,20%,69%,"[0%, 14%, 20%, 69%]",29.87,4.15,4.86,"[29.87, 4.15, 4.86]",https://www.google.com/search?tbm=isch&q=ppg%20PPG%201005-7%20Dark%20Granite%20color%20swatch,,,,,,,,,,,,,,,,,,,,,,,,,,,,,,,,,,,,,,,,,,,,
DB,ppg,PPG 1006-1 Gypsum,#eeede4,0.9444000544052088,0.012041805973924164,101.40241343503175,238,237,228,"[238, 237, 228]",0%,0%,4%,7%,"[0%, 0%, 4%, 7%]",93.64,-0.81,4.51,"[93.64, -0.81, 4.51]",https://www.google.com/search?tbm=isch&q=ppg%20PPG%201006-1%20Gypsum%20color%20swatch,,,,,,,,,,,,,,,,,,,,,,,,,,,,,,,,,,,,,,,,,,,,
DB,ppg,PPG 1006-2 Shark,#dfdcd5,0.8948878020234996,0.010044302372868978,87.42185252547455,223,220,213,"[223, 220, 213]",0%,1%,4%,13%,"[0%, 1%, 4%, 13%]",87.85,0.15,3.84,"[87.85, 0.15, 3.84]",https://www.google.com/search?tbm=isch&q=ppg%20PPG%201006-2%20Shark%20color%20swatch,,,,,,,,,,,,,,,,,,,,,,,,,,,,,,,,,,,,,,,,,,,,
DB,ppg,PPG 1006-3 Early Evening,#cac7bf,0.8298136998150821,0.011525050541336597,89.68788826757532,202,199,191,"[202, 199, 191]",0%,1%,5%,21%,"[0%, 1%, 5%, 21%]",80.32,0.02,4.42,"[80.32, 0.02, 4.42]",https://www.google.com/search?tbm=isch&q=ppg%20PPG%201006-3%20Early%20Evening%20color%20swatch,,,,,,,,,,,,,,,,,,,,,,,,,,,,,,,,,,,,,,,,,,,,
DB,ppg,PPG 1006-4 Mercurial,#b6b0a9,0.7601373176972768,0.012053810886653728,71.85926610985291,182,176,169,"[182, 176, 169]",0%,3%,7%,29%,"[0%, 3%, 7%, 29%]",72.19,1.28,4.41,"[72.19, 1.28, 4.41]",https://www.google.com/search?tbm=isch&q=ppg%20PPG%201006-4%20Mercurial%20color%20swatch,,,,,,,,,,,,,,,,,,,,,,,,,,,,,,,,,,,,,,,,,,,,
DB,ppg,PPG 1006-5 So Sublime,#8b847c,0.6170923039669852,0.014583137035470999,71.22935245471041,139,132,124,"[139, 132, 124]",0%,5%,11%,45%,"[0%, 5%, 11%, 45%]",55.59,1.63,5.33,"[55.59, 1.63, 5.33]",https://www.google.com/search?tbm=isch&q=ppg%20PPG%201006-5%20So%20Sublime%20color%20swatch,,,,,,,,,,,,,,,,,,,,,,,,,,,,,,,,,,,,,,,,,,,,
DB,ppg,PPG 1006-6 Deconstruction,#7b736b,0.5603312257384921,0.015701811991720455,67.50093152605427,123,115,107,"[123, 115, 107]",0%,7%,13%,52%,"[0%, 7%, 13%, 52%]",48.99,2.10,5.62,"[48.99, 2.10, 5.62]",https://www.google.com/search?tbm=isch&q=ppg%20PPG%201006-6%20Deconstruction%20color%20swatch,,,,,,,,,,,,,,,,,,,,,,,,,,,,,,,,,,,,,,,,,,,,
DB,ppg,PPG 1006-7 Metropolis,#61584f,0.4662380006436779,0.01845808003833766,67.34897816320938,97,88,79,"[97, 88, 79]",0%,9%,19%,62%,"[0%, 9%, 19%, 62%]",38.07,2.54,6.64,"[38.07, 2.54, 6.64]",https://www.google.com/search?tbm=isch&q=ppg%20PPG%201006-7%20Metropolis%20color%20swatch,,,,,,,,,,,,,,,,,,,,,,,,,,,,,,,,,,,,,,,,,,,,
DB,ppg,PPG 1007-1 Willow Springs,#e7e6e0,0.9240424464009177,0.008137406082414762,98.77324848617815,231,230,224,"[231, 230, 224]",0%,0%,3%,9%,"[0%, 0%, 3%, 9%]",91.25,-0.43,3.07,"[91.25, -0.43, 3.07]",https://www.google.com/search?tbm=isch&q=ppg%20PPG%201007-1%20Willow%20Springs%20color%20swatch,,,,,,,,,,,,,,,,,,,,,,,,,,,,,,,,,,,,,,,,,,,,
DB,ppg,PPG 1007-2 Swirling Smoke,#cecac1,0.8396797077517238,0.01314228098452382,86.80033117974943,206,202,193,"[206, 202, 193]",0%,2%,6%,19%,"[0%, 2%, 6%, 19%]",81.46,0.26,5.04,"[81.46, 0.26, 5.04]",https://www.google.com/search?tbm=isch&q=ppg%20PPG%201007-2%20Swirling%20Smoke%20color%20swatch,,,,,,,,,,,,,,,,,,,,,,,,,,,,,,,,,,,,,,,,,,,,
DB,ppg,PPG 1007-3 Ghost Writer,#bcb7ad,0.7806830003631097,0.015076980857028225,84.56131130959034,188,183,173,"[188, 183, 173]",0%,3%,8%,26%,"[0%, 3%, 8%, 26%]",74.62,0.51,5.77,"[74.62, 0.51, 5.77]",https://www.google.com/search?tbm=isch&q=ppg%20PPG%201007-3%20Ghost%20Writer%20color%20swatch,,,,,,,,,,,,,,,,,,,,,,,,,,,,,,,,,,,,,,,,,,,,
DB,ppg,PPG 1007-4 Hot Stone,#aba89e,0.7311879652099527,0.014584033886682635,92.99311819381569,171,168,158,"[171, 168, 158]",0%,2%,8%,33%,"[0%, 2%, 8%, 33%]",68.90,-0.23,5.60,"[68.90, -0.23, 5.60]",https://www.google.com/search?tbm=isch&q=ppg%20PPG%201007-4%20Hot%20Stone%20color%20swatch,,,,,,,,,,,,,,,,,,,,,,,,,,,,,,,,,,,,,,,,,,,,
DB,ppg,PPG 1007-5 Lazy Afternoon,#97928b,0.6621465531644251,0.01181391012936927,76.5482607719025,151,146,139,"[151, 146, 139]",0%,3%,8%,41%,"[0%, 3%, 8%, 41%]",60.83,0.95,4.42,"[60.83, 0.95, 4.42]",https://www.google.com/search?tbm=isch&q=ppg%20PPG%201007-5%20Lazy%20Afternoon%20color%20swatch,,,,,,,,,,,,,,,,,,,,,,,,,,,,,,,,,,,,,,,,,,,,
DB,ppg,PPG 1007-6 Cool Charcoal,#807b76,0.5857911066906732,0.009725590804569,67.64270104229882,128,123,118,"[128, 123, 118]",0%,4%,8%,50%,"[0%, 4%, 8%, 50%]",51.95,1.26,3.46,"[51.95, 1.26, 3.46]",https://www.google.com/search?tbm=isch&q=ppg%20PPG%201007-6%20Cool%20Charcoal%20color%20swatch,,,,,,,,,,,,,,,,,,,,,,,,,,,,,,,,,,,,,,,,,,,,
DB,ppg,PPG 1007-7 Bark,#5f5854,0.46575477445777946,0.011176956412870342,51.943841352445645,95,88,84,"[95, 88, 84]",0%,7%,12%,63%,"[0%, 7%, 12%, 63%]",37.98,2.35,3.41,"[37.98, 2.35, 3.41]",https://www.google.com/search?tbm=isch&q=ppg%20PPG%201007-7%20Bark%20color%20swatch,,,,,,,,,,,,,,,,,,,,,,,,,,,,,,,,,,,,,,,,,,,,
DB,ppg,PPG 1008-1 Focus,#e5e0d2,0.9068108032596213,0.019565676825790263,90.51746650155201,229,224,210,"[229, 224, 210]",0%,2%,8%,10%,"[0%, 2%, 8%, 10%]",89.29,-0.02,7.53,"[89.29, -0.02, 7.53]",https://www.google.com/search?tbm=isch&q=ppg%20PPG%201008-1%20Focus%20color%20swatch,,,,,,,,,,,,,,,,,,,,,,,,,,,,,,,,,,,,,,,,,,,,
DB,ppg,PPG 1008-2 Storm's Coming,#cfc9bc,0.8371238350118024,0.019019577771363632,86.12881907497956,207,201,188,"[207, 201, 188]",0%,3%,9%,19%,"[0%, 3%, 9%, 19%]",81.18,0.49,7.31,"[81.18, 0.49, 7.31]",https://www.google.com/search?tbm=isch&q=ppg%20PPG%201008-2%20Storm's%20Coming%20color%20swatch,,,,,,,,,,,,,,,,,,,,,,,,,,,,,,,,,,,,,,,,,,,,
DB,ppg,PPG 1008-3 Greyhound,#b2aca2,0.7465391821278008,0.0157190387028983,80.67475452471973,178,172,162,"[178, 172, 162]",0%,3%,9%,30%,"[0%, 3%, 9%, 30%]",70.64,0.90,5.98,"[70.64, 0.90, 5.98]",https://www.google.com/search?tbm=isch&q=ppg%20PPG%201008-3%20Greyhound%20color%20swatch,,,,,,,,,,,,,,,,,,,,,,,,,,,,,,,,,,,,,,,,,,,,
DB,ppg,PPG 1008-4 Gray By Me,#a1988b,0.6836728721947493,0.021484604046511646,77.23987343538215,161,152,139,"[161, 152, 139]",0%,6%,14%,37%,"[0%, 6%, 14%, 37%]",63.35,1.72,8.12,"[63.35, 1.72, 8.12]",https://www.google.com/search?tbm=isch&q=ppg%20PPG%201008-4%20Gray%20By%20Me%20color%20swatch,,,,,,,,,,,,,,,,,,,,,,,,,,,,,,,,,,,,,,,,,,,,
DB,ppg,PPG 1008-5 Roller Coaster,#8c8578,0.6190428674359152,0.02087621526766513,83.0304158907901,140,133,120,"[140, 133, 120]",0%,5%,14%,45%,"[0%, 5%, 14%, 45%]",55.88,0.98,8.04,"[55.88, 0.98, 8.04]",https://www.google.com/search?tbm=isch&q=ppg%20PPG%201008-5%20Roller%20Coaster%20color%20swatch,,,,,,,,,,,,,,,,,,,,,,,,,,,,,,,,,,,,,,,,,,,,
DB,ppg,PPG 1008-6 Artillery,#746f67,0.5437530059689735,0.013703741574028847,79.72654967965923,116,111,103,"[116, 111, 103]",0%,4%,11%,55%,"[0%, 4%, 11%, 55%]",47.11,0.88,5.21,"[47.11, 0.88, 5.21]",https://www.google.com/search?tbm=isch&q=ppg%20PPG%201008-6%20Artillery%20color%20swatch,,,,,,,,,,,,,,,,,,,,,,,,,,,,,,,,,,,,,,,,,,,,
DB,ppg,PPG 1008-7 Stone's Throw,#605c58,0.4772052783274352,0.008188652349338027,67.63586041256838,96,92,88,"[96, 92, 88]",0%,4%,8%,62%,"[0%, 4%, 8%, 62%]",39.35,1.06,2.92,"[39.35, 1.06, 2.92]",https://www.google.com/search?tbm=isch&q=ppg%20PPG%201008-7%20Stone's%20Throw%20color%20swatch,,,,,,,,,,,,,,,,,,,,,,,,,,,,,,,,,,,,,,,,,,,,
DB,ppg,PPG 1009-1 Tundra Frost,#e1e1db,0.9080671659302259,0.008086729382073108,106.4201913043022,225,225,219,"[225, 225, 219]",0%,0%,3%,12%,"[0%, 0%, 3%, 12%]",89.40,-0.79,2.96,"[89.40, -0.79, 2.96]",https://www.google.com/search?tbm=isch&q=ppg%20PPG%201009-1%20Tundra%20Frost%20color%20swatch,,,,,,,,,,,,,,,,,,,,,,,,,,,,,,,,,,,,,,,,,,,,
DB,ppg,PPG 1009-2 Tornado,#d1d3cf,0.8641581300636569,0.0058683561880256046,128.26912591429664,209,211,207,"[209, 211, 207]",1%,0%,2%,17%,"[1%, 0%, 2%, 17%]",84.31,-1.24,1.75,"[84.31, -1.24, 1.75]",https://www.google.com/search?tbm=isch&q=ppg%20PPG%201009-2%20Tornado%20color%20swatch,,,,,,,,,,,,,,,,,,,,,,,,,,,,,,,,,,,,,,,,,,,,
DB,ppg,PPG 1009-3 Solitary State,#c4c7c4,0.8264458539110637,0.005285694351494456,145.20080834244425,196,199,196,"[196, 199, 196]",2%,0%,2%,22%,"[2%, 0%, 2%, 22%]",79.94,-1.48,1.14,"[79.94, -1.48, 1.14]",https://www.google.com/search?tbm=isch&q=ppg%20PPG%201009-3%20Solitary%20State%20color%20swatch,,,,,,,,,,,,,,,,,,,,,,,,,,,,,,,,,,,,,,,,,,,,
DB,ppg,PPG 1009-4 Gray Stone,#b7b9b5,0.7829935730569734,0.0060121795083393735,128.31043238813413,183,185,181,"[183, 185, 181]",1%,0%,2%,27%,"[1%, 0%, 2%, 27%]",74.90,-1.28,1.79,"[74.90, -1.28, 1.79]",https://www.google.com/search?tbm=isch&q=ppg%20PPG%201009-4%20Gray%20Stone%20color%20swatch,,,,,,,,,,,,,,,,,,,,,,,,,,,,,,,,,,,,,,,,,,,,
DB,ppg,PPG 1009-5 Phoenix Fossil,#8e908d,0.6507567457418331,0.004967011645783937,134.6117667812349,142,144,141,"[142, 144, 141]",1%,0%,2%,44%,"[1%, 0%, 2%, 44%]",59.55,-1.19,1.34,"[59.55, -1.19, 1.34]",https://www.google.com/search?tbm=isch&q=ppg%20PPG%201009-5%20Phoenix%20Fossil%20color%20swatch,,,,,,,,,,,,,,,,,,,,,,,,,,,,,,,,,,,,,,,,,,,,
DB,ppg,PPG 1009-6 Armory,#6a6b65,0.5250101647232142,0.009308776776573139,114.31351353466471,106,107,101,"[106, 107, 101]",1%,0%,6%,58%,"[1%, 0%, 6%, 58%]",44.99,-1.30,3.24,"[44.99, -1.30, 3.24]",https://www.google.com/search?tbm=isch&q=ppg%20PPG%201009-6%20Armory%20color%20swatch,,,,,,,,,,,,,,,,,,,,,,,,,,,,,,,,,,,,,,,,,,,,
DB,ppg,PPG 1009-7 Licorice,#4e4f48,0.42437543345236517,0.011390864269063793,113.42732798302171,78,79,72,"[78, 79, 72]",1%,0%,9%,69%,"[1%, 0%, 9%, 69%]",33.34,-1.51,4.01,"[33.34, -1.51, 4.01]",https://www.google.com/search?tbm=isch&q=ppg%20PPG%201009-7%20Licorice%20color%20swatch,,,,,,,,,,,,,,,,,,,,,,,,,,,,,,,,,,,,,,,,,,,,
DB,ppg,PPG 1010-1 Pegasus,#e8e9e4,0.9318597456046356,0.006777857448865888,115.50480722579573,232,233,228,"[232, 233, 228]",0%,0%,2%,9%,"[0%, 0%, 2%, 9%]",92.16,-1.00,2.33,"[92.16, -1.00, 2.33]",https://www.google.com/search?tbm=isch&q=ppg%20PPG%201010-1%20Pegasus%20color%20swatch,,,,,,,,,,,,,,,,,,,,,,,,,,,,,,,,,,,,,,,,,,,,
DB,ppg,PPG 1010-2 Fog,#d6d7d2,0.8769714680034435,0.006878729203220765,115.53043324072235,214,215,210,"[214, 215, 210]",0%,0%,2%,16%,"[0%, 0%, 2%, 16%]",85.80,-1.02,2.36,"[85.80, -1.02, 2.36]",https://www.google.com/search?tbm=isch&q=ppg%20PPG%201010-2%20Fog%20color%20swatch,,,,,,,,,,,,,,,,,,,,,,,,,,,,,,,,,,,,,,,,,,,,
DB,ppg,PPG 1010-3 Solstice,#babdb8,0.7945317024770258,0.007704122543209215,132.2374820666538,186,189,184,"[186, 189, 184]",2%,0%,3%,26%,"[2%, 0%, 3%, 26%]",76.26,-1.77,2.16,"[76.26, -1.77, 2.16]",https://www.google.com/search?tbm=isch&q=ppg%20PPG%201010-3%20Solstice%20color%20swatch,,,,,,,,,,,,,,,,,,,,,,,,,,,,,,,,,,,,,,,,,,,,
DB,ppg,PPG 1010-4 Stepping Stone,#a4a7a4,0.725040610191608,0.005459642425741419,145.24231669983737,164,167,164,"[164, 167, 164]",2%,0%,2%,35%,"[2%, 0%, 2%, 35%]",68.18,-1.53,1.17,"[68.18, -1.53, 1.17]",https://www.google.com/search?tbm=isch&q=ppg%20PPG%201010-4%20Stepping%20Stone%20color%20swatch,,,,,,,,,,,,,,,,,,,,,,,,,,,,,,,,,,,,,,,,,,,,
DB,ppg,PPG 1010-5 Downpour,#898a86,0.6313549187099979,0.006008449545392679,117.82927637028342,137,138,134,"[137, 138, 134]",1%,0%,3%,46%,"[1%, 0%, 3%, 46%]",57.30,-0.96,2.02,"[57.30, -0.96, 2.02]",https://www.google.com/search?tbm=isch&q=ppg%20PPG%201010-5%20Downpour%20color%20swatch,,,,,,,,,,,,,,,,,,,,,,,,,,,,,,,,,,,,,,,,,,,,
DB,ppg,PPG 1010-6 Up In Smoke,#6e706d,0.5424591899126648,0.005195231096762959,134.67381168588554,110,112,109,"[110, 112, 109]",2%,0%,3%,56%,"[2%, 0%, 3%, 56%]",46.99,-1.25,1.40,"[46.99, -1.25, 1.40]",https://www.google.com/search?tbm=isch&q=ppg%20PPG%201010-6%20Up%20In%20Smoke%20color%20swatch,,,,,,,,,,,,,,,,,,,,,,,,,,,,,,,,,,,,,,,,,,,,
DB,ppg,PPG 1010-7 Zombie,#595a5c,0.4673736903313791,0.003433077086070278,264.58690513026545,89,90,92,"[89, 90, 92]",3%,2%,0%,64%,"[3%, 2%, 0%, 64%]",38.20,-0.09,-1.30,"[38.20, -0.09, -1.30]",https://www.google.com/search?tbm=isch&q=ppg%20PPG%201010-7%20Zombie%20color%20swatch,,,,,,,,,,,,,,,,,,,,,,,,,,,,,,,,,,,,,,,,,,,,
DB,ppg,PPG 1011-1 Pacific Pearl,#e8eae6,0.934394749090357,0.00575701508774177,128.2343525256358,232,234,230,"[232, 234, 230]",1%,0%,2%,8%,"[1%, 0%, 2%, 8%]",92.46,-1.22,1.71,"[92.46, -1.22, 1.71]",https://www.google.com/search?tbm=isch&q=ppg%20PPG%201011-1%20Pacific%20Pearl%20color%20swatch,,,,,,,,,,,,,,,,,,,,,,,,,,,,,,,,,,,,,,,,,,,,
DB,ppg,PPG 1011-2 Elemental,#d0d3d3,0.8645250131925947,0.0032682124511304034,196.6101162762219,208,211,211,"[208, 211, 211]",1%,0%,0%,17%,"[1%, 0%, 0%, 17%]",84.32,-1.06,-0.37,"[84.32, -1.06, -0.37]",https://www.google.com/search?tbm=isch&q=ppg%20PPG%201011-2%20Elemental%20color%20swatch,,,,,,,,,,,,,,,,,,,,,,,,,,,,,,,,,,,,,,,,,,,,
DB,ppg,PPG 1011-3 Stargazer,#afb4b6,0.7665439725183686,0.00629848029655721,223.34127949355434,175,180,182,"[175, 180, 182]",4%,1%,0%,29%,"[4%, 1%, 0%, 29%]",72.95,-1.53,-1.65,"[72.95, -1.53, -1.65]",https://www.google.com/search?tbm=isch&q=ppg%20PPG%201011-3%20Stargazer%20color%20swatch,,,,,,,,,,,,,,,,,,,,,,,,,,,,,,,,,,,,,,,,,,,,
DB,ppg,PPG 1011-4 Ufo,#989fa3,0.6980861235630106,0.009929667950509626,232.3735430508209,152,159,163,"[152, 159, 163]",7%,2%,0%,36%,"[7%, 2%, 0%, 36%]",65.01,-1.99,-3.00,"[65.01, -1.99, -3.00]",https://www.google.com/search?tbm=isch&q=ppg%20PPG%201011-4%20Ufo%20color%20swatch,,,,,,,,,,,,,,,,,,,,,,,,,,,,,,,,,,,,,,,,,,,,
DB,ppg,PPG 1011-5 Improbable,#6e7376,0.5522185147293259,0.007653277432516468,233.68504070386655,110,115,118,"[110, 115, 118]",7%,3%,0%,54%,"[7%, 3%, 0%, 54%]",48.08,-1.49,-2.35,"[48.08, -1.49, -2.35]",https://www.google.com/search?tbm=isch&q=ppg%20PPG%201011-5%20Improbable%20color%20swatch,,,,,,,,,,,,,,,,,,,,,,,,,,,,,,,,,,,,,,,,,,,,
DB,ppg,PPG 1011-6 Glazed Granite,#5b5e61,0.48027123624870255,0.006106185191629482,247.93490047804949,91,94,97,"[91, 94, 97]",6%,3%,0%,62%,"[6%, 3%, 0%, 62%]",39.71,-0.73,-2.15,"[39.71, -0.73, -2.15]",https://www.google.com/search?tbm=isch&q=ppg%20PPG%201011-6%20Glazed%20Granite%20color%20swatch,,,,,,,,,,,,,,,,,,,,,,,,,,,,,,,,,,,,,,,,,,,,
DB,ppg,PPG 1011-7 Onyx,#464544,0.39103717200144544,0.002163574017442491,67.78984292796798,70,69,68,"[70, 69, 68]",0%,1%,3%,73%,"[0%, 1%, 3%, 73%]",29.36,0.27,0.77,"[29.36, 0.27, 0.77]",https://www.google.com/search?tbm=isch&q=ppg%20PPG%201011-7%20Onyx%20color%20swatch,,,,,,,,,,,,,,,,,,,,,,,,,,,,,,,,,,,,,,,,,,,,
DB,ppg,PPG 1012-1 Icy Bay,#e0e5e2,0.9172306950584475,0.006696722049199544,159.7659627803455,224,229,226,"[224, 229, 226]",2%,0%,1%,10%,"[2%, 0%, 1%, 10%]",90.49,-2.14,0.86,"[90.49, -2.14, 0.86]",https://www.google.com/search?tbm=isch&q=ppg%20PPG%201012-1%20Icy%20Bay%20color%20swatch,,,,,,,,,,,,,,,,,,,,,,,,,,,,,,,,,,,,,,,,,,,,
DB,ppg,PPG 1012-2 Inverness Gray,#dce3e2,0.9102037367927716,0.00763362894875195,186.63656250334498,220,227,226,"[220, 227, 226]",3%,0%,0%,11%,"[3%, 0%, 0%, 11%]",89.67,-2.57,-0.36,"[89.67, -2.57, -0.36]",https://www.google.com/search?tbm=isch&q=ppg%20PPG%201012-2%20Inverness%20Gray%20color%20swatch,,,,,,,,,,,,,,,,,,,,,,,,,,,,,,,,,,,,,,,,,,,,
DB,ppg,PPG 1012-3 Tinsel,#d2d9db,0.8805047659783677,0.008077268491020558,216.48280771212956,210,217,219,"[210, 217, 219]",4%,1%,0%,14%,"[4%, 1%, 0%, 14%]",86.19,-2.17,-1.84,"[86.19, -2.17, -1.84]",https://www.google.com/search?tbm=isch&q=ppg%20PPG%201012-3%20Tinsel%20color%20swatch,,,,,,,,,,,,,,,,,,,,,,,,,,,,,,,,,,,,,,,,,,,,
DB,ppg,PPG 1012-4 Gray Frost,#b8bfc2,0.8000548571550679,0.008849460448410082,225.0107790201589,184,191,194,"[184, 191, 194]",5%,2%,0%,24%,"[5%, 2%, 0%, 24%]",76.85,-2.08,-2.39,"[76.85, -2.08, -2.39]",https://www.google.com/search?tbm=isch&q=ppg%20PPG%201012-4%20Gray%20Frost%20color%20swatch,,,,,,,,,,,,,,,,,,,,,,,,,,,,,,,,,,,,,,,,,,,,
DB,ppg,PPG 1012-5 Steeple Gray,#8e9598,0.6650481977586843,0.009258151652514155,225.06474700065849,142,149,152,"[142, 149, 152]",7%,2%,0%,40%,"[7%, 2%, 0%, 40%]",61.19,-2.17,-2.50,"[61.19, -2.17, -2.50]",https://www.google.com/search?tbm=isch&q=ppg%20PPG%201012-5%20Steeple%20Gray%20color%20swatch,,,,,,,,,,,,,,,,,,,,,,,,,,,,,,,,,,,,,,,,,,,,
DB,ppg,PPG 1012-6 Volcanic Ash,#6f7678,0.5605425655459139,0.009007573259828778,216.58468796497903,111,118,120,"[111, 118, 120]",7%,2%,0%,53%,"[7%, 2%, 0%, 53%]",49.08,-2.41,-2.06,"[49.08, -2.41, -2.06]",https://www.google.com/search?tbm=isch&q=ppg%20PPG%201012-6%20Volcanic%20Ash%20color%20swatch,,,,,,,,,,,,,,,,,,,,,,,,,,,,,,,,,,,,,,,,,,,,
DB,ppg,PPG 1012-7 Black Forest,#434b4f,0.40708282923042177,0.01235681643127768,229.1470072734778,67,75,79,"[67, 75, 79]",15%,5%,0%,69%,"[15%, 5%, 0%, 69%]",31.27,-2.62,-3.54,"[31.27, -2.62, -3.54]",https://www.google.com/search?tbm=isch&q=ppg%20PPG%201012-7%20Black%20Forest%20color%20swatch,,,,,,,,,,,,,,,,,,,,,,,,,,,,,,,,,,,,,,,,,,,,
DB,ppg,PPG 1013-1 Radisson,#e5e7e6,0.9261513958658996,0.002523872996972567,164.2608758000914,229,231,230,"[229, 231, 230]",1%,0%,0%,9%,"[1%, 0%, 0%, 9%]",91.47,-0.83,0.25,"[91.47, -0.83, 0.25]",https://www.google.com/search?tbm=isch&q=ppg%20PPG%201013-1%20Radisson%20color%20swatch,,,,,,,,,,,,,,,,,,,,,,,,,,,,,,,,,,,,,,,,,,,,
DB,ppg,PPG 1013-2 Spring Thaw,#d9dcdd,0.8924580620686761,0.003518062866604767,219.22331965673948,217,220,221,"[217, 220, 221]",2%,0%,0%,13%,"[2%, 0%, 0%, 13%]",87.55,-0.91,-0.85,"[87.55, -0.91, -0.85]",https://www.google.com/search?tbm=isch&q=ppg%20PPG%201013-2%20Spring%20Thaw%20color%20swatch,,,,,,,,,,,,,,,,,,,,,,,,,,,,,,,,,,,,,,,,,,,,
DB,ppg,PPG 1013-3 Whirlwind,#bec0c2,0.806799393369413,0.003555161173359834,247.82112381961588,190,192,194,"[190, 192, 194]",2%,1%,0%,24%,"[2%, 1%, 0%, 24%]",77.59,-0.44,-1.25,"[77.59, -0.44, -1.25]",https://www.google.com/search?tbm=isch&q=ppg%20PPG%201013-3%20Whirlwind%20color%20swatch,,,,,,,,,,,,,,,,,,,,,,,,,,,,,,,,,,,,,,,,,,,,
DB,ppg,PPG 1013-4 Silver Charm,#adb0b4,0.7560059505657097,0.006607984215514845,255.49443008707374,173,176,180,"[173, 176, 180]",4%,2%,0%,29%,"[4%, 2%, 0%, 29%]",71.68,-0.52,-2.43,"[71.68, -0.52, -2.43]",https://www.google.com/search?tbm=isch&q=ppg%20PPG%201013-4%20Silver%20Charm%20color%20swatch,,,,,,,,,,,,,,,,,,,,,,,,,,,,,,,,,,,,,,,,,,,,
DB,ppg,PPG 1013-5 Victorian Pewter,#828388,0.6107441743752398,0.007552780798879042,277.1604449828769,130,131,136,"[130, 131, 136]",4%,4%,0%,47%,"[4%, 4%, 0%, 47%]",54.79,0.37,-2.83,"[54.79, 0.37, -2.83]",https://www.google.com/search?tbm=isch&q=ppg%20PPG%201013-5%20Victorian%20Pewter%20color%20swatch,,,,,,,,,,,,,,,,,,,,,,,,,,,,,,,,,,,,,,,,,,,,
DB,ppg,PPG 1013-6 Gray Flannel,#585960,0.46555695609261055,0.011288464468758285,279.497734552467,88,89,96,"[88, 89, 96]",8%,7%,0%,62%,"[8%, 7%, 0%, 62%]",37.92,0.75,-4.19,"[37.92, 0.75, -4.19]",https://www.google.com/search?tbm=isch&q=ppg%20PPG%201013-6%20Gray%20Flannel%20color%20swatch,,,,,,,,,,,,,,,,,,,,,,,,,,,,,,,,,,,,,,,,,,,,
DB,ppg,PPG 1013-7 Napoleon,#404149,0.37737452785099257,0.0136129262389836,280.0867688532188,64,65,73,"[64, 65, 73]",12%,11%,0%,71%,"[12%, 11%, 0%, 71%]",27.67,0.99,-5.02,"[27.67, 0.99, -5.02]",https://www.google.com/search?tbm=isch&q=ppg%20PPG%201013-7%20Napoleon%20color%20swatch,,,,,,,,,,,,,,,,,,,,,,,,,,,,,,,,,,,,,,,,,,,,
DB,ppg,PPG 1014-1 Glacial Ice,#eae9e7,0.9342361168572325,0.002928846077397408,84.40879638429004,234,233,231,"[234, 233, 231]",0%,0%,1%,8%,"[0%, 0%, 1%, 8%]",92.38,0.09,1.11,"[92.38, 0.09, 1.11]",https://www.google.com/search?tbm=isch&q=ppg%20PPG%201014-1%20Glacial%20Ice%20color%20swatch,,,,,,,,,,,,,,,,,,,,,,,,,,,,,,,,,,,,,,,,,,,,
DB,ppg,PPG 1014-2 Gray Whisper,#e6e4e4,0.9204236147363934,0.0021888643670664944,17.965916850709164,230,228,228,"[230, 228, 228]",0%,1%,1%,10%,"[0%, 1%, 1%, 10%]",90.75,0.70,0.26,"[90.75, 0.70, 0.26]",https://www.google.com/search?tbm=isch&q=ppg%20PPG%201014-2%20Gray%20Whisper%20color%20swatch,,,,,,,,,,,,,,,,,,,,,,,,,,,,,,,,,,,,,,,,,,,,
DB,ppg,PPG 1014-3 Silver Screen,#e0dddd,0.8998954794857265,0.0032942883773131354,17.717035819963826,224,221,221,"[224, 221, 221]",0%,1%,1%,12%,"[0%, 1%, 1%, 12%]",88.35,1.06,0.39,"[88.35, 1.06, 0.39]",https://www.google.com/search?tbm=isch&q=ppg%20PPG%201014-3%20Silver%20Screen%20color%20swatch,,,,,,,,,,,,,,,,,,,,,,,,,,,,,,,,,,,,,,,,,,,,
DB,ppg,PPG 1014-4 Jack Rabbit,#c0b2b1,0.7750130455156317,0.01616912334727557,22.5366058283567,192,178,177,"[192, 178, 177]",0%,7%,8%,25%,"[0%, 7%, 8%, 25%]",73.75,5.04,2.42,"[73.75, 5.04, 2.42]",https://www.google.com/search?tbm=isch&q=ppg%20PPG%201014-4%20Jack%20Rabbit%20color%20swatch,,,,,,,,,,,,,,,,,,,,,,,,,,,,,,,,,,,,,,,,,,,,
DB,ppg,PPG 1014-5 Gray Violet,#9b8e8e,0.658128752163716,0.0155846143439747,17.63050104668963,155,142,142,"[155, 142, 142]",0%,8%,8%,39%,"[0%, 8%, 8%, 39%]",60.18,5.01,1.86,"[60.18, 5.01, 1.86]",https://www.google.com/search?tbm=isch&q=ppg%20PPG%201014-5%20Gray%20Violet%20color%20swatch,,,,,,,,,,,,,,,,,,,,,,,,,,,,,,,,,,,,,,,,,,,,
DB,ppg,PPG 1014-6 Eagle Eye,#736665,0.5222132213682512,0.016699764336321414,23.021123749254002,115,102,101,"[115, 102, 101]",0%,11%,12%,55%,"[0%, 11%, 12%, 55%]",44.42,5.20,2.56,"[44.42, 5.20, 2.56]",https://www.google.com/search?tbm=isch&q=ppg%20PPG%201014-6%20Eagle%20Eye%20color%20swatch,,,,,,,,,,,,,,,,,,,,,,,,,,,,,,,,,,,,,,,,,,,,
DB,ppg,PPG 1014-7 Black Walnut,#554747,0.41227117628263354,0.01911997407029416,17.991666979821275,85,71,71,"[85, 71, 71]",0%,16%,16%,67%,"[0%, 16%, 16%, 67%]",31.62,6.14,2.33,"[31.62, 6.14, 2.33]",https://www.google.com/search?tbm=isch&q=ppg%20PPG%201014-7%20Black%20Walnut%20color%20swatch,,,,,,,,,,,,,,,,,,,,,,,,,,,,,,,,,,,,,,,,,,,,
DB,ppg,PPG 1015-1 Vanilla Milkshake,#f1ece2,0.9442394108241358,0.01440579025783312,84.55005372307681,241,236,226,"[241, 236, 226]",0%,2%,6%,5%,"[0%, 2%, 6%, 5%]",93.59,0.47,5.50,"[93.59, 0.47, 5.50]",https://www.google.com/search?tbm=isch&q=ppg%20PPG%201015-1%20Vanilla%20Milkshake%20color%20swatch,,,,,,,,,,,,,,,,,,,,,,,,,,,,,,,,,,,,,,,,,,,,
DB,ppg,PPG 1015-2 Stone Quarry,#ece4dc,0.9229582600911955,0.01389420960467865,67.66174940945666,236,228,220,"[236, 228, 220]",0%,3%,7%,7%,"[0%, 3%, 7%, 7%]",91.06,1.80,4.94,"[91.06, 1.80, 4.94]",https://www.google.com/search?tbm=isch&q=ppg%20PPG%201015-2%20Stone%20Quarry%20color%20swatch,,,,,,,,,,,,,,,,,,,,,,,,,,,,,,,,,,,,,,,,,,,,
DB,ppg,PPG 1015-3 Warmstone,#e6d7cc,0.8882727254201528,0.022393948701647015,58.768146331865296,230,215,204,"[230, 215, 204]",0%,7%,11%,10%,"[0%, 7%, 11%, 10%]",86.99,3.99,7.41,"[86.99, 3.99, 7.41]",https://www.google.com/search?tbm=isch&q=ppg%20PPG%201015-3%20Warmstone%20color%20swatch,,,,,,,,,,,,,,,,,,,,,,,,,,,,,,,,,,,,,,,,,,,,
DB,ppg,PPG 1015-4 Subdued,#ccb8b3,0.7980591197102361,0.024061066164138674,34.34297407075252,204,184,179,"[204, 184, 179]",0%,10%,12%,20%,"[0%, 10%, 12%, 20%]",76.39,6.75,5.29,"[76.39, 6.75, 5.29]",https://www.google.com/search?tbm=isch&q=ppg%20PPG%201015-4%20Subdued%20color%20swatch,,,,,,,,,,,,,,,,,,,,,,,,,,,,,,,,,,,,,,,,,,,,
DB,ppg,PPG 1015-5 Heliotrope,#a49491,0.6796913993919094,0.01964337030690937,30.36037707689013,164,148,145,"[164, 148, 145]",0%,10%,12%,36%,"[0%, 10%, 12%, 36%]",62.68,5.74,3.87,"[62.68, 5.74, 3.87]",https://www.google.com/search?tbm=isch&q=ppg%20PPG%201015-5%20Heliotrope%20color%20swatch,,,,,,,,,,,,,,,,,,,,,,,,,,,,,,,,,,,,,,,,,,,,
DB,ppg,PPG 1015-6 Granite Boulder,#816f6b,0.5574383859724036,0.023630737345161183,32.61834824733427,129,111,107,"[129, 111, 107]",0%,14%,17%,49%,"[0%, 14%, 17%, 49%]",48.48,6.78,4.99,"[48.48, 6.78, 4.99]",https://www.google.com/search?tbm=isch&q=ppg%20PPG%201015-6%20Granite%20Boulder%20color%20swatch,,,,,,,,,,,,,,,,,,,,,,,,,,,,,,,,,,,,,,,,,,,,
DB,ppg,PPG 1015-7 Mustang,#5e4a47,0.42904377934998633,0.027819161737991857,28.179218294723285,94,74,71,"[94, 74, 71]",0%,21%,24%,63%,"[0%, 21%, 24%, 63%]",33.52,8.36,5.19,"[33.52, 8.36, 5.19]",https://www.google.com/search?tbm=isch&q=ppg%20PPG%201015-7%20Mustang%20color%20swatch,,,,,,,,,,,,,,,,,,,,,,,,,,,,,,,,,,,,,,,,,,,,
DB,ppg,PPG 1016-1 Berry Frost,#ebded7,0.9090477611082122,0.017221601736239676,50.458784679943165,235,222,215,"[235, 222, 215]",0%,6%,9%,8%,"[0%, 6%, 9%, 8%]",89.38,3.72,5.13,"[89.38, 3.72, 5.13]",https://www.google.com/search?tbm=isch&q=ppg%20PPG%201016-1%20Berry%20Frost%20color%20swatch,,,,,,,,,,,,,,,,,,,,,,,,,,,,,,,,,,,,,,,,,,,,
DB,ppg,PPG 1016-2 Blossom Pink,#e6d5ce,0.8848858888906415,0.021255846485292756,43.876050812545316,230,213,206,"[230, 213, 206]",0%,7%,10%,10%,"[0%, 7%, 10%, 10%]",86.53,5.21,5.71,"[86.53, 5.21, 5.71]",https://www.google.com/search?tbm=isch&q=ppg%20PPG%201016-2%20Blossom%20Pink%20color%20swatch,,,,,,,,,,,,,,,,,,,,,,,,,,,,,,,,,,,,,,,,,,,,
DB,ppg,PPG 1016-3 Cheerful Heart,#dcc7c0,0.8451800109771673,0.025708478809044175,39.38266316161878,220,199,192,"[220, 199, 192]",0%,10%,13%,14%,"[0%, 10%, 13%, 14%]",81.87,6.77,6.35,"[81.87, 6.77, 6.35]",https://www.google.com/search?tbm=isch&q=ppg%20PPG%201016-3%20Cheerful%20Heart%20color%20swatch,,,,,,,,,,,,,,,,,,,,,,,,,,,,,,,,,,,,,,,,,,,,
DB,ppg,PPG 1016-4 Forever Fairytale,#d2bbb2,0.8090453927662613,0.029270555185148005,42.64715183758244,210,187,178,"[210, 187, 178]",0%,11%,15%,18%,"[0%, 11%, 15%, 18%]",77.68,7.37,7.73,"[77.68, 7.37, 7.73]",https://www.google.com/search?tbm=isch&q=ppg%20PPG%201016-4%20Forever%20Fairytale%20color%20swatch,,,,,,,,,,,,,,,,,,,,,,,,,,,,,,,,,,,,,,,,,,,,
DB,ppg,PPG 1016-5 Iris Mauve,#b39b94,0.7087602660314006,0.03038155432892241,36.87685518294347,179,155,148,"[179, 155, 148]",0%,13%,17%,30%,"[0%, 13%, 17%, 30%]",66.00,8.31,7.13,"[66.00, 8.31, 7.13]",https://www.google.com/search?tbm=isch&q=ppg%20PPG%201016-5%20Iris%20Mauve%20color%20swatch,,,,,,,,,,,,,,,,,,,,,,,,,,,,,,,,,,,,,,,,,,,,
DB,ppg,PPG 1016-6 Woodchuck,#8e746c,0.5815051637345731,0.03505163868708052,37.80357261608151,142,116,108,"[142, 116, 108]",0%,18%,24%,44%,"[0%, 18%, 24%, 44%]",51.21,9.54,8.47,"[51.21, 9.54, 8.47]",https://www.google.com/search?tbm=isch&q=ppg%20PPG%201016-6%20Woodchuck%20color%20swatch,,,,,,,,,,,,,,,,,,,,,,,,,,,,,,,,,,,,,,,,,,,,
DB,ppg,PPG 1016-7 Spiced Wine,#664942,0.4348673306722647,0.04164489926330656,34.010079781078105,102,73,66,"[102, 73, 66]",0%,28%,35%,60%,"[0%, 28%, 35%, 60%]",34.11,11.97,9.33,"[34.11, 11.97, 9.33]",https://www.google.com/search?tbm=isch&q=ppg%20PPG%201016-7%20Spiced%20Wine%20color%20swatch,,,,,,,,,,,,,,,,,,,,,,,,,,,,,,,,,,,,,,,,,,,,
DB,ppg,PPG 1017-1 Touchable,#ecdfd8,0.9120904799317079,0.017206907569905106,50.45993318266176,236,223,216,"[236, 223, 216]",0%,6%,8%,7%,"[0%, 6%, 8%, 7%]",89.73,3.72,5.13,"[89.73, 3.72, 5.13]",https://www.google.com/search?tbm=isch&q=ppg%20PPG%201017-1%20Touchable%20color%20swatch,,,,,,,,,,,,,,,,,,,,,,,,,,,,,,,,,,,,,,,,,,,,
DB,ppg,PPG 1017-2 First Kiss,#d9cac3,0.8493275959762028,0.019468706615328395,46.81604371931195,217,202,195,"[217, 202, 195]",0%,7%,10%,15%,"[0%, 7%, 10%, 15%]",82.43,4.53,5.50,"[82.43, 4.53, 5.50]",https://www.google.com/search?tbm=isch&q=ppg%20PPG%201017-2%20First%20Kiss%20color%20swatch,,,,,,,,,,,,,,,,,,,,,,,,,,,,,,,,,,,,,,,,,,,,
DB,ppg,PPG 1017-3 Fond Memory,#c8bcb7,0.8036987730995161,0.015377167372327596,44.19622212345695,200,188,183,"[200, 188, 183]",0%,6%,8%,22%,"[0%, 6%, 8%, 22%]",77.14,3.74,4.15,"[77.14, 3.74, 4.15]",https://www.google.com/search?tbm=isch&q=ppg%20PPG%201017-3%20Fond%20Memory%20color%20swatch,,,,,,,,,,,,,,,,,,,,,,,,,,,,,,,,,,,,,,,,,,,,
DB,ppg,PPG 1017-4 Riveter Rose,#b7a9a2,0.7446758271211645,0.01912567034553673,48.48119738254235,183,169,162,"[183, 169, 162]",0%,8%,11%,28%,"[0%, 8%, 11%, 28%]",70.29,4.33,5.55,"[70.29, 4.33, 5.55]",https://www.google.com/search?tbm=isch&q=ppg%20PPG%201017-4%20Riveter%20Rose%20color%20swatch,,,,,,,,,,,,,,,,,,,,,,,,,,,,,,,,,,,,,,,,,,,,
DB,ppg,PPG 1017-5 Cinnamon Toast,#8d7d77,0.6025015415446011,0.02175837769375856,41.73862052083689,141,125,119,"[141, 125, 119]",0%,11%,16%,45%,"[0%, 11%, 16%, 45%]",53.76,5.55,5.65,"[53.76, 5.55, 5.65]",https://www.google.com/search?tbm=isch&q=ppg%20PPG%201017-5%20Cinnamon%20Toast%20color%20swatch,,,,,,,,,,,,,,,,,,,,,,,,,,,,,,,,,,,,,,,,,,,,
DB,ppg,PPG 1017-6 Bold Brandy,#796660,0.5267795159753019,0.02622262241318034,38.28972188863793,121,102,96,"[121, 102, 96]",0%,16%,21%,53%,"[0%, 16%, 21%, 53%]",44.93,7.06,6.38,"[44.93, 7.06, 6.38]",https://www.google.com/search?tbm=isch&q=ppg%20PPG%201017-6%20Bold%20Brandy%20color%20swatch,,,,,,,,,,,,,,,,,,,,,,,,,,,,,,,,,,,,,,,,,,,,
DB,ppg,PPG 1017-7 Chocolate Pretzel,#60504b,0.4458371548720066,0.023011566618723084,38.09437238884209,96,80,75,"[96, 80, 75]",0%,17%,22%,62%,"[0%, 17%, 22%, 62%]",35.56,6.22,5.58,"[35.56, 6.22, 5.58]",https://www.google.com/search?tbm=isch&q=ppg%20PPG%201017-7%20Chocolate%20Pretzel%20color%20swatch,,,,,,,,,,,,,,,,,,,,,,,,,,,,,,,,,,,,,,,,,,,,
DB,ppg,PPG 1018-1 Steel Me,#ddd5ce,0.8774453877485984,0.013052495827693345,63.91720808684698,221,213,206,"[221, 213, 206]",0%,4%,7%,13%,"[0%, 4%, 7%, 13%]",85.77,1.95,4.51,"[85.77, 1.95, 4.51]",https://www.google.com/search?tbm=isch&q=ppg%20PPG%201018-1%20Steel%20Me%20color%20swatch,,,,,,,,,,,,,,,,,,,,,,,,,,,,,,,,,,,,,,,,,,,,
DB,ppg,PPG 1018-2 My Alibi,#d4cbc4,0.8474142803463315,0.013962169148115171,60.56022851500484,212,203,196,"[212, 203, 196]",0%,4%,8%,17%,"[0%, 4%, 8%, 17%]",82.28,2.33,4.69,"[82.28, 2.33, 4.69]",https://www.google.com/search?tbm=isch&q=ppg%20PPG%201018-2%20My%20Alibi%20color%20swatch,,,,,,,,,,,,,,,,,,,,,,,,,,,,,,,,,,,,,,,,,,,,
DB,ppg,PPG 1018-3 City Street,#bab2ab,0.7681820771493881,0.01348869303690803,63.878847728982635,186,178,171,"[186, 178, 171]",0%,4%,8%,27%,"[0%, 4%, 8%, 27%]",73.10,2.03,4.67,"[73.10, 2.03, 4.67]",https://www.google.com/search?tbm=isch&q=ppg%20PPG%201018-3%20City%20Street%20color%20swatch,,,,,,,,,,,,,,,,,,,,,,,,,,,,,,,,,,,,,,,,,,,,
DB,ppg,PPG 1018-4 Winter's Nap,#a99f97,0.7086999400973716,0.016437804818176478,61.25762745665196,169,159,151,"[169, 159, 151]",0%,6%,11%,34%,"[0%, 6%, 11%, 34%]",66.18,2.72,5.57,"[66.18, 2.72, 5.57]",https://www.google.com/search?tbm=isch&q=ppg%20PPG%201018-4%20Winter's%20Nap%20color%20swatch,,,,,,,,,,,,,,,,,,,,,,,,,,,,,,,,,,,,,,,,,,,,
DB,ppg,PPG 1018-5 Talavera,#a0928b,0.6701686725468784,0.019657654887845467,48.4374047144197,160,146,139,"[160, 146, 139]",0%,9%,13%,37%,"[0%, 9%, 13%, 37%]",61.65,4.47,5.71,"[61.65, 4.47, 5.71]",https://www.google.com/search?tbm=isch&q=ppg%20PPG%201018-5%20Talavera%20color%20swatch,,,,,,,,,,,,,,,,,,,,,,,,,,,,,,,,,,,,,,,,,,,,
DB,ppg,PPG 1018-6 Flipper,#7f726b,0.5619418985755033,0.0194982502016082,50.252640091871854,127,114,107,"[127, 114, 107]",0%,10%,16%,50%,"[0%, 10%, 16%, 50%]",49.10,4.29,5.84,"[49.10, 4.29, 5.84]",https://www.google.com/search?tbm=isch&q=ppg%20PPG%201018-6%20Flipper%20color%20swatch,,,,,,,,,,,,,,,,,,,,,,,,,,,,,,,,,,,,,,,,,,,,
DB,ppg,PPG 1018-7 Sarsaparilla,#5b4c44,0.42930482001643827,0.024115281909395776,49.75728589486931,91,76,68,"[91, 76, 68]",0%,16%,25%,64%,"[0%, 16%, 25%, 64%]",33.69,5.46,7.25,"[33.69, 5.46, 7.25]",https://www.google.com/search?tbm=isch&q=ppg%20PPG%201018-7%20Sarsaparilla%20color%20swatch,,,,,,,,,,,,,,,,,,,,,,,,,,,,,,,,,,,,,,,,,,,,
DB,ppg,PPG 1019-1 Toasted Marshmallow,#eae1d6,0.9138529651594378,0.01779799103430101,73.06061193475932,234,225,214,"[234, 225, 214]",0%,4%,9%,8%,"[0%, 4%, 9%, 8%]",90.03,1.79,6.56,"[90.03, 1.79, 6.56]",https://www.google.com/search?tbm=isch&q=ppg%20PPG%201019-1%20Toasted%20Marshmallow%20color%20swatch,,,,,,,,,,,,,,,,,,,,,,,,,,,,,,,,,,,,,,,,,,,,
DB,ppg,PPG 1019-2 In The Buff,#d6cbbf,0.8477264457972962,0.020541897022387224,69.95691234044688,214,203,191,"[214, 203, 191]",0%,5%,11%,16%,"[0%, 5%, 11%, 16%]",82.34,2.45,7.46,"[82.34, 2.45, 7.46]",https://www.google.com/search?tbm=isch&q=ppg%20PPG%201019-2%20In%20The%20Buff%20color%20swatch,,,,,,,,,,,,,,,,,,,,,,,,,,,,,,,,,,,,,,,,,,,,
DB,ppg,PPG 1019-3 Legendary,#c6baaf,0.7957734709208243,0.020543997685558108,65.08099672213899,198,186,175,"[198, 186, 175]",0%,6%,12%,22%,"[0%, 6%, 12%, 22%]",76.29,3.00,7.21,"[76.29, 3.00, 7.21]",https://www.google.com/search?tbm=isch&q=ppg%20PPG%201019-3%20Legendary%20color%20swatch,,,,,,,,,,,,,,,,,,,,,,,,,,,,,,,,,,,,,,,,,,,,
DB,ppg,PPG 1019-4 Simmering Smoke,#a99f96,0.708421560577554,0.017452870099554305,64.57790730421402,169,159,150,"[169, 159, 150]",0%,6%,11%,34%,"[0%, 6%, 11%, 34%]",66.16,2.59,6.10,"[66.16, 2.59, 6.10]",https://www.google.com/search?tbm=isch&q=ppg%20PPG%201019-4%20Simmering%20Smoke%20color%20swatch,,,,,,,,,,,,,,,,,,,,,,,,,,,,,,,,,,,,,,,,,,,,
DB,ppg,PPG 1019-5 Wild Wilderness,#91857c,0.6247215172404161,0.019761714888043277,59.30730016932051,145,133,124,"[145, 133, 124]",0%,8%,14%,43%,"[0%, 8%, 14%, 43%]",56.42,3.50,6.60,"[56.42, 3.50, 6.60]",https://www.google.com/search?tbm=isch&q=ppg%20PPG%201019-5%20Wild%20Wilderness%20color%20swatch,,,,,,,,,,,,,,,,,,,,,,,,,,,,,,,,,,,,,,,,,,,,
DB,ppg,PPG 1019-6 Tattle Tail,#80736a,0.5647983546176664,0.021235534742561898,56.97461145001893,128,115,106,"[128, 115, 106]",0%,10%,17%,50%,"[0%, 10%, 17%, 50%]",49.46,4.03,6.94,"[49.46, 4.03, 6.94]",https://www.google.com/search?tbm=isch&q=ppg%20PPG%201019-6%20Tattle%20Tail%20color%20swatch,,,,,,,,,,,,,,,,,,,,,,,,,,,,,,,,,,,,,,,,,,,,
DB,ppg,PPG 1019-7 Intrigue,#635951,0.47112337901223134,0.018199240347398914,61.03221458467516,99,89,81,"[99, 89, 81]",0%,10%,18%,61%,"[0%, 10%, 18%, 61%]",38.61,3.10,6.21,"[38.61, 3.10, 6.21]",https://www.google.com/search?tbm=isch&q=ppg%20PPG%201019-7%20Intrigue%20color%20swatch,,,,,,,,,,,,,,,,,,,,,,,,,,,,,,,,,,,,,,,,,,,,
DB,ppg,PPG 1020-1 Atrium White,#f1eee4,0.9487013824386605,0.013705101609608175,92.92929730593545,241,238,228,"[241, 238, 228]",0%,1%,5%,5%,"[0%, 1%, 5%, 5%]",94.13,-0.23,5.24,"[94.13, -0.23, 5.24]",https://www.google.com/search?tbm=isch&q=ppg%20PPG%201020-1%20Atrium%20White%20color%20swatch,,,,,,,,,,,,,,,,,,,,,,,,,,,,,,,,,,,,,,,,,,,,
DB,ppg,PPG 1020-2 Maybe Mushroom,#e2d8cb,0.8866759558629487,0.020774645288836862,74.63610668397723,226,216,203,"[226, 216, 203]",0%,4%,10%,11%,"[0%, 4%, 10%, 11%]",86.88,1.93,7.73,"[86.88, 1.93, 7.73]",https://www.google.com/search?tbm=isch&q=ppg%20PPG%201020-2%20Maybe%20Mushroom%20color%20swatch,,,,,,,,,,,,,,,,,,,,,,,,,,,,,,,,,,,,,,,,,,,,
DB,ppg,PPG 1020-3 Whippet,#cec1b5,0.8183049109666908,0.02218234213322657,65.26053836780704,206,193,181,"[206, 193, 181]",0%,6%,12%,19%,"[0%, 6%, 12%, 19%]",78.91,3.22,7.80,"[78.91, 3.22, 7.80]",https://www.google.com/search?tbm=isch&q=ppg%20PPG%201020-3%20Whippet%20color%20swatch,,,,,,,,,,,,,,,,,,,,,,,,,,,,,,,,,,,,,,,,,,,,
DB,ppg,PPG 1020-4 El Capitan,#b7a696,0.7353349162439835,0.03005955678748116,65.61938847881243,183,166,150,"[183, 166, 150]",0%,9%,18%,28%,"[0%, 9%, 18%, 28%]",69.27,4.42,10.69,"[69.27, 4.42, 10.69]",https://www.google.com/search?tbm=isch&q=ppg%20PPG%201020-4%20El%20Capitan%20color%20swatch,,,,,,,,,,,,,,,,,,,,,,,,,,,,,,,,,,,,,,,,,,,,
DB,ppg,PPG 1020-5 Earl Gray,#a6978a,0.6858028126861112,0.025846701724882556,63.32241002376065,166,151,138,"[166, 151, 138]",0%,9%,17%,35%,"[0%, 9%, 17%, 35%]",63.52,4.09,9.00,"[63.52, 4.09, 9.00]",https://www.google.com/search?tbm=isch&q=ppg%20PPG%201020-5%20Earl%20Gray%20color%20swatch,,,,,,,,,,,,,,,,,,,,,,,,,,,,,,,,,,,,,,,,,,,,
DB,ppg,PPG 1020-6 Wicker Basket,#847567,0.5722093733340895,0.028075958710085204,65.26171597483625,132,117,103,"[132, 117, 103]",0%,11%,22%,48%,"[0%, 11%, 22%, 48%]",50.34,4.24,10.00,"[50.34, 4.24, 10.00]",https://www.google.com/search?tbm=isch&q=ppg%20PPG%201020-6%20Wicker%20Basket%20color%20swatch,,,,,,,,,,,,,,,,,,,,,,,,,,,,,,,,,,,,,,,,,,,,
DB,ppg,PPG 1020-7 Monkey Madness,#63584c,0.46741971585166087,0.023687208053651675,69.62762331758228,99,88,76,"[99, 88, 76]",0%,11%,23%,61%,"[0%, 11%, 23%, 61%]",38.22,3.03,8.72,"[38.22, 3.03, 8.72]",https://www.google.com/search?tbm=isch&q=ppg%20PPG%201020-7%20Monkey%20Madness%20color%20swatch,,,,,,,,,,,,,,,,,,,,,,,,,,,,,,,,,,,,,,,,,,,,
DB,ppg,PPG 1021-1 Mountain Gray,#e8e3db,0.917532374677941,0.012086750960633216,79.75713367410424,232,227,219,"[232, 227, 219]",0%,2%,6%,9%,"[0%, 2%, 6%, 9%]",90.47,0.73,4.56,"[90.47, 0.73, 4.56]",https://www.google.com/search?tbm=isch&q=ppg%20PPG%201021-1%20Mountain%20Gray%20color%20swatch,,,,,,,,,,,,,,,,,,,,,,,,,,,,,,,,,,,,,,,,,,,,
DB,ppg,PPG 1021-2 Synchronicity,#cfc5b6,0.8274638841997587,0.023444329777610837,78.18132759161949,207,197,182,"[207, 197, 182]",0%,5%,12%,19%,"[0%, 5%, 12%, 19%]",80.04,1.73,8.88,"[80.04, 1.73, 8.88]",https://www.google.com/search?tbm=isch&q=ppg%20PPG%201021-2%20Synchronicity%20color%20swatch,,,,,,,,,,,,,,,,,,,,,,,,,,,,,,,,,,,,,,,,,,,,
DB,ppg,PPG 1021-3 Discover,#bdb0a0,0.7637017118252114,0.02689117671114113,73.09710536010078,189,176,160,"[189, 176, 160]",0%,7%,15%,26%,"[0%, 7%, 15%, 26%]",72.61,2.82,10.00,"[72.61, 2.82, 10.00]",https://www.google.com/search?tbm=isch&q=ppg%20PPG%201021-3%20Discover%20color%20swatch,,,,,,,,,,,,,,,,,,,,,,,,,,,,,,,,,,,,,,,,,,,,
DB,ppg,PPG 1021-4 Diversion,#a99a89,0.6945274606928098,0.030024509119208714,70.77889852041181,169,154,137,"[169, 154, 137]",0%,9%,19%,34%,"[0%, 9%, 19%, 34%]",64.57,3.60,11.08,"[64.57, 3.60, 11.08]",https://www.google.com/search?tbm=isch&q=ppg%20PPG%201021-4%20Diversion%20color%20swatch,,,,,,,,,,,,,,,,,,,,,,,,,,,,,,,,,,,,,,,,,,,,
DB,ppg,PPG 1021-5 Thunderbird,#8c7b6c,0.5942609668419849,0.030595708972628206,63.62623695952277,140,123,108,"[140, 123, 108]",0%,12%,23%,45%,"[0%, 12%, 23%, 45%]",52.89,4.89,10.77,"[52.89, 4.89, 10.77]",https://www.google.com/search?tbm=isch&q=ppg%20PPG%201021-5%20Thunderbird%20color%20swatch,,,,,,,,,,,,,,,,,,,,,,,,,,,,,,,,,,,,,,,,,,,,
DB,ppg,PPG 1021-6 Curlew,#766859,0.5261733327233032,0.028914571774577864,69.06445656281403,118,104,89,"[118, 104, 89]",0%,12%,25%,54%,"[0%, 12%, 25%, 54%]",45.03,3.82,10.63,"[45.03, 3.82, 10.63]",https://www.google.com/search?tbm=isch&q=ppg%20PPG%201021-6%20Curlew%20color%20swatch,,,,,,,,,,,,,,,,,,,,,,,,,,,,,,,,,,,,,,,,,,,,
DB,ppg,PPG 1021-7 Cabin Fever,#5e5349,0.4499568157742277,0.0215636700261584,64.53078430491905,94,83,73,"[94, 83, 73]",0%,12%,22%,63%,"[0%, 12%, 22%, 63%]",36.17,3.33,7.63,"[36.17, 3.33, 7.63]",https://www.google.com/search?tbm=isch&q=ppg%20PPG%201021-7%20Cabin%20Fever%20color%20swatch,,,,,,,,,,,,,,,,,,,,,,,,,,,,,,,,,,,,,,,,,,,,
DB,ppg,PPG 1022-1 Hourglass,#e5e0d5,0.9076022332615391,0.015782301846027764,86.39497219410293,229,224,213,"[229, 224, 213]",0%,2%,7%,10%,"[0%, 2%, 7%, 10%]",89.35,0.35,6.05,"[89.35, 0.35, 6.05]",https://www.google.com/search?tbm=isch&q=ppg%20PPG%201022-1%20Hourglass%20color%20swatch,,,,,,,,,,,,,,,,,,,,,,,,,,,,,,,,,,,,,,,,,,,,
DB,ppg,PPG 1022-2 Intuitive,#cfc6bc,0.8310700976467764,0.01710374835828267,70.49742528759066,207,198,188,"[207, 198, 188]",0%,4%,9%,19%,"[0%, 4%, 9%, 19%]",80.41,1.97,6.22,"[80.41, 1.97, 6.22]",https://www.google.com/search?tbm=isch&q=ppg%20PPG%201022-2%20Intuitive%20color%20swatch,,,,,,,,,,,,,,,,,,,,,,,,,,,,,,,,,,,,,,,,,,,,
DB,ppg,PPG 1022-3 Silver Dollar,#bdb6ae,0.7797398268400683,0.013776722522125162,71.28929609095246,189,182,174,"[189, 182, 174]",0%,4%,8%,26%,"[0%, 4%, 8%, 26%]",74.46,1.51,5.02,"[74.46, 1.51, 5.02]",https://www.google.com/search?tbm=isch&q=ppg%20PPG%201022-3%20Silver%20Dollar%20color%20swatch,,,,,,,,,,,,,,,,,,,,,,,,,,,,,,,,,,,,,,,,,,,,
DB,ppg,PPG 1022-4 Rock Slide,#a1968c,0.6797316925313636,0.01949481330528798,64.80700517979238,161,150,140,"[161, 150, 140]",0%,7%,13%,37%,"[0%, 7%, 13%, 37%]",62.83,2.89,6.84,"[62.83, 2.89, 6.84]",https://www.google.com/search?tbm=isch&q=ppg%20PPG%201022-4%20Rock%20Slide%20color%20swatch,,,,,,,,,,,,,,,,,,,,,,,,,,,,,,,,,,,,,,,,,,,,
DB,ppg,PPG 1022-5 Eiffel Tower,#998e83,0.6531520455276026,0.02076505886680827,67.45259476169116,153,142,131,"[153, 142, 131]",0%,7%,14%,40%,"[0%, 7%, 14%, 40%]",59.76,2.80,7.44,"[59.76, 2.80, 7.44]",https://www.google.com/search?tbm=isch&q=ppg%20PPG%201022-5%20Eiffel%20Tower%20color%20swatch,,,,,,,,,,,,,,,,,,,,,,,,,,,,,,,,,,,,,,,,,,,,
DB,ppg,PPG 1022-6 Granite,#746a5e,0.5299937607443322,0.022235914646649264,72.34674766183258,116,106,94,"[116, 106, 94]",0%,9%,19%,55%,"[0%, 9%, 19%, 55%]",45.49,2.46,8.27,"[45.49, 2.46, 8.27]",https://www.google.com/search?tbm=isch&q=ppg%20PPG%201022-6%20Granite%20color%20swatch,,,,,,,,,,,,,,,,,,,,,,,,,,,,,,,,,,,,,,,,,,,,
DB,ppg,PPG 1022-7 Star Anise,#5c5042,0.4390177751727695,0.02727631384028831,71.31469961984703,92,80,66,"[92, 80, 66]",0%,13%,28%,64%,"[0%, 13%, 28%, 64%]",34.93,3.32,10.22,"[34.93, 3.32, 10.22]",https://www.google.com/search?tbm=isch&q=ppg%20PPG%201022-7%20Star%20Anise%20color%20swatch,,,,,,,,,,,,,,,,,,,,,,,,,,,,,,,,,,,,,,,,,,,,
DB,ppg,PPG 1023-1 Oatmeal,#e7e3d6,0.9154072538886189,0.017953774536418263,92.6513977945213,231,227,214,"[231, 227, 214]",0%,2%,7%,9%,"[0%, 2%, 7%, 9%]",90.29,-0.25,6.89,"[90.29, -0.25, 6.89]",https://www.google.com/search?tbm=isch&q=ppg%20PPG%201023-1%20Oatmeal%20color%20swatch,,,,,,,,,,,,,,,,,,,,,,,,,,,,,,,,,,,,,,,,,,,,
DB,ppg,PPG 1023-2 Cool Concrete,#d9d0c1,0.8607390776787047,0.02270346216129719,80.66145713626725,217,208,193,"[217, 208, 193]",0%,4%,11%,15%,"[0%, 4%, 11%, 15%]",83.91,1.34,8.66,"[83.91, 1.34, 8.66]",https://www.google.com/search?tbm=isch&q=ppg%20PPG%201023-2%20Cool%20Concrete%20color%20swatch,,,,,,,,,,,,,,,,,,,,,,,,,,,,,,,,,,,,,,,,,,,,
DB,ppg,PPG 1023-3 Ashen,#c9bfb2,0.8092424268377852,0.02123554540981033,74.61373324218732,201,191,178,"[201, 191, 178]",0%,5%,11%,21%,"[0%, 5%, 11%, 21%]",77.90,1.99,7.92,"[77.90, 1.99, 7.92]",https://www.google.com/search?tbm=isch&q=ppg%20PPG%201023-3%20Ashen%20color%20swatch,,,,,,,,,,,,,,,,,,,,,,,,,,,,,,,,,,,,,,,,,,,,
DB,ppg,PPG 1023-4 Desert Dune,#b5ab9c,0.7454183185621043,0.024028319152417776,78.15895154970326,181,171,156,"[181, 171, 156]",0%,6%,14%,29%,"[0%, 6%, 14%, 29%]",70.52,1.80,9.12,"[70.52, 1.80, 9.12]",https://www.google.com/search?tbm=isch&q=ppg%20PPG%201023-4%20Desert%20Dune%20color%20swatch,,,,,,,,,,,,,,,,,,,,,,,,,,,,,,,,,,,,,,,,,,,,
DB,ppg,PPG 1023-5 Stone Gray,#9f9484,0.6715649378183651,0.026433916868155587,77.3555209839131,159,148,132,"[159, 148, 132]",0%,7%,17%,38%,"[0%, 7%, 17%, 38%]",61.95,2.16,10.05,"[61.95, 2.16, 10.05]",https://www.google.com/search?tbm=isch&q=ppg%20PPG%201023-5%20Stone%20Gray%20color%20swatch,,,,,,,,,,,,,,,,,,,,,,,,,,,,,,,,,,,,,,,,,,,,
DB,ppg,PPG 1023-6 Clam Shell,#827566,0.5700000780593044,0.02761279928588605,71.20324655486547,130,117,102,"[130, 117, 102]",0%,10%,22%,49%,"[0%, 10%, 22%, 49%]",50.13,3.28,10.25,"[50.13, 3.28, 10.25]",https://www.google.com/search?tbm=isch&q=ppg%20PPG%201023-6%20Clam%20Shell%20color%20swatch,,,,,,,,,,,,,,,,,,,,,,,,,,,,,,,,,,,,,,,,,,,,
DB,ppg,PPG 1023-7 Afternoon Tea,#594e40,0.43066128157238515,0.02661010752136064,73.67448486304158,89,78,64,"[89, 78, 64]",0%,12%,28%,65%,"[0%, 12%, 28%, 65%]",33.97,2.89,10.10,"[33.97, 2.89, 10.10]",https://www.google.com/search?tbm=isch&q=ppg%20PPG%201023-7%20Afternoon%20Tea%20color%20swatch,,,,,,,,,,,,,,,,,,,,,,,,,,,,,,,,,,,,,,,,,,,,
DB,ppg,PPG 1024-1 Off White,#e8e4d6,0.918183197066458,0.019225573402566812,93.63489288334426,232,228,214,"[232, 228, 214]",0%,2%,8%,9%,"[0%, 2%, 8%, 9%]",90.62,-0.38,7.37,"[90.62, -0.38, 7.37]",https://www.google.com/search?tbm=isch&q=ppg%20PPG%201024-1%20Off%20White%20color%20swatch,,,,,,,,,,,,,,,,,,,,,,,,,,,,,,,,,,,,,,,,,,,,
DB,ppg,PPG 1024-2 Antique White,#e1daca,0.8895767465624819,0.022872226112988323,87.13269278250823,225,218,202,"[225, 218, 202]",0%,3%,10%,12%,"[0%, 3%, 10%, 12%]",87.29,0.47,8.81,"[87.29, 0.47, 8.81]",https://www.google.com/search?tbm=isch&q=ppg%20PPG%201024-2%20Antique%20White%20color%20swatch,,,,,,,,,,,,,,,,,,,,,,,,,,,,,,,,,,,,,,,,,,,,
DB,ppg,PPG 1024-3 Crushed Silk,#d8cfbe,0.8571350583843436,0.02514590357938511,83.39527367888684,216,207,190,"[216, 207, 190]",0%,4%,12%,15%,"[0%, 4%, 12%, 15%]",83.51,1.10,9.66,"[83.51, 1.10, 9.66]",https://www.google.com/search?tbm=isch&q=ppg%20PPG%201024-3%20Crushed%20Silk%20color%20swatch,,,,,,,,,,,,,,,,,,,,,,,,,,,,,,,,,,,,,,,,,,,,
DB,ppg,PPG 1024-4 Moth Gray,#d1c9ba,0.8382430873199492,0.02236541006081099,83.2415672887825,209,201,186,"[209, 201, 186]",0%,4%,11%,18%,"[0%, 4%, 11%, 18%]",81.31,0.98,8.58,"[81.31, 0.98, 8.58]",https://www.google.com/search?tbm=isch&q=ppg%20PPG%201024-4%20Moth%20Gray%20color%20swatch,,,,,,,,,,,,,,,,,,,,,,,,,,,,,,,,,,,,,,,,,,,,
DB,ppg,PPG 1024-5 Stonehenge Greige,#a79d8d,0.7000462251139088,0.02560991862561618,79.67569781961402,167,157,141,"[167, 157, 141]",0%,6%,16%,35%,"[0%, 6%, 16%, 35%]",65.27,1.73,9.79,"[65.27, 1.73, 9.79]",https://www.google.com/search?tbm=isch&q=ppg%20PPG%201024-5%20Stonehenge%20Greige%20color%20swatch,,,,,,,,,,,,,,,,,,,,,,,,,,,,,,,,,,,,,,,,,,,,
DB,ppg,PPG 1024-6 Patches,#8a7d6b,0.5963806160349528,0.03088200309868217,76.00046243804115,138,125,107,"[138, 125, 107]",0%,9%,22%,46%,"[0%, 9%, 22%, 46%]",53.22,2.87,11.76,"[53.22, 2.87, 11.76]",https://www.google.com/search?tbm=isch&q=ppg%20PPG%201024-6%20Patches%20color%20swatch,,,,,,,,,,,,,,,,,,,,,,,,,,,,,,,,,,,,,,,,,,,,
DB,ppg,PPG 1024-7 Friar's Brown,#5e5241,0.4455064405622703,0.03091608445731134,76.37668135172447,94,82,65,"[94, 82, 65]",0%,13%,31%,63%,"[0%, 13%, 31%, 63%]",35.71,2.95,11.94,"[35.71, 2.95, 11.94]",https://www.google.com/search?tbm=isch&q=ppg%20PPG%201024-7%20Friar's%20Brown%20color%20swatch,,,,,,,,,,,,,,,,,,,,,,,,,,,,,,,,,,,,,,,,,,,,
DB,ppg,PPG 1025-1 Commercial White,#edece6,0.9421954575507119,0.008099325837882615,98.76756425297054,237,236,230,"[237, 236, 230]",0%,0%,3%,7%,"[0%, 0%, 3%, 7%]",93.35,-0.43,3.05,"[93.35, -0.43, 3.05]",https://www.google.com/search?tbm=isch&q=ppg%20PPG%201025-1%20Commercial%20White%20color%20swatch,,,,,,,,,,,,,,,,,,,,,,,,,,,,,,,,,,,,,,,,,,,,
DB,ppg,PPG 1025-2 Silent Smoke,#dbd7ce,0.8798204970156353,0.012995920552506195,86.79514828231663,219,215,206,"[219, 215, 206]",0%,2%,6%,14%,"[0%, 2%, 6%, 14%]",86.12,0.25,4.98,"[86.12, 0.25, 4.98]",https://www.google.com/search?tbm=isch&q=ppg%20PPG%201025-2%20Silent%20Smoke%20color%20swatch,,,,,,,,,,,,,,,,,,,,,,,,,,,,,,,,,,,,,,,,,,,,
DB,ppg,PPG 1025-3 Whiskers,#d1ccc2,0.8464238868535594,0.014788484126668703,84.55678122963161,209,204,194,"[209, 204, 194]",0%,2%,7%,18%,"[0%, 2%, 7%, 18%]",82.24,0.49,5.66,"[82.24, 0.49, 5.66]",https://www.google.com/search?tbm=isch&q=ppg%20PPG%201025-3%20Whiskers%20color%20swatch,,,,,,,,,,,,,,,,,,,,,,,,,,,,,,,,,,,,,,,,,,,,
DB,ppg,PPG 1025-4 Sharkskin,#b1aa9c,0.7399017492140166,0.021298656521993538,84.57360209732269,177,170,156,"[177, 170, 156]",0%,4%,12%,31%,"[0%, 4%, 12%, 31%]",69.91,0.78,8.20,"[69.91, 0.78, 8.20]",https://www.google.com/search?tbm=isch&q=ppg%20PPG%201025-4%20Sharkskin%20color%20swatch,,,,,,,,,,,,,,,,,,,,,,,,,,,,,,,,,,,,,,,,,,,,
DB,ppg,PPG 1025-5 Dark Ash,#8c8475,0.6160574809681574,0.024018701487363826,83.22370514046946,140,132,117,"[140, 132, 117]",0%,6%,16%,45%,"[0%, 6%, 16%, 45%]",55.54,1.14,9.28,"[55.54, 1.14, 9.28]",https://www.google.com/search?tbm=isch&q=ppg%20PPG%201025-5%20Dark%20Ash%20color%20swatch,,,,,,,,,,,,,,,,,,,,,,,,,,,,,,,,,,,,,,,,,,,,
DB,ppg,PPG 1025-6 Sleeping Giant,#786d5e,0.5405627545618911,0.026518350089280985,75.6369766156497,120,109,94,"[120, 109, 94]",0%,9%,22%,53%,"[0%, 9%, 22%, 53%]",46.74,2.50,10.07,"[46.74, 2.50, 10.07]",https://www.google.com/search?tbm=isch&q=ppg%20PPG%201025-6%20Sleeping%20Giant%20color%20swatch,,,,,,,,,,,,,,,,,,,,,,,,,,,,,,,,,,,,,,,,,,,,
DB,ppg,PPG 1025-7 Coffee Bean,#615544,0.45634755091932416,0.030762391823893474,76.4030658631259,97,85,68,"[97, 85, 68]",0%,12%,30%,62%,"[0%, 12%, 30%, 62%]",36.97,2.92,11.87,"[36.97, 2.92, 11.87]",https://www.google.com/search?tbm=isch&q=ppg%20PPG%201025-7%20Coffee%20Bean%20color%20swatch,,,,,,,,,,,,,,,,,,,,,,,,,,,,,,,,,,,,,,,,,,,,
DB,ppg,PPG 1026-1 Namaste,#e1d8bb,0.8818599947834098,0.039906254477818696,92.73992918358044,225,216,187,"[225, 216, 187]",0%,4%,17%,12%,"[0%, 4%, 17%, 12%]",86.50,-0.30,15.54,"[86.50, -0.30, 15.54]",https://www.google.com/search?tbm=isch&q=ppg%20PPG%201026-1%20Namaste%20color%20swatch,,,,,,,,,,,,,,,,,,,,,,,,,,,,,,,,,,,,,,,,,,,,
DB,ppg,PPG 1026-2 Sanctuary,#d4c9a6,0.8358768470628282,0.048473284445760205,92.62914935916058,212,201,166,"[212, 201, 166]",0%,5%,22%,17%,"[0%, 5%, 22%, 17%]",81.20,-0.17,19.03,"[81.20, -0.17, 19.03]",https://www.google.com/search?tbm=isch&q=ppg%20PPG%201026-2%20Sanctuary%20color%20swatch,,,,,,,,,,,,,,,,,,,,,,,,,,,,,,,,,,,,,,,,,,,,
DB,ppg,PPG 1026-3 Easy,#beb394,0.7678017495877703,0.04425433903921325,90.798006410487,190,179,148,"[190, 179, 148]",0%,6%,22%,25%,"[0%, 6%, 22%, 25%]",73.26,0.33,17.40,"[73.26, 0.33, 17.40]",https://www.google.com/search?tbm=isch&q=ppg%20PPG%201026-3%20Easy%20color%20swatch,,,,,,,,,,,,,,,,,,,,,,,,,,,,,,,,,,,,,,,,,,,,
DB,ppg,PPG 1026-4 Karma,#b2a484,0.7223375598708657,0.04714026085120554,87.15142323705146,178,164,132,"[178, 164, 132]",0%,8%,26%,30%,"[0%, 8%, 26%, 30%]",67.96,1.48,18.63,"[67.96, 1.48, 18.63]",https://www.google.com/search?tbm=isch&q=ppg%20PPG%201026-4%20Karma%20color%20swatch,,,,,,,,,,,,,,,,,,,,,,,,,,,,,,,,,,,,,,,,,,,,
DB,ppg,PPG 1026-5 Gristmill,#a29371,0.6676370089650306,0.05074872440425734,86.9493766514205,162,147,113,"[162, 147, 113]",0%,9%,30%,36%,"[0%, 9%, 30%, 36%]",61.62,1.80,20.21,"[61.62, 1.80, 20.21]",https://www.google.com/search?tbm=isch&q=ppg%20PPG%201026-5%20Gristmill%20color%20swatch,,,,,,,,,,,,,,,,,,,,,,,,,,,,,,,,,,,,,,,,,,,,
DB,ppg,PPG 1026-6 Hindu Lotus,#8e8062,0.6045696192014901,0.04623364163796431,85.83726704937084,142,128,98,"[142, 128, 98]",0%,10%,31%,44%,"[0%, 10%, 31%, 44%]",54.27,1.96,18.40,"[54.27, 1.96, 18.40]",https://www.google.com/search?tbm=isch&q=ppg%20PPG%201026-6%20Hindu%20Lotus%20color%20swatch,,,,,,,,,,,,,,,,,,,,,,,,,,,,,,,,,,,,,,,,,,,,
DB,ppg,PPG 1026-7 Hip Waders,#746a51,0.5266841238724627,0.039194953378438833,88.77789405626402,116,106,81,"[116, 106, 81]",0%,9%,30%,55%,"[0%, 9%, 30%, 55%]",45.24,0.95,15.60,"[45.24, 0.95, 15.60]",https://www.google.com/search?tbm=isch&q=ppg%20PPG%201026-7%20Hip%20Waders%20color%20swatch,,,,,,,,,,,,,,,,,,,,,,,,,,,,,,,,,,,,,,,,,,,,
DB,ppg,PPG 1027-1 Cocoon,#dedbcc,0.8896878599558646,0.02045708373723113,97.5131745169644,222,219,204,"[222, 219, 204]",0%,1%,8%,13%,"[0%, 1%, 8%, 13%]",87.34,-0.86,7.80,"[87.34, -0.86, 7.80]",https://www.google.com/search?tbm=isch&q=ppg%20PPG%201027-1%20Cocoon%20color%20swatch,,,,,,,,,,,,,,,,,,,,,,,,,,,,,,,,,,,,,,,,,,,,
DB,ppg,PPG 1027-2 Skipping Stone,#d0cbb6,0.8404446745235473,0.029041072449196886,95.91972004362856,208,203,182,"[208, 203, 182]",0%,2%,12%,18%,"[0%, 2%, 12%, 18%]",81.67,-0.86,11.18,"[81.67, -0.86, 11.18]",https://www.google.com/search?tbm=isch&q=ppg%20PPG%201027-2%20Skipping%20Stone%20color%20swatch,,,,,,,,,,,,,,,,,,,,,,,,,,,,,,,,,,,,,,,,,,,,
DB,ppg,PPG 1027-3 Heavy Hammock,#beb9a2,0.7835989984895977,0.03215691304134091,96.93677740033223,190,185,162,"[190, 185, 162]",0%,3%,15%,25%,"[0%, 3%, 15%, 25%]",75.09,-1.09,12.40,"[75.09, -1.09, 12.40]",https://www.google.com/search?tbm=isch&q=ppg%20PPG%201027-3%20Heavy%20Hammock%20color%20swatch,,,,,,,,,,,,,,,,,,,,,,,,,,,,,,,,,,,,,,,,,,,,
DB,ppg,PPG 1027-4 Olive Gray,#afa78d,0.7280791601891471,0.03737927105653548,92.8953815987735,175,167,141,"[175, 167, 141]",0%,5%,19%,31%,"[0%, 5%, 19%, 31%]",68.65,-0.26,14.61,"[68.65, -0.26, 14.61]",https://www.google.com/search?tbm=isch&q=ppg%20PPG%201027-4%20Olive%20Gray%20color%20swatch,,,,,,,,,,,,,,,,,,,,,,,,,,,,,,,,,,,,,,,,,,,,
DB,ppg,PPG 1027-5 Rattan Palm,#8f876b,0.6228378067312816,0.04127304789659721,93.97790286221277,143,135,107,"[143, 135, 107]",0%,6%,25%,44%,"[0%, 6%, 25%, 44%]",56.46,-0.39,16.27,"[56.46, -0.39, 16.27]",https://www.google.com/search?tbm=isch&q=ppg%20PPG%201027-5%20Rattan%20Palm%20color%20swatch,,,,,,,,,,,,,,,,,,,,,,,,,,,,,,,,,,,,,,,,,,,,
DB,ppg,PPG 1027-6 Conservation,#796e54,0.5412929117462043,0.040713352154649135,87.74963020968573,121,110,84,"[121, 110, 84]",0%,9%,31%,53%,"[0%, 9%, 31%, 53%]",46.94,1.24,16.21,"[46.94, 1.24, 16.21]",https://www.google.com/search?tbm=isch&q=ppg%20PPG%201027-6%20Conservation%20color%20swatch,,,,,,,,,,,,,,,,,,,,,,,,,,,,,,,,,,,,,,,,,,,,
DB,ppg,PPG 1027-7 Grapevine,#5f563f,0.45538547570727045,0.03710422307349082,89.14654269250752,95,86,63,"[95, 86, 63]",0%,9%,34%,63%,"[0%, 9%, 34%, 63%]",36.96,0.88,14.85,"[36.96, 0.88, 14.85]",https://www.google.com/search?tbm=isch&q=ppg%20PPG%201027-7%20Grapevine%20color%20swatch,,,,,,,,,,,,,,,,,,,,,,,,,,,,,,,,,,,,,,,,,,,,
DB,ppg,PPG 1028-1 Hint Of Pine,#e5e7d5,0.9215581176755657,0.024070536071068505,111.95897372420399,229,231,213,"[229, 231, 213]",1%,0%,8%,9%,"[1%, 0%, 8%, 9%]",91.12,-3.01,8.57,"[91.12, -3.01, 8.57]",https://www.google.com/search?tbm=isch&q=ppg%20PPG%201028-1%20Hint%20Of%20Pine%20color%20swatch,,,,,,,,,,,,,,,,,,,,,,,,,,,,,,,,,,,,,,,,,,,,
DB,ppg,PPG 1028-2 With A Twist,#d1d1bb,0.8547409979942551,0.02974220405618315,106.97676726391501,209,209,187,"[209, 209, 187]",0%,0%,11%,18%,"[0%, 0%, 11%, 18%]",83.39,-2.82,10.98,"[83.39, -2.82, 10.98]",https://www.google.com/search?tbm=isch&q=ppg%20PPG%201028-2%20With%20A%20Twist%20color%20swatch,,,,,,,,,,,,,,,,,,,,,,,,,,,,,,,,,,,,,,,,,,,,
DB,ppg,PPG 1028-3 Pine Crush,#b7b8a5,0.7765160558055929,0.026350845689101877,109.41258242467046,183,184,165,"[183, 184, 165]",1%,0%,10%,28%,"[1%, 0%, 10%, 28%]",74.30,-2.87,9.58,"[74.30, -2.87, 9.58]",https://www.google.com/search?tbm=isch&q=ppg%20PPG%201028-3%20Pine%20Crush%20color%20swatch,,,,,,,,,,,,,,,,,,,,,,,,,,,,,,,,,,,,,,,,,,,,
DB,ppg,PPG 1028-4 Smoky Slate,#a1a18f,0.7039014805863512,0.025528051078443036,107.00341071937055,161,161,143,"[161, 161, 143]",0%,0%,11%,37%,"[0%, 0%, 11%, 37%]",65.86,-2.41,9.43,"[65.86, -2.41, 9.43]",https://www.google.com/search?tbm=isch&q=ppg%20PPG%201028-4%20Smoky%20Slate%20color%20swatch,,,,,,,,,,,,,,,,,,,,,,,,,,,,,,,,,,,,,,,,,,,,
DB,ppg,PPG 1028-5 Autumn Gray,#817f6e,0.5932837978214773,0.025187075949494497,101.59249941167587,129,127,110,"[129, 127, 110]",0%,2%,15%,49%,"[0%, 2%, 15%, 49%]",53.00,-1.54,9.58,"[53.00, -1.54, 9.58]",https://www.google.com/search?tbm=isch&q=ppg%20PPG%201028-5%20Autumn%20Gray%20color%20swatch,,,,,,,,,,,,,,,,,,,,,,,,,,,,,,,,,,,,,,,,,,,,
DB,ppg,PPG 1028-6 Momentum,#746f5c,0.5407223120037865,0.0291362462972922,94.94559330196614,116,111,92,"[116, 111, 92]",0%,4%,21%,55%,"[0%, 4%, 21%, 55%]",46.88,-0.54,11.37,"[46.88, -0.54, 11.37]",https://www.google.com/search?tbm=isch&q=ppg%20PPG%201028-6%20Momentum%20color%20swatch,,,,,,,,,,,,,,,,,,,,,,,,,,,,,,,,,,,,,,,,,,,,
DB,ppg,PPG 1028-7 Walnut Grove,#5c5644,0.4535741194993973,0.029045331925144018,91.78394578943545,92,86,68,"[92, 86, 68]",0%,7%,26%,64%,"[0%, 7%, 26%, 64%]",36.75,0.09,11.46,"[36.75, 0.09, 11.46]",https://www.google.com/search?tbm=isch&q=ppg%20PPG%201028-7%20Walnut%20Grove%20color%20swatch,,,,,,,,,,,,,,,,,,,,,,,,,,,,,,,,,,,,,,,,,,,,
DB,ppg,PPG 1029-1 Silvery Moon,#e6e5dc,0.9201917447872014,0.012117356968931882,101.41151610028135,230,229,220,"[230, 229, 220]",0%,0%,4%,10%,"[0%, 0%, 4%, 10%]",90.83,-0.82,4.54,"[90.83, -0.82, 4.54]",https://www.google.com/search?tbm=isch&q=ppg%20PPG%201029-1%20Silvery%20Moon%20color%20swatch,,,,,,,,,,,,,,,,,,,,,,,,,,,,,,,,,,,,,,,,,,,,
DB,ppg,PPG 1029-2 Veil Of Dusk,#dad8c9,0.8796968557477471,0.020360211722457857,100.57163795001827,218,216,201,"[218, 216, 201]",0%,1%,8%,15%,"[0%, 1%, 8%, 15%]",86.19,-1.22,7.69,"[86.19, -1.22, 7.69]",https://www.google.com/search?tbm=isch&q=ppg%20PPG%201029-2%20Veil%20Of%20Dusk%20color%20swatch,,,,,,,,,,,,,,,,,,,,,,,,,,,,,,,,,,,,,,,,,,,,
DB,ppg,PPG 1029-3 French Gray Linen,#cac8b6,0.8294451177365225,0.02467079434249093,101.70601491778399,202,200,182,"[202, 200, 182]",0%,1%,10%,21%,"[0%, 1%, 10%, 21%]",80.39,-1.61,9.31,"[80.39, -1.61, 9.31]",https://www.google.com/search?tbm=isch&q=ppg%20PPG%201029-3%20French%20Gray%20Linen%20color%20swatch,,,,,,,,,,,,,,,,,,,,,,,,,,,,,,,,,,,,,,,,,,,,
DB,ppg,PPG 1029-4 Photo Gray,#aead96,0.7421161439305931,0.03209535282146871,105.08694963337922,174,173,150,"[174, 173, 150]",0%,1%,14%,32%,"[0%, 1%, 14%, 32%]",70.33,-2.62,12.02,"[70.33, -2.62, 12.02]",https://www.google.com/search?tbm=isch&q=ppg%20PPG%201029-4%20Photo%20Gray%20color%20swatch,,,,,,,,,,,,,,,,,,,,,,,,,,,,,,,,,,,,,,,,,,,,
DB,ppg,PPG 1029-5 Meander,#8f8c79,0.6372461848082587,0.02773340057938351,99.72491294022728,143,140,121,"[143, 140, 121]",0%,2%,15%,44%,"[0%, 2%, 15%, 44%]",58.10,-1.38,10.62,"[58.10, -1.38, 10.62]",https://www.google.com/search?tbm=isch&q=ppg%20PPG%201029-5%20Meander%20color%20swatch,,,,,,,,,,,,,,,,,,,,,,,,,,,,,,,,,,,,,,,,,,,,
DB,ppg,PPG 1029-6 Organic,#747261,0.5488573125680433,0.025623395181751173,101.65254510574107,116,114,97,"[116, 114, 97]",0%,2%,16%,55%,"[0%, 2%, 16%, 55%]",47.85,-1.55,9.77,"[47.85, -1.55, 9.77]",https://www.google.com/search?tbm=isch&q=ppg%20PPG%201029-6%20Organic%20color%20swatch,,,,,,,,,,,,,,,,,,,,,,,,,,,,,,,,,,,,,,,,,,,,
DB,ppg,PPG 1029-7 Plunge Pool,#656457,0.5001642175846608,0.020075548894007658,103.46643168340728,101,100,87,"[101, 100, 87]",0%,1%,14%,60%,"[0%, 1%, 14%, 60%]",42.17,-1.46,7.57,"[42.17, -1.46, 7.57]",https://www.google.com/search?tbm=isch&q=ppg%20PPG%201029-7%20Plunge%20Pool%20color%20swatch,,,,,,,,,,,,,,,,,,,,,,,,,,,,,,,,,,,,,,,,,,,,
DB,ppg,PPG 1030-1 Brainstorm,#d1d3c0,0.8601018814915398,0.02580198371086373,111.76883921075392,209,211,192,"[209, 211, 192]",1%,0%,9%,17%,"[1%, 0%, 9%, 17%]",84.01,-3.18,9.21,"[84.01, -3.18, 9.21]",https://www.google.com/search?tbm=isch&q=ppg%20PPG%201030-1%20Brainstorm%20color%20swatch,,,,,,,,,,,,,,,,,,,,,,,,,,,,,,,,,,,,,,,,,,,,
DB,ppg,PPG 1030-2 Pale Pine,#c3c7b2,0.8207584647073138,0.029048885077458394,115.75795870272242,195,199,178,"[195, 199, 178]",2%,0%,11%,22%,"[2%, 0%, 11%, 22%]",79.49,-4.19,10.07,"[79.49, -4.19, 10.07]",https://www.google.com/search?tbm=isch&q=ppg%20PPG%201030-2%20Pale%20Pine%20color%20swatch,,,,,,,,,,,,,,,,,,,,,,,,,,,,,,,,,,,,,,,,,,,,
DB,ppg,PPG 1030-3 Mellow Mood,#b1b7a1,0.7685566165860556,0.03128321239830732,119.5074711919483,177,183,161,"[177, 183, 161]",3%,0%,12%,28%,"[3%, 0%, 12%, 28%]",73.47,-5.12,10.49,"[73.47, -5.12, 10.49]",https://www.google.com/search?tbm=isch&q=ppg%20PPG%201030-3%20Mellow%20Mood%20color%20swatch,,,,,,,,,,,,,,,,,,,,,,,,,,,,,,,,,,,,,,,,,,,,
DB,ppg,PPG 1030-4 Edamame,#9ca389,0.7025823758893218,0.037632458462254895,119.59244894337388,156,163,137,"[156, 163, 137]",4%,0%,16%,36%,"[4%, 0%, 16%, 36%]",65.88,-6.11,12.69,"[65.88, -6.11, 12.69]",https://www.google.com/search?tbm=isch&q=ppg%20PPG%201030-4%20Edamame%20color%20swatch,,,,,,,,,,,,,,,,,,,,,,,,,,,,,,,,,,,,,,,,,,,,
DB,ppg,PPG 1030-5 Mesmerize,#8e9074,0.6439491483474119,0.040199426717835926,110.81673385434055,142,144,116,"[142, 144, 116]",1%,0%,19%,44%,"[1%, 0%, 19%, 44%]",59.04,-4.47,14.71,"[59.04, -4.47, 14.71]",https://www.google.com/search?tbm=isch&q=ppg%20PPG%201030-5%20Mesmerize%20color%20swatch,,,,,,,,,,,,,,,,,,,,,,,,,,,,,,,,,,,,,,,,,,,,
DB,ppg,PPG 1030-6 Positively Palm,#76745d,0.554202489889322,0.0342178693854628,103.3155248082158,118,116,93,"[118, 116, 93]",0%,2%,21%,54%,"[0%, 2%, 21%, 54%]",48.53,-2.29,13.07,"[48.53, -2.29, 13.07]",https://www.google.com/search?tbm=isch&q=ppg%20PPG%201030-6%20Positively%20Palm%20color%20swatch,,,,,,,,,,,,,,,,,,,,,,,,,,,,,,,,,,,,,,,,,,,,
DB,ppg,PPG 1030-7 Double Duty,#686858,0.5125077568696478,0.02443282767436723,107.20530245065049,104,104,88,"[104, 104, 88]",0%,0%,15%,59%,"[0%, 0%, 15%, 59%]",43.65,-2.28,9.07,"[43.65, -2.28, 9.07]",https://www.google.com/search?tbm=isch&q=ppg%20PPG%201030-7%20Double%20Duty%20color%20swatch,,,,,,,,,,,,,,,,,,,,,,,,,,,,,,,,,,,,,,,,,,,,
DB,ppg,PPG 1031-1 Mix Or Match,#ccccba,0.8402768176024574,0.02449897416973156,106.87264749004981,204,204,186,"[204, 204, 186]",0%,0%,9%,20%,"[0%, 0%, 9%, 20%]",81.67,-2.34,9.02,"[81.67, -2.34, 9.02]",https://www.google.com/search?tbm=isch&q=ppg%20PPG%201031-1%20Mix%20Or%20Match%20color%20swatch,,,,,,,,,,,,,,,,,,,,,,,,,,,,,,,,,,,,,,,,,,,,
DB,ppg,PPG 1031-2 Misty Meadow,#bec0b0,0.8017293344540328,0.02216629575097707,112.62742974910157,190,192,176,"[190, 192, 176]",1%,0%,8%,25%,"[1%, 0%, 8%, 25%]",77.21,-2.85,7.85,"[77.21, -2.85, 7.85]",https://www.google.com/search?tbm=isch&q=ppg%20PPG%201031-2%20Misty%20Meadow%20color%20swatch,,,,,,,,,,,,,,,,,,,,,,,,,,,,,,,,,,,,,,,,,,,,
DB,ppg,PPG 1031-3 Wandering Willow,#a6a897,0.7251383963578301,0.024086646649026686,112.40199880127557,166,168,151,"[166, 168, 151]",1%,0%,10%,34%,"[1%, 0%, 10%, 34%]",68.34,-3.04,8.57,"[68.34, -3.04, 8.57]",https://www.google.com/search?tbm=isch&q=ppg%20PPG%201031-3%20Wandering%20Willow%20color%20swatch,,,,,,,,,,,,,,,,,,,,,,,,,,,,,,,,,,,,,,,,,,,,
DB,ppg,PPG 1031-4 Restoration,#939581,0.6624774355558168,0.02882668090614804,111.78955284856102,147,149,129,"[147, 149, 129]",1%,0%,13%,42%,"[1%, 0%, 13%, 42%]",61.11,-3.48,10.36,"[61.11, -3.48, 10.36]",https://www.google.com/search?tbm=isch&q=ppg%20PPG%201031-4%20Restoration%20color%20swatch,,,,,,,,,,,,,,,,,,,,,,,,,,,,,,,,,,,,,,,,,,,,
DB,ppg,PPG 1031-5 Seaweed Wrap,#84846f,0.6073515897396654,0.03069096245465479,107.25482186507276,132,132,111,"[132, 132, 111]",0%,0%,16%,48%,"[0%, 0%, 16%, 48%]",54.70,-2.85,11.41,"[54.70, -2.85, 11.41]",https://www.google.com/search?tbm=isch&q=ppg%20PPG%201031-5%20Seaweed%20Wrap%20color%20swatch,,,,,,,,,,,,,,,,,,,,,,,,,,,,,,,,,,,,,,,,,,,,
DB,ppg,PPG 1031-6 Nevergreen,#666556,0.5031383722127821,0.02305264471001216,104.03796071121627,102,101,86,"[102, 101, 86]",0%,1%,16%,60%,"[0%, 1%, 16%, 60%]",42.54,-1.73,8.69,"[42.54, -1.73, 8.69]",https://www.google.com/search?tbm=isch&q=ppg%20PPG%201031-6%20Nevergreen%20color%20swatch,,,,,,,,,,,,,,,,,,,,,,,,,,,,,,,,,,,,,,,,,,,,
DB,ppg,PPG 1031-7 Osiris,#5b5a4d,0.46451146546486655,0.020410435531863825,103.52613374803627,91,90,77,"[91, 90, 77]",0%,1%,15%,64%,"[0%, 1%, 15%, 64%]",38.03,-1.48,7.71,"[38.03, -1.48, 7.71]",https://www.google.com/search?tbm=isch&q=ppg%20PPG%201031-7%20Osiris%20color%20swatch,,,,,,,,,,,,,,,,,,,,,,,,,,,,,,,,,,,,,,,,,,,,
DB,ppg,PPG 1032-1 Metallic Mist,#cdccbe,0.8421272685488025,0.019131795496606735,103.42959084818426,205,204,190,"[205, 204, 190]",0%,0%,7%,20%,"[0%, 0%, 7%, 20%]",81.83,-1.47,7.14,"[81.83, -1.47, 7.14]",https://www.google.com/search?tbm=isch&q=ppg%20PPG%201032-1%20Metallic%20Mist%20color%20swatch,,,,,,,,,,,,,,,,,,,,,,,,,,,,,,,,,,,,,,,,,,,,
DB,ppg,PPG 1032-2 Hurricane Haze,#bdbbad,0.7897592541097539,0.019524758667204864,100.15760122448836,189,187,173,"[189, 187, 173]",0%,1%,8%,26%,"[0%, 1%, 8%, 26%]",75.75,-1.12,7.39,"[75.75, -1.12, 7.39]",https://www.google.com/search?tbm=isch&q=ppg%20PPG%201032-2%20Hurricane%20Haze%20color%20swatch,,,,,,,,,,,,,,,,,,,,,,,,,,,,,,,,,,,,,,,,,,,,
DB,ppg,PPG 1032-3 Olive It,#aeab9a,0.7389253282595193,0.024098816889232693,98.72130169753461,174,171,154,"[174, 171, 154]",0%,2%,11%,32%,"[0%, 2%, 11%, 32%]",69.87,-1.12,9.20,"[69.87, -1.12, 9.20]",https://www.google.com/search?tbm=isch&q=ppg%20PPG%201032-3%20Olive%20It%20color%20swatch,,,,,,,,,,,,,,,,,,,,,,,,,,,,,,,,,,,,,,,,,,,,
DB,ppg,PPG 1032-4 Sylvan,#979381,0.6615472632536454,0.026291243026891845,96.70078884068124,151,147,129,"[151, 147, 129]",0%,3%,15%,41%,"[0%, 3%, 15%, 41%]",60.90,-0.86,10.14,"[60.90, -0.86, 10.14]",https://www.google.com/search?tbm=isch&q=ppg%20PPG%201032-4%20Sylvan%20color%20swatch,,,,,,,,,,,,,,,,,,,,,,,,,,,,,,,,,,,,,,,,,,,,
DB,ppg,PPG 1032-5 Tortuga,#84816f,0.6006667242079127,0.026676252410144943,99.326939078659,132,129,111,"[132, 129, 111]",0%,2%,16%,48%,"[0%, 2%, 16%, 48%]",53.85,-1.26,10.24,"[53.85, -1.26, 10.24]",https://www.google.com/search?tbm=isch&q=ppg%20PPG%201032-5%20Tortuga%20color%20swatch,,,,,,,,,,,,,,,,,,,,,,,,,,,,,,,,,,,,,,,,,,,,
DB,ppg,PPG 1032-6 King's Court,#706d5e,0.5329910963307802,0.023011236434449054,97.76316546403143,112,109,94,"[112, 109, 94]",0%,3%,16%,56%,"[0%, 3%, 16%, 56%]",45.97,-0.88,8.87,"[45.97, -0.88, 8.87]",https://www.google.com/search?tbm=isch&q=ppg%20PPG%201032-6%20King's%20Court%20color%20swatch,,,,,,,,,,,,,,,,,,,,,,,,,,,,,,,,,,,,,,,,,,,,
DB,ppg,PPG 1032-7 Moss Rock,#5e5b4d,0.4697188392823654,0.022158866486308684,97.14437131735292,94,91,77,"[94, 91, 77]",0%,3%,18%,63%,"[0%, 3%, 18%, 63%]",38.62,-0.74,8.57,"[38.62, -0.74, 8.57]",https://www.google.com/search?tbm=isch&q=ppg%20PPG%201032-7%20Moss%20Rock%20color%20swatch,,,,,,,,,,,,,,,,,,,,,,,,,,,,,,,,,,,,,,,,,,,,
DB,ppg,PPG 1033-1 Salty Breeze,#dde2d7,0.9058952194692158,0.015710040822765208,126.73626501510762,221,226,215,"[221, 226, 215]",2%,0%,5%,11%,"[2%, 0%, 5%, 11%]",89.27,-3.20,4.79,"[89.27, -3.20, 4.79]",https://www.google.com/search?tbm=isch&q=ppg%20PPG%201033-1%20Salty%20Breeze%20color%20swatch,,,,,,,,,,,,,,,,,,,,,,,,,,,,,,,,,,,,,,,,,,,,
DB,ppg,PPG 1033-2 Wayward Willow,#d9dcd1,0.8891043937952238,0.015180980555018543,119.03974783676813,217,220,209,"[217, 220, 209]",1%,0%,5%,14%,"[1%, 0%, 5%, 14%]",87.30,-2.50,5.06,"[87.30, -2.50, 5.06]",https://www.google.com/search?tbm=isch&q=ppg%20PPG%201033-2%20Wayward%20Willow%20color%20swatch,,,,,,,,,,,,,,,,,,,,,,,,,,,,,,,,,,,,,,,,,,,,
DB,ppg,PPG 1033-3 Silent Storm,#c3c7bd,0.8236892227764147,0.01443022346300548,124.5007753146756,195,199,189,"[195, 199, 189]",2%,0%,5%,22%,"[2%, 0%, 5%, 22%]",79.71,-2.78,4.53,"[79.71, -2.78, 4.53]",https://www.google.com/search?tbm=isch&q=ppg%20PPG%201033-3%20Silent%20Storm%20color%20swatch,,,,,,,,,,,,,,,,,,,,,,,,,,,,,,,,,,,,,,,,,,,,
DB,ppg,PPG 1033-4 Light Drizzle,#a7aea5,0.7425903283783019,0.014949210910263903,138.62099489188847,167,174,165,"[167, 174, 165]",4%,0%,5%,32%,"[4%, 0%, 5%, 32%]",70.33,-3.82,3.74,"[70.33, -3.82, 3.74]",https://www.google.com/search?tbm=isch&q=ppg%20PPG%201033-4%20Light%20Drizzle%20color%20swatch,,,,,,,,,,,,,,,,,,,,,,,,,,,,,,,,,,,,,,,,,,,,
DB,ppg,PPG 1033-5 Gray Heron,#89928a,0.650163420690981,0.015673159675683453,148.58628657346173,137,146,138,"[137, 146, 138]",6%,0%,5%,43%,"[6%, 0%, 5%, 43%]",59.63,-4.56,3.08,"[59.63, -4.56, 3.08]",https://www.google.com/search?tbm=isch&q=ppg%20PPG%201033-5%20Gray%20Heron%20color%20swatch,,,,,,,,,,,,,,,,,,,,,,,,,,,,,,,,,,,,,,,,,,,,
DB,ppg,PPG 1033-6 Gunmetal Gray,#646c64,0.5218540605275829,0.015756761991988992,145.28019272146503,100,108,100,"[100, 108, 100]",7%,0%,7%,58%,"[7%, 0%, 7%, 58%]",44.74,-4.42,3.40,"[44.74, -4.42, 3.40]",https://www.google.com/search?tbm=isch&q=ppg%20PPG%201033-6%20Gunmetal%20Gray%20color%20swatch,,,,,,,,,,,,,,,,,,,,,,,,,,,,,,,,,,,,,,,,,,,,
DB,ppg,PPG 1033-7 Charcoal Smoke,#474f43,0.41651841313300586,0.02207070290507992,135.06634787939686,71,79,67,"[71, 79, 67]",10%,0%,15%,69%,"[10%, 0%, 15%, 69%]",32.58,-5.28,5.98,"[32.58, -5.28, 5.98]",https://www.google.com/search?tbm=isch&q=ppg%20PPG%201033-7%20Charcoal%20Smoke%20color%20swatch,,,,,,,,,,,,,,,,,,,,,,,,,,,,,,,,,,,,,,,,,,,,
DB,ppg,PPG 1034-1 Morning Song,#e4ece9,0.9361879613510922,0.00940729736332893,171.57351425927095,228,236,233,"[228, 236, 233]",3%,0%,1%,7%,"[3%, 0%, 1%, 7%]",92.72,-3.16,0.49,"[92.72, -3.16, 0.49]",https://www.google.com/search?tbm=isch&q=ppg%20PPG%201034-1%20Morning%20Song%20color%20swatch,,,,,,,,,,,,,,,,,,,,,,,,,,,,,,,,,,,,,,,,,,,,
DB,ppg,PPG 1034-2 Honesty,#dfebe9,0.9304865115189426,0.013037894630792189,184.93503826930169,223,235,233,"[223, 235, 233]",5%,0%,1%,8%,"[5%, 0%, 1%, 8%]",92.09,-4.40,-0.47,"[92.09, -4.40, -0.47]",https://www.google.com/search?tbm=isch&q=ppg%20PPG%201034-2%20Honesty%20color%20swatch,,,,,,,,,,,,,,,,,,,,,,,,,,,,,,,,,,,,,,,,,,,,
DB,ppg,PPG 1034-3 Pristine Petal,#d5e1e0,0.9003808665916034,0.012937179200013665,190.79826114498167,213,225,224,"[213, 225, 224]",5%,0%,0%,12%,"[5%, 0%, 0%, 12%]",88.59,-4.30,-0.96,"[88.59, -4.30, -0.96]",https://www.google.com/search?tbm=isch&q=ppg%20PPG%201034-3%20Pristine%20Petal%20color%20swatch,,,,,,,,,,,,,,,,,,,,,,,,,,,,,,,,,,,,,,,,,,,,
DB,ppg,PPG 1034-4 Misty Surf,#b5c8c9,0.8186884716523577,0.02072233957110766,200.52270360107093,181,200,201,"[181, 200, 201]",10%,0%,0%,21%,"[10%, 0%, 0%, 21%]",79.17,-6.53,-2.81,"[79.17, -6.53, -2.81]",https://www.google.com/search?tbm=isch&q=ppg%20PPG%201034-4%20Misty%20Surf%20color%20swatch,,,,,,,,,,,,,,,,,,,,,,,,,,,,,,,,,,,,,,,,,,,,
DB,ppg,PPG 1034-5 Aqua Smoke,#8c9fa0,0.6879602494248316,0.021511664939421565,200.47211739801844,140,159,160,"[140, 159, 160]",12%,1%,0%,37%,"[12%, 1%, 0%, 37%]",64.02,-6.78,-2.91,"[64.02, -6.78, -2.91]",https://www.google.com/search?tbm=isch&q=ppg%20PPG%201034-5%20Aqua%20Smoke%20color%20swatch,,,,,,,,,,,,,,,,,,,,,,,,,,,,,,,,,,,,,,,,,,,,
DB,ppg,PPG 1034-6 Blue Blood,#6b7f81,0.5811365874398917,0.0235317120134257,203.88778793604956,107,127,129,"[107, 127, 129]",17%,2%,0%,49%,"[17%, 2%, 0%, 49%]",51.63,-7.21,-3.66,"[51.63, -7.21, -3.66]",https://www.google.com/search?tbm=isch&q=ppg%20PPG%201034-6%20Blue%20Blood%20color%20swatch,,,,,,,,,,,,,,,,,,,,,,,,,,,,,,,,,,,,,,,,,,,,
DB,ppg,PPG 1034-7 Mountain Pine,#3b5257,0.42170628865377513,0.0292505385345944,212.51989384003332,59,82,87,"[59, 82, 87]",32%,6%,0%,66%,"[32%, 6%, 0%, 66%]",33.13,-8.09,-5.94,"[33.13, -8.09, -5.94]",https://www.google.com/search?tbm=isch&q=ppg%20PPG%201034-7%20Mountain%20Pine%20color%20swatch,,,,,,,,,,,,,,,,,,,,,,,,,,,,,,,,,,,,,,,,,,,,
DB,ppg,PPG 1035-1 Watery Blue,#cfdfdd,0.8910528867188616,0.017337769653645425,187.751118106415,207,223,221,"[207, 223, 221]",7%,0%,1%,13%,"[7%, 0%, 1%, 13%]",87.57,-5.82,-0.94,"[87.57, -5.82, -0.94]",https://www.google.com/search?tbm=isch&q=ppg%20PPG%201035-1%20Watery%20Blue%20color%20swatch,,,,,,,,,,,,,,,,,,,,,,,,,,,,,,,,,,,,,,,,,,,,
DB,ppg,PPG 1035-2 Sky Diving,#c6d6d7,0.8642974621139826,0.01732022253254629,201.27610973754918,198,214,215,"[198, 214, 215]",8%,0%,0%,16%,"[8%, 0%, 0%, 16%]",84.43,-5.43,-2.43,"[84.43, -5.43, -2.43]",https://www.google.com/search?tbm=isch&q=ppg%20PPG%201035-2%20Sky%20Diving%20color%20swatch,,,,,,,,,,,,,,,,,,,,,,,,,,,,,,,,,,,,,,,,,,,,
DB,ppg,PPG 1035-3 Blue By You,#a0b7ba,0.7629036647286936,0.025632419534494563,206.11614266424908,160,183,186,"[160, 183, 186]",14%,2%,0%,27%,"[14%, 2%, 0%, 27%]",72.72,-7.70,-4.33,"[72.72, -7.70, -4.33]",https://www.google.com/search?tbm=isch&q=ppg%20PPG%201035-3%20Blue%20By%20You%20color%20swatch,,,,,,,,,,,,,,,,,,,,,,,,,,,,,,,,,,,,,,,,,,,,
DB,ppg,PPG 1035-4 Symphony Of Blue,#89a0a6,0.689944081802076,0.02726265053029459,215.19266119780696,137,160,166,"[137, 160, 166]",17%,4%,0%,35%,"[17%, 4%, 0%, 35%]",64.22,-7.36,-5.98,"[64.22, -7.36, -5.98]",https://www.google.com/search?tbm=isch&q=ppg%20PPG%201035-4%20Symphony%20Of%20Blue%20color%20swatch,,,,,,,,,,,,,,,,,,,,,,,,,,,,,,,,,,,,,,,,,,,,
DB,ppg,PPG 1035-5 Puddle Jumper,#6a8389,0.5924613375230228,0.030156215867024532,213.89601167744036,106,131,137,"[106, 131, 137]",23%,4%,0%,46%,"[23%, 4%, 0%, 46%]",52.94,-8.24,-6.38,"[52.94, -8.24, -6.38]",https://www.google.com/search?tbm=isch&q=ppg%20PPG%201035-5%20Puddle%20Jumper%20color%20swatch,,,,,,,,,,,,,,,,,,,,,,,,,,,,,,,,,,,,,,,,,,,,
DB,ppg,PPG 1035-6 Superstition,#5b6e74,0.5248337044814114,0.024555892032363007,218.84940893398982,91,110,116,"[91, 110, 116]",22%,5%,0%,55%,"[22%, 5%, 0%, 55%]",45.03,-6.25,-5.83,"[45.03, -6.25, -5.83]",https://www.google.com/search?tbm=isch&q=ppg%20PPG%201035-6%20Superstition%20color%20swatch,,,,,,,,,,,,,,,,,,,,,,,,,,,,,,,,,,,,,,,,,,,,
DB,ppg,PPG 1035-7 Obsidian,#445055,0.4226294035931327,0.01736549307838133,224.8296989100927,68,80,85,"[68, 80, 85]",20%,6%,0%,67%,"[20%, 6%, 0%, 67%]",33.11,-4.00,-4.63,"[33.11, -4.00, -4.63]",https://www.google.com/search?tbm=isch&q=ppg%20PPG%201035-7%20Obsidian%20color%20swatch,,,,,,,,,,,,,,,,,,,,,,,,,,,,,,,,,,,,,,,,,,,,
DB,ppg,PPG 1036-1 Gray Glimpse,#e0e4e2,0.9152337800328285,0.005059241578932446,164.60046796784331,224,228,226,"[224, 228, 226]",2%,0%,1%,11%,"[2%, 0%, 1%, 11%]",90.24,-1.66,0.50,"[90.24, -1.66, 0.50]",https://www.google.com/search?tbm=isch&q=ppg%20PPG%201036-1%20Gray%20Glimpse%20color%20swatch,,,,,,,,,,,,,,,,,,,,,,,,,,,,,,,,,,,,,,,,,,,,
DB,ppg,PPG 1036-2 Winter Chill,#c9d2d1,0.8565572795168792,0.009885412072056165,188.8542774005375,201,210,209,"[201, 210, 209]",4%,0%,0%,18%,"[4%, 0%, 0%, 18%]",83.48,-3.30,-0.61,"[83.48, -3.30, -0.61]",https://www.google.com/search?tbm=isch&q=ppg%20PPG%201036-2%20Winter%20Chill%20color%20swatch,,,,,,,,,,,,,,,,,,,,,,,,,,,,,,,,,,,,,,,,,,,,
DB,ppg,PPG 1036-3 Nautical Star,#aab5b7,0.7650746945931359,0.012615821369188741,209.70596820012963,170,181,183,"[170, 181, 183]",7%,1%,0%,28%,"[7%, 1%, 0%, 28%]",72.85,-3.67,-2.40,"[72.85, -3.67, -2.40]",https://www.google.com/search?tbm=isch&q=ppg%20PPG%201036-3%20Nautical%20Star%20color%20swatch,,,,,,,,,,,,,,,,,,,,,,,,,,,,,,,,,,,,,,,,,,,,
DB,ppg,PPG 1036-4 After The Storm,#919fa1,0.6920189581056029,0.01619752333555827,207.01020738500438,145,159,161,"[145, 159, 161]",10%,1%,0%,37%,"[10%, 1%, 0%, 37%]",64.42,-4.83,-2.83,"[64.42, -4.83, -2.83]",https://www.google.com/search?tbm=isch&q=ppg%20PPG%201036-4%20After%20The%20Storm%20color%20swatch,,,,,,,,,,,,,,,,,,,,,,,,,,,,,,,,,,,,,,,,,,,,
DB,ppg,PPG 1036-5 Rough Ride,#7a8687,0.6105498871682138,0.014164865753363485,202.76164166260492,122,134,135,"[122, 134, 135]",10%,1%,0%,47%,"[10%, 1%, 0%, 47%]",54.96,-4.39,-2.12,"[54.96, -4.39, -2.12]",https://www.google.com/search?tbm=isch&q=ppg%20PPG%201036-5%20Rough%20Ride%20color%20swatch,,,,,,,,,,,,,,,,,,,,,,,,,,,,,,,,,,,,,,,,,,,,
DB,ppg,PPG 1036-6 Phantom,#6e797b,0.5675824458777694,0.013508523036585311,209.7322576816722,110,121,123,"[110, 121, 123]",11%,2%,0%,52%,"[11%, 2%, 0%, 52%]",49.95,-3.92,-2.57,"[49.95, -3.92, -2.57]",https://www.google.com/search?tbm=isch&q=ppg%20PPG%201036-6%20Phantom%20color%20swatch,,,,,,,,,,,,,,,,,,,,,,,,,,,,,,,,,,,,,,,,,,,,
DB,ppg,PPG 1036-7 Mostly Metal,#575e5f,0.47611432059324726,0.008929877869738223,207.00887180987456,87,94,95,"[87, 94, 95]",8%,1%,0%,63%,"[8%, 1%, 0%, 63%]",39.31,-2.67,-1.56,"[39.31, -2.67, -1.56]",https://www.google.com/search?tbm=isch&q=ppg%20PPG%201036-7%20Mostly%20Metal%20color%20swatch,,,,,,,,,,,,,,,,,,,,,,,,,,,,,,,,,,,,,,,,,,,,
DB,ppg,PPG 1037-1 Sea Frost,#d5dcdc,0.8891198810750903,0.007565755412336651,196.80310272740962,213,220,220,"[213, 220, 220]",3%,0%,0%,14%,"[3%, 0%, 0%, 14%]",87.22,-2.44,-0.85,"[87.22, -2.44, -0.85]",https://www.google.com/search?tbm=isch&q=ppg%20PPG%201037-1%20Sea%20Frost%20color%20swatch,,,,,,,,,,,,,,,,,,,,,,,,,,,,,,,,,,,,,,,,,,,,
DB,ppg,PPG 1037-2 Sky Splash,#c9d3d3,0.8591853312468432,0.010869810967744207,196.80728639615995,201,211,211,"[201, 211, 211]",5%,0%,0%,17%,"[5%, 0%, 0%, 17%]",83.78,-3.51,-1.23,"[83.78, -3.51, -1.23]",https://www.google.com/search?tbm=isch&q=ppg%20PPG%201037-2%20Sky%20Splash%20color%20swatch,,,,,,,,,,,,,,,,,,,,,,,,,,,,,,,,,,,,,,,,,,,,
DB,ppg,PPG 1037-3 Special Delivery,#a5b2b7,0.7549420311678161,0.01620954232734112,222.68769389129625,165,178,183,"[165, 178, 183]",10%,3%,0%,28%,"[10%, 3%, 0%, 28%]",71.66,-3.93,-4.19,"[71.66, -3.93, -4.19]",https://www.google.com/search?tbm=isch&q=ppg%20PPG%201037-3%20Special%20Delivery%20color%20swatch,,,,,,,,,,,,,,,,,,,,,,,,,,,,,,,,,,,,,,,,,,,,
DB,ppg,PPG 1037-4 Symmetry,#8fa0a7,0.6946400681955075,0.021816887892585048,224.39620016791753,143,160,167,"[143, 160, 167]",14%,4%,0%,35%,"[14%, 4%, 0%, 35%]",64.69,-5.10,-5.79,"[64.69, -5.10, -5.79]",https://www.google.com/search?tbm=isch&q=ppg%20PPG%201037-4%20Symmetry%20color%20swatch,,,,,,,,,,,,,,,,,,,,,,,,,,,,,,,,,,,,,,,,,,,,
DB,ppg,PPG 1037-5 Night Rendezvous,#66787e,0.5601223549546718,0.023203424320368593,219.87777341762524,102,120,126,"[102, 120, 126]",19%,5%,0%,51%,"[19%, 5%, 0%, 51%]",49.11,-5.83,-5.64,"[49.11, -5.83, -5.64]",https://www.google.com/search?tbm=isch&q=ppg%20PPG%201037-5%20Night%20Rendezvous%20color%20swatch,,,,,,,,,,,,,,,,,,,,,,,,,,,,,,,,,,,,,,,,,,,,
DB,ppg,PPG 1037-6 Mysterious,#535e63,0.474215017713416,0.015890738053710763,226.80417460768604,83,94,99,"[83, 94, 99]",16%,5%,0%,61%,"[16%, 5%, 0%, 61%]",39.08,-3.54,-4.39,"[39.08, -3.54, -4.39]",https://www.google.com/search?tbm=isch&q=ppg%20PPG%201037-6%20Mysterious%20color%20swatch,,,,,,,,,,,,,,,,,,,,,,,,,,,,,,,,,,,,,,,,,,,,
DB,ppg,PPG 1037-7 Witchcraft,#474c50,0.41340668565876765,0.00932291165768925,241.83896180905265,71,76,80,"[71, 76, 80]",11%,5%,0%,69%,"[11%, 5%, 0%, 69%]",31.96,-1.40,-3.11,"[31.96, -1.40, -3.11]",https://www.google.com/search?tbm=isch&q=ppg%20PPG%201037-7%20Witchcraft%20color%20swatch,,,,,,,,,,,,,,,,,,,,,,,,,,,,,,,,,,,,,,,,,,,,
DB,ppg,PPG 1038-1 Evening Mist,#e3e9e8,0.9291744595705049,0.006549346422472719,184.9742041143104,227,233,232,"[227, 233, 232]",3%,0%,0%,9%,"[3%, 0%, 0%, 9%]",91.86,-2.21,-0.24,"[91.86, -2.21, -0.24]",https://www.google.com/search?tbm=isch&q=ppg%20PPG%201038-1%20Evening%20Mist%20color%20swatch,,,,,,,,,,,,,,,,,,,,,,,,,,,,,,,,,,,,,,,,,,,,
DB,ppg,PPG 1038-2 Dewdrop,#dde4e3,0.9132466249525528,0.0076274088252740475,186.63643436842665,221,228,227,"[221, 228, 227]",3%,0%,0%,11%,"[3%, 0%, 0%, 11%]",90.03,-2.56,-0.36,"[90.03, -2.56, -0.36]",https://www.google.com/search?tbm=isch&q=ppg%20PPG%201038-2%20Dewdrop%20color%20swatch,,,,,,,,,,,,,,,,,,,,,,,,,,,,,,,,,,,,,,,,,,,,
DB,ppg,PPG 1038-3 Winter's Breath,#d4dddd,0.8906759442436755,0.009707914651446253,196.81198941257833,212,221,221,"[212, 221, 221]",4%,0%,0%,13%,"[4%, 0%, 0%, 13%]",87.42,-3.13,-1.10,"[87.42, -3.13, -1.10]",https://www.google.com/search?tbm=isch&q=ppg%20PPG%201038-3%20Winter's%20Breath%20color%20swatch,,,,,,,,,,,,,,,,,,,,,,,,,,,,,,,,,,,,,,,,,,,,
DB,ppg,PPG 1038-4 Smoke Screen,#adb6b9,0.7700883976273566,0.010936900757020366,219.52794457022424,173,182,185,"[173, 182, 185]",6%,2%,0%,27%,"[6%, 2%, 0%, 27%]",73.40,-2.81,-2.66,"[73.40, -2.81, -2.66]",https://www.google.com/search?tbm=isch&q=ppg%20PPG%201038-4%20Smoke%20Screen%20color%20swatch,,,,,,,,,,,,,,,,,,,,,,,,,,,,,,,,,,,,,,,,,,,,
DB,ppg,PPG 1038-5 Feldspar,#858f94,0.6434863307317464,0.013836382834621117,228.9988354220518,133,143,148,"[133, 143, 148]",10%,3%,0%,42%,"[10%, 3%, 0%, 42%]",58.70,-2.97,-3.97,"[58.70, -2.97, -3.97]",https://www.google.com/search?tbm=isch&q=ppg%20PPG%201038-5%20Feldspar%20color%20swatch,,,,,,,,,,,,,,,,,,,,,,,,,,,,,,,,,,,,,,,,,,,,
DB,ppg,PPG 1038-6 Lava Gray,#5e686d,0.5104797092296101,0.01460969155846228,229.11778075851657,94,104,109,"[94, 104, 109]",14%,5%,0%,57%,"[14%, 5%, 0%, 57%]",43.27,-3.11,-4.19,"[43.27, -3.11, -4.19]",https://www.google.com/search?tbm=isch&q=ppg%20PPG%201038-6%20Lava%20Gray%20color%20swatch,,,,,,,,,,,,,,,,,,,,,,,,,,,,,,,,,,,,,,,,,,,,
DB,ppg,PPG 1038-7 Midnight Hour,#3b484f,0.392937725716192,0.020494861324334163,231.4701173920913,59,72,79,"[59, 72, 79]",25%,9%,0%,69%,"[25%, 9%, 0%, 69%]",29.64,-4.03,-6.02,"[29.64, -4.03, -6.02]",https://www.google.com/search?tbm=isch&q=ppg%20PPG%201038-7%20Midnight%20Hour%20color%20swatch,,,,,,,,,,,,,,,,,,,,,,,,,,,,,,,,,,,,,,,,,,,,
DB,ppg,PPG 1039-1 Ghost Whisperer,#cbd1d0,0.8557485856358824,0.006683094880832923,184.98256916446098,203,209,208,"[203, 209, 208]",3%,0%,0%,18%,"[3%, 0%, 0%, 18%]",83.35,-2.25,-0.24,"[83.35, -2.25, -0.24]",https://www.google.com/search?tbm=isch&q=ppg%20PPG%201039-1%20Ghost%20Whisperer%20color%20swatch,,,,,,,,,,,,,,,,,,,,,,,,,,,,,,,,,,,,,,,,,,,,
DB,ppg,PPG 1039-2 Maiden Mist,#b9c0c0,0.8022979510520476,0.00775703214756403,196.8103059806749,185,192,192,"[185, 192, 192]",4%,0%,0%,25%,"[4%, 0%, 0%, 25%]",77.15,-2.50,-0.88,"[77.15, -2.50, -0.88]",https://www.google.com/search?tbm=isch&q=ppg%20PPG%201039-2%20Maiden%20Mist%20color%20swatch,,,,,,,,,,,,,,,,,,,,,,,,,,,,,,,,,,,,,,,,,,,,
DB,ppg,PPG 1039-3 Mirror Mirror,#a8b0b2,0.7514554239841391,0.009454327187665753,214.24034020770262,168,176,178,"[168, 176, 178]",6%,1%,0%,30%,"[6%, 1%, 0%, 30%]",71.24,-2.61,-2.04,"[71.24, -2.61, -2.04]",https://www.google.com/search?tbm=isch&q=ppg%20PPG%201039-3%20Mirror%20Mirror%20color%20swatch,,,,,,,,,,,,,,,,,,,,,,,,,,,,,,,,,,,,,,,,,,,,
DB,ppg,PPG 1039-4 Pachyderm,#8f989d,0.6739641682127676,0.012738621677309823,231.7047074464666,143,152,157,"[143, 152, 157]",9%,3%,0%,38%,"[9%, 3%, 0%, 38%]",62.22,-2.58,-3.80,"[62.22, -2.58, -3.80]",https://www.google.com/search?tbm=isch&q=ppg%20PPG%201039-4%20Pachyderm%20color%20swatch,,,,,,,,,,,,,,,,,,,,,,,,,,,,,,,,,,,,,,,,,,,,
DB,ppg,PPG 1039-5 Garrison Gray,#7b8588,0.6094227518123296,0.012637263465000506,217.54177229194192,123,133,136,"[123, 133, 136]",10%,2%,0%,47%,"[10%, 2%, 0%, 47%]",54.78,-3.33,-2.94,"[54.78, -3.33, -2.94]",https://www.google.com/search?tbm=isch&q=ppg%20PPG%201039-5%20Garrison%20Gray%20color%20swatch,,,,,,,,,,,,,,,,,,,,,,,,,,,,,,,,,,,,,,,,,,,,
DB,ppg,PPG 1039-6 In The Shadows,#656e72,0.5319221276029685,0.012634115193976414,226.09761861895618,101,110,114,"[101, 110, 114]",11%,4%,0%,55%,"[11%, 4%, 0%, 55%]",45.76,-2.88,-3.46,"[45.76, -2.88, -3.46]",https://www.google.com/search?tbm=isch&q=ppg%20PPG%201039-6%20In%20The%20Shadows%20color%20swatch,,,,,,,,,,,,,,,,,,,,,,,,,,,,,,,,,,,,,,,,,,,,
DB,ppg,PPG 1039-7 High Salute,#445056,0.42301483266079787,0.018224179623189094,229.36976166815407,68,80,86,"[68, 80, 86]",21%,7%,0%,66%,"[21%, 7%, 0%, 66%]",33.14,-3.80,-5.22,"[33.14, -3.80, -5.22]",https://www.google.com/search?tbm=isch&q=ppg%20PPG%201039-7%20High%20Salute%20color%20swatch,,,,,,,,,,,,,,,,,,,,,,,,,,,,,,,,,,,,,,,,,,,,
DB,ppg,PPG 1040-1 Zen,#cfd9de,0.8791395396492423,0.012834021931176831,228.8794625958211,207,217,222,"[207, 217, 222]",7%,2%,0%,13%,"[7%, 2%, 0%, 13%]",86.03,-2.78,-3.69,"[86.03, -2.78, -3.69]",https://www.google.com/search?tbm=isch&q=ppg%20PPG%201040-1%20Zen%20color%20swatch,,,,,,,,,,,,,,,,,,,,,,,,,,,,,,,,,,,,,,,,,,,,
DB,ppg,PPG 1040-2 Keepsakes,#c0ced6,0.8431497381504647,0.018895494302259674,232.5173834934094,192,206,214,"[192, 206, 214]",10%,4%,0%,16%,"[10%, 4%, 0%, 16%]",81.87,-3.74,-5.69,"[81.87, -3.74, -5.69]",https://www.google.com/search?tbm=isch&q=ppg%20PPG%201040-2%20Keepsakes%20color%20swatch,,,,,,,,,,,,,,,,,,,,,,,,,,,,,,,,,,,,,,,,,,,,
DB,ppg,PPG 1040-3 Ocean Drive,#b0bec5,0.7928422611498251,0.018371735061720875,229.02675824948187,176,190,197,"[176, 190, 197]",11%,4%,0%,23%,"[11%, 4%, 0%, 23%]",76.04,-3.94,-5.27,"[76.04, -3.94, -5.27]",https://www.google.com/search?tbm=isch&q=ppg%20PPG%201040-3%20Ocean%20Drive%20color%20swatch,,,,,,,,,,,,,,,,,,,,,,,,,,,,,,,,,,,,,,,,,,,,
DB,ppg,PPG 1040-4 How Handsome,#a0aeb8,0.7430213563123539,0.021311506262280216,238.7552772670257,160,174,184,"[160, 174, 184]",13%,5%,0%,28%,"[13%, 5%, 0%, 28%]",70.23,-3.52,-6.89,"[70.23, -3.52, -6.89]",https://www.google.com/search?tbm=isch&q=ppg%20PPG%201040-4%20How%20Handsome%20color%20swatch,,,,,,,,,,,,,,,,,,,,,,,,,,,,,,,,,,,,,,,,,,,,
DB,ppg,PPG 1040-5 Lost At Sea,#8d9ca7,0.6844386072569006,0.02356394169337227,239.5804860419164,141,156,167,"[141, 156, 167]",16%,7%,0%,35%,"[16%, 7%, 0%, 35%]",63.43,-3.75,-7.66,"[63.43, -3.75, -7.66]",https://www.google.com/search?tbm=isch&q=ppg%20PPG%201040-5%20Lost%20At%20Sea%20color%20swatch,,,,,,,,,,,,,,,,,,,,,,,,,,,,,,,,,,,,,,,,,,,,
DB,ppg,PPG 1040-6 Freedom Found,#657682,0.556193833551816,0.02749611435244079,238.76516772790103,101,118,130,"[101, 118, 130]",22%,9%,0%,49%,"[22%, 9%, 0%, 49%]",48.56,-4.39,-8.82,"[48.56, -4.39, -8.82]",https://www.google.com/search?tbm=isch&q=ppg%20PPG%201040-6%20Freedom%20Found%20color%20swatch,,,,,,,,,,,,,,,,,,,,,,,,,,,,,,,,,,,,,,,,,,,,
DB,ppg,PPG 1040-7 Goblin,#525e68,0.4752954568156168,0.021994278682682774,243.31225920406985,82,94,104,"[82, 94, 104]",21%,10%,0%,59%,"[21%, 10%, 0%, 59%]",39.14,-2.99,-7.37,"[39.14, -2.99, -7.37]",https://www.google.com/search?tbm=isch&q=ppg%20PPG%201040-7%20Goblin%20color%20swatch,,,,,,,,,,,,,,,,,,,,,,,,,,,,,,,,,,,,,,,,,,,,
DB,ppg,PPG 1041-1 Moonlit Snow,#eaeeec,0.9455114651122223,0.0050185617845127485,164.58962256138977,234,238,236,"[234, 238, 236]",2%,0%,1%,7%,"[2%, 0%, 1%, 7%]",93.75,-1.64,0.49,"[93.75, -1.64, 0.49]",https://www.google.com/search?tbm=isch&q=ppg%20PPG%201041-1%20Moonlit%20Snow%20color%20swatch,,,,,,,,,,,,,,,,,,,,,,,,,,,,,,,,,,,,,,,,,,,,
DB,ppg,PPG 1041-2 City Lights,#dfe6ea,0.9207684892600985,0.00927136743881324,232.29037276096972,223,230,234,"[223, 230, 234]",5%,2%,0%,8%,"[5%, 2%, 0%, 8%]",90.84,-1.87,-2.80,"[90.84, -1.87, -2.80]",https://www.google.com/search?tbm=isch&q=ppg%20PPG%201041-2%20City%20Lights%20color%20swatch,,,,,,,,,,,,,,,,,,,,,,,,,,,,,,,,,,,,,,,,,,,,
DB,ppg,PPG 1041-3 Billowing Clouds,#d8dee3,0.897454887190164,0.009412557731160424,242.80770131080635,216,222,227,"[216, 222, 227]",5%,2%,0%,11%,"[5%, 2%, 0%, 11%]",88.11,-1.40,-3.19,"[88.11, -1.40, -3.19]",https://www.google.com/search?tbm=isch&q=ppg%20PPG%201041-3%20Billowing%20Clouds%20color%20swatch,,,,,,,,,,,,,,,,,,,,,,,,,,,,,,,,,,,,,,,,,,,,
DB,ppg,PPG 1041-4 Blue Dolphin,#bcc5cf,0.8194897554504191,0.017166196021867853,250.86346383001887,188,197,207,"[188, 197, 207]",9%,5%,0%,19%,"[9%, 5%, 0%, 19%]",79.04,-1.74,-6.13,"[79.04, -1.74, -6.13]",https://www.google.com/search?tbm=isch&q=ppg%20PPG%201041-4%20Blue%20Dolphin%20color%20swatch,,,,,,,,,,,,,,,,,,,,,,,,,,,,,,,,,,,,,,,,,,,,
DB,ppg,PPG 1041-5 Quicksilver,#939fa9,0.6961491962887052,0.020051789025568405,243.07085714619848,147,159,169,"[147, 159, 169]",13%,6%,0%,34%,"[13%, 6%, 0%, 34%]",64.76,-2.85,-6.75,"[64.76, -2.85, -6.75]",https://www.google.com/search?tbm=isch&q=ppg%20PPG%201041-5%20Quicksilver%20color%20swatch,,,,,,,,,,,,,,,,,,,,,,,,,,,,,,,,,,,,,,,,,,,,
DB,ppg,PPG 1041-6 Sheffield Gray,#6b7680,0.5600850401953984,0.020359340264994644,245.5826114079647,107,118,128,"[107, 118, 128]",16%,8%,0%,50%,"[16%, 8%, 0%, 50%]",48.97,-2.57,-6.97,"[48.97, -2.57, -6.97]",https://www.google.com/search?tbm=isch&q=ppg%20PPG%201041-6%20Sheffield%20Gray%20color%20swatch,,,,,,,,,,,,,,,,,,,,,,,,,,,,,,,,,,,,,,,,,,,,
DB,ppg,PPG 1041-7 Cavalry,#3f4c5a,0.4107565727043394,0.028838590482215595,250.4404973903371,63,76,90,"[63, 76, 90]",30%,16%,0%,65%,"[30%, 16%, 0%, 65%]",31.59,-2.56,-10.09,"[31.59, -2.56, -10.09]",https://www.google.com/search?tbm=isch&q=ppg%20PPG%201041-7%20Cavalry%20color%20swatch,,,,,,,,,,,,,,,,,,,,,,,,,,,,,,,,,,,,,,,,,,,,
DB,ppg,PPG 1042-1 Calla Lily,#e4eaed,0.9333480414236294,0.007595599715218233,228.74197252281704,228,234,237,"[228, 234, 237]",4%,1%,0%,7%,"[4%, 1%, 0%, 7%]",92.30,-1.66,-2.18,"[92.30, -1.66, -2.18]",https://www.google.com/search?tbm=isch&q=ppg%20PPG%201042-1%20Calla%20Lily%20color%20swatch,,,,,,,,,,,,,,,,,,,,,,,,,,,,,,,,,,,,,,,,,,,,
DB,ppg,PPG 1042-2 Winter Haven,#e1e6eb,0.9225648024633674,0.008635161749187603,247.89510111330333,225,230,235,"[225, 230, 235]",4%,2%,0%,8%,"[4%, 2%, 0%, 8%]",91.01,-1.05,-3.04,"[91.01, -1.05, -3.04]",https://www.google.com/search?tbm=isch&q=ppg%20PPG%201042-2%20Winter%20Haven%20color%20swatch,,,,,,,,,,,,,,,,,,,,,,,,,,,,,,,,,,,,,,,,,,,,
DB,ppg,PPG 1042-3 Ocean Dream,#d4dde2,0.8921438771264386,0.011895551969941976,231.60434675120905,212,221,226,"[212, 221, 226]",6%,2%,0%,11%,"[6%, 2%, 0%, 11%]",87.53,-2.43,-3.55,"[87.53, -2.43, -3.55]",https://www.google.com/search?tbm=isch&q=ppg%20PPG%201042-3%20Ocean%20Dream%20color%20swatch,,,,,,,,,,,,,,,,,,,,,,,,,,,,,,,,,,,,,,,,,,,,
DB,ppg,PPG 1042-4 Blue Beard,#abb5c4,0.7699818348921511,0.02413092794752768,258.3694795223514,171,181,196,"[171, 181, 196]",13%,8%,0%,23%,"[13%, 8%, 0%, 23%]",73.24,-1.33,-8.89,"[73.24, -1.33, -8.89]",https://www.google.com/search?tbm=isch&q=ppg%20PPG%201042-4%20Blue%20Beard%20color%20swatch,,,,,,,,,,,,,,,,,,,,,,,,,,,,,,,,,,,,,,,,,,,,
DB,ppg,PPG 1042-5 Prophetic Sea,#818b9c,0.6343502087177308,0.028068388206485204,261.11208395580877,129,139,156,"[129, 139, 156]",17%,11%,0%,39%,"[17%, 11%, 0%, 39%]",57.47,-0.98,-10.37,"[57.47, -0.98, -10.37]",https://www.google.com/search?tbm=isch&q=ppg%20PPG%201042-5%20Prophetic%20Sea%20color%20swatch,,,,,,,,,,,,,,,,,,,,,,,,,,,,,,,,,,,,,,,,,,,,
DB,ppg,PPG 1042-6 Blue Zephyr,#5b6676,0.5067981483607322,0.028854333676991174,257.67654860177913,91,102,118,"[91, 102, 118]",23%,14%,0%,54%,"[23%, 14%, 0%, 54%]",42.69,-1.47,-10.50,"[42.69, -1.47, -10.50]",https://www.google.com/search?tbm=isch&q=ppg%20PPG%201042-6%20Blue%20Zephyr%20color%20swatch,,,,,,,,,,,,,,,,,,,,,,,,,,,,,,,,,,,,,,,,,,,,
DB,ppg,PPG 1042-7 Admiralty,#404e61,0.4195745170482098,0.03650584770105455,256.1266875758687,64,78,97,"[64, 78, 97]",34%,20%,0%,62%,"[34%, 20%, 0%, 62%]",32.54,-1.84,-13.08,"[32.54, -1.84, -13.08]",https://www.google.com/search?tbm=isch&q=ppg%20PPG%201042-7%20Admiralty%20color%20swatch,,,,,,,,,,,,,,,,,,,,,,,,,,,,,,,,,,,,,,,,,,,,
DB,ppg,PPG 1043-1 Snowbank,#e8e9e9,0.9332575510448872,0.0010572061589503414,195.52017493348694,232,233,233,"[232, 233, 233]",0%,0%,0%,9%,"[0%, 0%, 0%, 9%]",92.27,-0.34,-0.11,"[92.27, -0.34, -0.11]",https://www.google.com/search?tbm=isch&q=ppg%20PPG%201043-1%20Snowbank%20color%20swatch,,,,,,,,,,,,,,,,,,,,,,,,,,,,,,,,,,,,,,,,,,,,
DB,ppg,PPG 1043-2 Moondance,#e1e1e2,0.910033126158355,0.0013169841165007249,287.2287159026889,225,225,226,"[225, 225, 226]",0%,0%,0%,11%,"[0%, 0%, 0%, 11%]",89.55,0.14,-0.48,"[89.55, 0.14, -0.48]",https://www.google.com/search?tbm=isch&q=ppg%20PPG%201043-2%20Moondance%20color%20swatch,,,,,,,,,,,,,,,,,,,,,,,,,,,,,,,,,,,,,,,,,,,,
DB,ppg,PPG 1043-3 Wayward Winds,#dedfe2,0.9037414245429687,0.004174580184164749,271.5187815852569,222,223,226,"[222, 223, 226]",2%,1%,0%,11%,"[2%, 1%, 0%, 11%]",88.81,0.06,-1.58,"[88.81, 0.06, -1.58]",https://www.google.com/search?tbm=isch&q=ppg%20PPG%201043-3%20Wayward%20Winds%20color%20swatch,,,,,,,,,,,,,,,,,,,,,,,,,,,,,,,,,,,,,,,,,,,,
DB,ppg,PPG 1043-4 Glistening Gray,#b1b3be,0.7685438818845938,0.015702393894671266,277.82226053237844,177,179,190,"[177, 179, 190]",7%,6%,0%,25%,"[7%, 6%, 0%, 25%]",73.04,0.87,-5.86,"[73.04, 0.87, -5.86]",https://www.google.com/search?tbm=isch&q=ppg%20PPG%201043-4%20Glistening%20Gray%20color%20swatch,,,,,,,,,,,,,,,,,,,,,,,,,,,,,,,,,,,,,,,,,,,,
DB,ppg,PPG 1043-5 Flannel Pajamas,#8b8d98,0.645313487452825,0.016429711467317372,277.73617693883693,139,141,152,"[139, 141, 152]",9%,7%,0%,40%,"[9%, 7%, 0%, 40%]",58.74,0.92,-6.12,"[58.74, 0.92, -6.12]",https://www.google.com/search?tbm=isch&q=ppg%20PPG%201043-5%20Flannel%20Pajamas%20color%20swatch,,,,,,,,,,,,,,,,,,,,,,,,,,,,,,,,,,,,,,,,,,,,
DB,ppg,PPG 1043-6 Alley Cat,#656874,0.5188827676678113,0.019178478388311066,274.5725582850587,101,104,116,"[101, 104, 116]",13%,10%,0%,55%,"[13%, 10%, 0%, 55%]",44.06,0.79,-7.16,"[44.06, 0.79, -7.16]",https://www.google.com/search?tbm=isch&q=ppg%20PPG%201043-6%20Alley%20Cat%20color%20swatch,,,,,,,,,,,,,,,,,,,,,,,,,,,,,,,,,,,,,,,,,,,,
DB,ppg,PPG 1043-7 Black Flame,#484b5a,0.41587106664910345,0.025256993329109474,276.3551988817103,72,75,90,"[72, 75, 90]",20%,17%,0%,65%,"[20%, 17%, 0%, 65%]",32.05,1.47,-9.32,"[32.05, 1.47, -9.32]",https://www.google.com/search?tbm=isch&q=ppg%20PPG%201043-7%20Black%20Flame%20color%20swatch,,,,,,,,,,,,,,,,,,,,,,,,,,,,,,,,,,,,,,,,,,,,
DB,ppg,PPG 1044-1 Love Bird,#f1ebea,0.9444580761556154,0.006667173098791865,29.04857564659534,241,235,234,"[241, 235, 234]",0%,2%,3%,5%,"[0%, 2%, 3%, 5%]",93.50,1.96,1.25,"[93.50, 1.96, 1.25]",https://www.google.com/search?tbm=isch&q=ppg%20PPG%201044-1%20Love%20Bird%20color%20swatch,,,,,,,,,,,,,,,,,,,,,,,,,,,,,,,,,,,,,,,,,,,,
DB,ppg,PPG 1044-2 Mauve Wisp,#eadde1,0.9090519642160572,0.015171967607005392,356.7842806236107,234,221,225,"[234, 221, 225]",0%,6%,4%,8%,"[0%, 6%, 4%, 8%]",89.26,5.11,-0.27,"[89.26, 5.11, -0.27]",https://www.google.com/search?tbm=isch&q=ppg%20PPG%201044-2%20Mauve%20Wisp%20color%20swatch,,,,,,,,,,,,,,,,,,,,,,,,,,,,,,,,,,,,,,,,,,,,
DB,ppg,PPG 1044-3 Tinted Rosewood,#e1c8d1,0.8562411093425463,0.030460689377694052,354.0358523930911,225,200,209,"[225, 200, 209]",0%,11%,7%,12%,"[0%, 11%, 7%, 12%]",82.93,10.20,-1.10,"[82.93, 10.20, -1.10]",https://www.google.com/search?tbm=isch&q=ppg%20PPG%201044-3%20Tinted%20Rosewood%20color%20swatch,,,,,,,,,,,,,,,,,,,,,,,,,,,,,,,,,,,,,,,,,,,,
DB,ppg,PPG 1044-4 Mauvelous,#d6b3c0,0.8011375937032925,0.04381181527581874,353.8466587697437,214,179,192,"[214, 179, 192]",0%,16%,10%,16%,"[0%, 16%, 10%, 16%]",76.36,14.61,-1.64,"[76.36, 14.61, -1.64]",https://www.google.com/search?tbm=isch&q=ppg%20PPG%201044-4%20Mauvelous%20color%20swatch,,,,,,,,,,,,,,,,,,,,,,,,,,,,,,,,,,,,,,,,,,,,
DB,ppg,PPG 1044-5 Winsome Rose,#c28ba1,0.6969798833609852,0.07272507447649744,353.4335462174479,194,139,161,"[194, 139, 161]",0%,28%,17%,24%,"[0%, 28%, 17%, 24%]",63.90,24.02,-2.91,"[63.90, 24.02, -2.91]",https://www.google.com/search?tbm=isch&q=ppg%20PPG%201044-5%20Winsome%20Rose%20color%20swatch,,,,,,,,,,,,,,,,,,,,,,,,,,,,,,,,,,,,,,,,,,,,
DB,ppg,PPG 1044-6 Wild Strawberry,#a5647e,0.5826943619076714,0.08992164668733593,354.74122899608847,165,100,126,"[165, 100, 126]",0%,39%,24%,35%,"[0%, 39%, 24%, 35%]",50.42,29.53,-2.81,"[50.42, 29.53, -2.81]",https://www.google.com/search?tbm=isch&q=ppg%20PPG%201044-6%20Wild%20Strawberry%20color%20swatch,,,,,,,,,,,,,,,,,,,,,,,,,,,,,,,,,,,,,,,,,,,,
DB,ppg,PPG 1044-7 Wild Plum,#83455d,0.4738031351063374,0.08952127551793791,356.48649367768564,131,69,93,"[131, 69, 93]",0%,47%,29%,49%,"[0%, 47%, 29%, 49%]",37.81,29.33,-1.75,"[37.81, 29.33, -1.75]",https://www.google.com/search?tbm=isch&q=ppg%20PPG%201044-7%20Wild%20Plum%20color%20swatch,,,,,,,,,,,,,,,,,,,,,,,,,,,,,,,,,,,,,,,,,,,,
DB,ppg,PPG 1045-1 Magical Moonlight,#f0eeeb,0.949824214921109,0.004591131142690181,78.24754920454836,240,238,235,"[240, 238, 235]",0%,1%,2%,6%,"[0%, 1%, 2%, 6%]",94.19,0.31,1.72,"[94.19, 0.31, 1.72]",https://www.google.com/search?tbm=isch&q=ppg%20PPG%201045-1%20Magical%20Moonlight%20color%20swatch,,,,,,,,,,,,,,,,,,,,,,,,,,,,,,,,,,,,,,,,,,,,
DB,ppg,PPG 1045-2 Barely Rose,#ede0e3,0.9178895201391762,0.014741468309712012,1.7067359985286998,237,224,227,"[237, 224, 227]",0%,5%,4%,7%,"[0%, 5%, 4%, 7%]",90.29,4.97,0.22,"[90.29, 4.97, 0.22]",https://www.google.com/search?tbm=isch&q=ppg%20PPG%201045-2%20Barely%20Rose%20color%20swatch,,,,,,,,,,,,,,,,,,,,,,,,,,,,,,,,,,,,,,,,,,,,
DB,ppg,PPG 1045-3 Santolina Blooms,#e3d0d5,0.8745651324496236,0.022125698864374804,359.8060379573234,227,208,213,"[227, 208, 213]",0%,8%,6%,11%,"[0%, 8%, 6%, 11%]",85.17,7.46,0.05,"[85.17, 7.46, 0.05]",https://www.google.com/search?tbm=isch&q=ppg%20PPG%201045-3%20Santolina%20Blooms%20color%20swatch,,,,,,,,,,,,,,,,,,,,,,,,,,,,,,,,,,,,,,,,,,,,
DB,ppg,PPG 1045-4 Pink Potion,#ceaebb,0.7826450077744515,0.040864034664144774,351.73091734367904,206,174,187,"[206, 174, 187]",0%,16%,9%,19%,"[0%, 16%, 9%, 19%]",74.25,13.57,-2.10,"[74.25, 13.57, -2.10]",https://www.google.com/search?tbm=isch&q=ppg%20PPG%201045-4%20Pink%20Potion%20color%20swatch,,,,,,,,,,,,,,,,,,,,,,,,,,,,,,,,,,,,,,,,,,,,
DB,ppg,PPG 1045-5 Keepsake Rose,#b08693,0.6641766129218922,0.05420608578526572,358.34251405993314,176,134,147,"[176, 134, 147]",0%,24%,16%,31%,"[0%, 24%, 16%, 31%]",60.36,18.09,-0.40,"[60.36, 18.09, -0.40]",https://www.google.com/search?tbm=isch&q=ppg%20PPG%201045-5%20Keepsake%20Rose%20color%20swatch,,,,,,,,,,,,,,,,,,,,,,,,,,,,,,,,,,,,,,,,,,,,
DB,ppg,PPG 1045-6 Wild Geranium,#986a79,0.5764035999560314,0.06211714388755072,358.0104708464621,152,106,121,"[152, 106, 121]",0%,30%,20%,40%,"[0%, 30%, 20%, 40%]",50.07,20.64,-0.60,"[50.07, 20.64, -0.60]",https://www.google.com/search?tbm=isch&q=ppg%20PPG%201045-6%20Wild%20Geranium%20color%20swatch,,,,,,,,,,,,,,,,,,,,,,,,,,,,,,,,,,,,,,,,,,,,
DB,ppg,PPG 1045-7 Chilled Wine,#6d4052,0.4309324073361314,0.06712374514377047,354.77993128697517,109,64,82,"[109, 64, 82]",0%,41%,25%,57%,"[0%, 41%, 25%, 57%]",33.11,22.04,-2.08,"[33.11, 22.04, -2.08]",https://www.google.com/search?tbm=isch&q=ppg%20PPG%201045-7%20Chilled%20Wine%20color%20swatch,,,,,,,,,,,,,,,,,,,,,,,,,,,,,,,,,,,,,,,,,,,,
DB,ppg,PPG 1046-1 Milk And Cookies,#e9e1df,0.9154885499698374,0.00920203778992286,34.435187240755226,233,225,223,"[233, 225, 223]",0%,3%,4%,9%,"[0%, 3%, 4%, 9%]",90.13,2.56,2.01,"[90.13, 2.56, 2.01]",https://www.google.com/search?tbm=isch&q=ppg%20PPG%201046-1%20Milk%20And%20Cookies%20color%20swatch,,,,,,,,,,,,,,,,,,,,,,,,,,,,,,,,,,,,,,,,,,,,
DB,ppg,PPG 1046-2 Magic Moments,#e9dbe0,0.9040636796150914,0.016704137602847346,353.7911235654698,233,219,224,"[233, 219, 224]",0%,6%,4%,9%,"[0%, 6%, 4%, 9%]",88.65,5.61,-0.63,"[88.65, 5.61, -0.63]",https://www.google.com/search?tbm=isch&q=ppg%20PPG%201046-2%20Magic%20Moments%20color%20swatch,,,,,,,,,,,,,,,,,,,,,,,,,,,,,,,,,,,,,,,,,,,,
DB,ppg,PPG 1046-3 Old Mission Pink,#d8c2ca,0.8347565732017703,0.02698759558919526,353.7349675164545,216,194,202,"[216, 194, 202]",0%,10%,6%,15%,"[0%, 10%, 6%, 15%]",80.48,9.03,-1.03,"[80.48, 9.03, -1.03]",https://www.google.com/search?tbm=isch&q=ppg%20PPG%201046-3%20Old%20Mission%20Pink%20color%20swatch,,,,,,,,,,,,,,,,,,,,,,,,,,,,,,,,,,,,,,,,,,,,
DB,ppg,PPG 1046-4 High Society,#cab7c0,0.7980722268049736,0.02479862291317416,347.42064103905034,202,183,192,"[202, 183, 192]",0%,9%,5%,21%,"[0%, 9%, 5%, 21%]",76.24,8.16,-1.97,"[76.24, 8.16, -1.97]",https://www.google.com/search?tbm=isch&q=ppg%20PPG%201046-4%20High%20Society%20color%20swatch,,,,,,,,,,,,,,,,,,,,,,,,,,,,,,,,,,,,,,,,,,,,
DB,ppg,PPG 1046-5 Gothic Amethyst,#a38b93,0.6609694353914785,0.03098348021154661,355.94933500494517,163,139,147,"[163, 139, 147]",0%,15%,10%,36%,"[0%, 15%, 10%, 36%]",60.27,10.38,-0.73,"[60.27, 10.38, -0.73]",https://www.google.com/search?tbm=isch&q=ppg%20PPG%201046-5%20Gothic%20Amethyst%20color%20swatch,,,,,,,,,,,,,,,,,,,,,,,,,,,,,,,,,,,,,,,,,,,,
DB,ppg,PPG 1046-6 Velvet Slipper,#846c76,0.5576122219994332,0.03357201378250648,351.33131887984814,132,108,118,"[132, 108, 118]",0%,18%,11%,48%,"[0%, 18%, 11%, 48%]",48.24,11.12,-1.81,"[48.24, 11.12, -1.81]",https://www.google.com/search?tbm=isch&q=ppg%20PPG%201046-6%20Velvet%20Slipper%20color%20swatch,,,,,,,,,,,,,,,,,,,,,,,,,,,,,,,,,,,,,,,,,,,,
DB,ppg,PPG 1046-7 Purple Basil,#5c4450,0.4167423255738936,0.03767394558918472,347.3991871844971,92,68,80,"[92, 68, 80]",0%,26%,13%,64%,"[0%, 26%, 13%, 64%]",31.83,12.27,-2.99,"[31.83, 12.27, -2.99]",https://www.google.com/search?tbm=isch&q=ppg%20PPG%201046-7%20Purple%20Basil%20color%20swatch,,,,,,,,,,,,,,,,,,,,,,,,,,,,,,,,,,,,,,,,,,,,
DB,ppg,PPG 1047-1 Forever Faithful,#efe6e1,0.9306304761004668,0.011954057194740684,51.37069302654078,239,230,225,"[239, 230, 225]",0%,4%,6%,6%,"[0%, 4%, 6%, 6%]",91.91,2.52,3.60,"[91.91, 2.52, 3.60]",https://www.google.com/search?tbm=isch&q=ppg%20PPG%201047-1%20Forever%20Faithful%20color%20swatch,,,,,,,,,,,,,,,,,,,,,,,,,,,,,,,,,,,,,,,,,,,,
DB,ppg,PPG 1047-2 Lost Love,#e5d7d4,0.8895951719282976,0.016092852821308883,32.088778174182664,229,215,212,"[229, 215, 212]",0%,6%,7%,10%,"[0%, 6%, 7%, 10%]",87.07,4.61,3.32,"[87.07, 4.61, 3.32]",https://www.google.com/search?tbm=isch&q=ppg%20PPG%201047-2%20Lost%20Love%20color%20swatch,,,,,,,,,,,,,,,,,,,,,,,,,,,,,,,,,,,,,,,,,,,,
DB,ppg,PPG 1047-3 Just Gorgeous,#d6c4c1,0.8343703432009713,0.02083208916374807,28.984243629380558,214,196,193,"[214, 196, 193]",0%,8%,10%,16%,"[0%, 8%, 10%, 16%]",80.61,6.16,3.93,"[80.61, 6.16, 3.93]",https://www.google.com/search?tbm=isch&q=ppg%20PPG%201047-3%20Just%20Gorgeous%20color%20swatch,,,,,,,,,,,,,,,,,,,,,,,,,,,,,,,,,,,,,,,,,,,,
DB,ppg,PPG 1047-4 Ancestral,#d0c1c3,0.8238771501254222,0.017130121734306263,8.35207176792926,208,193,195,"[208, 193, 195]",0%,7%,6%,18%,"[0%, 7%, 6%, 18%]",79.37,5.71,1.01,"[79.37, 5.71, 1.01]",https://www.google.com/search?tbm=isch&q=ppg%20PPG%201047-4%20Ancestral%20color%20swatch,,,,,,,,,,,,,,,,,,,,,,,,,,,,,,,,,,,,,,,,,,,,
DB,ppg,PPG 1047-5 Coffee Custard,#ab9b9c,0.7036606303727148,0.018922811365433667,13.349317482670756,171,155,156,"[171, 155, 156]",0%,9%,9%,33%,"[0%, 9%, 9%, 33%]",65.42,6.21,1.73,"[65.42, 6.21, 1.73]",https://www.google.com/search?tbm=isch&q=ppg%20PPG%201047-5%20Coffee%20Custard%20color%20swatch,,,,,,,,,,,,,,,,,,,,,,,,,,,,,,,,,,,,,,,,,,,,
DB,ppg,PPG 1047-6 Choo Choo,#867578,0.5790808994498383,0.02156450412667467,5.799092815534664,134,117,120,"[134, 117, 120]",0%,13%,10%,47%,"[0%, 13%, 10%, 47%]",50.92,7.22,0.91,"[50.92, 7.22, 0.91]",https://www.google.com/search?tbm=isch&q=ppg%20PPG%201047-6%20Choo%20Choo%20color%20swatch,,,,,,,,,,,,,,,,,,,,,,,,,,,,,,,,,,,,,,,,,,,,
DB,ppg,PPG 1047-7 Carob Chip,#5a484b,0.4213747267439615,0.024916944376043085,6.990113738939613,90,72,75,"[90, 72, 75]",0%,20%,17%,65%,"[0%, 20%, 17%, 65%]",32.58,8.30,1.25,"[32.58, 8.30, 1.25]",https://www.google.com/search?tbm=isch&q=ppg%20PPG%201047-7%20Carob%20Chip%20color%20swatch,,,,,,,,,,,,,,,,,,,,,,,,,,,,,,,,,,,,,,,,,,,,
DB,ppg,PPG 1048-1 Lauren's Lace,#efeae7,0.9400996159178363,0.006800258231936155,53.53870802663022,239,234,231,"[239, 234, 231]",0%,2%,3%,6%,"[0%, 2%, 3%, 6%]",93.03,1.36,2.10,"[93.03, 1.36, 2.10]",https://www.google.com/search?tbm=isch&q=ppg%20PPG%201048-1%20Lauren's%20Lace%20color%20swatch,,,,,,,,,,,,,,,,,,,,,,,,,,,,,,,,,,,,,,,,,,,,
DB,ppg,PPG 1048-2 Silk Sheets,#efdddf,0.9126059040727107,0.01998382544668655,9.89928328620067,239,221,223,"[239, 221, 223]",0%,8%,7%,6%,"[0%, 8%, 7%, 6%]",89.63,6.64,1.38,"[89.63, 6.64, 1.38]",https://www.google.com/search?tbm=isch&q=ppg%20PPG%201048-2%20Silk%20Sheets%20color%20swatch,,,,,,,,,,,,,,,,,,,,,,,,,,,,,,,,,,,,,,,,,,,,
DB,ppg,PPG 1048-3 Rose Cloud,#e2c9ce,0.8581699733219139,0.02884441272062802,4.142209873010017,226,201,206,"[226, 201, 206]",0%,11%,9%,11%,"[0%, 11%, 9%, 11%]",83.20,9.68,0.89,"[83.20, 9.68, 0.89]",https://www.google.com/search?tbm=isch&q=ppg%20PPG%201048-3%20Rose%20Cloud%20color%20swatch,,,,,,,,,,,,,,,,,,,,,,,,,,,,,,,,,,,,,,,,,,,,
DB,ppg,PPG 1048-4 Rose Stain,#d3b6ba,0.8023766468000518,0.03374817648684114,8.50680209334405,211,182,186,"[211, 182, 186]",0%,14%,12%,17%,"[0%, 14%, 12%, 17%]",76.68,11.23,2.03,"[76.68, 11.23, 2.03]",https://www.google.com/search?tbm=isch&q=ppg%20PPG%201048-4%20Rose%20Stain%20color%20swatch,,,,,,,,,,,,,,,,,,,,,,,,,,,,,,,,,,,,,,,,,,,,
DB,ppg,PPG 1048-5 Coffee Rose,#a9898d,0.6610326967467942,0.03933212715351938,9.786667547320462,169,137,141,"[169, 137, 141]",0%,19%,17%,34%,"[0%, 19%, 17%, 34%]",60.23,13.03,2.71,"[60.23, 13.03, 2.71]",https://www.google.com/search?tbm=isch&q=ppg%20PPG%201048-5%20Coffee%20Rose%20color%20swatch,,,,,,,,,,,,,,,,,,,,,,,,,,,,,,,,,,,,,,,,,,,,
DB,ppg,PPG 1048-6 Chocolate Sparkle,#8c6c6f,0.5638350906825115,0.041015962594908466,12.191341034045024,140,108,111,"[140, 108, 111]",0%,23%,21%,45%,"[0%, 23%, 21%, 45%]",48.94,13.48,3.49,"[48.94, 13.48, 3.49]",https://www.google.com/search?tbm=isch&q=ppg%20PPG%201048-6%20Chocolate%20Sparkle%20color%20swatch,,,,,,,,,,,,,,,,,,,,,,,,,,,,,,,,,,,,,,,,,,,,
DB,ppg,PPG 1048-7 Gooseberry,#604046,0.4097790126946419,0.04546472211033669,6.948293342136708,96,64,70,"[96, 64, 70]",0%,33%,27%,62%,"[0%, 33%, 27%, 62%]",31.00,15.07,2.30,"[31.00, 15.07, 2.30]",https://www.google.com/search?tbm=isch&q=ppg%20PPG%201048-7%20Gooseberry%20color%20swatch,,,,,,,,,,,,,,,,,,,,,,,,,,,,,,,,,,,,,,,,,,,,
DB,ppg,PPG 1049-1 Snowy Mount,#f1eeeb,0.9505997650455361,0.005198586965518675,67.79093947029571,241,238,235,"[241, 238, 235]",0%,1%,2%,5%,"[0%, 1%, 2%, 5%]",94.27,0.65,1.84,"[94.27, 0.65, 1.84]",https://www.google.com/search?tbm=isch&q=ppg%20PPG%201049-1%20Snowy%20Mount%20color%20swatch,,,,,,,,,,,,,,,,,,,,,,,,,,,,,,,,,,,,,,,,,,,,
DB,ppg,PPG 1049-2 Sweet Bianca,#eedadd,0.9054293209003519,0.022422972928527272,7.297092915304063,238,218,221,"[238, 218, 221]",0%,8%,7%,7%,"[0%, 8%, 7%, 7%]",88.77,7.50,1.16,"[88.77, 7.50, 1.16]",https://www.google.com/search?tbm=isch&q=ppg%20PPG%201049-2%20Sweet%20Bianca%20color%20swatch,,,,,,,,,,,,,,,,,,,,,,,,,,,,,,,,,,,,,,,,,,,,
DB,ppg,PPG 1049-3 Nostalgia,#d6b8bd,0.80983449653887,0.035026328373664956,6.600958530757225,214,184,189,"[214, 184, 189]",0%,14%,12%,16%,"[0%, 14%, 12%, 16%]",77.52,11.70,1.66,"[77.52, 11.70, 1.66]",https://www.google.com/search?tbm=isch&q=ppg%20PPG%201049-3%20Nostalgia%20color%20swatch,,,,,,,,,,,,,,,,,,,,,,,,,,,,,,,,,,,,,,,,,,,,
DB,ppg,PPG 1049-4 Lighthearted Rose,#c7a1a9,0.7456808628904036,0.046070446697813856,4.15906561892217,199,161,169,"[199, 161, 169]",0%,19%,15%,22%,"[0%, 19%, 15%, 22%]",69.94,15.41,1.44,"[69.94, 15.41, 1.44]",https://www.google.com/search?tbm=isch&q=ppg%20PPG%201049-4%20Lighthearted%20Rose%20color%20swatch,,,,,,,,,,,,,,,,,,,,,,,,,,,,,,,,,,,,,,,,,,,,
DB,ppg,PPG 1049-5 Mauve Madness,#aa7982,0.6278654130631475,0.06237577483356589,6.892047365796543,170,121,130,"[170, 121, 130]",0%,29%,24%,33%,"[0%, 29%, 24%, 33%]",56.09,20.70,3.12,"[56.09, 20.70, 3.12]",https://www.google.com/search?tbm=isch&q=ppg%20PPG%201049-5%20Mauve%20Madness%20color%20swatch,,,,,,,,,,,,,,,,,,,,,,,,,,,,,,,,,,,,,,,,,,,,
DB,ppg,PPG 1049-6 Cabernet,#8e5b68,0.5309409725277735,0.0690544140296129,3.1131123057065793,142,91,104,"[142, 91, 104]",0%,36%,27%,44%,"[0%, 36%, 27%, 44%]",44.74,22.91,1.71,"[44.74, 22.91, 1.71]",https://www.google.com/search?tbm=isch&q=ppg%20PPG%201049-6%20Cabernet%20color%20swatch,,,,,,,,,,,,,,,,,,,,,,,,,,,,,,,,,,,,,,,,,,,,
DB,ppg,PPG 1049-7 Red Red Wine,#71424a,0.43740039341527215,0.06585136815688894,9.155670132141267,113,66,74,"[113, 66, 74]",0%,42%,35%,56%,"[0%, 42%, 35%, 56%]",33.97,21.68,4.35,"[33.97, 21.68, 4.35]",https://www.google.com/search?tbm=isch&q=ppg%20PPG%201049-7%20Red%20Red%20Wine%20color%20swatch,,,,,,,,,,,,,,,,,,,,,,,,,,,,,,,,,,,,,,,,,,,,
DB,ppg,PPG 1050-1 Bare Pink,#f2e7e7,0.9366359287676062,0.01199069836713476,17.5116191520018,242,231,231,"[242, 231, 231]",0%,5%,5%,5%,"[0%, 5%, 5%, 5%]",92.53,3.86,1.41,"[92.53, 3.86, 1.41]",https://www.google.com/search?tbm=isch&q=ppg%20PPG%201050-1%20Bare%20Pink%20color%20swatch,,,,,,,,,,,,,,,,,,,,,,,,,,,,,,,,,,,,,,,,,,,,
DB,ppg,PPG 1050-2 Pink Pail,#eaced4,0.8764578262488955,0.03229989557308111,3.277384974850065,234,206,212,"[234, 206, 212]",0%,12%,9%,8%,"[0%, 12%, 9%, 8%]",85.27,10.85,0.82,"[85.27, 10.85, 0.82]",https://www.google.com/search?tbm=isch&q=ppg%20PPG%201050-2%20Pink%20Pail%20color%20swatch,,,,,,,,,,,,,,,,,,,,,,,,,,,,,,,,,,,,,,,,,,,,
DB,ppg,PPG 1050-3 Love In A Mist,#e1b9c2,0.8233553033884176,0.04740208935243967,3.1038978450462764,225,185,194,"[225, 185, 194]",0%,18%,14%,12%,"[0%, 18%, 14%, 12%]",78.93,15.88,1.15,"[78.93, 15.88, 1.15]",https://www.google.com/search?tbm=isch&q=ppg%20PPG%201050-3%20Love%20In%20A%20Mist%20color%20swatch,,,,,,,,,,,,,,,,,,,,,,,,,,,,,,,,,,,,,,,,,,,,
DB,ppg,PPG 1050-4 Madagascar Pink,#d194a1,0.7294493262987577,0.0752834454667637,5.074686366150559,209,148,161,"[209, 148, 161]",0%,29%,23%,18%,"[0%, 29%, 23%, 18%]",67.71,25.03,2.85,"[67.71, 25.03, 2.85]",https://www.google.com/search?tbm=isch&q=ppg%20PPG%201050-4%20Madagascar%20Pink%20color%20swatch,,,,,,,,,,,,,,,,,,,,,,,,,,,,,,,,,,,,,,,,,,,,
DB,ppg,PPG 1050-5 Briar Rose,#c07281,0.6411054337283794,0.09966301998345937,7.865134973773877,192,114,129,"[192, 114, 129]",0%,41%,33%,25%,"[0%, 41%, 33%, 25%]",57.20,32.86,5.71,"[57.20, 32.86, 5.71]",https://www.google.com/search?tbm=isch&q=ppg%20PPG%201050-5%20Briar%20Rose%20color%20swatch,,,,,,,,,,,,,,,,,,,,,,,,,,,,,,,,,,,,,,,,,,,,
DB,ppg,PPG 1050-6 Heart's Content,#a9586c,0.5622445053178607,0.10779811437224561,5.438585529510647,169,88,108,"[169, 88, 108]",0%,48%,36%,34%,"[0%, 48%, 36%, 34%]",47.92,35.48,4.44,"[47.92, 35.48, 4.44]",https://www.google.com/search?tbm=isch&q=ppg%20PPG%201050-6%20Heart's%20Content%20color%20swatch,,,,,,,,,,,,,,,,,,,,,,,,,,,,,,,,,,,,,,,,,,,,
DB,ppg,PPG 1050-7 Magenta,#953d55,0.48549933888999064,0.12038099299145252,5.7078704523848955,149,61,85,"[149, 61, 85]",0%,59%,43%,42%,"[0%, 59%, 43%, 42%]",38.87,39.41,5.25,"[38.87, 39.41, 5.25]",https://www.google.com/search?tbm=isch&q=ppg%20PPG%201050-7%20Magenta%20color%20swatch,,,,,,,,,,,,,,,,,,,,,,,,,,,,,,,,,,,,,,,,,,,,
DB,ppg,PPG 1051-1 Cozy Cottage,#f2ddd8,0.9132003831608885,0.02428230243226949,33.59833378951441,242,221,216,"[242, 221, 216]",0%,9%,11%,5%,"[0%, 9%, 11%, 5%]",89.75,6.86,5.23,"[89.75, 6.86, 5.23]",https://www.google.com/search?tbm=isch&q=ppg%20PPG%201051-1%20Cozy%20Cottage%20color%20swatch,,,,,,,,,,,,,,,,,,,,,,,,,,,,,,,,,,,,,,,,,,,,
DB,ppg,PPG 1051-2 Pink Cardoon,#ecc9ca,0.8659430798661194,0.039680985028169705,16.034333572537093,236,201,202,"[236, 201, 202]",0%,15%,14%,7%,"[0%, 15%, 14%, 7%]",84.03,12.86,4.34,"[84.03, 12.86, 4.34]",https://www.google.com/search?tbm=isch&q=ppg%20PPG%201051-2%20Pink%20Cardoon%20color%20swatch,,,,,,,,,,,,,,,,,,,,,,,,,,,,,,,,,,,,,,,,,,,,
DB,ppg,PPG 1051-3 Strawberry Mousse,#e9b3b4,0.8160792854236875,0.0630599411650271,17.319732691650017,233,179,180,"[233, 179, 180]",0%,23%,23%,9%,"[0%, 23%, 23%, 9%]",78.00,20.32,7.49,"[78.00, 20.32, 7.49]",https://www.google.com/search?tbm=isch&q=ppg%20PPG%201051-3%20Strawberry%20Mousse%20color%20swatch,,,,,,,,,,,,,,,,,,,,,,,,,,,,,,,,,,,,,,,,,,,,
DB,ppg,PPG 1051-4 Pink Clay Pot,#d99294,0.7311612473108865,0.08632531620190774,17.54676059631754,217,146,148,"[217, 146, 148]",0%,33%,32%,15%,"[0%, 33%, 32%, 15%]",67.90,27.80,10.51,"[67.90, 27.80, 10.51]",https://www.google.com/search?tbm=isch&q=ppg%20PPG%201051-4%20Pink%20Clay%20Pot%20color%20swatch,,,,,,,,,,,,,,,,,,,,,,,,,,,,,,,,,,,,,,,,,,,,
DB,ppg,PPG 1051-5 Cranberry,#c27277,0.6409132929485785,0.10115954509539352,16.30043939994937,194,114,119,"[194, 114, 119]",0%,41%,39%,24%,"[0%, 41%, 39%, 24%]",57.26,32.73,11.62,"[57.26, 32.73, 11.62]",https://www.google.com/search?tbm=isch&q=ppg%20PPG%201051-5%20Cranberry%20color%20swatch,,,,,,,,,,,,,,,,,,,,,,,,,,,,,,,,,,,,,,,,,,,,
DB,ppg,PPG 1051-6 Grenadine,#ac545e,0.5562843382343186,0.11533321865138754,14.480732864630227,172,84,94,"[172, 84, 94]",0%,51%,45%,33%,"[0%, 51%, 45%, 33%]",47.25,37.47,12.01,"[47.25, 37.47, 12.01]",https://www.google.com/search?tbm=isch&q=ppg%20PPG%201051-6%20Grenadine%20color%20swatch,,,,,,,,,,,,,,,,,,,,,,,,,,,,,,,,,,,,,,,,,,,,
DB,ppg,PPG 1051-7 Apple-a-day,#903f45,0.4763060950489004,0.10987459741098231,17.699773947923745,144,63,69,"[144, 63, 69]",0%,56%,52%,44%,"[0%, 56%, 52%, 44%]",38.08,35.40,14.05,"[38.08, 35.40, 14.05]",https://www.google.com/search?tbm=isch&q=ppg%20PPG%201051-7%20Apple-a-day%20color%20swatch,,,,,,,,,,,,,,,,,,,,,,,,,,,,,,,,,,,,,,,,,,,,
DB,ppg,PPG 1052-1 Ginger Cream,#efe0d7,0.9162414402930135,0.02054733574824376,53.268592808021936,239,224,215,"[239, 224, 215]",0%,6%,10%,6%,"[0%, 6%, 10%, 6%]",90.21,4.19,6.37,"[90.21, 4.19, 6.37]",https://www.google.com/search?tbm=isch&q=ppg%20PPG%201052-1%20Ginger%20Cream%20color%20swatch,,,,,,,,,,,,,,,,,,,,,,,,,,,,,,,,,,,,,,,,,,,,
DB,ppg,PPG 1052-2 Brandy Alexander,#f3e2dc,0.924761211672836,0.020441416520893346,40.57835569862016,243,226,220,"[243, 226, 220]",0%,7%,9%,5%,"[0%, 7%, 9%, 5%]",91.14,5.27,5.16,"[91.14, 5.27, 5.16]",https://www.google.com/search?tbm=isch&q=ppg%20PPG%201052-2%20Brandy%20Alexander%20color%20swatch,,,,,,,,,,,,,,,,,,,,,,,,,,,,,,,,,,,,,,,,,,,,
DB,ppg,PPG 1052-3 Strawflower,#ddbdba,0.825022894315637,0.037031497817350933,24.297539893632802,221,189,186,"[221, 189, 186]",0%,14%,16%,13%,"[0%, 14%, 16%, 13%]",79.35,11.43,5.99,"[79.35, 11.43, 5.99]",https://www.google.com/search?tbm=isch&q=ppg%20PPG%201052-3%20Strawflower%20color%20swatch,,,,,,,,,,,,,,,,,,,,,,,,,,,,,,,,,,,,,,,,,,,,
DB,ppg,PPG 1052-4 Floral Tapestry,#c39191,0.7044555380157695,0.06081908595419632,18.72549509562208,195,145,145,"[195, 145, 145]",0%,26%,26%,24%,"[0%, 26%, 26%, 24%]",65.09,19.47,7.80,"[65.09, 19.47, 7.80]",https://www.google.com/search?tbm=isch&q=ppg%20PPG%201052-4%20Floral%20Tapestry%20color%20swatch,,,,,,,,,,,,,,,,,,,,,,,,,,,,,,,,,,,,,,,,,,,,
DB,ppg,PPG 1052-5 Horizon Glow,#ad7171,0.6117281889525767,0.07647012464546596,19.515392209445622,173,113,113,"[173, 113, 113]",0%,35%,35%,32%,"[0%, 35%, 35%, 32%]",54.17,24.42,10.33,"[54.17, 24.42, 10.33]",https://www.google.com/search?tbm=isch&q=ppg%20PPG%201052-5%20Horizon%20Glow%20color%20swatch,,,,,,,,,,,,,,,,,,,,,,,,,,,,,,,,,,,,,,,,,,,,
DB,ppg,PPG 1052-6 Mesa Red,#92555b,0.5212860654060405,0.08129473491653887,13.951661335528627,146,85,91,"[146, 85, 91]",0%,42%,38%,43%,"[0%, 42%, 38%, 43%]",43.57,26.49,8.04,"[43.57, 26.49, 8.04]",https://www.google.com/search?tbm=isch&q=ppg%20PPG%201052-6%20Mesa%20Red%20color%20swatch,,,,,,,,,,,,,,,,,,,,,,,,,,,,,,,,,,,,,,,,,,,,
DB,ppg,PPG 1052-7 Ruby Lips,#813e45,0.4518539469929427,0.09249177225629354,14.975906610629352,129,62,69,"[129, 62, 69]",0%,52%,47%,49%,"[0%, 52%, 47%, 49%]",35.40,30.02,9.95,"[35.40, 30.02, 9.95]",https://www.google.com/search?tbm=isch&q=ppg%20PPG%201052-7%20Ruby%20Lips%20color%20swatch,,,,,,,,,,,,,,,,,,,,,,,,,,,,,,,,,,,,,,,,,,,,
DB,ppg,PPG 1053-1 Cow's Milk,#f1ede5,0.9470043292083522,0.011535963080389193,84.53757548974164,241,237,229,"[241, 237, 229]",0%,2%,5%,5%,"[0%, 2%, 5%, 5%]",93.90,0.37,4.40,"[93.90, 0.37, 4.40]",https://www.google.com/search?tbm=isch&q=ppg%20PPG%201053-1%20Cow's%20Milk%20color%20swatch,,,,,,,,,,,,,,,,,,,,,,,,,,,,,,,,,,,,,,,,,,,,
DB,ppg,PPG 1053-2 Shangri La,#ecd4d2,0.8891334403999906,0.02698631167751384,23.43907237427692,236,212,210,"[236, 212, 210]",0%,10%,11%,7%,"[0%, 10%, 11%, 7%]",86.88,8.37,4.20,"[86.88, 8.37, 4.20]",https://www.google.com/search?tbm=isch&q=ppg%20PPG%201053-2%20Shangri%20La%20color%20swatch,,,,,,,,,,,,,,,,,,,,,,,,,,,,,,,,,,,,,,,,,,,,
DB,ppg,PPG 1053-3 Powdered Petals,#e3c7c6,0.8529561980401,0.031781074275226605,20.282259396221775,227,199,198,"[227, 199, 198]",0%,12%,13%,11%,"[0%, 12%, 13%, 11%]",82.62,10.07,4.33,"[82.62, 10.07, 4.33]",https://www.google.com/search?tbm=isch&q=ppg%20PPG%201053-3%20Powdered%20Petals%20color%20swatch,,,,,,,,,,,,,,,,,,,,,,,,,,,,,,,,,,,,,,,,,,,,
DB,ppg,PPG 1053-4 Radiant Rouge,#d7b1b2,0.7942353557190603,0.044247131047525576,16.374797306098458,215,177,178,"[215, 177, 178]",0%,18%,17%,16%,"[0%, 18%, 17%, 16%]",75.66,14.32,4.95,"[75.66, 14.32, 4.95]",https://www.google.com/search?tbm=isch&q=ppg%20PPG%201053-4%20Radiant%20Rouge%20color%20swatch,,,,,,,,,,,,,,,,,,,,,,,,,,,,,,,,,,,,,,,,,,,,
DB,ppg,PPG 1053-5 Brandy Snaps,#b58e8b,0.6824728332019326,0.04781015372410929,23.509663935746687,181,142,139,"[181, 142, 139]",0%,22%,23%,29%,"[0%, 22%, 23%, 29%]",62.71,14.88,7.56,"[62.71, 14.88, 7.56]",https://www.google.com/search?tbm=isch&q=ppg%20PPG%201053-5%20Brandy%20Snaps%20color%20swatch,,,,,,,,,,,,,,,,,,,,,,,,,,,,,,,,,,,,,,,,,,,,
DB,ppg,PPG 1053-6 Clay Ridge,#956a66,0.5673424561429339,0.055946680351455794,24.965483779471242,149,106,102,"[149, 106, 102]",0%,29%,32%,42%,"[0%, 29%, 32%, 42%]",49.28,17.31,9.46,"[49.28, 17.31, 9.46]",https://www.google.com/search?tbm=isch&q=ppg%20PPG%201053-6%20Clay%20Ridge%20color%20swatch,,,,,,,,,,,,,,,,,,,,,,,,,,,,,,,,,,,,,,,,,,,,
DB,ppg,PPG 1053-7 Burgundy Wine,#6c403e,0.4232944233202417,0.06194760353932546,22.82665163417778,108,64,62,"[108, 64, 62]",0%,41%,43%,58%,"[0%, 41%, 43%, 58%]",32.49,19.49,9.80,"[32.49, 19.49, 9.80]",https://www.google.com/search?tbm=isch&q=ppg%20PPG%201053-7%20Burgundy%20Wine%20color%20swatch,,,,,,,,,,,,,,,,,,,,,,,,,,,,,,,,,,,,,,,,,,,,
DB,ppg,PPG 1054-1 Winter Wedding,#f1e4dc,0.9269993548655224,0.017904823022987595,53.999047323068226,241,228,220,"[241, 228, 220]",0%,5%,9%,5%,"[0%, 5%, 9%, 5%]",91.47,3.58,5.60,"[91.47, 3.58, 5.60]",https://www.google.com/search?tbm=isch&q=ppg%20PPG%201054-1%20Winter%20Wedding%20color%20swatch,,,,,,,,,,,,,,,,,,,,,,,,,,,,,,,,,,,,,,,,,,,,
DB,ppg,PPG 1054-2 Sweet Truffle,#f0dcd7,0.9093169481996756,0.02323006648017634,34.348115252714194,240,220,215,"[240, 220, 215]",0%,8%,10%,6%,"[0%, 8%, 10%, 6%]",89.31,6.50,5.10,"[89.31, 6.50, 5.10]",https://www.google.com/search?tbm=isch&q=ppg%20PPG%201054-2%20Sweet%20Truffle%20color%20swatch,,,,,,,,,,,,,,,,,,,,,,,,,,,,,,,,,,,,,,,,,,,,
DB,ppg,PPG 1054-3 Whirligig,#e6cdca,0.8682601211262513,0.028491701040252795,25.93145203379379,230,205,202,"[230, 205, 202]",0%,11%,12%,10%,"[0%, 11%, 12%, 10%]",84.46,8.67,4.87,"[84.46, 8.67, 4.87]",https://www.google.com/search?tbm=isch&q=ppg%20PPG%201054-3%20Whirligig%20color%20swatch,,,,,,,,,,,,,,,,,,,,,,,,,,,,,,,,,,,,,,,,,,,,
DB,ppg,PPG 1054-4 Tea Time,#d9bebc,0.8238795106357276,0.031042039899751173,22.8929776809274,217,190,188,"[217, 190, 188]",0%,12%,13%,15%,"[0%, 12%, 13%, 15%]",79.27,9.67,4.74,"[79.27, 9.67, 4.74]",https://www.google.com/search?tbm=isch&q=ppg%20PPG%201054-4%20Tea%20Time%20color%20swatch,,,,,,,,,,,,,,,,,,,,,,,,,,,,,,,,,,,,,,,,,,,,
DB,ppg,PPG 1054-5 Tawny Mushroom,#b39997,0.7055734573652908,0.031201824078494853,23.164048646563685,179,153,151,"[179, 153, 151]",0%,15%,16%,30%,"[0%, 15%, 16%, 30%]",65.55,9.71,4.83,"[65.55, 9.71, 4.83]",https://www.google.com/search?tbm=isch&q=ppg%20PPG%201054-5%20Tawny%20Mushroom%20color%20swatch,,,,,,,,,,,,,,,,,,,,,,,,,,,,,,,,,,,,,,,,,,,,
DB,ppg,PPG 1054-6 Oakwood Brown,#8f716e,0.5769262852662709,0.03842206182336931,24.971094829985248,143,113,110,"[143, 113, 110]",0%,21%,23%,44%,"[0%, 21%, 23%, 44%]",50.56,11.84,6.42,"[50.56, 11.84, 6.42]",https://www.google.com/search?tbm=isch&q=ppg%20PPG%201054-6%20Oakwood%20Brown%20color%20swatch,,,,,,,,,,,,,,,,,,,,,,,,,,,,,,,,,,,,,,,,,,,,
DB,ppg,PPG 1054-7 Chocolate Eclair,#674848,0.43570108396311763,0.0426924506549349,18.95534438220693,103,72,72,"[103, 72, 72]",0%,30%,30%,60%,"[0%, 30%, 30%, 60%]",34.10,13.66,5.56,"[34.10, 13.66, 5.56]",https://www.google.com/search?tbm=isch&q=ppg%20PPG%201054-7%20Chocolate%20Eclair%20color%20swatch,,,,,,,,,,,,,,,,,,,,,,,,,,,,,,,,,,,,,,,,,,,,
DB,ppg,PPG 1055-1 Fresh Dough,#f2ebe6,0.9441463577360916,0.010175891087331008,58.25823560926432,242,235,230,"[242, 235, 230]",0%,3%,5%,5%,"[0%, 3%, 5%, 5%]",93.50,1.81,3.33,"[93.50, 1.81, 3.33]",https://www.google.com/search?tbm=isch&q=ppg%20PPG%201055-1%20Fresh%20Dough%20color%20swatch,,,,,,,,,,,,,,,,,,,,,,,,,,,,,,,,,,,,,,,,,,,,
DB,ppg,PPG 1055-2 Hawaiian Shell,#f3dbd9,0.910477004491127,0.02681177692969663,23.429967792828393,243,219,217,"[243, 219, 217]",0%,10%,11%,5%,"[0%, 10%, 11%, 5%]",89.36,8.31,4.17,"[89.36, 8.31, 4.17]",https://www.google.com/search?tbm=isch&q=ppg%20PPG%201055-2%20Hawaiian%20Shell%20color%20swatch,,,,,,,,,,,,,,,,,,,,,,,,,,,,,,,,,,,,,,,,,,,,
DB,ppg,PPG 1055-3 Rose Hip,#dbb9b6,0.8144053776824801,0.03951987510003901,23.972633222139848,219,185,182,"[219, 185, 182]",0%,16%,17%,14%,"[0%, 16%, 17%, 14%]",78.10,12.23,6.32,"[78.10, 12.23, 6.32]",https://www.google.com/search?tbm=isch&q=ppg%20PPG%201055-3%20Rose%20Hip%20color%20swatch,,,,,,,,,,,,,,,,,,,,,,,,,,,,,,,,,,,,,,,,,,,,
DB,ppg,PPG 1055-4 Pepperberry,#c79d9b,0.7340690280597274,0.050358672109247944,21.557940038277707,199,157,155,"[199, 157, 155]",0%,21%,22%,22%,"[0%, 21%, 22%, 22%]",68.65,15.87,7.34,"[68.65, 15.87, 7.34]",https://www.google.com/search?tbm=isch&q=ppg%20PPG%201055-4%20Pepperberry%20color%20swatch,,,,,,,,,,,,,,,,,,,,,,,,,,,,,,,,,,,,,,,,,,,,
DB,ppg,PPG 1055-5 Cinnamon Diamonds,#a97673,0.6168643902975494,0.06482799468509774,22.893133844177044,169,118,115,"[169, 118, 115]",0%,30%,32%,34%,"[0%, 30%, 32%, 34%]",54.92,20.32,10.12,"[54.92, 20.32, 10.12]",https://www.google.com/search?tbm=isch&q=ppg%20PPG%201055-5%20Cinnamon%20Diamonds%20color%20swatch,,,,,,,,,,,,,,,,,,,,,,,,,,,,,,,,,,,,,,,,,,,,
DB,ppg,PPG 1055-6 Barn Door,#8e5959,0.5228362846539506,0.07039121536524351,19.72437528206683,142,89,89,"[142, 89, 89]",0%,37%,37%,44%,"[0%, 37%, 37%, 44%]",43.92,22.47,9.64,"[43.92, 22.47, 9.64]",https://www.google.com/search?tbm=isch&q=ppg%20PPG%201055-6%20Barn%20Door%20color%20swatch,,,,,,,,,,,,,,,,,,,,,,,,,,,,,,,,,,,,,,,,,,,,
DB,ppg,PPG 1055-7 Bordeaux,#774041,0.4395465462355785,0.07656246837357836,19.514104147802755,119,64,65,"[119, 64, 65]",0%,46%,45%,53%,"[0%, 46%, 45%, 53%]",34.19,24.49,10.53,"[34.19, 24.49, 10.53]",https://www.google.com/search?tbm=isch&q=ppg%20PPG%201055-7%20Bordeaux%20color%20swatch,,,,,,,,,,,,,,,,,,,,,,,,,,,,,,,,,,,,,,,,,,,,
DB,ppg,PPG 1056-1 Sea Anemone,#e8dad6,0.8984904443976235,0.016459543141423904,36.59207855988734,232,218,214,"[232, 218, 214]",0%,6%,8%,9%,"[0%, 6%, 8%, 9%]",88.11,4.47,3.80,"[88.11, 4.47, 3.80]",https://www.google.com/search?tbm=isch&q=ppg%20PPG%201056-1%20Sea%20Anemone%20color%20swatch,,,,,,,,,,,,,,,,,,,,,,,,,,,,,,,,,,,,,,,,,,,,
DB,ppg,PPG 1056-2 Romeo,#e3d2ce,0.8764969095660883,0.01979676143398556,33.42554188736091,227,210,206,"[227, 210, 206]",0%,7%,9%,11%,"[0%, 7%, 9%, 11%]",85.52,5.59,4.24,"[85.52, 5.59, 4.24]",https://www.google.com/search?tbm=isch&q=ppg%20PPG%201056-2%20Romeo%20color%20swatch,,,,,,,,,,,,,,,,,,,,,,,,,,,,,,,,,,,,,,,,,,,,
DB,ppg,PPG 1056-3 Ashes Of Roses,#d9bcb7,0.8186346105668532,0.03409931821297603,29.440775887083817,217,188,183,"[217, 188, 183]",0%,13%,16%,15%,"[0%, 13%, 16%, 15%]",78.67,10.09,6.57,"[78.67, 10.09, 6.57]",https://www.google.com/search?tbm=isch&q=ppg%20PPG%201056-3%20Ashes%20Of%20Roses%20color%20swatch,,,,,,,,,,,,,,,,,,,,,,,,,,,,,,,,,,,,,,,,,,,,
DB,ppg,PPG 1056-4 Raffia Cream,#cda09a,0.7455784814447367,0.054531182937356606,27.199302155226917,205,160,154,"[205, 160, 154]",0%,22%,25%,20%,"[0%, 22%, 25%, 20%]",70.00,16.54,9.88,"[70.00, 16.54, 9.88]",https://www.google.com/search?tbm=isch&q=ppg%20PPG%201056-4%20Raffia%20Cream%20color%20swatch,,,,,,,,,,,,,,,,,,,,,,,,,,,,,,,,,,,,,,,,,,,,
DB,ppg,PPG 1056-5 Earth Rose,#b57770,0.6319811621947166,0.07936775735010161,26.61001570020983,181,119,112,"[181, 119, 112]",0%,34%,38%,29%,"[0%, 34%, 38%, 29%]",56.57,24.37,14.40,"[56.57, 24.37, 14.40]",https://www.google.com/search?tbm=isch&q=ppg%20PPG%201056-5%20Earth%20Rose%20color%20swatch,,,,,,,,,,,,,,,,,,,,,,,,,,,,,,,,,,,,,,,,,,,,
DB,ppg,PPG 1056-6 Fire Weed,#9b5b55,0.5423253212944933,0.08534048224894303,25.975338689106195,155,91,85,"[155, 91, 85]",0%,41%,45%,39%,"[0%, 41%, 45%, 39%]",46.10,26.42,15.35,"[46.10, 26.42, 15.35]",https://www.google.com/search?tbm=isch&q=ppg%20PPG%201056-6%20Fire%20Weed%20color%20swatch,,,,,,,,,,,,,,,,,,,,,,,,,,,,,,,,,,,,,,,,,,,,
DB,ppg,PPG 1056-7 Brick Dust,#86423e,0.46423487753795334,0.0939887543679987,24.827748700369796,134,66,62,"[134, 66, 62]",0%,51%,54%,47%,"[0%, 51%, 54%, 47%]",36.93,29.42,16.56,"[36.93, 29.42, 16.56]",https://www.google.com/search?tbm=isch&q=ppg%20PPG%201056-7%20Brick%20Dust%20color%20swatch,,,,,,,,,,,,,,,,,,,,,,,,,,,,,,,,,,,,,,,,,,,,
DB,ppg,PPG 1057-1 Macadamia Nut,#eee3dd,0.9228798373354742,0.014564298208767562,50.84179064531628,238,227,221,"[238, 227, 221]",0%,5%,7%,7%,"[0%, 5%, 7%, 7%]",91.00,3.12,4.36,"[91.00, 3.12, 4.36]",https://www.google.com/search?tbm=isch&q=ppg%20PPG%201057-1%20Macadamia%20Nut%20color%20swatch,,,,,,,,,,,,,,,,,,,,,,,,,,,,,,,,,,,,,,,,,,,,
DB,ppg,PPG 1057-2 Cool Melon,#ebd1cd,0.8811400799274066,0.02974840521402415,28.182526016368,235,209,205,"[235, 209, 205]",0%,11%,13%,8%,"[0%, 11%, 13%, 8%]",85.95,8.88,5.49,"[85.95, 8.88, 5.49]",https://www.google.com/search?tbm=isch&q=ppg%20PPG%201057-2%20Cool%20Melon%20color%20swatch,,,,,,,,,,,,,,,,,,,,,,,,,,,,,,,,,,,,,,,,,,,,
DB,ppg,PPG 1057-3 Rose Petal,#e6c1bb,0.8412351005879012,0.04332988777846864,28.845973567516296,230,193,187,"[230, 193, 187]",0%,16%,19%,10%,"[0%, 16%, 19%, 10%]",81.21,12.91,8.22,"[81.21, 12.91, 8.22]",https://www.google.com/search?tbm=isch&q=ppg%20PPG%201057-3%20Rose%20Petal%20color%20swatch,,,,,,,,,,,,,,,,,,,,,,,,,,,,,,,,,,,,,,,,,,,,
DB,ppg,PPG 1057-4 Coral Cove,#dda69f,0.7744812106140039,0.06627429539442087,26.957912565551737,221,166,159,"[221, 166, 159]",0%,25%,28%,13%,"[0%, 25%, 28%, 13%]",73.24,20.18,11.97,"[73.24, 20.18, 11.97]",https://www.google.com/search?tbm=isch&q=ppg%20PPG%201057-4%20Coral%20Cove%20color%20swatch,,,,,,,,,,,,,,,,,,,,,,,,,,,,,,,,,,,,,,,,,,,,
DB,ppg,PPG 1057-5 Chili Pepper,#ca7c74,0.6672276479745507,0.09876412725018485,26.341435990615537,202,124,116,"[202, 124, 116]",0%,39%,43%,21%,"[0%, 39%, 43%, 21%]",60.47,30.47,17.93,"[60.47, 30.47, 17.93]",https://www.google.com/search?tbm=isch&q=ppg%20PPG%201057-5%20Chili%20Pepper%20color%20swatch,,,,,,,,,,,,,,,,,,,,,,,,,,,,,,,,,,,,,,,,,,,,
DB,ppg,PPG 1057-6 Sienna Red,#b1635e,0.5874792701813798,0.10168465953223403,24.506856262427732,177,99,94,"[177, 99, 94]",0%,44%,47%,31%,"[0%, 44%, 47%, 31%]",51.16,31.79,17.43,"[51.16, 31.79, 17.43]",https://www.google.com/search?tbm=isch&q=ppg%20PPG%201057-6%20Sienna%20Red%20color%20swatch,,,,,,,,,,,,,,,,,,,,,,,,,,,,,,,,,,,,,,,,,,,,
DB,ppg,PPG 1057-7 Burning Bush,#a0403e,0.5014260923256404,0.12852037705343378,24.05606158160532,160,64,62,"[160, 64, 62]",0%,60%,61%,37%,"[0%, 60%, 61%, 37%]",40.88,40.55,22.64,"[40.88, 40.55, 22.64]",https://www.google.com/search?tbm=isch&q=ppg%20PPG%201057-7%20Burning%20Bush%20color%20swatch,,,,,,,,,,,,,,,,,,,,,,,,,,,,,,,,,,,,,,,,,,,,
DB,ppg,PPG 1058-1 Potpourri,#f1e0db,0.9189646072409492,0.01997423882542954,37.08646641100381,241,224,219,"[241, 224, 219]",0%,7%,9%,5%,"[0%, 7%, 9%, 5%]",90.46,5.40,4.67,"[90.46, 5.40, 4.67]",https://www.google.com/search?tbm=isch&q=ppg%20PPG%201058-1%20Potpourri%20color%20swatch,,,,,,,,,,,,,,,,,,,,,,,,,,,,,,,,,,,,,,,,,,,,
DB,ppg,PPG 1058-2 Cameo Peach,#ebcfc9,0.8762259214492755,0.0326620986868112,32.10364129871658,235,207,201,"[235, 207, 201]",0%,12%,14%,8%,"[0%, 12%, 14%, 8%]",85.38,9.40,6.78,"[85.38, 9.40, 6.78]",https://www.google.com/search?tbm=isch&q=ppg%20PPG%201058-2%20Cameo%20Peach%20color%20swatch,,,,,,,,,,,,,,,,,,,,,,,,,,,,,,,,,,,,,,,,,,,,
DB,ppg,PPG 1058-3 Tangy Taffy,#e7cac3,0.8614804403935734,0.034305820318953226,33.80980122953417,231,202,195,"[231, 202, 195]",0%,13%,16%,9%,"[0%, 13%, 16%, 9%]",83.67,9.71,7.46,"[83.67, 9.71, 7.46]",https://www.google.com/search?tbm=isch&q=ppg%20PPG%201058-3%20Tangy%20Taffy%20color%20swatch,,,,,,,,,,,,,,,,,,,,,,,,,,,,,,,,,,,,,,,,,,,,
DB,ppg,PPG 1058-4 Mesa Pink,#ddb1a8,0.7973666815234982,0.05316320167496276,31.625000250459266,221,177,168,"[221, 177, 168]",0%,20%,24%,13%,"[0%, 20%, 24%, 13%]",76.06,15.50,11.02,"[76.06, 15.50, 11.02]",https://www.google.com/search?tbm=isch&q=ppg%20PPG%201058-4%20Mesa%20Pink%20color%20swatch,,,,,,,,,,,,,,,,,,,,,,,,,,,,,,,,,,,,,,,,,,,,
DB,ppg,PPG 1058-5 Sunstone,#c7887f,0.6875762479835743,0.07919296824185856,28.293240795037093,199,136,127,"[199, 136, 127]",0%,32%,36%,22%,"[0%, 32%, 36%, 22%]",63.05,24.00,15.15,"[63.05, 24.00, 15.15]",https://www.google.com/search?tbm=isch&q=ppg%20PPG%201058-5%20Sunstone%20color%20swatch,,,,,,,,,,,,,,,,,,,,,,,,,,,,,,,,,,,,,,,,,,,,
DB,ppg,PPG 1058-6 Pizza Pie,#ab6057,0.5727994719395058,0.09921463880018533,27.789403079543717,171,96,87,"[171, 96, 87]",0%,44%,49%,33%,"[0%, 44%, 49%, 33%]",49.53,30.44,19.20,"[49.53, 30.44, 19.20]",https://www.google.com/search?tbm=isch&q=ppg%20PPG%201058-6%20Pizza%20Pie%20color%20swatch,,,,,,,,,,,,,,,,,,,,,,,,,,,,,,,,,,,,,,,,,,,,
DB,ppg,PPG 1058-7 Autumn Ridge,#9b423f,0.49657317046470717,0.12002725280594702,24.363341449652978,155,66,63,"[155, 66, 63]",0%,57%,59%,39%,"[0%, 57%, 59%, 39%]",40.41,37.78,21.22,"[40.41, 37.78, 21.22]",https://www.google.com/search?tbm=isch&q=ppg%20PPG%201058-7%20Autumn%20Ridge%20color%20swatch,,,,,,,,,,,,,,,,,,,,,,,,,,,,,,,,,,,,,,,,,,,,
DB,ppg,PPG 1059-1 Apricot Cream,#eeded8,0.91179009437443,0.019493718201413105,41.84999641437929,238,222,216,"[238, 222, 216]",0%,7%,9%,7%,"[0%, 7%, 9%, 7%]",89.65,4.93,5.04,"[89.65, 4.93, 5.04]",https://www.google.com/search?tbm=isch&q=ppg%20PPG%201059-1%20Apricot%20Cream%20color%20swatch,,,,,,,,,,,,,,,,,,,,,,,,,,,,,,,,,,,,,,,,,,,,
DB,ppg,PPG 1059-2 Birthday Cake,#e9d2cc,0.8810685446505009,0.027104413350713907,35.017714615867135,233,210,204,"[233, 210, 204]",0%,10%,12%,9%,"[0%, 10%, 12%, 9%]",86.00,7.54,6.06,"[86.00, 7.54, 6.06]",https://www.google.com/search?tbm=isch&q=ppg%20PPG%201059-2%20Birthday%20Cake%20color%20swatch,,,,,,,,,,,,,,,,,,,,,,,,,,,,,,,,,,,,,,,,,,,,
DB,ppg,PPG 1059-3 Reindeer,#dac0ba,0.8281229366646429,0.03091663859380877,33.14350253718533,218,192,186,"[218, 192, 186]",0%,12%,15%,15%,"[0%, 12%, 15%, 15%]",79.82,8.80,6.60,"[79.82, 8.80, 6.60]",https://www.google.com/search?tbm=isch&q=ppg%20PPG%201059-3%20Reindeer%20color%20swatch,,,,,,,,,,,,,,,,,,,,,,,,,,,,,,,,,,,,,,,,,,,,
DB,ppg,PPG 1059-4 Parfait,#c8a6a1,0.754060052345294,0.04083758098166328,27.893349884997008,200,166,161,"[200, 166, 161]",0%,17%,20%,22%,"[0%, 17%, 20%, 22%]",71.11,12.28,7.52,"[71.11, 12.28, 7.52]",https://www.google.com/search?tbm=isch&q=ppg%20PPG%201059-4%20Parfait%20color%20swatch,,,,,,,,,,,,,,,,,,,,,,,,,,,,,,,,,,,,,,,,,,,,
DB,ppg,PPG 1059-5 Ferris Wheel,#ad7d76,0.6354913247888857,0.06122686251223337,28.247903439244567,173,125,118,"[173, 125, 118]",0%,28%,32%,32%,"[0%, 28%, 32%, 32%]",57.17,18.50,11.60,"[57.17, 18.50, 11.60]",https://www.google.com/search?tbm=isch&q=ppg%20PPG%201059-5%20Ferris%20Wheel%20color%20swatch,,,,,,,,,,,,,,,,,,,,,,,,,,,,,,,,,,,,,,,,,,,,
DB,ppg,PPG 1059-6 Canyon Stone,#93625b,0.5466069512255346,0.06530338477651185,28.34806420415606,147,98,91,"[147, 98, 91]",0%,33%,38%,42%,"[0%, 33%, 38%, 42%]",46.82,19.79,12.54,"[46.82, 19.79, 12.54]",https://www.google.com/search?tbm=isch&q=ppg%20PPG%201059-6%20Canyon%20Stone%20color%20swatch,,,,,,,,,,,,,,,,,,,,,,,,,,,,,,,,,,,,,,,,,,,,
DB,ppg,PPG 1059-7 Sweet Spiceberry,#7b453e,0.45356252452556567,0.07582095520826371,28.247306728980163,123,69,62,"[123, 69, 62]",0%,44%,50%,52%,"[0%, 44%, 50%, 52%]",35.92,23.18,14.85,"[35.92, 23.18, 14.85]",https://www.google.com/search?tbm=isch&q=ppg%20PPG%201059-7%20Sweet%20Spiceberry%20color%20swatch,,,,,,,,,,,,,,,,,,,,,,,,,,,,,,,,,,,,,,,,,,,,
DB,ppg,PPG 1060-1 Winter Peach,#ebd9d0,0.8974259941284978,0.02347275323378225,48.47542222518774,235,217,208,"[235, 217, 208]",0%,8%,11%,8%,"[0%, 8%, 11%, 8%]",87.99,5.31,6.82,"[87.99, 5.31, 6.82]",https://www.google.com/search?tbm=isch&q=ppg%20PPG%201060-1%20Winter%20Peach%20color%20swatch,,,,,,,,,,,,,,,,,,,,,,,,,,,,,,,,,,,,,,,,,,,,
DB,ppg,PPG 1060-2 China Silk,#e3d1cc,0.8739970533089756,0.02131260656103217,36.075373983953114,227,209,204,"[227, 209, 204]",0%,8%,10%,11%,"[0%, 8%, 10%, 11%]",85.23,5.84,4.88,"[85.23, 5.84, 4.88]",https://www.google.com/search?tbm=isch&q=ppg%20PPG%201060-2%20China%20Silk%20color%20swatch,,,,,,,,,,,,,,,,,,,,,,,,,,,,,,,,,,,,,,,,,,,,
DB,ppg,PPG 1060-3 Kangaroo Paw,#decac5,0.8541360695592097,0.023623913857007232,34.34518898287081,222,202,197,"[222, 202, 197]",0%,9%,11%,13%,"[0%, 9%, 11%, 13%]",82.90,6.62,5.19,"[82.90, 6.62, 5.19]",https://www.google.com/search?tbm=isch&q=ppg%20PPG%201060-3%20Kangaroo%20Paw%20color%20swatch,,,,,,,,,,,,,,,,,,,,,,,,,,,,,,,,,,,,,,,,,,,,
DB,ppg,PPG 1060-4 Velveteen Crush,#cdaea5,0.7754898835645199,0.03846976819669016,36.79016488490373,205,174,165,"[205, 174, 165]",0%,15%,20%,20%,"[0%, 15%, 20%, 20%]",73.68,10.56,9.04,"[73.68, 10.56, 9.04]",https://www.google.com/search?tbm=isch&q=ppg%20PPG%201060-4%20Velveteen%20Crush%20color%20swatch,,,,,,,,,,,,,,,,,,,,,,,,,,,,,,,,,,,,,,,,,,,,
DB,ppg,PPG 1060-5 Bedford Brown,#aa8880,0.6564114099210171,0.04350311354809302,33.508975020031585,170,136,128,"[170, 136, 128]",0%,20%,25%,33%,"[0%, 20%, 25%, 33%]",59.80,12.45,9.49,"[59.80, 12.45, 9.49]",https://www.google.com/search?tbm=isch&q=ppg%20PPG%201060-5%20Bedford%20Brown%20color%20swatch,,,,,,,,,,,,,,,,,,,,,,,,,,,,,,,,,,,,,,,,,,,,
DB,ppg,PPG 1060-6 Raspberry Truffle,#8a5d55,0.5244483779585445,0.061000734360854285,30.410004470947626,138,93,85,"[138, 93, 85]",0%,33%,38%,46%,"[0%, 33%, 38%, 46%]",44.31,18.19,12.48,"[44.31, 18.19, 12.48]",https://www.google.com/search?tbm=isch&q=ppg%20PPG%201060-6%20Raspberry%20Truffle%20color%20swatch,,,,,,,,,,,,,,,,,,,,,,,,,,,,,,,,,,,,,,,,,,,,
DB,ppg,PPG 1060-7 Warm Mahogany,#6d4741,0.4392529350276941,0.05368921451971373,29.288237133406255,109,71,65,"[109, 71, 65]",0%,35%,40%,57%,"[0%, 35%, 40%, 57%]",34.48,16.17,10.64,"[34.48, 16.17, 10.64]",https://www.google.com/search?tbm=isch&q=ppg%20PPG%201060-7%20Warm%20Mahogany%20color%20swatch,,,,,,,,,,,,,,,,,,,,,,,,,,,,,,,,,,,,,,,,,,,,
DB,ppg,PPG 1061-1 Irish Cream,#efe7df,0.9320467043239793,0.013860846496643126,67.664001110291,239,231,223,"[239, 231, 223]",0%,3%,7%,6%,"[0%, 3%, 7%, 6%]",92.12,1.79,4.93,"[92.12, 1.79, 4.93]",https://www.google.com/search?tbm=isch&q=ppg%20PPG%201061-1%20Irish%20Cream%20color%20swatch,,,,,,,,,,,,,,,,,,,,,,,,,,,,,,,,,,,,,,,,,,,,
DB,ppg,PPG 1061-2 Wistful Beige,#eaddd7,0.906272201267026,0.01653206662286294,46.6072458305689,234,221,215,"[234, 221, 215]",0%,6%,8%,8%,"[0%, 6%, 8%, 8%]",89.05,3.85,4.64,"[89.05, 3.85, 4.64]",https://www.google.com/search?tbm=isch&q=ppg%20PPG%201061-2%20Wistful%20Beige%20color%20swatch,,,,,,,,,,,,,,,,,,,,,,,,,,,,,,,,,,,,,,,,,,,,
DB,ppg,PPG 1061-3 Belle Of The Ball,#e3cbc0,0.8591002663954324,0.031067322460585536,46.241732756736894,227,203,192,"[227, 203, 192]",0%,11%,15%,11%,"[0%, 11%, 15%, 11%]",83.49,7.38,8.75,"[83.49, 7.38, 8.75]",https://www.google.com/search?tbm=isch&q=ppg%20PPG%201061-3%20Belle%20Of%20The%20Ball%20color%20swatch,,,,,,,,,,,,,,,,,,,,,,,,,,,,,,,,,,,,,,,,,,,,
DB,ppg,PPG 1061-4 Just Rosey,#c4a295,0.7392343373580667,0.04447381332932613,42.01280334013893,196,162,149,"[196, 162, 149]",0%,17%,24%,23%,"[0%, 17%, 24%, 23%]",69.47,11.46,11.74,"[69.47, 11.46, 11.74]",https://www.google.com/search?tbm=isch&q=ppg%20PPG%201061-4%20Just%20Rosey%20color%20swatch,,,,,,,,,,,,,,,,,,,,,,,,,,,,,,,,,,,,,,,,,,,,
DB,ppg,PPG 1061-5 Cappucino Bombe,#b4897d,0.668041986228377,0.05590673530531087,36.160753672757494,180,137,125,"[180, 137, 125]",0%,24%,31%,29%,"[0%, 24%, 31%, 29%]",61.07,15.65,13.15,"[61.07, 15.65, 13.15]",https://www.google.com/search?tbm=isch&q=ppg%20PPG%201061-5%20Cappucino%20Bombe%20color%20swatch,,,,,,,,,,,,,,,,,,,,,,,,,,,,,,,,,,,,,,,,,,,,
DB,ppg,PPG 1061-6 Safari Brown,#976c60,0.572035701691534,0.05843653299714281,36.20854756722946,151,108,96,"[151, 108, 96]",0%,28%,36%,41%,"[0%, 28%, 36%, 41%]",49.91,16.45,13.89,"[49.91, 16.45, 13.89]",https://www.google.com/search?tbm=isch&q=ppg%20PPG%201061-6%20Safari%20Brown%20color%20swatch,,,,,,,,,,,,,,,,,,,,,,,,,,,,,,,,,,,,,,,,,,,,
DB,ppg,PPG 1061-7 Bigfoot,#715145,0.46584355796421534,0.0473604383264143,41.45155712590156,113,81,69,"[113, 81, 69]",0%,28%,39%,56%,"[0%, 28%, 39%, 56%]",37.72,12.55,12.64,"[37.72, 12.55, 12.64]",https://www.google.com/search?tbm=isch&q=ppg%20PPG%201061-7%20Bigfoot%20color%20swatch,,,,,,,,,,,,,,,,,,,,,,,,,,,,,,,,,,,,,,,,,,,,
DB,ppg,PPG 1062-1 Butter Icing,#efe3d9,0.9226230232446984,0.018842563637220616,62.455650852005704,239,227,217,"[239, 227, 217]",0%,5%,9%,6%,"[0%, 5%, 9%, 6%]",91.00,2.98,6.45,"[91.00, 2.98, 6.45]",https://www.google.com/search?tbm=isch&q=ppg%20PPG%201062-1%20Butter%20Icing%20color%20swatch,,,,,,,,,,,,,,,,,,,,,,,,,,,,,,,,,,,,,,,,,,,,
DB,ppg,PPG 1062-2 Coral Cream,#ead6ce,0.8902152371381921,0.024868728731892338,43.19271910848187,234,214,206,"[234, 214, 206]",0%,9%,12%,8%,"[0%, 9%, 12%, 8%]",87.12,6.18,6.61,"[87.12, 6.18, 6.61]",https://www.google.com/search?tbm=isch&q=ppg%20PPG%201062-2%20Coral%20Cream%20color%20swatch,,,,,,,,,,,,,,,,,,,,,,,,,,,,,,,,,,,,,,,,,,,,
DB,ppg,PPG 1062-3 Ginger Shortbread,#e3cec6,0.8665262655808416,0.026081527386942926,42.114558098886846,227,206,198,"[227, 206, 198]",0%,9%,13%,11%,"[0%, 9%, 13%, 11%]",84.36,6.60,6.80,"[84.36, 6.60, 6.80]",https://www.google.com/search?tbm=isch&q=ppg%20PPG%201062-3%20Ginger%20Shortbread%20color%20swatch,,,,,,,,,,,,,,,,,,,,,,,,,,,,,,,,,,,,,,,,,,,,
DB,ppg,PPG 1062-4 Sandpaper,#d7b1a5,0.7907986486046837,0.047581440153888745,38.272494232899135,215,177,165,"[215, 177, 165]",0%,18%,23%,16%,"[0%, 18%, 23%, 16%]",75.40,12.88,11.62,"[75.40, 12.88, 11.62]",https://www.google.com/search?tbm=isch&q=ppg%20PPG%201062-4%20Sandpaper%20color%20swatch,,,,,,,,,,,,,,,,,,,,,,,,,,,,,,,,,,,,,,,,,,,,
DB,ppg,PPG 1062-5 Big Cypress,#b98675,0.665767379284578,0.06797295844647343,39.22169312560766,185,134,117,"[185, 134, 117]",0%,28%,37%,27%,"[0%, 28%, 37%, 27%]",60.75,18.51,17.32,"[60.75, 18.51, 17.32]",https://www.google.com/search?tbm=isch&q=ppg%20PPG%201062-5%20Big%20Cypress%20color%20swatch,,,,,,,,,,,,,,,,,,,,,,,,,,,,,,,,,,,,,,,,,,,,
DB,ppg,PPG 1062-6 Apple Brown Betty,#9c6757,0.566192150413047,0.07315771725693061,37.53341843850501,156,103,87,"[156, 103, 87]",0%,34%,44%,39%,"[0%, 34%, 44%, 39%]",49.13,20.51,18.23,"[49.13, 20.51, 18.23]",https://www.google.com/search?tbm=isch&q=ppg%20PPG%201062-6%20Apple%20Brown%20Betty%20color%20swatch,,,,,,,,,,,,,,,,,,,,,,,,,,,,,,,,,,,,,,,,,,,,
DB,ppg,PPG 1062-7 Warm Wassail,#864f3e,0.4872763263881729,0.07925772709412278,37.94966066236259,134,79,62,"[134, 79, 62]",0%,41%,54%,47%,"[0%, 41%, 54%, 47%]",39.92,22.37,20.40,"[39.92, 22.37, 20.40]",https://www.google.com/search?tbm=isch&q=ppg%20PPG%201062-7%20Warm%20Wassail%20color%20swatch,,,,,,,,,,,,,,,,,,,,,,,,,,,,,,,,,,,,,,,,,,,,
DB,ppg,PPG 1063-1 Polo Tan,#f4e5dd,0.9316624444862635,0.01970384887561548,50.18024118419754,244,229,221,"[244, 229, 221]",0%,6%,9%,4%,"[0%, 6%, 9%, 4%]",91.99,4.29,5.85,"[91.99, 4.29, 5.85]",https://www.google.com/search?tbm=isch&q=ppg%20PPG%201063-1%20Polo%20Tan%20color%20swatch,,,,,,,,,,,,,,,,,,,,,,,,,,,,,,,,,,,,,,,,,,,,
DB,ppg,PPG 1063-2 Spice Cookie,#f0ded3,0.9121320996947248,0.02486275488380951,53.694736008780524,240,222,211,"[240, 222, 211]",0%,7%,12%,6%,"[0%, 7%, 12%, 6%]",89.72,5.05,7.77,"[89.72, 5.05, 7.77]",https://www.google.com/search?tbm=isch&q=ppg%20PPG%201063-2%20Spice%20Cookie%20color%20swatch,,,,,,,,,,,,,,,,,,,,,,,,,,,,,,,,,,,,,,,,,,,,
DB,ppg,PPG 1063-3 Pale Coral,#f2d1c4,0.8849827515418048,0.04128012434197898,42.72207759043505,242,209,196,"[242, 209, 196]",0%,14%,19%,5%,"[0%, 14%, 19%, 5%]",86.41,10.45,10.97,"[86.41, 10.45, 10.97]",https://www.google.com/search?tbm=isch&q=ppg%20PPG%201063-3%20Pale%20Coral%20color%20swatch,,,,,,,,,,,,,,,,,,,,,,,,,,,,,,,,,,,,,,,,,,,,
DB,ppg,PPG 1063-4 Georgia Peach,#ecbdb0,0.8365678546306374,0.0574079477363626,35.987355412367094,236,189,176,"[236, 189, 176]",0%,20%,25%,7%,"[0%, 20%, 25%, 7%]",80.61,16.02,13.35,"[80.61, 16.02, 13.35]",https://www.google.com/search?tbm=isch&q=ppg%20PPG%201063-4%20Georgia%20Peach%20color%20swatch,,,,,,,,,,,,,,,,,,,,,,,,,,,,,,,,,,,,,,,,,,,,
DB,ppg,PPG 1063-5 Orange Essential,#d1907c,0.7128279383014733,0.08471009334164438,37.83206321252209,209,144,124,"[209, 144, 124]",0%,31%,41%,18%,"[0%, 31%, 41%, 18%]",66.06,23.58,21.12,"[66.06, 23.58, 21.12]",https://www.google.com/search?tbm=isch&q=ppg%20PPG%201063-5%20Orange%20Essential%20color%20swatch,,,,,,,,,,,,,,,,,,,,,,,,,,,,,,,,,,,,,,,,,,,,
DB,ppg,PPG 1063-6 Crushed Cinnamon,#b7735e,0.623147472793872,0.09205265615670176,37.925388537899266,183,115,94,"[183, 115, 94]",0%,37%,49%,28%,"[0%, 37%, 49%, 28%]",55.59,25.86,23.43,"[55.59, 25.86, 23.43]",https://www.google.com/search?tbm=isch&q=ppg%20PPG%201063-6%20Crushed%20Cinnamon%20color%20swatch,,,,,,,,,,,,,,,,,,,,,,,,,,,,,,,,,,,,,,,,,,,,
DB,ppg,PPG 1063-7 Ancient Copper,#9f543e,0.530917864259653,0.10522161689213351,37.18235554150846,159,84,62,"[159, 84, 62]",0%,47%,61%,38%,"[0%, 47%, 61%, 38%]",44.75,30.24,27.34,"[44.75, 30.24, 27.34]",https://www.google.com/search?tbm=isch&q=ppg%20PPG%201063-7%20Ancient%20Copper%20color%20swatch,,,,,,,,,,,,,,,,,,,,,,,,,,,,,,,,,,,,,,,,,,,,
DB,ppg,PPG 1064-1 Aubergine,#f2e4dd,0.9280830224995851,0.018068793377418214,48.561138757710694,242,228,221,"[242, 228, 221]",0%,6%,9%,5%,"[0%, 6%, 9%, 5%]",91.58,4.06,5.24,"[91.58, 4.06, 5.24]",https://www.google.com/search?tbm=isch&q=ppg%20PPG%201064-1%20Aubergine%20color%20swatch,,,,,,,,,,,,,,,,,,,,,,,,,,,,,,,,,,,,,,,,,,,,
DB,ppg,PPG 1064-2 Pink Chablis,#f4ded9,0.9170822594028846,0.02533762011706657,32.91306917874954,244,222,217,"[244, 222, 217]",0%,9%,11%,4%,"[0%, 9%, 11%, 4%]",90.18,7.21,5.36,"[90.18, 7.21, 5.36]",https://www.google.com/search?tbm=isch&q=ppg%20PPG%201064-2%20Pink%20Chablis%20color%20swatch,,,,,,,,,,,,,,,,,,,,,,,,,,,,,,,,,,,,,,,,,,,,
DB,ppg,PPG 1064-3 Texas Rose,#f1d2c9,0.8872764547933971,0.037062089937462794,36.797888204129265,241,210,201,"[241, 210, 201]",0%,13%,17%,5%,"[0%, 13%, 17%, 5%]",86.66,10.14,8.68,"[86.66, 10.14, 8.68]",https://www.google.com/search?tbm=isch&q=ppg%20PPG%201064-3%20Texas%20Rose%20color%20swatch,,,,,,,,,,,,,,,,,,,,,,,,,,,,,,,,,,,,,,,,,,,,
DB,ppg,PPG 1064-4 Peach Beige,#ecbcb2,0.8351916443682316,0.057439009006843116,31.871447814947828,236,188,178,"[236, 188, 178]",0%,20%,25%,7%,"[0%, 20%, 25%, 7%]",80.41,16.72,12.00,"[80.41, 16.72, 12.00]",https://www.google.com/search?tbm=isch&q=ppg%20PPG%201064-4%20Peach%20Beige%20color%20swatch,,,,,,,,,,,,,,,,,,,,,,,,,,,,,,,,,,,,,,,,,,,,
DB,ppg,PPG 1064-5 Holland Tile,#dd9789,0.7418795883416038,0.0875086765996462,31.739899811201212,221,151,137,"[221, 151, 137]",0%,32%,38%,13%,"[0%, 32%, 38%, 13%]",69.32,25.82,18.63,"[69.32, 25.82, 18.63]",https://www.google.com/search?tbm=isch&q=ppg%20PPG%201064-5%20Holland%20Tile%20color%20swatch,,,,,,,,,,,,,,,,,,,,,,,,,,,,,,,,,,,,,,,,,,,,
DB,ppg,PPG 1064-6 Sahara Sun,#c67363,0.6431213698635528,0.10819878381257018,31.82475465454519,198,115,99,"[198, 115, 99]",0%,42%,50%,22%,"[0%, 42%, 50%, 22%]",57.67,32.26,23.74,"[57.67, 32.26, 23.74]",https://www.google.com/search?tbm=isch&q=ppg%20PPG%201064-6%20Sahara%20Sun%20color%20swatch,,,,,,,,,,,,,,,,,,,,,,,,,,,,,,,,,,,,,,,,,,,,
DB,ppg,PPG 1064-7 Rum Raisin,#a4493d,0.5205178747549336,0.12315278606617877,29.51136149579503,164,73,61,"[164, 73, 61]",0%,55%,63%,36%,"[0%, 55%, 63%, 36%]",43.24,37.75,26.32,"[43.24, 37.75, 26.32]",https://www.google.com/search?tbm=isch&q=ppg%20PPG%201064-7%20Rum%20Raisin%20color%20swatch,,,,,,,,,,,,,,,,,,,,,,,,,,,,,,,,,,,,,,,,,,,,
DB,ppg,PPG 1065-1 Chantilly Lace,#f1e2de,0.923651369457105,0.017393626532666528,35.410775326433736,241,226,222,"[241, 226, 222]",0%,6%,8%,5%,"[0%, 6%, 8%, 5%]",91.02,4.80,3.91,"[91.02, 4.80, 3.91]",https://www.google.com/search?tbm=isch&q=ppg%20PPG%201065-1%20Chantilly%20Lace%20color%20swatch,,,,,,,,,,,,,,,,,,,,,,,,,,,,,,,,,,,,,,,,,,,,
DB,ppg,PPG 1065-2 Fiesta,#edd8d2,0.8977069202263602,0.024814785616811975,36.55018633536514,237,216,210,"[237, 216, 210]",0%,9%,11%,7%,"[0%, 9%, 11%, 7%]",87.96,6.77,5.75,"[87.96, 6.77, 5.75]",https://www.google.com/search?tbm=isch&q=ppg%20PPG%201065-2%20Fiesta%20color%20swatch,,,,,,,,,,,,,,,,,,,,,,,,,,,,,,,,,,,,,,,,,,,,
DB,ppg,PPG 1065-3 Honeysweet,#e9cfc8,0.8742054462853535,0.030863547627123164,35.52759898753635,233,207,200,"[233, 207, 200]",0%,11%,14%,9%,"[0%, 11%, 14%, 9%]",85.18,8.55,7.00,"[85.18, 8.55, 7.00]",https://www.google.com/search?tbm=isch&q=ppg%20PPG%201065-3%20Honeysweet%20color%20swatch,,,,,,,,,,,,,,,,,,,,,,,,,,,,,,,,,,,,,,,,,,,,
DB,ppg,PPG 1065-4 Sweet Peach,#e2bcb3,0.8258938235770261,0.045709605147098535,33.56449105176807,226,188,179,"[226, 188, 179]",0%,17%,21%,11%,"[0%, 17%, 21%, 11%]",79.45,13.03,9.94,"[79.45, 13.03, 9.94]",https://www.google.com/search?tbm=isch&q=ppg%20PPG%201065-4%20Sweet%20Peach%20color%20swatch,,,,,,,,,,,,,,,,,,,,,,,,,,,,,,,,,,,,,,,,,,,,
DB,ppg,PPG 1065-5 Mexican Moonlight,#c99387,0.7120655971660536,0.0681780492051136,32.88011409996216,201,147,135,"[201, 147, 135]",0%,27%,33%,21%,"[0%, 27%, 33%, 21%]",66.04,19.80,14.83,"[66.04, 19.80, 14.83]",https://www.google.com/search?tbm=isch&q=ppg%20PPG%201065-5%20Mexican%20Moonlight%20color%20swatch,,,,,,,,,,,,,,,,,,,,,,,,,,,,,,,,,,,,,,,,,,,,
DB,ppg,PPG 1065-6 Cinnabar,#ae6456,0.5834643530537086,0.09876968790847303,31.638478417182284,174,100,86,"[174, 100, 86]",0%,43%,51%,32%,"[0%, 43%, 51%, 32%]",50.83,29.50,21.57,"[50.83, 29.50, 21.57]",https://www.google.com/search?tbm=isch&q=ppg%20PPG%201065-6%20Cinnabar%20color%20swatch,,,,,,,,,,,,,,,,,,,,,,,,,,,,,,,,,,,,,,,,,,,,
DB,ppg,PPG 1065-7 Cedar Chest,#91493e,0.4921956011981987,0.09956001416427099,30.073498316856615,145,73,62,"[145, 73, 62]",0%,50%,57%,43%,"[0%, 50%, 57%, 43%]",40.20,30.25,21.15,"[40.20, 30.25, 21.15]",https://www.google.com/search?tbm=isch&q=ppg%20PPG%201065-7%20Cedar%20Chest%20color%20swatch,,,,,,,,,,,,,,,,,,,,,,,,,,,,,,,,,,,,,,,,,,,,
DB,ppg,PPG 1066-1 Siesta Sands,#f1e6e0,0.9319676061627136,0.014528139833485271,50.84483138852124,241,230,224,"[241, 230, 224]",0%,5%,7%,5%,"[0%, 5%, 7%, 5%]",92.05,3.11,4.35,"[92.05, 3.11, 4.35]",https://www.google.com/search?tbm=isch&q=ppg%20PPG%201066-1%20Siesta%20Sands%20color%20swatch,,,,,,,,,,,,,,,,,,,,,,,,,,,,,,,,,,,,,,,,,,,,
DB,ppg,PPG 1066-2 Slightly Peach,#f1ddd8,0.9123579227611122,0.023209303571294703,34.34829368238002,241,221,216,"[241, 221, 216]",0%,8%,10%,5%,"[0%, 8%, 10%, 5%]",89.66,6.50,5.09,"[89.66, 6.50, 5.09]",https://www.google.com/search?tbm=isch&q=ppg%20PPG%201066-2%20Slightly%20Peach%20color%20swatch,,,,,,,,,,,,,,,,,,,,,,,,,,,,,,,,,,,,,,,,,,,,
DB,ppg,PPG 1066-3 Cool Cantaloupe,#f1d3ca,0.889446616918034,0.035951846370258556,37.37834871340186,241,211,202,"[241, 211, 202]",0%,12%,16%,5%,"[0%, 12%, 16%, 5%]",86.92,9.76,8.53,"[86.92, 9.76, 8.53]",https://www.google.com/search?tbm=isch&q=ppg%20PPG%201066-3%20Cool%20Cantaloupe%20color%20swatch,,,,,,,,,,,,,,,,,,,,,,,,,,,,,,,,,,,,,,,,,,,,
DB,ppg,PPG 1066-4 Adorable,#e3beb0,0.829897788870236,0.04687953109564047,41.81294604602999,227,190,176,"[227, 190, 176]",0%,16%,22%,11%,"[0%, 16%, 22%, 11%]",79.98,12.09,12.30,"[79.98, 12.09, 12.30]",https://www.google.com/search?tbm=isch&q=ppg%20PPG%201066-4%20Adorable%20color%20swatch,,,,,,,,,,,,,,,,,,,,,,,,,,,,,,,,,,,,,,,,,,,,
DB,ppg,PPG 1066-5 Copper Trail,#c18978,0.6810185559831365,0.07355067958778257,37.592099650645025,193,137,120,"[193, 137, 120]",0%,29%,38%,24%,"[0%, 29%, 38%, 24%]",62.46,20.45,18.12,"[62.46, 20.45, 18.12]",https://www.google.com/search?tbm=isch&q=ppg%20PPG%201066-5%20Copper%20Trail%20color%20swatch,,,,,,,,,,,,,,,,,,,,,,,,,,,,,,,,,,,,,,,,,,,,
DB,ppg,PPG 1066-6 Amaretto,#ab6f60,0.6015114173208191,0.08036547077713345,34.711945670877924,171,111,96,"[171, 111, 96]",0%,35%,44%,33%,"[0%, 35%, 44%, 33%]",53.13,23.19,18.72,"[53.13, 23.19, 18.72]",https://www.google.com/search?tbm=isch&q=ppg%20PPG%201066-6%20Amaretto%20color%20swatch,,,,,,,,,,,,,,,,,,,,,,,,,,,,,,,,,,,,,,,,,,,,
DB,ppg,PPG 1066-7 Baked Bean,#8c4f42,0.49631667721598194,0.0852674031309086,32.96917766098289,140,79,66,"[140, 79, 66]",0%,44%,53%,45%,"[0%, 44%, 53%, 45%]",40.85,25.22,19.39,"[40.85, 25.22, 19.39]",https://www.google.com/search?tbm=isch&q=ppg%20PPG%201066-7%20Baked%20Bean%20color%20swatch,,,,,,,,,,,,,,,,,,,,,,,,,,,,,,,,,,,,,,,,,,,,
DB,ppg,PPG 1067-1 Pine Hutch,#ecdbd2,0.9026883126489543,0.022481396351673018,49.93996115351234,236,219,210,"[236, 219, 210]",0%,7%,11%,7%,"[0%, 7%, 11%, 7%]",88.62,4.94,6.67,"[88.62, 4.94, 6.67]",https://www.google.com/search?tbm=isch&q=ppg%20PPG%201067-1%20Pine%20Hutch%20color%20swatch,,,,,,,,,,,,,,,,,,,,,,,,,,,,,,,,,,,,,,,,,,,,
DB,ppg,PPG 1067-2 Bare Beige,#e8d3c9,0.8813563875602453,0.027208715840866465,47.21656502631498,232,211,201,"[232, 211, 201]",0%,9%,13%,9%,"[0%, 9%, 13%, 9%]",86.10,6.33,7.76,"[86.10, 6.33, 7.76]",https://www.google.com/search?tbm=isch&q=ppg%20PPG%201067-2%20Bare%20Beige%20color%20swatch,,,,,,,,,,,,,,,,,,,,,,,,,,,,,,,,,,,,,,,,,,,,
DB,ppg,PPG 1067-3 Au Naturel,#e8cac0,0.8615893399367649,0.03675421446097122,39.32925706467029,232,202,192,"[232, 202, 192]",0%,13%,17%,9%,"[0%, 13%, 17%, 9%]",83.70,9.74,9.11,"[83.70, 9.74, 9.11]",https://www.google.com/search?tbm=isch&q=ppg%20PPG%201067-3%20Au%20Naturel%20color%20swatch,,,,,,,,,,,,,,,,,,,,,,,,,,,,,,,,,,,,,,,,,,,,
DB,ppg,PPG 1067-4 Summer Tan,#e0b4a4,0.8049963621595411,0.056076819713937895,40.946824344764764,224,180,164,"[224, 180, 164]",0%,20%,27%,12%,"[0%, 20%, 27%, 12%]",77.01,14.73,14.56,"[77.01, 14.73, 14.56]",https://www.google.com/search?tbm=isch&q=ppg%20PPG%201067-4%20Summer%20Tan%20color%20swatch,,,,,,,,,,,,,,,,,,,,,,,,,,,,,,,,,,,,,,,,,,,,
DB,ppg,PPG 1067-5 Copper Beech,#b1715a,0.611291732258158,0.08849770159066724,40.511284982549284,177,113,90,"[177, 113, 90]",0%,36%,49%,31%,"[0%, 36%, 49%, 31%]",54.28,24.16,23.83,"[54.28, 24.16, 23.83]",https://www.google.com/search?tbm=isch&q=ppg%20PPG%201067-5%20Copper%20Beech%20color%20swatch,,,,,,,,,,,,,,,,,,,,,,,,,,,,,,,,,,,,,,,,,,,,
DB,ppg,PPG 1067-6 Warm Up,#9e6654,0.5661155441802503,0.07788277110111622,38.577875376522854,158,102,84,"[158, 102, 84]",0%,35%,47%,38%,"[0%, 35%, 47%, 38%]",49.09,21.65,19.99,"[49.09, 21.65, 19.99]",https://www.google.com/search?tbm=isch&q=ppg%20PPG%201067-6%20Warm%20Up%20color%20swatch,,,,,,,,,,,,,,,,,,,,,,,,,,,,,,,,,,,,,,,,,,,,
DB,ppg,PPG 1067-7 Burled Redwood,#8f4c3a,0.493653472124781,0.09512388600391485,35.973408416796815,143,76,58,"[143, 76, 58]",0%,47%,59%,44%,"[0%, 47%, 59%, 44%]",40.49,27.59,23.84,"[40.49, 27.59, 23.84]",https://www.google.com/search?tbm=isch&q=ppg%20PPG%201067-7%20Burled%20Redwood%20color%20swatch,,,,,,,,,,,,,,,,,,,,,,,,,,,,,,,,,,,,,,,,,,,,
DB,ppg,PPG 1068-1 Sweet Gardenia,#efe4da,0.9248424930053787,0.018068857973603206,64.93164134462313,239,228,218,"[239, 228, 218]",0%,5%,9%,6%,"[0%, 5%, 9%, 6%]",91.27,2.62,6.31,"[91.27, 2.62, 6.31]",https://www.google.com/search?tbm=isch&q=ppg%20PPG%201068-1%20Sweet%20Gardenia%20color%20swatch,,,,,,,,,,,,,,,,,,,,,,,,,,,,,,,,,,,,,,,,,,,,
DB,ppg,PPG 1068-2 Sablewood,#ecdfd6,0.9115562090270166,0.018813806817908993,57.22300774261487,236,223,214,"[236, 223, 214]",0%,6%,9%,7%,"[0%, 6%, 9%, 7%]",89.69,3.48,6.11,"[89.69, 3.48, 6.11]",https://www.google.com/search?tbm=isch&q=ppg%20PPG%201068-2%20Sablewood%20color%20swatch,,,,,,,,,,,,,,,,,,,,,,,,,,,,,,,,,,,,,,,,,,,,
DB,ppg,PPG 1068-3 Sultan Sand,#e3c9be,0.8546902916181387,0.033156786085873045,44.35786239976909,227,201,190,"[227, 201, 190]",0%,11%,16%,11%,"[0%, 11%, 16%, 11%]",82.96,8.14,9.05,"[82.96, 8.14, 9.05]",https://www.google.com/search?tbm=isch&q=ppg%20PPG%201068-3%20Sultan%20Sand%20color%20swatch,,,,,,,,,,,,,,,,,,,,,,,,,,,,,,,,,,,,,,,,,,,,
DB,ppg,PPG 1068-4 Suntan,#d9b19f,0.7912480335647856,0.053121398621307186,45.5431691117916,217,177,159,"[217, 177, 159]",0%,18%,27%,15%,"[0%, 18%, 27%, 15%]",75.49,13.03,15.01,"[75.49, 13.03, 15.01]",https://www.google.com/search?tbm=isch&q=ppg%20PPG%201068-4%20Suntan%20color%20swatch,,,,,,,,,,,,,,,,,,,,,,,,,,,,,,,,,,,,,,,,,,,,
DB,ppg,PPG 1068-5 Terrazzo Tan,#be8973,0.6765642646594463,0.0726721879401472,43.49098522927119,190,137,115,"[190, 137, 115]",0%,28%,39%,25%,"[0%, 28%, 39%, 25%]",62.02,18.80,20.26,"[62.02, 18.80, 20.26]",https://www.google.com/search?tbm=isch&q=ppg%20PPG%201068-5%20Terrazzo%20Tan%20color%20swatch,,,,,,,,,,,,,,,,,,,,,,,,,,,,,,,,,,,,,,,,,,,,
DB,ppg,PPG 1068-6 Nutmeg,#a8715a,0.6003459548694324,0.07798342541041436,43.49897181133747,168,113,90,"[168, 113, 90]",0%,33%,46%,34%,"[0%, 33%, 46%, 34%]",53.14,20.40,22.08,"[53.14, 20.40, 22.08]",https://www.google.com/search?tbm=isch&q=ppg%20PPG%201068-6%20Nutmeg%20color%20swatch,,,,,,,,,,,,,,,,,,,,,,,,,,,,,,,,,,,,,,,,,,,,
DB,ppg,PPG 1068-7 Spiced Cider,#915b41,0.5250508873628025,0.08113199580002715,46.190202438102574,145,91,65,"[145, 91, 65]",0%,37%,55%,43%,"[0%, 37%, 55%, 43%]",44.41,20.73,24.64,"[44.41, 20.73, 24.64]",https://www.google.com/search?tbm=isch&q=ppg%20PPG%201068-7%20Spiced%20Cider%20color%20swatch,,,,,,,,,,,,,,,,,,,,,,,,,,,,,,,,,,,,,,,,,,,,
DB,ppg,PPG 1069-1 Nosegay,#efdbcd,0.9039131821071372,0.029163929799955753,57.36001976985165,239,219,205,"[239, 219, 205]",0%,8%,14%,6%,"[0%, 8%, 14%, 6%]",88.78,5.45,9.54,"[88.78, 5.45, 9.54]",https://www.google.com/search?tbm=isch&q=ppg%20PPG%201069-1%20Nosegay%20color%20swatch,,,,,,,,,,,,,,,,,,,,,,,,,,,,,,,,,,,,,,,,,,,,
DB,ppg,PPG 1069-2 Scotchtone,#ebccb9,0.8663787074770579,0.04357398185726415,53.46100684050316,235,204,185,"[235, 204, 185]",0%,13%,21%,8%,"[0%, 13%, 21%, 8%]",84.34,9.11,13.74,"[84.34, 9.11, 13.74]",https://www.google.com/search?tbm=isch&q=ppg%20PPG%201069-2%20Scotchtone%20color%20swatch,,,,,,,,,,,,,,,,,,,,,,,,,,,,,,,,,,,,,,,,,,,,
DB,ppg,PPG 1069-3 Starfish,#e5bca5,0.8253159081725115,0.05689393607079142,50.89530492131655,229,188,165,"[229, 188, 165]",0%,18%,28%,10%,"[0%, 18%, 28%, 10%]",79.48,12.73,17.51,"[79.48, 12.73, 17.51]",https://www.google.com/search?tbm=isch&q=ppg%20PPG%201069-3%20Starfish%20color%20swatch,,,,,,,,,,,,,,,,,,,,,,,,,,,,,,,,,,,,,,,,,,,,
DB,ppg,PPG 1069-4 Orange Maple,#d3a083,0.746335188481583,0.07301415811244576,50.865725448893045,211,160,131,"[211, 160, 131]",0%,24%,38%,17%,"[0%, 24%, 38%, 17%]",70.23,16.72,22.89,"[70.23, 16.72, 22.89]",https://www.google.com/search?tbm=isch&q=ppg%20PPG%201069-4%20Orange%20Maple%20color%20swatch,,,,,,,,,,,,,,,,,,,,,,,,,,,,,,,,,,,,,,,,,,,,
DB,ppg,PPG 1069-5 Honey Graham,#bc886a,0.6705463544563733,0.07675696771555872,50.982469937575786,188,136,106,"[188, 136, 106]",0%,28%,44%,26%,"[0%, 28%, 44%, 26%]",61.41,17.76,24.40,"[61.41, 17.76, 24.40]",https://www.google.com/search?tbm=isch&q=ppg%20PPG%201069-5%20Honey%20Graham%20color%20swatch,,,,,,,,,,,,,,,,,,,,,,,,,,,,,,,,,,,,,,,,,,,,
DB,ppg,PPG 1069-6 Foxfire Brown,#9f6949,0.5709041913884011,0.08327111445639708,51.06257329157904,159,105,73,"[159, 105, 73]",0%,34%,54%,38%,"[0%, 34%, 54%, 38%]",49.79,19.67,27.22,"[49.79, 19.67, 27.22]",https://www.google.com/search?tbm=isch&q=ppg%20PPG%201069-6%20Foxfire%20Brown%20color%20swatch,,,,,,,,,,,,,,,,,,,,,,,,,,,,,,,,,,,,,,,,,,,,
DB,ppg,PPG 1069-7 Cinnamon Spice,#935f43,0.5356328760602936,0.07959143014104689,48.75866633816656,147,95,67,"[147, 95, 67]",0%,35%,54%,42%,"[0%, 35%, 54%, 42%]",45.68,19.53,25.14,"[45.68, 19.53, 25.14]",https://www.google.com/search?tbm=isch&q=ppg%20PPG%201069-7%20Cinnamon%20Spice%20color%20swatch,,,,,,,,,,,,,,,,,,,,,,,,,,,,,,,,,,,,,,,,,,,,
DB,ppg,PPG 1070-1 Canyon Peach,#eedacb,0.90061121772052,0.030059566232915398,59.281751139771075,238,218,203,"[238, 218, 203]",0%,8%,15%,7%,"[0%, 8%, 15%, 7%]",88.40,5.34,10.05,"[88.40, 5.34, 10.05]",https://www.google.com/search?tbm=isch&q=ppg%20PPG%201070-1%20Canyon%20Peach%20color%20swatch,,,,,,,,,,,,,,,,,,,,,,,,,,,,,,,,,,,,,,,,,,,,
DB,ppg,PPG 1070-2 Blush Beige,#edd5c7,0.8890292307974896,0.03290730732650369,52.316232925382565,237,213,199,"[237, 213, 199]",0%,10%,16%,7%,"[0%, 10%, 16%, 7%]",87.00,6.96,10.15,"[87.00, 6.96, 10.15]",https://www.google.com/search?tbm=isch&q=ppg%20PPG%201070-2%20Blush%20Beige%20color%20swatch,,,,,,,,,,,,,,,,,,,,,,,,,,,,,,,,,,,,,,,,,,,,
DB,ppg,PPG 1070-3 Tantalizing Tan,#e7c3ac,0.8422671299165905,0.05174347265446645,54.42663663754627,231,195,172,"[231, 195, 172]",0%,16%,26%,9%,"[0%, 16%, 26%, 9%]",81.51,10.70,16.63,"[81.51, 10.70, 16.63]",https://www.google.com/search?tbm=isch&q=ppg%20PPG%201070-3%20Tantalizing%20Tan%20color%20swatch,,,,,,,,,,,,,,,,,,,,,,,,,,,,,,,,,,,,,,,,,,,,
DB,ppg,PPG 1070-4 Clay Fire,#d8a686,0.7635770320389769,0.07372823535119179,53.93906021710927,216,166,134,"[216, 166, 134]",0%,23%,38%,15%,"[0%, 23%, 38%, 15%]",72.27,15.91,24.09,"[72.27, 15.91, 24.09]",https://www.google.com/search?tbm=isch&q=ppg%20PPG%201070-4%20Clay%20Fire%20color%20swatch,,,,,,,,,,,,,,,,,,,,,,,,,,,,,,,,,,,,,,,,,,,,
DB,ppg,PPG 1070-5 Hitching Post,#c48d69,0.6888022003134582,0.08360227351465013,54.07053485159241,196,141,105,"[196, 141, 105]",0%,28%,46%,23%,"[0%, 28%, 46%, 23%]",63.54,18.38,27.91,"[63.54, 18.38, 27.91]",https://www.google.com/search?tbm=isch&q=ppg%20PPG%201070-5%20Hitching%20Post%20color%20swatch,,,,,,,,,,,,,,,,,,,,,,,,,,,,,,,,,,,,,,,,,,,,
DB,ppg,PPG 1070-6 Ginger Spice,#a66e49,0.5890579539018672,0.08819826316406454,53.640875583689024,166,110,73,"[166, 110, 73]",0%,34%,56%,35%,"[0%, 34%, 56%, 35%]",51.91,19.98,30.05,"[51.91, 19.98, 30.05]",https://www.google.com/search?tbm=isch&q=ppg%20PPG%201070-6%20Ginger%20Spice%20color%20swatch,,,,,,,,,,,,,,,,,,,,,,,,,,,,,,,,,,,,,,,,,,,,
DB,ppg,PPG 1070-7 Cinnamon Stick,#966544,0.5512047012179961,0.07906163013572395,54.29144117130795,150,101,68,"[150, 101, 68]",0%,33%,55%,41%,"[0%, 33%, 55%, 41%]",47.58,17.61,27.01,"[47.58, 17.61, 27.01]",https://www.google.com/search?tbm=isch&q=ppg%20PPG%201070-7%20Cinnamon%20Stick%20color%20swatch,,,,,,,,,,,,,,,,,,,,,,,,,,,,,,,,,,,,,,,,,,,,
DB,ppg,PPG 1071-1 South Peak,#eadfd2,0.9088674194374411,0.021268976056705195,72.13269983180516,234,223,210,"[234, 223, 210]",0%,5%,10%,8%,"[0%, 5%, 10%, 8%]",89.45,2.27,7.82,"[89.45, 2.27, 7.82]",https://www.google.com/search?tbm=isch&q=ppg%20PPG%201071-1%20South%20Peak%20color%20swatch,,,,,,,,,,,,,,,,,,,,,,,,,,,,,,,,,,,,,,,,,,,,
DB,ppg,PPG 1071-2 Enjoy,#ead4c4,0.883736768028652,0.03278812380287272,58.36043813015539,234,212,196,"[234, 212, 196]",0%,9%,16%,8%,"[0%, 9%, 16%, 8%]",86.43,6.00,10.88,"[86.43, 6.00, 10.88]",https://www.google.com/search?tbm=isch&q=ppg%20PPG%201071-2%20Enjoy%20color%20swatch,,,,,,,,,,,,,,,,,,,,,,,,,,,,,,,,,,,,,,,,,,,,
DB,ppg,PPG 1071-3 Birthday Suit,#e2c7b6,0.8478780621354638,0.03848583344555283,54.253990294783364,226,199,182,"[226, 199, 182]",0%,12%,19%,11%,"[0%, 12%, 19%, 11%]",82.22,7.86,12.23,"[82.22, 7.86, 12.23]",https://www.google.com/search?tbm=isch&q=ppg%20PPG%201071-3%20Birthday%20Suit%20color%20swatch,,,,,,,,,,,,,,,,,,,,,,,,,,,,,,,,,,,,,,,,,,,,
DB,ppg,PPG 1071-4 Cinnamon Ice,#dbbba7,0.8144405066318064,0.04601485466418698,53.90225934078421,219,187,167,"[219, 187, 167]",0%,15%,24%,14%,"[0%, 15%, 24%, 14%]",78.30,9.58,14.65,"[78.30, 9.58, 14.65]",https://www.google.com/search?tbm=isch&q=ppg%20PPG%201071-4%20Cinnamon%20Ice%20color%20swatch,,,,,,,,,,,,,,,,,,,,,,,,,,,,,,,,,,,,,,,,,,,,
DB,ppg,PPG 1071-5 Cool Clay,#ba947b,0.6954192683758329,0.05791369917545257,54.89148830788514,186,148,123,"[186, 148, 123]",0%,20%,34%,27%,"[0%, 20%, 34%, 27%]",64.45,12.11,18.98,"[64.45, 12.11, 18.98]",https://www.google.com/search?tbm=isch&q=ppg%20PPG%201071-5%20Cool%20Clay%20color%20swatch,,,,,,,,,,,,,,,,,,,,,,,,,,,,,,,,,,,,,,,,,,,,
DB,ppg,PPG 1071-6 Prairie Fire,#996e5a,0.576893094168954,0.06266302406498113,45.95056740104491,153,110,90,"[153, 110, 90]",0%,28%,41%,40%,"[0%, 28%, 41%, 40%]",50.55,15.66,18.29,"[50.55, 15.66, 18.29]",https://www.google.com/search?tbm=isch&q=ppg%20PPG%201071-6%20Prairie%20Fire%20color%20swatch,,,,,,,,,,,,,,,,,,,,,,,,,,,,,,,,,,,,,,,,,,,,
DB,ppg,PPG 1071-7 Spiced Cinnamon,#805b48,0.5052707047688142,0.05694623658958526,48.1845830361724,128,91,72,"[128, 91, 72]",0%,29%,44%,50%,"[0%, 29%, 44%, 50%]",42.30,13.79,17.31,"[42.30, 13.79, 17.31]",https://www.google.com/search?tbm=isch&q=ppg%20PPG%201071-7%20Spiced%20Cinnamon%20color%20swatch,,,,,,,,,,,,,,,,,,,,,,,,,,,,,,,,,,,,,,,,,,,,
DB,ppg,PPG 1072-1 Almond Roca,#f0e8e0,0.935071269630512,0.01384983359619428,67.66473991693147,240,232,224,"[240, 232, 224]",0%,3%,7%,6%,"[0%, 3%, 7%, 6%]",92.47,1.79,4.93,"[92.47, 1.79, 4.93]",https://www.google.com/search?tbm=isch&q=ppg%20PPG%201072-1%20Almond%20Roca%20color%20swatch,,,,,,,,,,,,,,,,,,,,,,,,,,,,,,,,,,,,,,,,,,,,
DB,ppg,PPG 1072-2 Sandy Beach,#e9dad2,0.8982373339061738,0.019889588566938513,50.16661589989786,233,218,210,"[233, 218, 210]",0%,6%,10%,9%,"[0%, 6%, 10%, 9%]",88.11,4.34,5.91,"[88.11, 4.34, 5.91]",https://www.google.com/search?tbm=isch&q=ppg%20PPG%201072-2%20Sandy%20Beach%20color%20swatch,,,,,,,,,,,,,,,,,,,,,,,,,,,,,,,,,,,,,,,,,,,,
DB,ppg,PPG 1072-3 Wild Rice,#d5bfb4,0.820128647935968,0.029425933460574805,48.362573732871454,213,191,180,"[213, 191, 180]",0%,10%,15%,16%,"[0%, 10%, 15%, 16%]",79.00,6.73,8.57,"[79.00, 6.73, 8.57]",https://www.google.com/search?tbm=isch&q=ppg%20PPG%201072-3%20Wild%20Rice%20color%20swatch,,,,,,,,,,,,,,,,,,,,,,,,,,,,,,,,,,,,,,,,,,,,
DB,ppg,PPG 1072-4 Taupe Tapestry,#c3a79a,0.7494358734459255,0.03778004960137503,46.41464715146242,195,167,154,"[195, 167, 154]",0%,14%,21%,24%,"[0%, 14%, 21%, 24%]",70.74,9.04,10.74,"[70.74, 9.04, 10.74]",https://www.google.com/search?tbm=isch&q=ppg%20PPG%201072-4%20Taupe%20Tapestry%20color%20swatch,,,,,,,,,,,,,,,,,,,,,,,,,,,,,,,,,,,,,,,,,,,,
DB,ppg,PPG 1072-5 Tattered Teddy,#a2806f,0.6277415880265984,0.04909057093818759,47.92580120303728,162,128,111,"[162, 128, 111]",0%,21%,31%,36%,"[0%, 21%, 31%, 36%]",56.56,11.67,14.53,"[56.56, 11.67, 14.53]",https://www.google.com/search?tbm=isch&q=ppg%20PPG%201072-5%20Tattered%20Teddy%20color%20swatch,,,,,,,,,,,,,,,,,,,,,,,,,,,,,,,,,,,,,,,,,,,,
DB,ppg,PPG 1072-6 Suede Leather,#896757,0.5438210979642326,0.05030764537283898,46.36129370634717,137,103,87,"[137, 103, 87]",0%,25%,36%,46%,"[0%, 25%, 36%, 46%]",46.80,12.38,14.63,"[46.80, 12.38, 14.63]",https://www.google.com/search?tbm=isch&q=ppg%20PPG%201072-6%20Suede%20Leather%20color%20swatch,,,,,,,,,,,,,,,,,,,,,,,,,,,,,,,,,,,,,,,,,,,,
DB,ppg,PPG 1072-7 Bird House Brown,#6c483a,0.43827965319334733,0.05458012371405415,42.0761857493776,108,72,58,"[108, 72, 58]",0%,33%,46%,58%,"[0%, 33%, 46%, 58%]",34.48,14.50,14.97,"[34.48, 14.50, 14.97]",https://www.google.com/search?tbm=isch&q=ppg%20PPG%201072-7%20Bird%20House%20Brown%20color%20swatch,,,,,,,,,,,,,,,,,,,,,,,,,,,,,,,,,,,,,,,,,,,,
DB,ppg,PPG 1073-1 Lotus Petal,#f2e9dc,0.9375728907942043,0.019928144387235374,77.30059229291567,242,233,220,"[242, 233, 220]",0%,4%,9%,5%,"[0%, 4%, 9%, 5%]",92.80,1.53,7.49,"[92.80, 1.53, 7.49]",https://www.google.com/search?tbm=isch&q=ppg%20PPG%201073-1%20Lotus%20Petal%20color%20swatch,,,,,,,,,,,,,,,,,,,,,,,,,,,,,,,,,,,,,,,,,,,,
DB,ppg,PPG 1073-2 Malted Milk,#e8d9ce,0.8943890292153311,0.02235535191924482,58.771334484426234,232,217,206,"[232, 217, 206]",0%,6%,11%,9%,"[0%, 6%, 11%, 9%]",87.70,3.98,7.40,"[87.70, 3.98, 7.40]",https://www.google.com/search?tbm=isch&q=ppg%20PPG%201073-2%20Malted%20Milk%20color%20swatch,,,,,,,,,,,,,,,,,,,,,,,,,,,,,,,,,,,,,,,,,,,,
DB,ppg,PPG 1073-3 Pale Taupe,#e3d1c8,0.8729232926735552,0.023642267796737493,48.46417051438323,227,209,200,"[227, 209, 200]",0%,8%,12%,11%,"[0%, 8%, 12%, 11%]",85.15,5.36,6.87,"[85.15, 5.36, 6.87]",https://www.google.com/search?tbm=isch&q=ppg%20PPG%201073-3%20Pale%20Taupe%20color%20swatch,,,,,,,,,,,,,,,,,,,,,,,,,,,,,,,,,,,,,,,,,,,,
DB,ppg,PPG 1073-4 Pueblo,#d0bbb0,0.8067408602931573,0.028555400410088666,49.5383671998469,208,187,176,"[208, 187, 176]",0%,10%,15%,18%,"[0%, 10%, 15%, 18%]",77.45,6.38,8.46,"[77.45, 6.38, 8.46]",https://www.google.com/search?tbm=isch&q=ppg%20PPG%201073-4%20Pueblo%20color%20swatch,,,,,,,,,,,,,,,,,,,,,,,,,,,,,,,,,,,,,,,,,,,,
DB,ppg,PPG 1073-5 Tanglewood,#a58f85,0.6669733613996799,0.030373600572109003,45.95774644924012,165,143,133,"[165, 143, 133]",0%,13%,19%,35%,"[0%, 13%, 19%, 35%]",61.21,7.30,8.55,"[61.21, 7.30, 8.55]",https://www.google.com/search?tbm=isch&q=ppg%20PPG%201073-5%20Tanglewood%20color%20swatch,,,,,,,,,,,,,,,,,,,,,,,,,,,,,,,,,,,,,,,,,,,,
DB,ppg,PPG 1073-6 Derby Brown,#8a7265,0.5713109236428899,0.03612369700254887,50.069525506391415,138,114,101,"[138, 114, 101]",0%,17%,27%,46%,"[0%, 17%, 27%, 46%]",50.11,8.17,10.95,"[50.11, 8.17, 10.95]",https://www.google.com/search?tbm=isch&q=ppg%20PPG%201073-6%20Derby%20Brown%20color%20swatch,,,,,,,,,,,,,,,,,,,,,,,,,,,,,,,,,,,,,,,,,,,,
DB,ppg,PPG 1073-7 Fudge,#63493e,0.430178787733241,0.03995900460636881,43.985590610126906,99,73,62,"[99, 73, 62]",0%,26%,37%,61%,"[0%, 26%, 37%, 61%]",33.66,10.19,11.15,"[33.66, 10.19, 11.15]",https://www.google.com/search?tbm=isch&q=ppg%20PPG%201073-7%20Fudge%20color%20swatch,,,,,,,,,,,,,,,,,,,,,,,,,,,,,,,,,,,,,,,,,,,,
DB,ppg,PPG 1074-1 Pearls And Lace,#eee6db,0.9282214212706221,0.0171383054155478,76.09566572889605,238,230,219,"[238, 230, 219]",0%,3%,8%,7%,"[0%, 3%, 8%, 7%]",91.71,1.42,6.40,"[91.71, 1.42, 6.40]",https://www.google.com/search?tbm=isch&q=ppg%20PPG%201074-1%20Pearls%20And%20Lace%20color%20swatch,,,,,,,,,,,,,,,,,,,,,,,,,,,,,,,,,,,,,,,,,,,,
DB,ppg,PPG 1074-2 Moroccan Moonlight,#eae0d4,0.9113580690881505,0.019532210329683577,72.55798902903564,234,224,212,"[234, 224, 212]",0%,4%,9%,8%,"[0%, 4%, 9%, 8%]",89.74,2.03,7.19,"[89.74, 2.03, 7.19]",https://www.google.com/search?tbm=isch&q=ppg%20PPG%201074-2%20Moroccan%20Moonlight%20color%20swatch,,,,,,,,,,,,,,,,,,,,,,,,,,,,,,,,,,,,,,,,,,,,
DB,ppg,PPG 1074-3 Bermuda Sand,#dacbbf,0.8510878295709385,0.023551715612048902,61.19243716816163,218,203,191,"[218, 203, 191]",0%,7%,12%,15%,"[0%, 7%, 12%, 15%]",82.68,3.92,8.00,"[82.68, 3.92, 8.00]",https://www.google.com/search?tbm=isch&q=ppg%20PPG%201074-3%20Bermuda%20Sand%20color%20swatch,,,,,,,,,,,,,,,,,,,,,,,,,,,,,,,,,,,,,,,,,,,,
DB,ppg,PPG 1074-4 Notorious,#bda998,0.7473902750793928,0.03338287086870019,62.66649864756391,189,169,152,"[189, 169, 152]",0%,11%,20%,26%,"[0%, 11%, 20%, 26%]",70.64,5.45,11.60,"[70.64, 5.45, 11.60]",https://www.google.com/search?tbm=isch&q=ppg%20PPG%201074-4%20Notorious%20color%20swatch,,,,,,,,,,,,,,,,,,,,,,,,,,,,,,,,,,,,,,,,,,,,
DB,ppg,PPG 1074-5 Peppered Pecan,#957d6f,0.6081956415592868,0.03631984005531967,52.02505107894768,149,125,111,"[149, 125, 111]",0%,16%,26%,42%,"[0%, 16%, 26%, 42%]",54.40,7.89,11.30,"[54.40, 7.89, 11.30]",https://www.google.com/search?tbm=isch&q=ppg%20PPG%201074-5%20Peppered%20Pecan%20color%20swatch,,,,,,,,,,,,,,,,,,,,,,,,,,,,,,,,,,,,,,,,,,,,
DB,ppg,PPG 1074-6 Caramelized Walnut,#6e564a,0.47427011063006946,0.03716901964709454,47.9240952472212,110,86,74,"[110, 86, 74]",0%,22%,33%,57%,"[0%, 22%, 33%, 57%]",38.82,8.84,11.00,"[38.82, 8.84, 11.00]",https://www.google.com/search?tbm=isch&q=ppg%20PPG%201074-6%20Caramelized%20Walnut%20color%20swatch,,,,,,,,,,,,,,,,,,,,,,,,,,,,,,,,,,,,,,,,,,,,
DB,ppg,PPG 1074-7 Little Bear,#604b42,0.43210274092268147,0.03218727877426174,44.38763449021235,96,75,66,"[96, 75, 66]",0%,22%,31%,62%,"[0%, 22%, 31%, 62%]",33.93,8.07,8.95,"[33.93, 8.07, 8.95]",https://www.google.com/search?tbm=isch&q=ppg%20PPG%201074-7%20Little%20Bear%20color%20swatch,,,,,,,,,,,,,,,,,,,,,,,,,,,,,,,,,,,,,,,,,,,,
DB,ppg,PPG 1075-1 Linen Ruffle,#efebe3,0.9409712490104543,0.011553736134160246,84.53804187486287,239,235,227,"[239, 235, 227]",0%,2%,5%,6%,"[0%, 2%, 5%, 6%]",93.20,0.37,4.41,"[93.20, 0.37, 4.41]",https://www.google.com/search?tbm=isch&q=ppg%20PPG%201075-1%20Linen%20Ruffle%20color%20swatch,,,,,,,,,,,,,,,,,,,,,,,,,,,,,,,,,,,,,,,,,,,,
DB,ppg,PPG 1075-2 Indian Muslin,#eae3d8,0.9183227730907455,0.01664153543859945,79.32961903865169,234,227,216,"[234, 227, 216]",0%,3%,8%,8%,"[0%, 3%, 8%, 8%]",90.57,1.07,6.29,"[90.57, 1.07, 6.29]",https://www.google.com/search?tbm=isch&q=ppg%20PPG%201075-2%20Indian%20Muslin%20color%20swatch,,,,,,,,,,,,,,,,,,,,,,,,,,,,,,,,,,,,,,,,,,,,
DB,ppg,PPG 1075-3 Casual Elegance,#dfd5c8,0.877475210009303,0.02082683901007691,74.63372440379698,223,213,200,"[223, 213, 200]",0%,4%,10%,13%,"[0%, 4%, 10%, 13%]",85.82,1.93,7.75,"[85.82, 1.93, 7.75]",https://www.google.com/search?tbm=isch&q=ppg%20PPG%201075-3%20Casual%20Elegance%20color%20swatch,,,,,,,,,,,,,,,,,,,,,,,,,,,,,,,,,,,,,,,,,,,,
DB,ppg,PPG 1075-4 Thumper,#bdada4,0.7586524505939845,0.022529961823327456,51.451771236978004,189,173,164,"[189, 173, 164]",0%,8%,13%,26%,"[0%, 8%, 13%, 26%]",71.91,4.82,6.84,"[71.91, 4.82, 6.84]",https://www.google.com/search?tbm=isch&q=ppg%20PPG%201075-4%20Thumper%20color%20swatch,,,,,,,,,,,,,,,,,,,,,,,,,,,,,,,,,,,,,,,,,,,,
DB,ppg,PPG 1075-5 Ranch Mink,#968379,0.6243888849607542,0.02764259230505367,49.5566542687402,150,131,121,"[150, 131, 121]",0%,13%,19%,41%,"[0%, 13%, 19%, 41%]",56.30,6.22,8.23,"[56.30, 6.22, 8.23]",https://www.google.com/search?tbm=isch&q=ppg%20PPG%201075-5%20Ranch%20Mink%20color%20swatch,,,,,,,,,,,,,,,,,,,,,,,,,,,,,,,,,,,,,,,,,,,,
DB,ppg,PPG 1075-6 Poppy Pods,#736157,0.5071463658172628,0.028074301247647364,50.80998928232782,115,97,87,"[115, 97, 87]",0%,16%,24%,55%,"[0%, 16%, 24%, 55%]",42.71,6.22,8.56,"[42.71, 6.22, 8.56]",https://www.google.com/search?tbm=isch&q=ppg%20PPG%201075-6%20Poppy%20Pods%20color%20swatch,,,,,,,,,,,,,,,,,,,,,,,,,,,,,,,,,,,,,,,,,,,,
DB,ppg,PPG 1075-7 Fudge Truffle,#604a3f,0.42908148377015826,0.034952190278172236,47.89288541373651,96,74,63,"[96, 74, 63]",0%,23%,34%,62%,"[0%, 23%, 34%, 62%]",33.59,8.33,10.36,"[33.59, 8.33, 10.36]",https://www.google.com/search?tbm=isch&q=ppg%20PPG%201075-7%20Fudge%20Truffle%20color%20swatch,,,,,,,,,,,,,,,,,,,,,,,,,,,,,,,,,,,,,,,,,,,,
DB,ppg,PPG 1076-1 Fuzzy Unicorn,#eae3db,0.9191236817901495,0.013235282525416317,71.32105679753914,234,227,219,"[234, 227, 219]",0%,3%,6%,8%,"[0%, 3%, 6%, 8%]",90.63,1.44,4.82,"[90.63, 1.44, 4.82]",https://www.google.com/search?tbm=isch&q=ppg%20PPG%201076-1%20Fuzzy%20Unicorn%20color%20swatch,,,,,,,,,,,,,,,,,,,,,,,,,,,,,,,,,,,,,,,,,,,,
DB,ppg,PPG 1076-2 Ash,#e4ded5,0.9028391785098294,0.01383452060860253,78.2395053793528,228,222,213,"[228, 222, 213]",0%,3%,7%,11%,"[0%, 3%, 7%, 11%]",88.76,0.96,5.20,"[88.76, 0.96, 5.20]",https://www.google.com/search?tbm=isch&q=ppg%20PPG%201076-2%20Ash%20color%20swatch,,,,,,,,,,,,,,,,,,,,,,,,,,,,,,,,,,,,,,,,,,,,
DB,ppg,PPG 1076-3 Gotta Have It,#d0c2b4,0.8217539541271831,0.02495980781247028,67.47090083712408,208,194,180,"[208, 194, 180]",0%,7%,13%,18%,"[0%, 7%, 13%, 18%]",79.31,3.35,8.94,"[79.31, 3.35, 8.94]",https://www.google.com/search?tbm=isch&q=ppg%20PPG%201076-3%20Gotta%20Have%20It%20color%20swatch,,,,,,,,,,,,,,,,,,,,,,,,,,,,,,,,,,,,,,,,,,,,
DB,ppg,PPG 1076-4 Cuppa Coffee,#b09f8f,0.712811307809457,0.030287025287395634,65.59626862451393,176,159,143,"[176, 159, 143]",0%,10%,19%,31%,"[0%, 10%, 19%, 31%]",66.66,4.47,10.77,"[66.66, 4.47, 10.77]",https://www.google.com/search?tbm=isch&q=ppg%20PPG%201076-4%20Cuppa%20Coffee%20color%20swatch,,,,,,,,,,,,,,,,,,,,,,,,,,,,,,,,,,,,,,,,,,,,
DB,ppg,PPG 1076-5 Locomotion,#988171,0.6200596406012366,0.03681416468681924,56.788842038524535,152,129,113,"[152, 129, 113]",0%,15%,26%,40%,"[0%, 15%, 26%, 40%]",55.81,7.20,12.16,"[55.81, 7.20, 12.16]",https://www.google.com/search?tbm=isch&q=ppg%20PPG%201076-5%20Locomotion%20color%20swatch,,,,,,,,,,,,,,,,,,,,,,,,,,,,,,,,,,,,,,,,,,,,
DB,ppg,PPG 1076-6 Warrior,#7d685b,0.5338748925969448,0.03347212525648534,53.56011923195928,125,104,91,"[125, 104, 91]",0%,17%,27%,51%,"[0%, 17%, 27%, 51%]",45.80,7.06,10.65,"[45.80, 7.06, 10.65]",https://www.google.com/search?tbm=isch&q=ppg%20PPG%201076-6%20Warrior%20color%20swatch,,,,,,,,,,,,,,,,,,,,,,,,,,,,,,,,,,,,,,,,,,,,
DB,ppg,PPG 1076-7 Ground Coffee,#63554b,0.4603141207600236,0.024391388446733168,57.62048039802107,99,85,75,"[99, 85, 75]",0%,14%,24%,61%,"[0%, 14%, 24%, 61%]",37.33,4.64,8.10,"[37.33, 4.64, 8.10]",https://www.google.com/search?tbm=isch&q=ppg%20PPG%201076-7%20Ground%20Coffee%20color%20swatch,,,,,,,,,,,,,,,,,,,,,,,,,,,,,,,,,,,,,,,,,,,,
DB,ppg,PPG 1077-1 Berkshire Lace,#f0e1cf,0.9169569786123344,0.029168450833630583,72.45719096148389,240,225,207,"[240, 225, 207]",0%,6%,14%,6%,"[0%, 6%, 14%, 6%]",90.39,3.13,10.79,"[90.39, 3.13, 10.79]",https://www.google.com/search?tbm=isch&q=ppg%20PPG%201077-1%20Berkshire%20Lace%20color%20swatch,,,,,,,,,,,,,,,,,,,,,,,,,,,,,,,,,,,,,,,,,,,,
DB,ppg,PPG 1077-2 Sandpiper,#ebdac8,0.8973195792486576,0.030658045435689053,69.01656724386982,235,218,200,"[235, 218, 200]",0%,7%,15%,8%,"[0%, 7%, 15%, 8%]",88.09,3.89,11.13,"[88.09, 3.89, 11.13]",https://www.google.com/search?tbm=isch&q=ppg%20PPG%201077-2%20Sandpiper%20color%20swatch,,,,,,,,,,,,,,,,,,,,,,,,,,,,,,,,,,,,,,,,,,,,
DB,ppg,PPG 1077-3 Persuasion,#c4ae96,0.7633967840522861,0.041857375763391505,69.56821649940287,196,174,150,"[196, 174, 150]",0%,11%,23%,23%,"[0%, 11%, 23%, 23%]",72.54,5.42,15.44,"[72.54, 5.42, 15.44]",https://www.google.com/search?tbm=isch&q=ppg%20PPG%201077-3%20Persuasion%20color%20swatch,,,,,,,,,,,,,,,,,,,,,,,,,,,,,,,,,,,,,,,,,,,,
DB,ppg,PPG 1077-4 Weathered Wood,#b19c86,0.7053106091263852,0.03975600813158035,68.41445343272335,177,156,134,"[177, 156, 134]",0%,12%,24%,31%,"[0%, 12%, 24%, 31%]",65.80,5.41,14.57,"[65.80, 5.41, 14.57]",https://www.google.com/search?tbm=isch&q=ppg%20PPG%201077-4%20Weathered%20Wood%20color%20swatch,,,,,,,,,,,,,,,,,,,,,,,,,,,,,,,,,,,,,,,,,,,,
DB,ppg,PPG 1077-5 Chocolate Moment,#998069,0.6170257869343875,0.04535183175639417,64.44694279844322,153,128,105,"[153, 128, 105]",0%,16%,31%,40%,"[0%, 16%, 31%, 40%]",55.50,7.31,16.31,"[55.50, 7.31, 16.31]",https://www.google.com/search?tbm=isch&q=ppg%20PPG%201077-5%20Chocolate%20Moment%20color%20swatch,,,,,,,,,,,,,,,,,,,,,,,,,,,,,,,,,,,,,,,,,,,,
DB,ppg,PPG 1077-6 Salted Pretzel,#816b56,0.5432851564211535,0.041957494723466625,65.42660084633434,129,107,86,"[129, 107, 86]",0%,17%,33%,49%,"[0%, 17%, 33%, 49%]",46.96,6.59,15.25,"[46.96, 6.59, 15.25]",https://www.google.com/search?tbm=isch&q=ppg%20PPG%201077-6%20Salted%20Pretzel%20color%20swatch,,,,,,,,,,,,,,,,,,,,,,,,,,,,,,,,,,,,,,,,,,,,
DB,ppg,PPG 1077-7 Coffee House,#6c5b4d,0.48384638825371207,0.03109620710189781,61.45535136179012,108,91,77,"[108, 91, 77]",0%,16%,29%,58%,"[0%, 16%, 29%, 58%]",40.06,5.41,10.82,"[40.06, 5.41, 10.82]",https://www.google.com/search?tbm=isch&q=ppg%20PPG%201077-7%20Coffee%20House%20color%20swatch,,,,,,,,,,,,,,,,,,,,,,,,,,,,,,,,,,,,,,,,,,,,
DB,ppg,PPG 1078-1 Cream Puff,#eee9dc,0.9343879289623432,0.018167997027687083,89.32559271691258,238,233,220,"[238, 233, 220]",0%,2%,8%,7%,"[0%, 2%, 8%, 7%]",92.48,0.10,6.98,"[92.48, 0.10, 6.98]",https://www.google.com/search?tbm=isch&q=ppg%20PPG%201078-1%20Cream%20Puff%20color%20swatch,,,,,,,,,,,,,,,,,,,,,,,,,,,,,,,,,,,,,,,,,,,,
DB,ppg,PPG 1078-2 Water Chestnut,#e8e1d5,0.9119796342617534,0.017855626643525448,81.3082574694472,232,225,213,"[232, 225, 213]",0%,3%,8%,9%,"[0%, 3%, 8%, 9%]",89.84,0.95,6.79,"[89.84, 0.95, 6.79]",https://www.google.com/search?tbm=isch&q=ppg%20PPG%201078-2%20Water%20Chestnut%20color%20swatch,,,,,,,,,,,,,,,,,,,,,,,,,,,,,,,,,,,,,,,,,,,,
DB,ppg,PPG 1078-3 Comfort,#e3ceb8,0.8629624140793404,0.037917028455027924,68.5932170754154,227,206,184,"[227, 206, 184]",0%,9%,19%,11%,"[0%, 9%, 19%, 11%]",84.09,5.00,13.80,"[84.09, 5.00, 13.80]",https://www.google.com/search?tbm=isch&q=ppg%20PPG%201078-3%20Comfort%20color%20swatch,,,,,,,,,,,,,,,,,,,,,,,,,,,,,,,,,,,,,,,,,,,,
DB,ppg,PPG 1078-4 Kangaroo,#c4ad92,0.7604340650011537,0.045784087333364816,71.51275694879297,196,173,146,"[196, 173, 146]",0%,12%,26%,23%,"[0%, 12%, 26%, 23%]",72.22,5.51,17.15,"[72.22, 5.51, 17.15]",https://www.google.com/search?tbm=isch&q=ppg%20PPG%201078-4%20Kangaroo%20color%20swatch,,,,,,,,,,,,,,,,,,,,,,,,,,,,,,,,,,,,,,,,,,,,
DB,ppg,PPG 1078-5 Confidence,#a98a6b,0.6544137313390618,0.0576524291319223,66.53051814696562,169,138,107,"[169, 138, 107]",0%,18%,37%,34%,"[0%, 18%, 37%, 34%]",59.83,8.87,21.32,"[59.83, 8.87, 21.32]",https://www.google.com/search?tbm=isch&q=ppg%20PPG%201078-5%20Confidence%20color%20swatch,,,,,,,,,,,,,,,,,,,,,,,,,,,,,,,,,,,,,,,,,,,,
DB,ppg,PPG 1078-6 Cocoa Delight,#8d725a,0.5717853908292754,0.0489223628256017,63.23643951438976,141,114,90,"[141, 114, 90]",0%,19%,36%,45%,"[0%, 19%, 36%, 45%]",50.23,8.32,17.56,"[50.23, 8.32, 17.56]",https://www.google.com/search?tbm=isch&q=ppg%20PPG%201078-6%20Cocoa%20Delight%20color%20swatch,,,,,,,,,,,,,,,,,,,,,,,,,,,,,,,,,,,,,,,,,,,,
DB,ppg,PPG 1078-7 Chocolate Ripple,#76604e,0.5058262632745893,0.039600121589015484,61.02474713211819,118,96,78,"[118, 96, 78]",0%,19%,34%,54%,"[0%, 19%, 34%, 54%]",42.58,7.10,13.85,"[42.58, 7.10, 13.85]",https://www.google.com/search?tbm=isch&q=ppg%20PPG%201078-7%20Chocolate%20Ripple%20color%20swatch,,,,,,,,,,,,,,,,,,,,,,,,,,,,,,,,,,,,,,,,,,,,
DB,ppg,PPG 1079-1 String Of Pearls,#ebe3d8,0.9191242215749692,0.01717910420070205,76.09431465786525,235,227,216,"[235, 227, 216]",0%,3%,8%,8%,"[0%, 3%, 8%, 8%]",90.65,1.43,6.42,"[90.65, 1.43, 6.42]",https://www.google.com/search?tbm=isch&q=ppg%20PPG%201079-1%20String%20Of%20Pearls%20color%20swatch,,,,,,,,,,,,,,,,,,,,,,,,,,,,,,,,,,,,,,,,,,,,
DB,ppg,PPG 1079-2 Stone Harbor,#e8e0d8,0.9108054693269994,0.01393946892631954,67.65866195283786,232,224,216,"[232, 224, 216]",0%,3%,7%,9%,"[0%, 3%, 7%, 9%]",89.65,1.80,4.96,"[89.65, 1.80, 4.96]",https://www.google.com/search?tbm=isch&q=ppg%20PPG%201079-2%20Stone%20Harbor%20color%20swatch,,,,,,,,,,,,,,,,,,,,,,,,,,,,,,,,,,,,,,,,,,,,
DB,ppg,PPG 1079-3 Cocoa Cream,#dbc8b6,0.8436861877316927,0.032589276403300296,65.83697705298698,219,200,182,"[219, 200, 182]",0%,9%,17%,14%,"[0%, 9%, 17%, 14%]",81.84,4.73,11.59,"[81.84, 4.73, 11.59]",https://www.google.com/search?tbm=isch&q=ppg%20PPG%201079-3%20Cocoa%20Cream%20color%20swatch,,,,,,,,,,,,,,,,,,,,,,,,,,,,,,,,,,,,,,,,,,,,
DB,ppg,PPG 1079-4 Transcend,#c3ac98,0.7589339042719134,0.038655346016514575,63.21891987485674,195,172,152,"[195, 172, 152]",0%,12%,22%,24%,"[0%, 12%, 22%, 24%]",71.97,6.26,13.55,"[71.97, 6.26, 13.55]",https://www.google.com/search?tbm=isch&q=ppg%20PPG%201079-4%20Transcend%20color%20swatch,,,,,,,,,,,,,,,,,,,,,,,,,,,,,,,,,,,,,,,,,,,,
DB,ppg,PPG 1079-5 Cocoloco,#aa8f7a,0.6690353389001689,0.044379742377622676,59.801842361353124,170,143,122,"[170, 143, 122]",0%,16%,28%,33%,"[0%, 16%, 28%, 33%]",61.49,8.10,15.21,"[61.49, 8.10, 15.21]",https://www.google.com/search?tbm=isch&q=ppg%20PPG%201079-5%20Cocoloco%20color%20swatch,,,,,,,,,,,,,,,,,,,,,,,,,,,,,,,,,,,,,,,,,,,,
DB,ppg,PPG 1079-6 Caravel Brown,#8c6e54,0.5609882257027496,0.05381096355165617,62.30073014743033,140,110,84,"[140, 110, 84]",0%,21%,40%,45%,"[0%, 21%, 40%, 45%]",48.95,9.52,19.31,"[48.95, 9.52, 19.31]",https://www.google.com/search?tbm=isch&q=ppg%20PPG%201079-6%20Caravel%20Brown%20color%20swatch,,,,,,,,,,,,,,,,,,,,,,,,,,,,,,,,,,,,,,,,,,,,
DB,ppg,PPG 1079-7 Molasses,#74563d,0.47819007873095154,0.05471130511611598,60.76165810125758,116,86,61,"[116, 86, 61]",0%,26%,47%,55%,"[0%, 26%, 47%, 55%]",39.31,10.31,19.64,"[39.31, 10.31, 19.64]",https://www.google.com/search?tbm=isch&q=ppg%20PPG%201079-7%20Molasses%20color%20swatch,,,,,,,,,,,,,,,,,,,,,,,,,,,,,,,,,,,,,,,,,,,,
DB,ppg,PPG 1080-1 Oatmeal Cookie,#eadac6,0.8959806068796821,0.03213304785313151,73.50125188556359,234,218,198,"[234, 218, 198]",0%,7%,15%,8%,"[0%, 7%, 15%, 8%]",87.96,3.30,11.98,"[87.96, 3.30, 11.98]",https://www.google.com/search?tbm=isch&q=ppg%20PPG%201080-1%20Oatmeal%20Cookie%20color%20swatch,,,,,,,,,,,,,,,,,,,,,,,,,,,,,,,,,,,,,,,,,,,,
DB,ppg,PPG 1080-2 Pumpkin Cream,#e6c8a9,0.8503534484849155,0.053666045963381016,67.92228066013905,230,200,169,"[230, 200, 169]",0%,13%,27%,10%,"[0%, 13%, 27%, 10%]",82.60,7.54,19.68,"[82.60, 7.54, 19.68]",https://www.google.com/search?tbm=isch&q=ppg%20PPG%201080-2%20Pumpkin%20Cream%20color%20swatch,,,,,,,,,,,,,,,,,,,,,,,,,,,,,,,,,,,,,,,,,,,,
DB,ppg,PPG 1080-3 Nutmeg Glow,#d8b691,0.7968662282807946,0.06336540040352123,69.08819934690439,216,182,145,"[216, 182, 145]",0%,16%,33%,15%,"[0%, 16%, 33%, 15%]",76.39,8.77,23.71,"[76.39, 8.77, 23.71]",https://www.google.com/search?tbm=isch&q=ppg%20PPG%201080-3%20Nutmeg%20Glow%20color%20swatch,,,,,,,,,,,,,,,,,,,,,,,,,,,,,,,,,,,,,,,,,,,,
DB,ppg,PPG 1080-4 Siesta Dreams,#c9a480,0.7432692847743689,0.06567695585309281,65.74757985044289,201,164,128,"[201, 164, 128]",0%,18%,36%,21%,"[0%, 18%, 36%, 21%]",70.12,10.37,24.14,"[70.12, 10.37, 24.14]",https://www.google.com/search?tbm=isch&q=ppg%20PPG%201080-4%20Siesta%20Dreams%20color%20swatch,,,,,,,,,,,,,,,,,,,,,,,,,,,,,,,,,,,,,,,,,,,,
DB,ppg,PPG 1080-5 Tropical Tan,#ba8f68,0.6815987147352317,0.07469801345169153,63.261217395365634,186,143,104,"[186, 143, 104]",0%,23%,44%,27%,"[0%, 23%, 44%, 27%]",62.89,13.10,27.36,"[62.89, 13.10, 27.36]",https://www.google.com/search?tbm=isch&q=ppg%20PPG%201080-5%20Tropical%20Tan%20color%20swatch,,,,,,,,,,,,,,,,,,,,,,,,,,,,,,,,,,,,,,,,,,,,
DB,ppg,PPG 1080-6 Cinnamon Crunch,#a37d5a,0.6181726532783932,0.06812647448583861,63.67992494725172,163,125,90,"[163, 125, 90]",0%,23%,45%,36%,"[0%, 23%, 45%, 36%]",55.55,11.81,25.06,"[55.55, 11.81, 25.06]",https://www.google.com/search?tbm=isch&q=ppg%20PPG%201080-6%20Cinnamon%20Crunch%20color%20swatch,,,,,,,,,,,,,,,,,,,,,,,,,,,,,,,,,,,,,,,,,,,,
DB,ppg,PPG 1080-7 Slippery Stone,#8d6a4a,0.551737032102808,0.06416181952469666,63.30880231367877,141,106,74,"[141, 106, 74]",0%,25%,48%,45%,"[0%, 25%, 48%, 45%]",47.85,11.33,23.65,"[47.85, 11.33, 23.65]",https://www.google.com/search?tbm=isch&q=ppg%20PPG%201080-7%20Slippery%20Stone%20color%20swatch,,,,,,,,,,,,,,,,,,,,,,,,,,,,,,,,,,,,,,,,,,,,
DB,ppg,PPG 1081-1 Elegant Ivory,#f1e6d6,0.929341279898506,0.024492184994864056,77.44315339739933,241,230,214,"[241, 230, 214]",0%,5%,11%,5%,"[0%, 5%, 11%, 5%]",91.85,1.90,9.24,"[91.85, 1.90, 9.24]",https://www.google.com/search?tbm=isch&q=ppg%20PPG%201081-1%20Elegant%20Ivory%20color%20swatch,,,,,,,,,,,,,,,,,,,,,,,,,,,,,,,,,,,,,,,,,,,,
DB,ppg,PPG 1081-2 Beachy Keen,#e6d0b6,0.8690236862904785,0.04270158888020072,71.84686446238481,230,208,182,"[230, 208, 182]",0%,10%,21%,10%,"[0%, 10%, 21%, 10%]",84.82,4.93,15.91,"[84.82, 4.93, 15.91]",https://www.google.com/search?tbm=isch&q=ppg%20PPG%201081-2%20Beachy%20Keen%20color%20swatch,,,,,,,,,,,,,,,,,,,,,,,,,,,,,,,,,,,,,,,,,,,,
DB,ppg,PPG 1081-3 My Love,#e1c6a8,0.8416905262997181,0.050617121502619586,69.99875659553857,225,198,168,"[225, 198, 168]",0%,12%,25%,12%,"[0%, 12%, 25%, 12%]",81.63,6.50,18.79,"[81.63, 6.50, 18.79]",https://www.google.com/search?tbm=isch&q=ppg%20PPG%201081-3%20My%20Love%20color%20swatch,,,,,,,,,,,,,,,,,,,,,,,,,,,,,,,,,,,,,,,,,,,,
DB,ppg,PPG 1081-4 Cinnamon Frost,#d3b191,0.7822630254470974,0.05879096582606113,65.06426104344115,211,177,145,"[211, 177, 145]",0%,16%,31%,17%,"[0%, 16%, 31%, 17%]",74.65,9.31,21.27,"[74.65, 9.31, 21.27]",https://www.google.com/search?tbm=isch&q=ppg%20PPG%201081-4%20Cinnamon%20Frost%20color%20swatch,,,,,,,,,,,,,,,,,,,,,,,,,,,,,,,,,,,,,,,,,,,,
DB,ppg,PPG 1081-5 Fire Dust,#b98d68,0.676587465865945,0.07398822975070926,61.14058490574439,185,141,104,"[185, 141, 104]",0%,24%,44%,27%,"[0%, 24%, 44%, 27%]",62.28,13.73,26.54,"[62.28, 13.73, 26.54]",https://www.google.com/search?tbm=isch&q=ppg%20PPG%201081-5%20Fire%20Dust%20color%20swatch,,,,,,,,,,,,,,,,,,,,,,,,,,,,,,,,,,,,,,,,,,,,
DB,ppg,PPG 1081-6 Cinnamon Twist,#9f7250,0.5897310007133765,0.07459507288656042,57.75810874349236,159,114,80,"[159, 114, 80]",0%,28%,50%,38%,"[0%, 28%, 50%, 38%]",52.13,15.27,26.20,"[52.13, 15.27, 26.20]",https://www.google.com/search?tbm=isch&q=ppg%20PPG%201081-6%20Cinnamon%20Twist%20color%20swatch,,,,,,,,,,,,,,,,,,,,,,,,,,,,,,,,,,,,,,,,,,,,
DB,ppg,PPG 1081-7 Copper Pot,#936647,0.5500711412129341,0.07336531013694893,55.13079039378732,147,102,71,"[147, 102, 71]",0%,31%,52%,42%,"[0%, 31%, 52%, 42%]",47.49,15.95,25.10,"[47.49, 15.95, 25.10]",https://www.google.com/search?tbm=isch&q=ppg%20PPG%201081-7%20Copper%20Pot%20color%20swatch,,,,,,,,,,,,,,,,,,,,,,,,,,,,,,,,,,,,,,,,,,,,
DB,ppg,PPG 1082-1 Honeysuckle,#eee2d5,0.918803082350371,0.021868794240885447,69.77066798170796,238,226,213,"[238, 226, 213]",0%,5%,11%,7%,"[0%, 5%, 11%, 7%]",90.59,2.63,7.93,"[90.59, 2.63, 7.93]",https://www.google.com/search?tbm=isch&q=ppg%20PPG%201082-1%20Honeysuckle%20color%20swatch,,,,,,,,,,,,,,,,,,,,,,,,,,,,,,,,,,,,,,,,,,,,
DB,ppg,PPG 1082-2 Shoreland,#ead9cb,0.8952824792115973,0.026726489075152078,61.983942766268626,234,217,203,"[234, 217, 203]",0%,7%,13%,8%,"[0%, 7%, 13%, 8%]",87.81,4.36,9.15,"[87.81, 4.36, 9.15]",https://www.google.com/search?tbm=isch&q=ppg%20PPG%201082-2%20Shoreland%20color%20swatch,,,,,,,,,,,,,,,,,,,,,,,,,,,,,,,,,,,,,,,,,,,,
DB,ppg,PPG 1082-3 Ice Cream Cone,#e3d0bf,0.8686317567991635,0.03137918096870537,64.2512404091002,227,208,191,"[227, 208, 191]",0%,8%,16%,11%,"[0%, 8%, 16%, 11%]",84.72,4.80,11.00,"[84.72, 4.80, 11.00]",https://www.google.com/search?tbm=isch&q=ppg%20PPG%201082-3%20Ice%20Cream%20Cone%20color%20swatch,,,,,,,,,,,,,,,,,,,,,,,,,,,,,,,,,,,,,,,,,,,,
DB,ppg,PPG 1082-4 Weathered Sandstone,#dfc0a6,0.8276537859553381,0.05003417968866029,62.037981792232756,223,192,166,"[223, 192, 166]",0%,14%,26%,13%,"[0%, 14%, 26%, 13%]",79.91,8.52,17.46,"[79.91, 8.52, 17.46]",https://www.google.com/search?tbm=isch&q=ppg%20PPG%201082-4%20Weathered%20Sandstone%20color%20swatch,,,,,,,,,,,,,,,,,,,,,,,,,,,,,,,,,,,,,,,,,,,,
DB,ppg,PPG 1082-5 Doeskin,#c89b75,0.7223760985136356,0.07471734033861263,61.3990190691855,200,155,117,"[200, 155, 117]",0%,23%,42%,22%,"[0%, 23%, 42%, 22%]",67.60,13.67,26.74,"[67.60, 13.67, 26.74]",https://www.google.com/search?tbm=isch&q=ppg%20PPG%201082-5%20Doeskin%20color%20swatch,,,,,,,,,,,,,,,,,,,,,,,,,,,,,,,,,,,,,,,,,,,,
DB,ppg,PPG 1082-6 Cowboy Hat,#b27d50,0.6333059969895447,0.0897476487978554,60.466143919967465,178,125,80,"[178, 125, 80]",0%,30%,55%,30%,"[0%, 30%, 55%, 30%]",57.17,17.53,32.99,"[57.17, 17.53, 32.99]",https://www.google.com/search?tbm=isch&q=ppg%20PPG%201082-6%20Cowboy%20Hat%20color%20swatch,,,,,,,,,,,,,,,,,,,,,,,,,,,,,,,,,,,,,,,,,,,,
DB,ppg,PPG 1082-7 Ginger,#97653c,0.5511353245419761,0.08581035155901043,59.01511264682665,151,101,60,"[151, 101, 60]",0%,33%,60%,41%,"[0%, 33%, 60%, 41%]",47.61,17.56,31.54,"[47.61, 17.56, 31.54]",https://www.google.com/search?tbm=isch&q=ppg%20PPG%201082-7%20Ginger%20color%20swatch,,,,,,,,,,,,,,,,,,,,,,,,,,,,,,,,,,,,,,,,,,,,
DB,ppg,PPG 1083-1 Percale,#f0e8dd,0.9342738850216691,0.01711143002540523,76.0965442104781,240,232,221,"[240, 232, 221]",0%,3%,8%,6%,"[0%, 3%, 8%, 6%]",92.41,1.42,6.39,"[92.41, 1.42, 6.39]",https://www.google.com/search?tbm=isch&q=ppg%20PPG%201083-1%20Percale%20color%20swatch,,,,,,,,,,,,,,,,,,,,,,,,,,,,,,,,,,,,,,,,,,,,
DB,ppg,PPG 1083-2 Euro Linen,#f2e8db,0.9353551015403527,0.020508930787406957,74.64767979232852,242,232,219,"[242, 232, 219]",0%,4%,10%,5%,"[0%, 4%, 10%, 5%]",92.53,1.89,7.63,"[92.53, 1.89, 7.63]",https://www.google.com/search?tbm=isch&q=ppg%20PPG%201083-2%20Euro%20Linen%20color%20swatch,,,,,,,,,,,,,,,,,,,,,,,,,,,,,,,,,,,,,,,,,,,,
DB,ppg,PPG 1083-3 Oak Buff,#eed8c2,0.8944803136752542,0.038314241902821754,67.30419876625774,238,216,194,"[238, 216, 194]",0%,9%,18%,7%,"[0%, 9%, 18%, 7%]",87.74,5.31,13.81,"[87.74, 5.31, 13.81]",https://www.google.com/search?tbm=isch&q=ppg%20PPG%201083-3%20Oak%20Buff%20color%20swatch,,,,,,,,,,,,,,,,,,,,,,,,,,,,,,,,,,,,,,,,,,,,
DB,ppg,PPG 1083-4 Malibu Dune,#e7ceb5,0.8657409436547416,0.04382607659868986,67.1921221288942,231,206,181,"[231, 206, 181]",0%,11%,22%,9%,"[0%, 11%, 22%, 9%]",84.40,6.18,15.86,"[84.40, 6.18, 15.86]",https://www.google.com/search?tbm=isch&q=ppg%20PPG%201083-4%20Malibu%20Dune%20color%20swatch,,,,,,,,,,,,,,,,,,,,,,,,,,,,,,,,,,,,,,,,,,,,
DB,ppg,PPG 1083-5 Cheddar Biscuit,#d2ad87,0.7713118009774158,0.06704745002042489,67.31016745135616,210,173,135,"[210, 173, 135]",0%,18%,36%,18%,"[0%, 18%, 36%, 18%]",73.39,10.03,24.91,"[73.39, 10.03, 24.91]",https://www.google.com/search?tbm=isch&q=ppg%20PPG%201083-5%20Cheddar%20Biscuit%20color%20swatch,,,,,,,,,,,,,,,,,,,,,,,,,,,,,,,,,,,,,,,,,,,,
DB,ppg,PPG 1083-6 Caramel Kiss,#b08a61,0.6597049411045862,0.07278456026154337,68.14267902053177,176,138,97,"[176, 138, 97]",0%,22%,45%,31%,"[0%, 22%, 45%, 31%]",60.43,10.98,27.77,"[60.43, 10.98, 27.77]",https://www.google.com/search?tbm=isch&q=ppg%20PPG%201083-6%20Caramel%20Kiss%20color%20swatch,,,,,,,,,,,,,,,,,,,,,,,,,,,,,,,,,,,,,,,,,,,,
DB,ppg,PPG 1083-7 Bourbon,#926b43,0.5582793897444379,0.07467312787079605,65.97973031901381,146,107,67,"[146, 107, 67]",0%,27%,54%,43%,"[0%, 27%, 54%, 43%]",48.61,12.48,28.68,"[48.61, 12.48, 28.68]",https://www.google.com/search?tbm=isch&q=ppg%20PPG%201083-7%20Bourbon%20color%20swatch,,,,,,,,,,,,,,,,,,,,,,,,,,,,,,,,,,,,,,,,,,,,
DB,ppg,PPG 1084-1 Sugar Soap,#efe8dc,0.9332129245447632,0.017757517282151313,81.30885757907265,239,232,220,"[239, 232, 220]",0%,3%,8%,6%,"[0%, 3%, 8%, 6%]",92.31,0.94,6.75,"[92.31, 0.94, 6.75]",https://www.google.com/search?tbm=isch&q=ppg%20PPG%201084-1%20Sugar%20Soap%20color%20swatch,,,,,,,,,,,,,,,,,,,,,,,,,,,,,,,,,,,,,,,,,,,,
DB,ppg,PPG 1084-2 Onion Powder,#ece2d4,0.9169161159505742,0.021734243326151554,76.51390276479464,236,226,212,"[236, 226, 212]",0%,4%,10%,7%,"[0%, 4%, 10%, 7%]",90.40,1.78,8.16,"[90.40, 1.78, 8.16]",https://www.google.com/search?tbm=isch&q=ppg%20PPG%201084-2%20Onion%20Powder%20color%20swatch,,,,,,,,,,,,,,,,,,,,,,,,,,,,,,,,,,,,,,,,,,,,
DB,ppg,PPG 1084-3 Sourdough,#ddcfbc,0.860798598238129,0.03009997381361761,75.64659727899158,221,207,188,"[221, 207, 188]",0%,6%,15%,13%,"[0%, 6%, 15%, 13%]",83.90,2.72,11.33,"[83.90, 2.72, 11.33]",https://www.google.com/search?tbm=isch&q=ppg%20PPG%201084-3%20Sourdough%20color%20swatch,,,,,,,,,,,,,,,,,,,,,,,,,,,,,,,,,,,,,,,,,,,,
DB,ppg,PPG 1084-4 Happy Trails,#cdb69b,0.7888652991211786,0.045408625298610464,71.55079570717197,205,182,155,"[205, 182, 155]",0%,11%,24%,20%,"[0%, 11%, 24%, 20%]",75.52,5.42,16.98,"[75.52, 5.42, 16.98]",https://www.google.com/search?tbm=isch&q=ppg%20PPG%201084-4%20Happy%20Trails%20color%20swatch,,,,,,,,,,,,,,,,,,,,,,,,,,,,,,,,,,,,,,,,,,,,
DB,ppg,PPG 1084-5 Coffee Kiss,#b19576,0.6872839484192818,0.054707025273912475,69.5686131273697,177,149,118,"[177, 149, 118]",0%,16%,33%,31%,"[0%, 16%, 33%, 31%]",63.69,7.43,20.53,"[63.69, 7.43, 20.53]",https://www.google.com/search?tbm=isch&q=ppg%20PPG%201084-5%20Coffee%20Kiss%20color%20swatch,,,,,,,,,,,,,,,,,,,,,,,,,,,,,,,,,,,,,,,,,,,,
DB,ppg,PPG 1084-6 Cocoa Pecan,#967b5d,0.6008045126400018,0.05440774823595024,69.44763297115276,150,123,93,"[150, 123, 93]",0%,18%,38%,41%,"[0%, 18%, 38%, 41%]",53.65,7.57,20.58,"[53.65, 7.57, 20.58]",https://www.google.com/search?tbm=isch&q=ppg%20PPG%201084-6%20Cocoa%20Pecan%20color%20swatch,,,,,,,,,,,,,,,,,,,,,,,,,,,,,,,,,,,,,,,,,,,,
DB,ppg,PPG 1084-7 Maple Syrup,#75583d,0.48364502027047396,0.05546063253990836,63.864515999414095,117,88,61,"[117, 88, 61]",0%,25%,48%,54%,"[0%, 25%, 48%, 54%]",39.98,9.62,20.52,"[39.98, 9.62, 20.52]",https://www.google.com/search?tbm=isch&q=ppg%20PPG%201084-7%20Maple%20Syrup%20color%20swatch,,,,,,,,,,,,,,,,,,,,,,,,,,,,,,,,,,,,,,,,,,,,
DB,ppg,PPG 1085-1 Blank Canvas,#eae4d6,0.9197721841141905,0.019839838280133557,87.48777330103786,234,228,214,"[234, 228, 214]",0%,3%,9%,8%,"[0%, 3%, 9%, 8%]",90.78,0.34,7.63,"[90.78, 0.34, 7.63]",https://www.google.com/search?tbm=isch&q=ppg%20PPG%201085-1%20Blank%20Canvas%20color%20swatch,,,,,,,,,,,,,,,,,,,,,,,,,,,,,,,,,,,,,,,,,,,,
DB,ppg,PPG 1085-2 Bone White,#e4d9c5,0.888766082851099,0.029456158153906214,82.57555767211716,228,217,197,"[228, 217, 197]",0%,5%,14%,11%,"[0%, 5%, 14%, 11%]",87.19,1.46,11.33,"[87.19, 1.46, 11.33]",https://www.google.com/search?tbm=isch&q=ppg%20PPG%201085-2%20Bone%20White%20color%20swatch,,,,,,,,,,,,,,,,,,,,,,,,,,,,,,,,,,,,,,,,,,,,
DB,ppg,PPG 1085-3 Seriously Sand,#dcccb4,0.8520005708542074,0.03701421910520197,78.08241543170033,220,204,180,"[220, 204, 180]",0%,7%,18%,14%,"[0%, 7%, 18%, 14%]",82.90,2.91,14.14,"[82.90, 2.91, 14.14]",https://www.google.com/search?tbm=isch&q=ppg%20PPG%201085-3%20Seriously%20Sand%20color%20swatch,,,,,,,,,,,,,,,,,,,,,,,,,,,,,,,,,,,,,,,,,,,,
DB,ppg,PPG 1085-4 Best Beige,#c6b49c,0.7787794606787485,0.03896514339760372,75.04512668844626,198,180,156,"[198, 180, 156]",0%,9%,21%,22%,"[0%, 9%, 21%, 22%]",74.38,3.81,14.76,"[74.38, 3.81, 14.76]",https://www.google.com/search?tbm=isch&q=ppg%20PPG%201085-4%20Best%20Beige%20color%20swatch,,,,,,,,,,,,,,,,,,,,,,,,,,,,,,,,,,,,,,,,,,,,
DB,ppg,PPG 1085-5 Sauteed Mushroom,#ab9378,0.6777618026405341,0.047689990950755254,70.17953693191419,171,147,120,"[171, 147, 120]",0%,14%,30%,33%,"[0%, 14%, 30%, 33%]",62.61,6.21,17.85,"[62.61, 6.21, 17.85]",https://www.google.com/search?tbm=isch&q=ppg%20PPG%201085-5%20Sauteed%20Mushroom%20color%20swatch,,,,,,,,,,,,,,,,,,,,,,,,,,,,,,,,,,,,,,,,,,,,
DB,ppg,PPG 1085-6 Hat Box Brown,#8f775d,0.5851167870527545,0.048136984503433976,68.90846112178667,143,119,93,"[143, 119, 93]",0%,17%,35%,44%,"[0%, 17%, 35%, 44%]",51.84,6.74,18.02,"[51.84, 6.74, 18.02]",https://www.google.com/search?tbm=isch&q=ppg%20PPG%201085-6%20Hat%20Box%20Brown%20color%20swatch,,,,,,,,,,,,,,,,,,,,,,,,,,,,,,,,,,,,,,,,,,,,
DB,ppg,PPG 1085-7 Fig Branches,#7a634d,0.5164367830703082,0.044354927805962154,65.3147194762966,122,99,77,"[122, 99, 77]",0%,19%,37%,52%,"[0%, 19%, 37%, 52%]",43.84,7.08,16.21,"[43.84, 7.08, 16.21]",https://www.google.com/search?tbm=isch&q=ppg%20PPG%201085-7%20Fig%20Branches%20color%20swatch,,,,,,,,,,,,,,,,,,,,,,,,,,,,,,,,,,,,,,,,,,,,
DB,ppg,PPG 1086-1 Horseradish,#eeeadd,0.9366223061621584,0.017856288105841008,92.64564699287723,238,234,221,"[238, 234, 221]",0%,2%,7%,7%,"[0%, 2%, 7%, 7%]",92.75,-0.25,6.85,"[92.75, -0.25, 6.85]",https://www.google.com/search?tbm=isch&q=ppg%20PPG%201086-1%20Horseradish%20color%20swatch,,,,,,,,,,,,,,,,,,,,,,,,,,,,,,,,,,,,,,,,,,,,
DB,ppg,PPG 1086-2 Brandied Pears,#eae2d1,0.9145266398185465,0.024344636132775453,85.76769623460063,234,226,209,"[234, 226, 209]",0%,3%,11%,8%,"[0%, 3%, 11%, 8%]",90.18,0.70,9.37,"[90.18, 0.70, 9.37]",https://www.google.com/search?tbm=isch&q=ppg%20PPG%201086-2%20Brandied%20Pears%20color%20swatch,,,,,,,,,,,,,,,,,,,,,,,,,,,,,,,,,,,,,,,,,,,,
DB,ppg,PPG 1086-3 Almond Cream,#e1cfb2,0.8617809498611834,0.04372059268210772,79.74937424727926,225,207,178,"[225, 207, 178]",0%,8%,21%,12%,"[0%, 8%, 21%, 12%]",84.06,3.11,16.87,"[84.06, 3.11, 16.87]",https://www.google.com/search?tbm=isch&q=ppg%20PPG%201086-3%20Almond%20Cream%20color%20swatch,,,,,,,,,,,,,,,,,,,,,,,,,,,,,,,,,,,,,,,,,,,,
DB,ppg,PPG 1086-4 Pony Tail,#d2bc9b,0.8054114010077091,0.05113309179812622,77.89475386446065,210,188,155,"[210, 188, 155]",0%,10%,26%,18%,"[0%, 10%, 26%, 18%]",77.51,4.36,19.78,"[77.51, 4.36, 19.78]",https://www.google.com/search?tbm=isch&q=ppg%20PPG%201086-4%20Pony%20Tail%20color%20swatch,,,,,,,,,,,,,,,,,,,,,,,,,,,,,,,,,,,,,,,,,,,,
DB,ppg,PPG 1086-5 Earthy Ocher,#b89e78,0.7129245091241772,0.06037687393164701,76.94642692348191,184,158,120,"[184, 158, 120]",0%,14%,35%,28%,"[0%, 14%, 35%, 28%]",66.76,5.82,23.65,"[66.76, 5.82, 23.65]",https://www.google.com/search?tbm=isch&q=ppg%20PPG%201086-5%20Earthy%20Ocher%20color%20swatch,,,,,,,,,,,,,,,,,,,,,,,,,,,,,,,,,,,,,,,,,,,,
DB,ppg,PPG 1086-6 Coffee With Cream,#a68966,0.6482582893511577,0.06024581044426958,71.69113481101982,166,137,102,"[166, 137, 102]",0%,17%,39%,35%,"[0%, 17%, 39%, 35%]",59.18,7.69,23.16,"[59.18, 7.69, 23.16]",https://www.google.com/search?tbm=isch&q=ppg%20PPG%201086-6%20Coffee%20With%20Cream%20color%20swatch,,,,,,,,,,,,,,,,,,,,,,,,,,,,,,,,,,,,,,,,,,,,
DB,ppg,PPG 1086-7 Cocoa Cupcake,#967859,0.5936972456844334,0.05797280930944177,67.24628453583159,150,120,89,"[150, 120, 89]",0%,20%,41%,41%,"[0%, 20%, 41%, 41%]",52.79,8.84,21.72,"[52.79, 8.84, 21.72]",https://www.google.com/search?tbm=isch&q=ppg%20PPG%201086-7%20Cocoa%20Cupcake%20color%20swatch,,,,,,,,,,,,,,,,,,,,,,,,,,,,,,,,,,,,,,,,,,,,
DB,ppg,PPG 1087-1 Madonna Lily,#eee6db,0.9282214212706221,0.0171383054155478,76.09566572889605,238,230,219,"[238, 230, 219]",0%,3%,8%,7%,"[0%, 3%, 8%, 7%]",91.71,1.42,6.40,"[91.71, 1.42, 6.40]",https://www.google.com/search?tbm=isch&q=ppg%20PPG%201087-1%20Madonna%20Lily%20color%20swatch,,,,,,,,,,,,,,,,,,,,,,,,,,,,,,,,,,,,,,,,,,,,
DB,ppg,PPG 1087-2 Pearl,#efe5d9,0.9265376784136481,0.01945417180968299,72.56197499709106,239,229,217,"[239, 229, 217]",0%,4%,9%,6%,"[0%, 4%, 9%, 6%]",91.50,2.02,7.16,"[91.50, 2.02, 7.16]",https://www.google.com/search?tbm=isch&q=ppg%20PPG%201087-2%20Pearl%20color%20swatch,,,,,,,,,,,,,,,,,,,,,,,,,,,,,,,,,,,,,,,,,,,,
DB,ppg,PPG 1087-3 Antique Parchment,#ead8c1,0.8908217483371391,0.036690992566278696,74.02628220137535,234,216,193,"[234, 216, 193]",0%,8%,18%,8%,"[0%, 8%, 18%, 8%]",87.37,3.71,13.76,"[87.37, 3.71, 13.76]",https://www.google.com/search?tbm=isch&q=ppg%20PPG%201087-3%20Antique%20Parchment%20color%20swatch,,,,,,,,,,,,,,,,,,,,,,,,,,,,,,,,,,,,,,,,,,,,
DB,ppg,PPG 1087-4 Chalkware,#e0ceb7,0.8601296114108551,0.03699106797830955,74.00718601658207,224,206,183,"[224, 206, 183]",0%,8%,18%,12%,"[0%, 8%, 18%, 12%]",83.81,3.76,13.89,"[83.81, 3.76, 13.89]",https://www.google.com/search?tbm=isch&q=ppg%20PPG%201087-4%20Chalkware%20color%20swatch,,,,,,,,,,,,,,,,,,,,,,,,,,,,,,,,,,,,,,,,,,,,
DB,ppg,PPG 1087-5 Cracker Bitz,#d1b088,0.7764741509463359,0.06599245867795811,71.97244884783674,209,176,136,"[209, 176, 136]",0%,16%,35%,18%,"[0%, 16%, 35%, 18%]",74.06,8.19,25.24,"[74.06, 8.19, 25.24]",https://www.google.com/search?tbm=isch&q=ppg%20PPG%201087-5%20Cracker%20Bitz%20color%20swatch,,,,,,,,,,,,,,,,,,,,,,,,,,,,,,,,,,,,,,,,,,,,
DB,ppg,PPG 1087-6 Bread Basket,#ab8659,0.6448646774528253,0.07607541424665441,71.26065100793733,171,134,89,"[171, 134, 89]",0%,22%,48%,33%,"[0%, 22%, 48%, 33%]",58.75,10.36,29.86,"[58.75, 10.36, 29.86]",https://www.google.com/search?tbm=isch&q=ppg%20PPG%201087-6%20Bread%20Basket%20color%20swatch,,,,,,,,,,,,,,,,,,,,,,,,,,,,,,,,,,,,,,,,,,,,
DB,ppg,PPG 1087-7 Chewy Caramel,#977043,0.5742683649328275,0.07876801593016862,69.13322636897249,151,112,67,"[151, 112, 67]",0%,26%,56%,41%,"[0%, 26%, 56%, 41%]",50.50,11.96,31.13,"[50.50, 11.96, 31.13]",https://www.google.com/search?tbm=isch&q=ppg%20PPG%201087-7%20Chewy%20Caramel%20color%20swatch,,,,,,,,,,,,,,,,,,,,,,,,,,,,,,,,,,,,,,,,,,,,
DB,ppg,PPG 1088-1 Angel Food,#f0e8d9,0.933230797299747,0.021805631258956678,83.24229198562875,240,232,217,"[240, 232, 217]",0%,3%,10%,6%,"[0%, 3%, 10%, 6%]",92.33,0.93,8.35,"[92.33, 0.93, 8.35]",https://www.google.com/search?tbm=isch&q=ppg%20PPG%201088-1%20Angel%20Food%20color%20swatch,,,,,,,,,,,,,,,,,,,,,,,,,,,,,,,,,,,,,,,,,,,,
DB,ppg,PPG 1088-2 Ethereal,#eedec7,0.9074339834277697,0.035356138886109584,77.06557651831235,238,222,199,"[238, 222, 199]",0%,7%,16%,7%,"[0%, 7%, 16%, 7%]",89.32,2.94,13.42,"[89.32, 2.94, 13.42]",https://www.google.com/search?tbm=isch&q=ppg%20PPG%201088-2%20Ethereal%20color%20swatch,,,,,,,,,,,,,,,,,,,,,,,,,,,,,,,,,,,,,,,,,,,,
DB,ppg,PPG 1088-3 Sugared Pears,#ebd5b7,0.8834202876068982,0.046832012736746524,75.59459620157963,235,213,183,"[235, 213, 183]",0%,9%,22%,8%,"[0%, 9%, 22%, 8%]",86.53,4.47,17.82,"[86.53, 4.47, 17.82]",https://www.google.com/search?tbm=isch&q=ppg%20PPG%201088-3%20Sugared%20Pears%20color%20swatch,,,,,,,,,,,,,,,,,,,,,,,,,,,,,,,,,,,,,,,,,,,,
DB,ppg,PPG 1088-4 Splash Of Honey,#d8b98c,0.8017727318025639,0.06947316239734959,76.73837535597391,216,185,140,"[216, 185, 140]",0%,14%,35%,15%,"[0%, 14%, 35%, 15%]",77.07,6.81,27.24,"[77.07, 6.81, 27.24]",https://www.google.com/search?tbm=isch&q=ppg%20PPG%201088-4%20Splash%20Of%20Honey%20color%20swatch,,,,,,,,,,,,,,,,,,,,,,,,,,,,,,,,,,,,,,,,,,,,
DB,ppg,PPG 1088-5 Outback,#c9a375,0.7391307456362189,0.07608477392581427,71.5428833702864,201,163,117,"[201, 163, 117]",0%,19%,42%,21%,"[0%, 19%, 42%, 21%]",69.70,9.97,29.48,"[69.70, 9.97, 29.48]",https://www.google.com/search?tbm=isch&q=ppg%20PPG%201088-5%20Outback%20color%20swatch,,,,,,,,,,,,,,,,,,,,,,,,,,,,,,,,,,,,,,,,,,,,
DB,ppg,PPG 1088-6 Cool Copper,#ad8458,0.6428088926513494,0.07825427474121618,67.65630733151386,173,132,88,"[173, 132, 88]",0%,24%,49%,32%,"[0%, 24%, 49%, 32%]",58.44,12.20,30.08,"[58.44, 12.20, 30.08]",https://www.google.com/search?tbm=isch&q=ppg%20PPG%201088-6%20Cool%20Copper%20color%20swatch,,,,,,,,,,,,,,,,,,,,,,,,,,,,,,,,,,,,,,,,,,,,
DB,ppg,PPG 1088-7 Sahara Splendor,#9b7448,0.5877903636333548,0.07766148734550601,68.70088554546851,155,116,72,"[155, 116, 72]",0%,25%,54%,39%,"[0%, 25%, 54%, 39%]",52.07,11.88,30.42,"[52.07, 11.88, 30.42]",https://www.google.com/search?tbm=isch&q=ppg%20PPG%201088-7%20Sahara%20Splendor%20color%20swatch,,,,,,,,,,,,,,,,,,,,,,,,,,,,,,,,,,,,,,,,,,,,
DB,ppg,PPG 1089-1 Pita Bread,#f5e7d2,0.9335594014125909,0.03177682963034937,78.14787679446329,245,231,210,"[245, 231, 210]",0%,6%,14%,4%,"[0%, 6%, 14%, 4%]",92.36,2.40,12.07,"[92.36, 2.40, 12.07]",https://www.google.com/search?tbm=isch&q=ppg%20PPG%201089-1%20Pita%20Bread%20color%20swatch,,,,,,,,,,,,,,,,,,,,,,,,,,,,,,,,,,,,,,,,,,,,
DB,ppg,PPG 1089-2 Magnolia Spray,#f6e6cb,0.9307348376358214,0.03969296980700744,80.87940311594343,246,230,203,"[246, 230, 203]",0%,7%,17%,4%,"[0%, 7%, 17%, 4%]",92.07,2.47,15.29,"[92.07, 2.47, 15.29]",https://www.google.com/search?tbm=isch&q=ppg%20PPG%201089-2%20Magnolia%20Spray%20color%20swatch,,,,,,,,,,,,,,,,,,,,,,,,,,,,,,,,,,,,,,,,,,,,
DB,ppg,PPG 1089-3 Chai Tea Latte,#efd7b3,0.8899176958084948,0.054470947046975735,77.91976537552193,239,215,179,"[239, 215, 179]",0%,10%,25%,6%,"[0%, 10%, 25%, 6%]",87.32,4.60,21.04,"[87.32, 4.60, 21.04]",https://www.google.com/search?tbm=isch&q=ppg%20PPG%201089-3%20Chai%20Tea%20Latte%20color%20swatch,,,,,,,,,,,,,,,,,,,,,,,,,,,,,,,,,,,,,,,,,,,,
DB,ppg,PPG 1089-4 Faint Fawn,#e2c59c,0.83801433007886,0.06348513612419608,76.23391722832514,226,197,156,"[226, 197, 156]",0%,13%,31%,11%,"[0%, 13%, 31%, 11%]",81.27,6.22,24.62,"[81.27, 6.22, 24.62]",https://www.google.com/search?tbm=isch&q=ppg%20PPG%201089-4%20Faint%20Fawn%20color%20swatch,,,,,,,,,,,,,,,,,,,,,,,,,,,,,,,,,,,,,,,,,,,,
DB,ppg,PPG 1089-5 Bleached Maple,#c7a06c,0.7295363662194351,0.08274366283375892,73.9017199103987,199,160,108,"[199, 160, 108]",0%,20%,46%,22%,"[0%, 20%, 46%, 22%]",68.62,9.99,32.81,"[68.62, 9.99, 32.81]",https://www.google.com/search?tbm=isch&q=ppg%20PPG%201089-5%20Bleached%20Maple%20color%20swatch,,,,,,,,,,,,,,,,,,,,,,,,,,,,,,,,,,,,,,,,,,,,
DB,ppg,PPG 1089-6 Honey Haven,#bc9263,0.6887510847471174,0.08088747087767902,68.96195051276612,188,146,99,"[188, 146, 99]",0%,22%,47%,26%,"[0%, 22%, 47%, 26%]",63.80,11.99,31.25,"[63.80, 11.99, 31.25]",https://www.google.com/search?tbm=isch&q=ppg%20PPG%201089-6%20Honey%20Haven%20color%20swatch,,,,,,,,,,,,,,,,,,,,,,,,,,,,,,,,,,,,,,,,,,,,
DB,ppg,PPG 1089-7 Caramelized Pecan,#a17b4d,0.60959081616627,0.07834071819462059,70.7859166298224,161,123,77,"[161, 123, 77]",0%,24%,52%,37%,"[0%, 24%, 52%, 37%]",54.64,11.06,31.00,"[54.64, 11.06, 31.00]",https://www.google.com/search?tbm=isch&q=ppg%20PPG%201089-7%20Caramelized%20Pecan%20color%20swatch,,,,,,,,,,,,,,,,,,,,,,,,,,,,,,,,,,,,,,,,,,,,
DB,ppg,PPG 1090-1 Magnolia Blossom,#f4e7ce,0.9317615382406418,0.035954375618169915,83.75991735167577,244,231,206,"[244, 231, 206]",0%,5%,16%,4%,"[0%, 5%, 16%, 4%]",92.20,1.59,13.90,"[92.20, 1.59, 13.90]",https://www.google.com/search?tbm=isch&q=ppg%20PPG%201090-1%20Magnolia%20Blossom%20color%20swatch,,,,,,,,,,,,,,,,,,,,,,,,,,,,,,,,,,,,,,,,,,,,
DB,ppg,PPG 1090-2 Spice Is Nice,#ebd0a4,0.8694488270937484,0.06514250835509564,79.79001546587494,235,208,164,"[235, 208, 164]",0%,11%,30%,8%,"[0%, 11%, 30%, 8%]",84.97,5.04,25.58,"[84.97, 5.04, 25.58]",https://www.google.com/search?tbm=isch&q=ppg%20PPG%201090-2%20Spice%20Is%20Nice%20color%20swatch,,,,,,,,,,,,,,,,,,,,,,,,,,,,,,,,,,,,,,,,,,,,
DB,ppg,PPG 1090-3 Honey Bunny,#dbb881,0.8005618952757055,0.08217963567692212,78.44720036909496,219,184,129,"[219, 184, 129]",0%,16%,41%,14%,"[0%, 16%, 41%, 14%]",76.95,7.60,32.89,"[76.95, 7.60, 32.89]",https://www.google.com/search?tbm=isch&q=ppg%20PPG%201090-3%20Honey%20Bunny%20color%20swatch,,,,,,,,,,,,,,,,,,,,,,,,,,,,,,,,,,,,,,,,,,,,
DB,ppg,PPG 1090-4 Drops Of Honey,#d4ae76,0.7720443320312519,0.085348808742084,76.62599852711855,212,174,118,"[212, 174, 118]",0%,18%,44%,17%,"[0%, 18%, 44%, 17%]",73.60,8.95,34.18,"[73.60, 8.95, 34.18]",https://www.google.com/search?tbm=isch&q=ppg%20PPG%201090-4%20Drops%20Of%20Honey%20color%20swatch,,,,,,,,,,,,,,,,,,,,,,,,,,,,,,,,,,,,,,,,,,,,
DB,ppg,PPG 1090-5 Good Life,#c49e69,0.7219852425951139,0.0831880311493034,75.05558727825797,196,158,105,"[196, 158, 105]",0%,19%,46%,23%,"[0%, 19%, 46%, 23%]",67.76,9.55,33.24,"[67.76, 9.55, 33.24]",https://www.google.com/search?tbm=isch&q=ppg%20PPG%201090-5%20Good%20Life%20color%20swatch,,,,,,,,,,,,,,,,,,,,,,,,,,,,,,,,,,,,,,,,,,,,
DB,ppg,PPG 1090-6 Allegro,#b28959,0.6584187946521407,0.08159115102487934,70.01661748617357,178,137,89,"[178, 137, 89]",0%,23%,50%,30%,"[0%, 23%, 50%, 30%]",60.29,11.76,31.97,"[60.29, 11.76, 31.97]",https://www.google.com/search?tbm=isch&q=ppg%20PPG%201090-6%20Allegro%20color%20swatch,,,,,,,,,,,,,,,,,,,,,,,,,,,,,,,,,,,,,,,,,,,,
DB,ppg,PPG 1090-7 Sugar Maple,#9c7647,0.592843352844294,0.07950994733769068,71.17245410810813,156,118,71,"[156, 118, 71]",0%,24%,54%,39%,"[0%, 24%, 54%, 39%]",52.69,11.17,31.74,"[52.69, 11.17, 31.74]",https://www.google.com/search?tbm=isch&q=ppg%20PPG%201090-7%20Sugar%20Maple%20color%20swatch,,,,,,,,,,,,,,,,,,,,,,,,,,,,,,,,,,,,,,,,,,,,
DB,ppg,PPG 1091-1 Candlewick,#f2ebd3,0.9392310953353383,0.03257913518535593,93.50100796153595,242,235,211,"[242, 235, 211]",0%,3%,13%,5%,"[0%, 3%, 13%, 5%]",93.13,-0.49,12.59,"[93.13, -0.49, 12.59]",https://www.google.com/search?tbm=isch&q=ppg%20PPG%201091-1%20Candlewick%20color%20swatch,,,,,,,,,,,,,,,,,,,,,,,,,,,,,,,,,,,,,,,,,,,,
DB,ppg,PPG 1091-2 Crescent Moon,#f1e9cf,0.9335043921189506,0.03539759207178153,92.80941111989114,241,233,207,"[241, 233, 207]",0%,3%,14%,5%,"[0%, 3%, 14%, 5%]",92.47,-0.35,13.72,"[92.47, -0.35, 13.72]",https://www.google.com/search?tbm=isch&q=ppg%20PPG%201091-2%20Crescent%20Moon%20color%20swatch,,,,,,,,,,,,,,,,,,,,,,,,,,,,,,,,,,,,,,,,,,,,
DB,ppg,PPG 1091-3 Limitless,#f0ddb8,0.9036671252638611,0.05294535189308355,83.95874431153402,240,221,184,"[240, 221, 184]",0%,8%,23%,6%,"[0%, 8%, 23%, 6%]",88.98,2.57,20.74,"[88.98, 2.57, 20.74]",https://www.google.com/search?tbm=isch&q=ppg%20PPG%201091-3%20Limitless%20color%20swatch,,,,,,,,,,,,,,,,,,,,,,,,,,,,,,,,,,,,,,,,,,,,
DB,ppg,PPG 1091-4 Halo,#e2c392,0.8320578612658787,0.07323058242795882,78.86268858410256,226,195,146,"[226, 195, 146]",0%,14%,35%,11%,"[0%, 14%, 35%, 11%]",80.62,6.32,28.97,"[80.62, 6.32, 28.97]",https://www.google.com/search?tbm=isch&q=ppg%20PPG%201091-4%20Halo%20color%20swatch,,,,,,,,,,,,,,,,,,,,,,,,,,,,,,,,,,,,,,,,,,,,
DB,ppg,PPG 1091-5 More Maple,#d0ab70,0.7611249128047454,0.08790463440583522,78.51460131633576,208,171,112,"[208, 171, 112]",0%,18%,46%,18%,"[0%, 18%, 46%, 18%]",72.37,8.39,35.64,"[72.37, 8.39, 35.64]",https://www.google.com/search?tbm=isch&q=ppg%20PPG%201091-5%20More%20Maple%20color%20swatch,,,,,,,,,,,,,,,,,,,,,,,,,,,,,,,,,,,,,,,,,,,,
DB,ppg,PPG 1091-6 Tan Your Hide,#b5905a,0.6758714323391206,0.08420533438056546,75.97258441796589,181,144,90,"[181, 144, 90]",0%,20%,50%,29%,"[0%, 20%, 50%, 29%]",62.42,9.43,34.13,"[62.42, 9.43, 34.13]",https://www.google.com/search?tbm=isch&q=ppg%20PPG%201091-6%20Tan%20Your%20Hide%20color%20swatch,,,,,,,,,,,,,,,,,,,,,,,,,,,,,,,,,,,,,,,,,,,,
DB,ppg,PPG 1091-7 Look At Me,#a67e4b,0.6208987301348731,0.08416050430657089,71.95038221112293,166,126,75,"[166, 126, 75]",0%,24%,55%,35%,"[0%, 24%, 55%, 35%]",55.96,11.50,33.82,"[55.96, 11.50, 33.82]",https://www.google.com/search?tbm=isch&q=ppg%20PPG%201091-7%20Look%20At%20Me%20color%20swatch,,,,,,,,,,,,,,,,,,,,,,,,,,,,,,,,,,,,,,,,,,,,
DB,ppg,PPG 1092-1 Queen Anne's Lace,#f2eede,0.94791272394236,0.0216407059921109,95.24984621966422,242,238,222,"[242, 238, 222]",0%,2%,8%,5%,"[0%, 2%, 8%, 5%]",94.09,-0.62,8.29,"[94.09, -0.62, 8.29]",https://www.google.com/search?tbm=isch&q=ppg%20PPG%201092-1%20Queen%20Anne's%20Lace%20color%20swatch,,,,,,,,,,,,,,,,,,,,,,,,,,,,,,,,,,,,,,,,,,,,
DB,ppg,PPG 1092-2 Mesa Beige,#f2ebd6,0.9399732307407305,0.028802386271727553,91.62099301707315,242,235,214,"[242, 235, 214]",0%,3%,12%,5%,"[0%, 3%, 12%, 5%]",93.18,-0.14,11.13,"[93.18, -0.14, 11.13]",https://www.google.com/search?tbm=isch&q=ppg%20PPG%201092-2%20Mesa%20Beige%20color%20swatch,,,,,,,,,,,,,,,,,,,,,,,,,,,,,,,,,,,,,,,,,,,,
DB,ppg,PPG 1092-3 Tuscan Bread,#e7d2ad,0.87178455266357,0.05426678510069751,81.73898716343245,231,210,173,"[231, 210, 173]",0%,9%,25%,9%,"[0%, 9%, 25%, 9%]",85.26,3.40,21.22,"[85.26, 3.40, 21.22]",https://www.google.com/search?tbm=isch&q=ppg%20PPG%201092-3%20Tuscan%20Bread%20color%20swatch,,,,,,,,,,,,,,,,,,,,,,,,,,,,,,,,,,,,,,,,,,,,
DB,ppg,PPG 1092-4 Craftsman Gold,#d3b78b,0.7929135974040226,0.06682398889339251,78.77654621177771,211,183,139,"[211, 183, 139]",0%,13%,34%,17%,"[0%, 13%, 34%, 17%]",76.07,5.73,26.35,"[76.07, 5.73, 26.35]",https://www.google.com/search?tbm=isch&q=ppg%20PPG%201092-4%20Craftsman%20Gold%20color%20swatch,,,,,,,,,,,,,,,,,,,,,,,,,,,,,,,,,,,,,,,,,,,,
DB,ppg,PPG 1092-5 Welcome Home,#c09c6a,0.714093237758881,0.07909825615385002,75.06485828332808,192,156,106,"[192, 156, 106]",0%,19%,45%,25%,"[0%, 19%, 45%, 25%]",66.85,8.99,31.47,"[66.85, 8.99, 31.47]",https://www.google.com/search?tbm=isch&q=ppg%20PPG%201092-5%20Welcome%20Home%20color%20swatch,,,,,,,,,,,,,,,,,,,,,,,,,,,,,,,,,,,,,,,,,,,,
DB,ppg,PPG 1092-6 It Works,#af8a5b,0.6575736319296235,0.07776789093305912,72.44611979771281,175,138,91,"[175, 138, 91]",0%,21%,48%,31%,"[0%, 21%, 48%, 31%]",60.24,10.10,30.75,"[60.24, 10.10, 30.75]",https://www.google.com/search?tbm=isch&q=ppg%20PPG%201092-6%20It%20Works%20color%20swatch,,,,,,,,,,,,,,,,,,,,,,,,,,,,,,,,,,,,,,,,,,,,
DB,ppg,PPG 1092-7 Weathered Wicker,#97774d,0.5903996001272916,0.07049315331166764,73.30176308245086,151,119,77,"[151, 119, 77]",0%,21%,49%,41%,"[0%, 21%, 49%, 41%]",52.47,8.85,28.04,"[52.47, 8.85, 28.04]",https://www.google.com/search?tbm=isch&q=ppg%20PPG%201092-7%20Weathered%20Wicker%20color%20swatch,,,,,,,,,,,,,,,,,,,,,,,,,,,,,,,,,,,,,,,,,,,,
DB,ppg,PPG 1093-1 Perfect Solution,#f2edd7,0.9441683162922702,0.029552353034788446,96.37653185129568,242,237,215,"[242, 237, 215]",0%,2%,11%,5%,"[0%, 2%, 11%, 5%]",93.70,-0.98,11.35,"[93.70, -0.98, 11.35]",https://www.google.com/search?tbm=isch&q=ppg%20PPG%201093-1%20Perfect%20Solution%20color%20swatch,,,,,,,,,,,,,,,,,,,,,,,,,,,,,,,,,,,,,,,,,,,,
DB,ppg,PPG 1093-2 Soleil,#f0e5c7,0.9228777516467799,0.04133220739820102,90.23361376175654,240,229,199,"[240, 229, 199]",0%,5%,17%,6%,"[0%, 5%, 17%, 6%]",91.24,0.30,16.12,"[91.24, 0.30, 16.12]",https://www.google.com/search?tbm=isch&q=ppg%20PPG%201093-2%20Soleil%20color%20swatch,,,,,,,,,,,,,,,,,,,,,,,,,,,,,,,,,,,,,,,,,,,,
DB,ppg,PPG 1093-3 Hearth,#e1cca6,0.853110797293851,0.055653374651308186,82.31733376715954,225,204,166,"[225, 204, 166]",0%,9%,26%,12%,"[0%, 9%, 26%, 12%]",83.10,3.34,21.84,"[83.10, 3.34, 21.84]",https://www.google.com/search?tbm=isch&q=ppg%20PPG%201093-3%20Hearth%20color%20swatch,,,,,,,,,,,,,,,,,,,,,,,,,,,,,,,,,,,,,,,,,,,,
DB,ppg,PPG 1093-4 Somber,#cbb489,0.7790720418730693,0.0633499206716308,82.90001833500912,203,180,137,"[203, 180, 137]",0%,11%,33%,20%,"[0%, 11%, 33%, 20%]",74.52,3.86,25.20,"[74.52, 3.86, 25.20]",https://www.google.com/search?tbm=isch&q=ppg%20PPG%201093-4%20Somber%20color%20swatch,,,,,,,,,,,,,,,,,,,,,,,,,,,,,,,,,,,,,,,,,,,,
DB,ppg,PPG 1093-5 Antiquity,#c1a87c,0.7427471608605011,0.06599542775396718,81.43095513182573,193,168,124,"[193, 168, 124]",0%,13%,36%,24%,"[0%, 13%, 36%, 24%]",70.29,4.73,26.33,"[70.29, 4.73, 26.33]",https://www.google.com/search?tbm=isch&q=ppg%20PPG%201093-5%20Antiquity%20color%20swatch,,,,,,,,,,,,,,,,,,,,,,,,,,,,,,,,,,,,,,,,,,,,
DB,ppg,PPG 1093-6 Tangled Twine,#b19466,0.6820203261184553,0.07125983524220249,78.64267689178536,177,148,102,"[177, 148, 102]",0%,16%,42%,31%,"[0%, 16%, 42%, 31%]",63.19,6.55,28.59,"[63.19, 6.55, 28.59]",https://www.google.com/search?tbm=isch&q=ppg%20PPG%201093-6%20Tangled%20Twine%20color%20swatch,,,,,,,,,,,,,,,,,,,,,,,,,,,,,,,,,,,,,,,,,,,,
DB,ppg,PPG 1093-7 Tattle Tan,#a48454,0.6324922310633221,0.0758388555098772,76.83079609539163,164,132,84,"[164, 132, 84]",0%,20%,49%,36%,"[0%, 20%, 49%, 36%]",57.40,8.04,30.70,"[57.40, 8.04, 30.70]",https://www.google.com/search?tbm=isch&q=ppg%20PPG%201093-7%20Tattle%20Tan%20color%20swatch,,,,,,,,,,,,,,,,,,,,,,,,,,,,,,,,,,,,,,,,,,,,
DB,ppg,PPG 1094-1 Irresistible,#e6ddc6,0.8986035519369406,0.03224449113382562,89.12779067896611,230,221,198,"[230, 221, 198]",0%,4%,14%,10%,"[0%, 4%, 14%, 10%]",88.38,0.37,12.51,"[88.38, 0.37, 12.51]",https://www.google.com/search?tbm=isch&q=ppg%20PPG%201094-1%20Irresistible%20color%20swatch,,,,,,,,,,,,,,,,,,,,,,,,,,,,,,,,,,,,,,,,,,,,
DB,ppg,PPG 1094-2 Loofah,#e3d3b5,0.8721394162288664,0.043790577376705726,83.18698956795265,227,211,181,"[227, 211, 181]",0%,7%,20%,11%,"[0%, 7%, 20%, 11%]",85.30,2.22,17.04,"[85.30, 2.22, 17.04]",https://www.google.com/search?tbm=isch&q=ppg%20PPG%201094-2%20Loofah%20color%20swatch,,,,,,,,,,,,,,,,,,,,,,,,,,,,,,,,,,,,,,,,,,,,
DB,ppg,PPG 1094-3 Birch Beige,#d9c3a1,0.8270133195730408,0.051968740481227946,78.63874139188715,217,195,161,"[217, 195, 161]",0%,10%,26%,15%,"[0%, 10%, 26%, 15%]",80.02,4.20,20.15,"[80.02, 4.20, 20.15]",https://www.google.com/search?tbm=isch&q=ppg%20PPG%201094-3%20Birch%20Beige%20color%20swatch,,,,,,,,,,,,,,,,,,,,,,,,,,,,,,,,,,,,,,,,,,,,
DB,ppg,PPG 1094-4 Crepe,#d4bc94,0.8056983735119632,0.06007172233372944,80.3311569486105,212,188,148,"[212, 188, 148]",0%,11%,30%,17%,"[0%, 11%, 30%, 17%]",77.58,4.46,23.62,"[77.58, 4.46, 23.62]",https://www.google.com/search?tbm=isch&q=ppg%20PPG%201094-4%20Crepe%20color%20swatch,,,,,,,,,,,,,,,,,,,,,,,,,,,,,,,,,,,,,,,,,,,,
DB,ppg,PPG 1094-5 Golden Granola,#b8996b,0.7001675237113374,0.07215207495472498,76.98167770144426,184,153,107,"[184, 153, 107]",0%,17%,42%,28%,"[0%, 17%, 42%, 28%]",65.27,7.28,28.73,"[65.27, 7.28, 28.73]",https://www.google.com/search?tbm=isch&q=ppg%20PPG%201094-5%20Golden%20Granola%20color%20swatch,,,,,,,,,,,,,,,,,,,,,,,,,,,,,,,,,,,,,,,,,,,,
DB,ppg,PPG 1094-6 Imagine,#af9468,0.6804049345583293,0.06801030521712154,79.40416295416816,175,148,104,"[175, 148, 104]",0%,15%,41%,31%,"[0%, 15%, 41%, 31%]",63.02,5.87,27.24,"[63.02, 5.87, 27.24]",https://www.google.com/search?tbm=isch&q=ppg%20PPG%201094-6%20Imagine%20color%20swatch,,,,,,,,,,,,,,,,,,,,,,,,,,,,,,,,,,,,,,,,,,,,
DB,ppg,PPG 1094-7 Molasses Cookie,#8b714b,0.5644516076597952,0.06274954137965708,76.39510202236818,139,113,75,"[139, 113, 75]",0%,19%,46%,45%,"[0%, 19%, 46%, 45%]",49.51,6.67,25.12,"[49.51, 6.67, 25.12]",https://www.google.com/search?tbm=isch&q=ppg%20PPG%201094-7%20Molasses%20Cookie%20color%20swatch,,,,,,,,,,,,,,,,,,,,,,,,,,,,,,,,,,,,,,,,,,,,
DB,ppg,PPG 1095-1 Parchment Paper,#f1e8d8,0.9337762261928959,0.023452004098653566,82.10131747327256,241,232,216,"[241, 232, 216]",0%,4%,10%,5%,"[0%, 4%, 10%, 5%]",92.39,1.17,8.97,"[92.39, 1.17, 8.97]",https://www.google.com/search?tbm=isch&q=ppg%20PPG%201095-1%20Parchment%20Paper%20color%20swatch,,,,,,,,,,,,,,,,,,,,,,,,,,,,,,,,,,,,,,,,,,,,
DB,ppg,PPG 1095-2 Glazed Pears,#efe3d2,0.9208104742338726,0.0262376817502055,76.77775577266175,239,227,210,"[239, 227, 210]",0%,5%,12%,6%,"[0%, 5%, 12%, 6%]",90.86,2.15,9.89,"[90.86, 2.15, 9.89]",https://www.google.com/search?tbm=isch&q=ppg%20PPG%201095-2%20Glazed%20Pears%20color%20swatch,,,,,,,,,,,,,,,,,,,,,,,,,,,,,,,,,,,,,,,,,,,,
DB,ppg,PPG 1095-3 Almond Brittle,#e5d3b9,0.874786718748823,0.0401728941546828,77.12801758905664,229,211,185,"[229, 211, 185]",0%,8%,19%,10%,"[0%, 8%, 19%, 10%]",85.54,3.41,15.32,"[85.54, 3.41, 15.32]",https://www.google.com/search?tbm=isch&q=ppg%20PPG%201095-3%20Almond%20Brittle%20color%20swatch,,,,,,,,,,,,,,,,,,,,,,,,,,,,,,,,,,,,,,,,,,,,
DB,ppg,PPG 1095-4 Golden Ecru,#d8c39f,0.8256823132395824,0.05372672835656824,81.08759295852224,216,195,159,"[216, 195, 159]",0%,10%,26%,15%,"[0%, 10%, 26%, 15%]",79.90,3.61,21.02,"[79.90, 3.61, 21.02]",https://www.google.com/search?tbm=isch&q=ppg%20PPG%201095-4%20Golden%20Ecru%20color%20swatch,,,,,,,,,,,,,,,,,,,,,,,,,,,,,,,,,,,,,,,,,,,,
DB,ppg,PPG 1095-5 Applesauce Cake,#c2a377,0.7325822361721824,0.06953867784603615,76.00153823711463,194,163,119,"[194, 163, 119]",0%,16%,39%,24%,"[0%, 16%, 39%, 24%]",69.02,7.26,27.37,"[69.02, 7.26, 27.37]",https://www.google.com/search?tbm=isch&q=ppg%20PPG%201095-5%20Applesauce%20Cake%20color%20swatch,,,,,,,,,,,,,,,,,,,,,,,,,,,,,,,,,,,,,,,,,,,,
DB,ppg,PPG 1095-6 Chicory,#a78658,0.6404581806149279,0.07435314505342329,75.01573608425372,167,134,88,"[167, 134, 88]",0%,20%,47%,35%,"[0%, 20%, 47%, 35%]",58.30,8.57,29.73,"[58.30, 8.57, 29.73]",https://www.google.com/search?tbm=isch&q=ppg%20PPG%201095-6%20Chicory%20color%20swatch,,,,,,,,,,,,,,,,,,,,,,,,,,,,,,,,,,,,,,,,,,,,
DB,ppg,PPG 1095-7 Shaker Peg,#886a3f,0.5441527794129233,0.07077965885590369,75.31127685317506,136,106,63,"[136, 106, 63]",0%,22%,54%,47%,"[0%, 22%, 54%, 47%]",47.12,8.28,28.78,"[47.12, 8.28, 28.78]",https://www.google.com/search?tbm=isch&q=ppg%20PPG%201095-7%20Shaker%20Peg%20color%20swatch,,,,,,,,,,,,,,,,,,,,,,,,,,,,,,,,,,,,,,,,,,,,
DB,ppg,PPG 1096-1 Instant Relief,#ede7d2,0.9270810554259288,0.028624342944107494,93.73402623491245,237,231,210,"[237, 231, 210]",0%,3%,11%,7%,"[0%, 3%, 11%, 7%]",91.70,-0.50,11.04,"[91.70, -0.50, 11.04]",https://www.google.com/search?tbm=isch&q=ppg%20PPG%201096-1%20Instant%20Relief%20color%20swatch,,,,,,,,,,,,,,,,,,,,,,,,,,,,,,,,,,,,,,,,,,,,
DB,ppg,PPG 1096-2 Morocco Sand,#ece3cc,0.9168675747517362,0.03209721517358858,89.12430577223836,236,227,204,"[236, 227, 204]",0%,4%,14%,7%,"[0%, 4%, 14%, 7%]",90.50,0.36,12.44,"[90.50, 0.36, 12.44]",https://www.google.com/search?tbm=isch&q=ppg%20PPG%201096-2%20Morocco%20Sand%20color%20swatch,,,,,,,,,,,,,,,,,,,,,,,,,,,,,,,,,,,,,,,,,,,,
DB,ppg,PPG 1096-3 Cookie Dough,#dccaa8,0.845201701766041,0.04971845041500946,83.30463325646275,220,202,168,"[220, 202, 168]",0%,8%,24%,14%,"[0%, 8%, 24%, 14%]",82.18,2.61,19.46,"[82.18, 2.61, 19.46]",https://www.google.com/search?tbm=isch&q=ppg%20PPG%201096-3%20Cookie%20Dough%20color%20swatch,,,,,,,,,,,,,,,,,,,,,,,,,,,,,,,,,,,,,,,,,,,,
DB,ppg,PPG 1096-4 Real Simple,#ccb896,0.7908517550692602,0.05138295937499151,80.8942845973412,204,184,150,"[204, 184, 150]",0%,10%,26%,20%,"[0%, 10%, 26%, 20%]",75.85,3.51,20.09,"[75.85, 3.51, 20.09]",https://www.google.com/search?tbm=isch&q=ppg%20PPG%201096-4%20Real%20Simple%20color%20swatch,,,,,,,,,,,,,,,,,,,,,,,,,,,,,,,,,,,,,,,,,,,,
DB,ppg,PPG 1096-5 Creamy Caramel,#b3956c,0.6872058697907228,0.06651497961346817,74.9680218381713,179,149,108,"[179, 149, 108]",0%,17%,40%,30%,"[0%, 17%, 40%, 30%]",63.74,7.36,26.10,"[63.74, 7.36, 26.10]",https://www.google.com/search?tbm=isch&q=ppg%20PPG%201096-5%20Creamy%20Caramel%20color%20swatch,,,,,,,,,,,,,,,,,,,,,,,,,,,,,,,,,,,,,,,,,,,,
DB,ppg,PPG 1096-6 Timber Beam,#a0855c,0.6318605501025826,0.06552719220345493,77.55852718910404,160,133,92,"[160, 133, 92]",0%,17%,42%,37%,"[0%, 17%, 42%, 37%]",57.35,6.41,26.17,"[57.35, 6.41, 26.17]",https://www.google.com/search?tbm=isch&q=ppg%20PPG%201096-6%20Timber%20Beam%20color%20swatch,,,,,,,,,,,,,,,,,,,,,,,,,,,,,,,,,,,,,,,,,,,,
DB,ppg,PPG 1096-7 Seasoned Acorn,#7f6640,0.5257611975885388,0.06268259602838909,77.19277636267816,127,102,64,"[127, 102, 64]",0%,20%,50%,50%,"[0%, 20%, 50%, 50%]",45.02,6.51,25.39,"[45.02, 6.51, 25.39]",https://www.google.com/search?tbm=isch&q=ppg%20PPG%201096-7%20Seasoned%20Acorn%20color%20swatch,,,,,,,,,,,,,,,,,,,,,,,,,,,,,,,,,,,,,,,,,,,,
DB,ppg,PPG 1097-1 Colonial White,#e9e5d7,0.9212189946677547,0.019210550017193788,93.63395538054857,233,229,215,"[233, 229, 215]",0%,2%,8%,9%,"[0%, 2%, 8%, 9%]",90.97,-0.38,7.37,"[90.97, -0.38, 7.37]",https://www.google.com/search?tbm=isch&q=ppg%20PPG%201097-1%20Colonial%20White%20color%20swatch,,,,,,,,,,,,,,,,,,,,,,,,,,,,,,,,,,,,,,,,,,,,
DB,ppg,PPG 1097-2 Southern Breeze,#e4dfd1,0.9037631102777947,0.019581263617427437,90.51816643828295,228,223,209,"[228, 223, 209]",0%,2%,8%,11%,"[0%, 2%, 8%, 11%]",88.94,-0.02,7.53,"[88.94, -0.02, 7.53]",https://www.google.com/search?tbm=isch&q=ppg%20PPG%201097-2%20Southern%20Breeze%20color%20swatch,,,,,,,,,,,,,,,,,,,,,,,,,,,,,,,,,,,,,,,,,,,,
DB,ppg,PPG 1097-3 Toasted Almond,#dacfba,0.857782129034614,0.03090702779612814,83.6110597613295,218,207,186,"[218, 207, 186]",0%,5%,15%,15%,"[0%, 5%, 15%, 15%]",83.60,1.37,11.93,"[83.60, 1.37, 11.93]",https://www.google.com/search?tbm=isch&q=ppg%20PPG%201097-3%20Toasted%20Almond%20color%20swatch,,,,,,,,,,,,,,,,,,,,,,,,,,,,,,,,,,,,,,,,,,,,
DB,ppg,PPG 1097-4 Dusty Trail,#c9bba3,0.7973150411664921,0.03650480944888943,81.22242691168901,201,187,163,"[201, 187, 163]",0%,7%,19%,21%,"[0%, 7%, 19%, 21%]",76.58,2.23,14.10,"[76.58, 2.23, 14.10]",https://www.google.com/search?tbm=isch&q=ppg%20PPG%201097-4%20Dusty%20Trail%20color%20swatch,,,,,,,,,,,,,,,,,,,,,,,,,,,,,,,,,,,,,,,,,,,,
DB,ppg,PPG 1097-5 Stony Creek,#ac9a7e,0.694607435025834,0.044603235715682914,78.7835842760611,172,154,126,"[172, 154, 126]",0%,10%,27%,33%,"[0%, 10%, 27%, 33%]",64.65,3.58,17.32,"[64.65, 3.58, 17.32]",https://www.google.com/search?tbm=isch&q=ppg%20PPG%201097-5%20Stony%20Creek%20color%20swatch,,,,,,,,,,,,,,,,,,,,,,,,,,,,,,,,,,,,,,,,,,,,
DB,ppg,PPG 1097-6 Rain Barrel,#8b795f,0.5857939158406098,0.04379128123227611,76.79934359324812,139,121,95,"[139, 121, 95]",0%,13%,32%,45%,"[0%, 13%, 32%, 45%]",52.00,4.14,17.01,"[52.00, 4.14, 17.01]",https://www.google.com/search?tbm=isch&q=ppg%20PPG%201097-6%20Rain%20Barrel%20color%20swatch,,,,,,,,,,,,,,,,,,,,,,,,,,,,,,,,,,,,,,,,,,,,
DB,ppg,PPG 1097-7 Olive Wood,#756244,0.5069104994579088,0.05032891518759121,78.634996437084,117,98,68,"[117, 98, 68]",0%,16%,42%,54%,"[0%, 16%, 42%, 54%]",42.86,4.56,20.10,"[42.86, 4.56, 20.10]",https://www.google.com/search?tbm=isch&q=ppg%20PPG%201097-7%20Olive%20Wood%20color%20swatch,,,,,,,,,,,,,,,,,,,,,,,,,,,,,,,,,,,,,,,,,,,,
DB,ppg,PPG 1098-1 Milk Paint,#efe9d9,0.9344018004548693,0.02226053493484314,89.76583716394174,239,233,217,"[239, 233, 217]",0%,3%,9%,6%,"[0%, 3%, 9%, 6%]",92.50,0.10,8.58,"[92.50, 0.10, 8.58]",https://www.google.com/search?tbm=isch&q=ppg%20PPG%201098-1%20Milk%20Paint%20color%20swatch,,,,,,,,,,,,,,,,,,,,,,,,,,,,,,,,,,,,,,,,,,,,
DB,ppg,PPG 1098-2 Heavy Cream,#e8ddc6,0.9002416586257239,0.03298015252454911,85.46307071199851,232,221,198,"[232, 221, 198]",0%,5%,15%,9%,"[0%, 5%, 15%, 9%]",88.55,1.11,12.77,"[88.55, 1.11, 12.77]",https://www.google.com/search?tbm=isch&q=ppg%20PPG%201098-2%20Heavy%20Cream%20color%20swatch,,,,,,,,,,,,,,,,,,,,,,,,,,,,,,,,,,,,,,,,,,,,
DB,ppg,PPG 1098-3 Sand Fossil,#decfb3,0.8594502157326028,0.04110394526029729,83.1005124016367,222,207,179,"[222, 207, 179]",0%,7%,19%,13%,"[0%, 7%, 19%, 13%]",83.82,2.08,15.96,"[83.82, 2.08, 15.96]",https://www.google.com/search?tbm=isch&q=ppg%20PPG%201098-3%20Sand%20Fossil%20color%20swatch,,,,,,,,,,,,,,,,,,,,,,,,,,,,,,,,,,,,,,,,,,,,
DB,ppg,PPG 1098-4 Spiced Vinegar,#cdba99,0.7964620159806933,0.04964322736165939,81.41161189719662,205,186,153,"[205, 186, 153]",0%,9%,25%,20%,"[0%, 9%, 25%, 20%]",76.51,3.21,19.40,"[76.51, 3.21, 19.40]",https://www.google.com/search?tbm=isch&q=ppg%20PPG%201098-4%20Spiced%20Vinegar%20color%20swatch,,,,,,,,,,,,,,,,,,,,,,,,,,,,,,,,,,,,,,,,,,,,
DB,ppg,PPG 1098-5 Jute,#ad9773,0.6868775222571026,0.05622422526632532,79.80030343912057,173,151,115,"[173, 151, 115]",0%,13%,34%,32%,"[0%, 13%, 34%, 32%]",63.77,4.46,22.20,"[63.77, 4.46, 22.20]",https://www.google.com/search?tbm=isch&q=ppg%20PPG%201098-5%20Jute%20color%20swatch,,,,,,,,,,,,,,,,,,,,,,,,,,,,,,,,,,,,,,,,,,,,
DB,ppg,PPG 1098-6 Tweed,#937b56,0.5962720212822109,0.05991312445983897,78.011132994288,147,123,86,"[147, 123, 86]",0%,16%,41%,42%,"[0%, 16%, 41%, 42%]",53.23,5.66,23.90,"[53.23, 5.66, 23.90]",https://www.google.com/search?tbm=isch&q=ppg%20PPG%201098-6%20Tweed%20color%20swatch,,,,,,,,,,,,,,,,,,,,,,,,,,,,,,,,,,,,,,,,,,,,
DB,ppg,PPG 1098-7 Muddy River,#715d3d,0.4900645647413966,0.05350013519200594,78.75457403622306,113,93,61,"[113, 93, 61]",0%,18%,46%,56%,"[0%, 18%, 46%, 56%]",40.90,4.94,21.57,"[40.90, 4.94, 21.57]",https://www.google.com/search?tbm=isch&q=ppg%20PPG%201098-7%20Muddy%20River%20color%20swatch,,,,,,,,,,,,,,,,,,,,,,,,,,,,,,,,,,,,,,,,,,,,
DB,ppg,PPG 1099-1 Always Almond,#ebe5d2,0.9215220906410881,0.026123451358504104,92.37578823115206,235,229,210,"[235, 229, 210]",0%,3%,11%,8%,"[0%, 3%, 11%, 8%]",91.04,-0.26,10.07,"[91.04, -0.26, 10.07]",https://www.google.com/search?tbm=isch&q=ppg%20PPG%201099-1%20Always%20Almond%20color%20swatch,,,,,,,,,,,,,,,,,,,,,,,,,,,,,,,,,,,,,,,,,,,,
DB,ppg,PPG 1099-2 Vanilla Love,#e6e0cc,0.9060699642480757,0.02750005242727112,93.09224803896552,230,224,204,"[230, 224, 204]",0%,3%,11%,10%,"[0%, 3%, 11%, 10%]",89.25,-0.38,10.61,"[89.25, -0.38, 10.61]",https://www.google.com/search?tbm=isch&q=ppg%20PPG%201099-2%20Vanilla%20Love%20color%20swatch,,,,,,,,,,,,,,,,,,,,,,,,,,,,,,,,,,,,,,,,,,,,
DB,ppg,PPG 1099-3 Lovely Linen,#dbceac,0.8532750016683178,0.04763868809718353,89.57159658006844,219,206,172,"[219, 206, 172]",0%,6%,21%,14%,"[0%, 6%, 21%, 14%]",83.18,0.68,18.71,"[83.18, 0.68, 18.71]",https://www.google.com/search?tbm=isch&q=ppg%20PPG%201099-3%20Lovely%20Linen%20color%20swatch,,,,,,,,,,,,,,,,,,,,,,,,,,,,,,,,,,,,,,,,,,,,
DB,ppg,PPG 1099-4 Subtle Suede,#d0bd94,0.8041167537060242,0.058916869298397345,85.9968568283021,208,189,148,"[208, 189, 148]",0%,9%,29%,18%,"[0%, 9%, 29%, 18%]",77.47,2.39,23.40,"[77.47, 2.39, 23.40]",https://www.google.com/search?tbm=isch&q=ppg%20PPG%201099-4%20Subtle%20Suede%20color%20swatch,,,,,,,,,,,,,,,,,,,,,,,,,,,,,,,,,,,,,,,,,,,,
DB,ppg,PPG 1099-5 Toasted Sesame,#af9a73,0.695028278503642,0.05903216166509104,82.71049804311195,175,154,115,"[175, 154, 115]",0%,12%,34%,31%,"[0%, 12%, 34%, 31%]",64.76,3.72,23.54,"[64.76, 3.72, 23.54]",https://www.google.com/search?tbm=isch&q=ppg%20PPG%201099-5%20Toasted%20Sesame%20color%20swatch,,,,,,,,,,,,,,,,,,,,,,,,,,,,,,,,,,,,,,,,,,,,
DB,ppg,PPG 1099-6 Iced Cappuccino,#9c8866,0.6361875048272907,0.053582766847579476,80.68003376609954,156,136,102,"[156, 136, 102]",0%,13%,35%,39%,"[0%, 13%, 35%, 39%]",57.90,4.01,21.25,"[57.90, 4.01, 21.25]",https://www.google.com/search?tbm=isch&q=ppg%20PPG%201099-6%20Iced%20Cappuccino%20color%20swatch,,,,,,,,,,,,,,,,,,,,,,,,,,,,,,,,,,,,,,,,,,,,
DB,ppg,PPG 1099-7 Favorite Fudge,#877252,0.5637715467224107,0.05297496704545332,77.84424552156793,135,114,82,"[135, 114, 82]",0%,16%,39%,47%,"[0%, 16%, 39%, 47%]",49.45,4.96,20.99,"[49.45, 4.96, 20.99]",https://www.google.com/search?tbm=isch&q=ppg%20PPG%201099-7%20Favorite%20Fudge%20color%20swatch,,,,,,,,,,,,,,,,,,,,,,,,,,,,,,,,,,,,,,,,,,,,
DB,ppg,PPG 1100-1 Mother Of Pearl,#f2efe1,0.950659572922036,0.01884664058661839,96.82041169945967,242,239,225,"[242, 239, 225]",0%,1%,7%,5%,"[0%, 1%, 7%, 5%]",94.40,-0.73,7.18,"[94.40, -0.73, 7.18]",https://www.google.com/search?tbm=isch&q=ppg%20PPG%201100-1%20Mother%20Of%20Pearl%20color%20swatch,,,,,,,,,,,,,,,,,,,,,,,,,,,,,,,,,,,,,,,,,,,,
DB,ppg,PPG 1100-2 Adobe White,#f2ecd9,0.9426969834002853,0.025985801757721975,92.36926863246958,242,236,217,"[242, 236, 217]",0%,2%,10%,5%,"[0%, 2%, 10%, 5%]",93.49,-0.26,10.02,"[93.49, -0.26, 10.02]",https://www.google.com/search?tbm=isch&q=ppg%20PPG%201100-2%20Adobe%20White%20color%20swatch,,,,,,,,,,,,,,,,,,,,,,,,,,,,,,,,,,,,,,,,,,,,
DB,ppg,PPG 1100-3 Baked Bread,#dacba9,0.8457074769897744,0.04844678260337466,87.00965188710597,218,203,169,"[218, 203, 169]",0%,7%,22%,15%,"[0%, 7%, 22%, 15%]",82.28,1.46,19.03,"[82.28, 1.46, 19.03]",https://www.google.com/search?tbm=isch&q=ppg%20PPG%201100-3%20Baked%20Bread%20color%20swatch,,,,,,,,,,,,,,,,,,,,,,,,,,,,,,,,,,,,,,,,,,,,
DB,ppg,PPG 1100-4 Sailor's Knot,#b8a47a,0.7256863912449436,0.061617498664754335,85.36063451347349,184,164,122,"[184, 164, 122]",0%,11%,34%,28%,"[0%, 11%, 34%, 28%]",68.36,2.92,24.68,"[68.36, 2.92, 24.68]",https://www.google.com/search?tbm=isch&q=ppg%20PPG%201100-4%20Sailor's%20Knot%20color%20swatch,,,,,,,,,,,,,,,,,,,,,,,,,,,,,,,,,,,,,,,,,,,,
DB,ppg,PPG 1100-5 Sweet Sparrow,#a8946b,0.6741717035021223,0.06119587912768873,84.7986321628423,168,148,107,"[168, 148, 107]",0%,12%,36%,34%,"[0%, 12%, 36%, 34%]",62.37,3.20,24.61,"[62.37, 3.20, 24.61]",https://www.google.com/search?tbm=isch&q=ppg%20PPG%201100-5%20Sweet%20Sparrow%20color%20swatch,,,,,,,,,,,,,,,,,,,,,,,,,,,,,,,,,,,,,,,,,,,,
DB,ppg,PPG 1100-6 Twisted Tail,#9a845e,0.6240805228695256,0.05946047328568595,80.89219956789793,154,132,94,"[154, 132, 94]",0%,14%,39%,40%,"[0%, 14%, 39%, 40%]",56.50,4.55,23.82,"[56.50, 4.55, 23.82]",https://www.google.com/search?tbm=isch&q=ppg%20PPG%201100-6%20Twisted%20Tail%20color%20swatch,,,,,,,,,,,,,,,,,,,,,,,,,,,,,,,,,,,,,,,,,,,,
DB,ppg,PPG 1100-7 Paddle Wheel,#88724d,0.5638133699325086,0.059234700101617244,80.0726404642329,136,114,77,"[136, 114, 77]",0%,16%,43%,47%,"[0%, 16%, 43%, 47%]",49.49,4.96,23.89,"[49.49, 4.96, 23.89]",https://www.google.com/search?tbm=isch&q=ppg%20PPG%201100-7%20Paddle%20Wheel%20color%20swatch,,,,,,,,,,,,,,,,,,,,,,,,,,,,,,,,,,,,,,,,,,,,
DB,ppg,PPG 1101-1 China White,#eae6d9,0.9245142763510407,0.01791160122404486,92.64890398081877,234,230,217,"[234, 230, 217]",0%,2%,7%,8%,"[0%, 2%, 7%, 8%]",91.34,-0.25,6.87,"[91.34, -0.25, 6.87]",https://www.google.com/search?tbm=isch&q=ppg%20PPG%201101-1%20China%20White%20color%20swatch,,,,,,,,,,,,,,,,,,,,,,,,,,,,,,,,,,,,,,,,,,,,
DB,ppg,PPG 1101-2 Navajo White,#e5ddc8,0.8982861129049912,0.02941640459656476,89.56026669255613,229,221,200,"[229, 221, 200]",0%,3%,13%,10%,"[0%, 3%, 13%, 10%]",88.34,0.24,11.39,"[88.34, 0.24, 11.39]",https://www.google.com/search?tbm=isch&q=ppg%20PPG%201101-2%20Navajo%20White%20color%20swatch,,,,,,,,,,,,,,,,,,,,,,,,,,,,,,,,,,,,,,,,,,,,
DB,ppg,PPG 1101-3 Stylish,#cec1a5,0.8142907109665475,0.04071603638264965,86.03742625350276,206,193,165,"[206, 193, 165]",0%,6%,20%,19%,"[0%, 6%, 20%, 19%]",78.60,1.38,15.91,"[78.60, 1.38, 15.91]",https://www.google.com/search?tbm=isch&q=ppg%20PPG%201101-3%20Stylish%20color%20swatch,,,,,,,,,,,,,,,,,,,,,,,,,,,,,,,,,,,,,,,,,,,,
DB,ppg,PPG 1101-4 Rock Cliffs,#c0af92,0.7608690702445445,0.04438646946232069,81.02919515467045,192,175,146,"[192, 175, 146]",0%,9%,24%,25%,"[0%, 9%, 24%, 25%]",72.36,2.92,17.28,"[72.36, 2.92, 17.28]",https://www.google.com/search?tbm=isch&q=ppg%20PPG%201101-4%20Rock%20Cliffs%20color%20swatch,,,,,,,,,,,,,,,,,,,,,,,,,,,,,,,,,,,,,,,,,,,,
DB,ppg,PPG 1101-5 Bear Hug,#ac9877,0.68886560509838,0.051639532680932805,80.08719309394888,172,152,119,"[172, 152, 119]",0%,12%,31%,33%,"[0%, 12%, 31%, 33%]",64.00,3.91,20.30,"[64.00, 3.91, 20.30]",https://www.google.com/search?tbm=isch&q=ppg%20PPG%201101-5%20Bear%20Hug%20color%20swatch,,,,,,,,,,,,,,,,,,,,,,,,,,,,,,,,,,,,,,,,,,,,
DB,ppg,PPG 1101-6 Leather Loafers,#867354,0.565333798036133,0.05058950388127056,79.61676448008205,134,115,84,"[134, 115, 84]",0%,14%,37%,47%,"[0%, 14%, 37%, 47%]",49.66,4.17,20.09,"[49.66, 4.17, 20.09]",https://www.google.com/search?tbm=isch&q=ppg%20PPG%201101-6%20Leather%20Loafers%20color%20swatch,,,,,,,,,,,,,,,,,,,,,,,,,,,,,,,,,,,,,,,,,,,,
DB,ppg,PPG 1101-7 Lemur,#695f4f,0.49029301597904246,0.027736619149857727,79.53794863353755,105,95,79,"[105, 95, 79]",0%,10%,25%,59%,"[0%, 10%, 25%, 59%]",40.93,2.05,10.74,"[40.93, 2.05, 10.74]",https://www.google.com/search?tbm=isch&q=ppg%20PPG%201101-7%20Lemur%20color%20swatch,,,,,,,,,,,,,,,,,,,,,,,,,,,,,,,,,,,,,,,,,,,,
DB,ppg,PPG 1102-1 Enduring Ice,#ebe8db,0.9297864848733646,0.017648582797501016,96.06484758366776,235,232,219,"[235, 232, 219]",0%,1%,7%,8%,"[0%, 1%, 7%, 8%]",91.97,-0.61,6.74,"[91.97, -0.61, 6.74]",https://www.google.com/search?tbm=isch&q=ppg%20PPG%201102-1%20Enduring%20Ice%20color%20swatch,,,,,,,,,,,,,,,,,,,,,,,,,,,,,,,,,,,,,,,,,,,,
DB,ppg,PPG 1102-2 Fossil Stone,#e3ddcc,0.897683723852689,0.023738019521103153,90.73509991990034,227,221,204,"[227, 221, 204]",0%,3%,10%,11%,"[0%, 3%, 10%, 11%]",88.25,-0.02,9.16,"[88.25, -0.02, 9.16]",https://www.google.com/search?tbm=isch&q=ppg%20PPG%201102-2%20Fossil%20Stone%20color%20swatch,,,,,,,,,,,,,,,,,,,,,,,,,,,,,,,,,,,,,,,,,,,,
DB,ppg,PPG 1102-3 Dancing Dolphin,#c4baa1,0.7904835190995515,0.036078721007078624,88.78182951591157,196,186,161,"[196, 186, 161]",0%,5%,18%,23%,"[0%, 5%, 18%, 23%]",75.85,0.59,14.08,"[75.85, 0.59, 14.08]",https://www.google.com/search?tbm=isch&q=ppg%20PPG%201102-3%20Dancing%20Dolphin%20color%20swatch,,,,,,,,,,,,,,,,,,,,,,,,,,,,,,,,,,,,,,,,,,,,
DB,ppg,PPG 1102-4 Prairie Dust,#b9ab8f,0.7456896900997616,0.041919357314198505,84.52833740243994,185,171,143,"[185, 171, 143]",0%,8%,23%,27%,"[0%, 8%, 23%, 27%]",70.63,1.87,16.41,"[70.63, 1.87, 16.41]",https://www.google.com/search?tbm=isch&q=ppg%20PPG%201102-4%20Prairie%20Dust%20color%20swatch,,,,,,,,,,,,,,,,,,,,,,,,,,,,,,,,,,,,,,,,,,,,
DB,ppg,PPG 1102-5 Saddle Soap,#9f906e,0.6577914346318681,0.05088593373649232,86.94236003735688,159,144,110,"[159, 144, 110]",0%,9%,31%,38%,"[0%, 9%, 31%, 38%]",60.47,1.83,20.29,"[60.47, 1.83, 20.29]",https://www.google.com/search?tbm=isch&q=ppg%20PPG%201102-5%20Saddle%20Soap%20color%20swatch,,,,,,,,,,,,,,,,,,,,,,,,,,,,,,,,,,,,,,,,,,,,
DB,ppg,PPG 1102-6 Woodbridge,#847451,0.5648801389178308,0.05385811346665572,86.09468454897291,132,116,81,"[132, 116, 81]",0%,12%,39%,48%,"[0%, 12%, 39%, 48%]",49.68,2.47,21.78,"[49.68, 2.47, 21.78]",https://www.google.com/search?tbm=isch&q=ppg%20PPG%201102-6%20Woodbridge%20color%20swatch,,,,,,,,,,,,,,,,,,,,,,,,,,,,,,,,,,,,,,,,,,,,
DB,ppg,PPG 1102-7 Pine Cone,#665c46,0.4781340589630467,0.03586180287854677,86.37132510014851,102,92,70,"[102, 92, 70]",0%,10%,31%,60%,"[0%, 10%, 31%, 60%]",39.58,1.39,14.26,"[39.58, 1.39, 14.26]",https://www.google.com/search?tbm=isch&q=ppg%20PPG%201102-7%20Pine%20Cone%20color%20swatch,,,,,,,,,,,,,,,,,,,,,,,,,,,,,,,,,,,,,,,,,,,,
DB,ppg,PPG 1103-1 Ivory Tower,#f0eada,0.9374240391478168,0.022243620479965816,89.76521536234509,240,234,218,"[240, 234, 218]",0%,3%,9%,6%,"[0%, 3%, 9%, 6%]",92.85,0.10,8.57,"[92.85, 0.10, 8.57]",https://www.google.com/search?tbm=isch&q=ppg%20PPG%201103-1%20Ivory%20Tower%20color%20swatch,,,,,,,,,,,,,,,,,,,,,,,,,,,,,,,,,,,,,,,,,,,,
DB,ppg,PPG 1103-2 Almond Paste,#e5dbc5,0.893561396548761,0.0314155517107961,86.44510062016366,229,219,197,"[229, 219, 197]",0%,4%,14%,10%,"[0%, 4%, 14%, 10%]",87.78,0.86,12.16,"[87.78, 0.86, 12.16]",https://www.google.com/search?tbm=isch&q=ppg%20PPG%201103-2%20Almond%20Paste%20color%20swatch,,,,,,,,,,,,,,,,,,,,,,,,,,,,,,,,,,,,,,,,,,,,
DB,ppg,PPG 1103-3 Soft Suede,#d8cbad,0.8449226786791851,0.042832093037625286,87.35124417297493,216,203,173,"[216, 203, 173]",0%,6%,20%,15%,"[0%, 6%, 20%, 15%]",82.18,1.12,16.76,"[82.18, 1.12, 16.76]",https://www.google.com/search?tbm=isch&q=ppg%20PPG%201103-3%20Soft%20Suede%20color%20swatch,,,,,,,,,,,,,,,,,,,,,,,,,,,,,,,,,,,,,,,,,,,,
DB,ppg,PPG 1103-4 Earthy Cane,#c5b28b,0.7699512773283729,0.057034393728098404,84.97292132183122,197,178,139,"[197, 178, 139]",0%,10%,29%,23%,"[0%, 10%, 29%, 23%]",73.48,2.67,22.63,"[73.48, 2.67, 22.63]",https://www.google.com/search?tbm=isch&q=ppg%20PPG%201103-4%20Earthy%20Cane%20color%20swatch,,,,,,,,,,,,,,,,,,,,,,,,,,,,,,,,,,,,,,,,,,,,
DB,ppg,PPG 1103-5 Rattan,#a58e61,0.6567020044943315,0.06740656322505574,83.62960080401803,165,142,97,"[165, 142, 97]",0%,14%,41%,35%,"[0%, 14%, 41%, 35%]",60.33,4.20,27.35,"[60.33, 4.20, 27.35]",https://www.google.com/search?tbm=isch&q=ppg%20PPG%201103-5%20Rattan%20color%20swatch,,,,,,,,,,,,,,,,,,,,,,,,,,,,,,,,,,,,,,,,,,,,
DB,ppg,PPG 1103-6 Wool Tweed,#917747,0.5829602847224918,0.0730674942128351,81.81918920289661,145,119,71,"[145, 119, 71]",0%,18%,51%,43%,"[0%, 18%, 51%, 43%]",51.73,5.76,30.24,"[51.73, 5.76, 30.24]",https://www.google.com/search?tbm=isch&q=ppg%20PPG%201103-6%20Wool%20Tweed%20color%20swatch,,,,,,,,,,,,,,,,,,,,,,,,,,,,,,,,,,,,,,,,,,,,
DB,ppg,PPG 1103-7 Twig Basket,#77623a,0.5071888919764919,0.06277075210766518,82.5895263839858,119,98,58,"[119, 98, 58]",0%,18%,51%,53%,"[0%, 18%, 51%, 53%]",42.94,4.64,25.98,"[42.94, 4.64, 25.98]",https://www.google.com/search?tbm=isch&q=ppg%20PPG%201103-7%20Twig%20Basket%20color%20swatch,,,,,,,,,,,,,,,,,,,,,,,,,,,,,,,,,,,,,,,,,,,,
DB,ppg,PPG 1104-1 White Rock,#eee9d9,0.9336086844217434,0.02196589060751185,92.4785495390779,238,233,217,"[238, 233, 217]",0%,2%,9%,7%,"[0%, 2%, 9%, 7%]",92.42,-0.26,8.45,"[92.42, -0.26, 8.45]",https://www.google.com/search?tbm=isch&q=ppg%20PPG%201104-1%20White%20Rock%20color%20swatch,,,,,,,,,,,,,,,,,,,,,,,,,,,,,,,,,,,,,,,,,,,,
DB,ppg,PPG 1104-2 Abbey White,#ebe5d0,0.92101853439231,0.028667642467589325,93.73631092205034,235,229,208,"[235, 229, 208]",0%,3%,11%,8%,"[0%, 3%, 11%, 8%]",91.00,-0.50,11.06,"[91.00, -0.50, 11.06]",https://www.google.com/search?tbm=isch&q=ppg%20PPG%201104-2%20Abbey%20White%20color%20swatch,,,,,,,,,,,,,,,,,,,,,,,,,,,,,,,,,,,,,,,,,,,,
DB,ppg,PPG 1104-3 Deserted Beach,#e7dbbf,0.8937540999921474,0.03951155525336942,87.55144660460144,231,219,191,"[231, 219, 191]",0%,5%,17%,9%,"[0%, 5%, 17%, 9%]",87.83,0.92,15.40,"[87.83, 0.92, 15.40]",https://www.google.com/search?tbm=isch&q=ppg%20PPG%201104-3%20Deserted%20Beach%20color%20swatch,,,,,,,,,,,,,,,,,,,,,,,,,,,,,,,,,,,,,,,,,,,,
DB,ppg,PPG 1104-4 Sandy Pail,#d2c098,0.8128157194342047,0.05721578957486393,86.5912114656943,210,192,152,"[210, 192, 152]",0%,9%,28%,18%,"[0%, 9%, 28%, 18%]",78.48,2.07,22.68,"[78.48, 2.07, 22.68]",https://www.google.com/search?tbm=isch&q=ppg%20PPG%201104-4%20Sandy%20Pail%20color%20swatch,,,,,,,,,,,,,,,,,,,,,,,,,,,,,,,,,,,,,,,,,,,,
DB,ppg,PPG 1104-5 Cool Camel,#ae996b,0.6904034711980865,0.06718533516637973,86.10058721119111,174,153,107,"[174, 153, 107]",0%,12%,39%,32%,"[0%, 12%, 39%, 32%]",64.28,3.11,27.22,"[64.28, 3.11, 27.22]",https://www.google.com/search?tbm=isch&q=ppg%20PPG%201104-5%20Cool%20Camel%20color%20swatch,,,,,,,,,,,,,,,,,,,,,,,,,,,,,,,,,,,,,,,,,,,,
DB,ppg,PPG 1104-6 Rustic Ranch,#8d794f,0.5845072912525986,0.06361315703097346,85.06497314433034,141,121,79,"[141, 121, 79]",0%,14%,44%,45%,"[0%, 14%, 44%, 45%]",51.96,3.53,26.03,"[51.96, 3.53, 26.03]",https://www.google.com/search?tbm=isch&q=ppg%20PPG%201104-6%20Rustic%20Ranch%20color%20swatch,,,,,,,,,,,,,,,,,,,,,,,,,,,,,,,,,,,,,,,,,,,,
DB,ppg,PPG 1104-7 Outrigger,#82714d,0.555451527418558,0.05564073709469977,85.36846801643537,130,113,77,"[130, 113, 77]",0%,13%,41%,49%,"[0%, 13%, 41%, 49%]",48.58,2.86,22.58,"[48.58, 2.86, 22.58]",https://www.google.com/search?tbm=isch&q=ppg%20PPG%201104-7%20Outrigger%20color%20swatch,,,,,,,,,,,,,,,,,,,,,,,,,,,,,,,,,,,,,,,,,,,,
DB,ppg,PPG 1105-1 Creamy White,#f0e9d6,0.9344339285109476,0.026336137429819044,90.07632529722565,240,233,214,"[240, 233, 214]",0%,3%,11%,6%,"[0%, 3%, 11%, 6%]",92.52,0.10,10.17,"[92.52, 0.10, 10.17]",https://www.google.com/search?tbm=isch&q=ppg%20PPG%201105-1%20Creamy%20White%20color%20swatch,,,,,,,,,,,,,,,,,,,,,,,,,,,,,,,,,,,,,,,,,,,,
DB,ppg,PPG 1105-2 Fuzzy Sheep,#f0e9d1,0.9331893059032182,0.03262700033855701,93.50331261697863,240,233,209,"[240, 233, 209]",0%,3%,13%,6%,"[0%, 3%, 13%, 6%]",92.43,-0.49,12.61,"[92.43, -0.49, 12.61]",https://www.google.com/search?tbm=isch&q=ppg%20PPG%201105-2%20Fuzzy%20Sheep%20color%20swatch,,,,,,,,,,,,,,,,,,,,,,,,,,,,,,,,,,,,,,,,,,,,
DB,ppg,PPG 1105-3 Caramelized Pears,#e7d5ad,0.8777342367652156,0.05636243115680012,86.61421818859355,231,213,173,"[231, 213, 173]",0%,8%,25%,9%,"[0%, 8%, 25%, 9%]",86.01,1.94,22.24,"[86.01, 1.94, 22.24]",https://www.google.com/search?tbm=isch&q=ppg%20PPG%201105-3%20Caramelized%20Pears%20color%20swatch,,,,,,,,,,,,,,,,,,,,,,,,,,,,,,,,,,,,,,,,,,,,
DB,ppg,PPG 1105-4 Foothills,#e1cfa5,0.858879268562447,0.058966592355858424,87.53077474456177,225,207,165,"[225, 207, 165]",0%,8%,27%,12%,"[0%, 8%, 27%, 12%]",83.84,1.77,23.36,"[83.84, 1.77, 23.36]",https://www.google.com/search?tbm=isch&q=ppg%20PPG%201105-4%20Foothills%20color%20swatch,,,,,,,,,,,,,,,,,,,,,,,,,,,,,,,,,,,,,,,,,,,,
DB,ppg,PPG 1105-5 Appalachian Trail,#cfb989,0.7928630355365534,0.06842338408237468,86.12817760891414,207,185,137,"[207, 185, 137]",0%,11%,34%,19%,"[0%, 11%, 34%, 19%]",76.18,2.96,27.46,"[76.18, 2.96, 27.46]",https://www.google.com/search?tbm=isch&q=ppg%20PPG%201105-5%20Appalachian%20Trail%20color%20swatch,,,,,,,,,,,,,,,,,,,,,,,,,,,,,,,,,,,,,,,,,,,,
DB,ppg,PPG 1105-6 Buffalo Hide,#bb9f6a,0.7152120777708373,0.07772083498816144,82.78208079453748,187,159,106,"[187, 159, 106]",0%,15%,43%,27%,"[0%, 15%, 43%, 27%]",67.12,5.36,31.67,"[67.12, 5.36, 31.67]",https://www.google.com/search?tbm=isch&q=ppg%20PPG%201105-6%20Buffalo%20Hide%20color%20swatch,,,,,,,,,,,,,,,,,,,,,,,,,,,,,,,,,,,,,,,,,,,,
DB,ppg,PPG 1105-7 Graceful Gazelle,#a78a50,0.6474487096331264,0.08415318602849335,83.53543209652213,167,138,80,"[167, 138, 80]",0%,17%,52%,35%,"[0%, 17%, 52%, 35%]",59.26,5.89,35.15,"[59.26, 5.89, 35.15]",https://www.google.com/search?tbm=isch&q=ppg%20PPG%201105-7%20Graceful%20Gazelle%20color%20swatch,,,,,,,,,,,,,,,,,,,,,,,,,,,,,,,,,,,,,,,,,,,,
DB,ppg,PPG 1106-1 Maiden Hair,#f5e9ca,0.9355600547930317,0.04275252237575865,89.34255780118411,245,233,202,"[245, 233, 202]",0%,5%,18%,4%,"[0%, 5%, 18%, 4%]",92.71,0.55,16.68,"[92.71, 0.55, 16.68]",https://www.google.com/search?tbm=isch&q=ppg%20PPG%201106-1%20Maiden%20Hair%20color%20swatch,,,,,,,,,,,,,,,,,,,,,,,,,,,,,,,,,,,,,,,,,,,,
DB,ppg,PPG 1106-2 Upbeat,#f1d9a5,0.8926734291015048,0.07233576040770358,86.02883622469915,241,217,165,"[241, 217, 165]",0%,10%,32%,5%,"[0%, 10%, 32%, 5%]",87.77,3.07,28.90,"[87.77, 3.07, 28.90]",https://www.google.com/search?tbm=isch&q=ppg%20PPG%201106-2%20Upbeat%20color%20swatch,,,,,,,,,,,,,,,,,,,,,,,,,,,,,,,,,,,,,,,,,,,,
DB,ppg,PPG 1106-3 Autumn Glow,#e5c382,0.8319678338044935,0.09148790604081504,82.98283985479537,229,195,130,"[229, 195, 130]",0%,15%,43%,10%,"[0%, 15%, 43%, 10%]",80.69,6.23,37.35,"[80.69, 6.23, 37.35]",https://www.google.com/search?tbm=isch&q=ppg%20PPG%201106-3%20Autumn%20Glow%20color%20swatch,,,,,,,,,,,,,,,,,,,,,,,,,,,,,,,,,,,,,,,,,,,,
DB,ppg,PPG 1106-4 Turner's Yellow,#e6c26f,0.8280355446054113,0.11018386374014215,86.52304870433017,230,194,111,"[230, 194, 111]",0%,16%,52%,10%,"[0%, 16%, 52%, 10%]",80.32,5.84,46.37,"[80.32, 5.84, 46.37]",https://www.google.com/search?tbm=isch&q=ppg%20PPG%201106-4%20Turner's%20Yellow%20color%20swatch,,,,,,,,,,,,,,,,,,,,,,,,,,,,,,,,,,,,,,,,,,,,
DB,ppg,PPG 1106-5 Butterscotch Bliss,#d7ad62,0.7699660916111789,0.10560592394851664,80.64945100234388,215,173,98,"[215, 173, 98]",0%,20%,54%,16%,"[0%, 20%, 54%, 16%]",73.43,9.36,44.20,"[73.43, 9.36, 44.20]",https://www.google.com/search?tbm=isch&q=ppg%20PPG%201106-5%20Butterscotch%20Bliss%20color%20swatch,,,,,,,,,,,,,,,,,,,,,,,,,,,,,,,,,,,,,,,,,,,,
DB,ppg,PPG 1106-6 Amaretto Sours,#c09856,0.7028893113125207,0.09687183307096872,78.6680908958694,192,152,86,"[192, 152, 86]",0%,21%,55%,25%,"[0%, 21%, 55%, 25%]",65.59,9.70,40.32,"[65.59, 9.70, 40.32]",https://www.google.com/search?tbm=isch&q=ppg%20PPG%201106-6%20Amaretto%20Sours%20color%20swatch,,,,,,,,,,,,,,,,,,,,,,,,,,,,,,,,,,,,,,,,,,,,
DB,ppg,PPG 1106-7 Butterscotch Ripple,#b08843,0.6510561825013449,0.09964759676123422,79.10985627655259,176,136,67,"[176, 136, 67]",0%,23%,62%,31%,"[0%, 23%, 62%, 31%]",59.57,10.09,42.41,"[59.57, 10.09, 42.41]",https://www.google.com/search?tbm=isch&q=ppg%20PPG%201106-7%20Butterscotch%20Ripple%20color%20swatch,,,,,,,,,,,,,,,,,,,,,,,,,,,,,,,,,,,,,,,,,,,,
DB,ppg,PPG 1107-1 Minimal,#f3eecd,0.9445311691353667,0.043564944778815666,100.05642782423251,243,238,205,"[243, 238, 205]",0%,2%,16%,5%,"[0%, 2%, 16%, 5%]",93.86,-2.23,16.70,"[93.86, -2.23, 16.70]",https://www.google.com/search?tbm=isch&q=ppg%20PPG%201107-1%20Minimal%20color%20swatch,,,,,,,,,,,,,,,,,,,,,,,,,,,,,,,,,,,,,,,,,,,,
DB,ppg,PPG 1107-2 Joyful,#f6eec0,0.9440256084871403,0.06021679303488881,99.20685948989387,246,238,192,"[246, 238, 192]",0%,3%,22%,4%,"[0%, 3%, 22%, 4%]",93.88,-2.51,23.41,"[93.88, -2.51, 23.41]",https://www.google.com/search?tbm=isch&q=ppg%20PPG%201107-2%20Joyful%20color%20swatch,,,,,,,,,,,,,,,,,,,,,,,,,,,,,,,,,,,,,,,,,,,,
DB,ppg,PPG 1107-3 Turning Oakleaf,#ede1a8,0.9057513700284462,0.07466490686379254,97.61789821502362,237,225,168,"[237, 225, 168]",0%,5%,29%,7%,"[0%, 5%, 29%, 7%]",89.48,-2.05,29.56,"[89.48, -2.05, 29.56]",https://www.google.com/search?tbm=isch&q=ppg%20PPG%201107-3%20Turning%20Oakleaf%20color%20swatch,,,,,,,,,,,,,,,,,,,,,,,,,,,,,,,,,,,,,,,,,,,,
DB,ppg,PPG 1107-4 Demeter,#ecda9e,0.8889687687251036,0.07962726286025427,93.36488693867182,236,218,158,"[236, 218, 158]",0%,8%,33%,7%,"[0%, 8%, 33%, 7%]",87.48,0.03,31.99,"[87.48, 0.03, 31.99]",https://www.google.com/search?tbm=isch&q=ppg%20PPG%201107-4%20Demeter%20color%20swatch,,,,,,,,,,,,,,,,,,,,,,,,,,,,,,,,,,,,,,,,,,,,
DB,ppg,PPG 1107-5 Tropical Siesta,#ddc073,0.8161190429201247,0.10205997226808039,89.43228721489123,221,192,115,"[221, 192, 115]",0%,13%,48%,13%,"[0%, 13%, 48%, 13%]",78.99,3.41,42.58,"[78.99, 3.41, 42.58]",https://www.google.com/search?tbm=isch&q=ppg%20PPG%201107-5%20Tropical%20Siesta%20color%20swatch,,,,,,,,,,,,,,,,,,,,,,,,,,,,,,,,,,,,,,,,,,,,
DB,ppg,PPG 1107-6 Glorious Gold,#cba956,0.7483881333033153,0.10960840396741234,87.30286644614887,203,169,86,"[203, 169, 86]",0%,17%,58%,20%,"[0%, 17%, 58%, 20%]",71.07,5.66,46.96,"[71.07, 5.66, 46.96]",https://www.google.com/search?tbm=isch&q=ppg%20PPG%201107-6%20Glorious%20Gold%20color%20swatch,,,,,,,,,,,,,,,,,,,,,,,,,,,,,,,,,,,,,,,,,,,,
DB,ppg,PPG 1107-7 Golden Field,#c39e44,0.7159397080741762,0.11614470017323901,86.57859908225959,195,158,68,"[195, 158, 68]",0%,19%,65%,24%,"[0%, 19%, 65%, 24%]",67.28,6.95,50.92,"[67.28, 6.95, 50.92]",https://www.google.com/search?tbm=isch&q=ppg%20PPG%201107-7%20Golden%20Field%20color%20swatch,,,,,,,,,,,,,,,,,,,,,,,,,,,,,,,,,,,,,,,,,,,,
DB,ppg,PPG 1108-1 Oyster Cracker,#f4f0d2,0.9504680562664404,0.03957404393334328,100.84689989771914,244,240,210,"[244, 240, 210]",0%,2%,14%,4%,"[0%, 2%, 14%, 4%]",94.53,-2.26,15.09,"[94.53, -2.26, 15.09]",https://www.google.com/search?tbm=isch&q=ppg%20PPG%201108-1%20Oyster%20Cracker%20color%20swatch,,,,,,,,,,,,,,,,,,,,,,,,,,,,,,,,,,,,,,,,,,,,
DB,ppg,PPG 1108-2 Silk Star,#f5eec6,0.9445318449423442,0.05263538131915286,99.06934278526512,245,238,198,"[245, 238, 198]",0%,3%,19%,4%,"[0%, 3%, 19%, 4%]",93.90,-2.26,20.36,"[93.90, -2.26, 20.36]",https://www.google.com/search?tbm=isch&q=ppg%20PPG%201108-2%20Silk%20Star%20color%20swatch,,,,,,,,,,,,,,,,,,,,,,,,,,,,,,,,,,,,,,,,,,,,
DB,ppg,PPG 1108-3 Butter Cookie,#f0e4b2,0.9162572874483339,0.06611744264246716,96.14868695689097,240,228,178,"[240, 228, 178]",0%,5%,26%,6%,"[0%, 5%, 26%, 6%]",90.65,-1.39,26.07,"[90.65, -1.39, 26.07]",https://www.google.com/search?tbm=isch&q=ppg%20PPG%201108-3%20Butter%20Cookie%20color%20swatch,,,,,,,,,,,,,,,,,,,,,,,,,,,,,,,,,,,,,,,,,,,,
DB,ppg,PPG 1108-4 Wayward Wind,#e5d295,0.8651996163391988,0.08135289912208254,92.81642164273336,229,210,149,"[229, 210, 149]",0%,8%,35%,10%,"[0%, 8%, 35%, 10%]",84.72,0.40,32.83,"[84.72, 0.40, 32.83]",https://www.google.com/search?tbm=isch&q=ppg%20PPG%201108-4%20Wayward%20Wind%20color%20swatch,,,,,,,,,,,,,,,,,,,,,,,,,,,,,,,,,,,,,,,,,,,,
DB,ppg,PPG 1108-5 Spicy Mustard,#d1b871,0.7884387450129261,0.09492712330424884,90.68956099459012,209,184,113,"[209, 184, 113]",0%,12%,46%,18%,"[0%, 12%, 46%, 18%]",75.79,2.33,39.38,"[75.79, 2.33, 39.38]",https://www.google.com/search?tbm=isch&q=ppg%20PPG%201108-5%20Spicy%20Mustard%20color%20swatch,,,,,,,,,,,,,,,,,,,,,,,,,,,,,,,,,,,,,,,,,,,,
DB,ppg,PPG 1108-6 Shutter Bug,#bba262,0.7200687348350377,0.08817759725604367,88.8002179340757,187,162,98,"[187, 162, 98]",0%,13%,48%,27%,"[0%, 13%, 48%, 27%]",67.80,3.22,36.68,"[67.80, 3.22, 36.68]",https://www.google.com/search?tbm=isch&q=ppg%20PPG%201108-6%20Shutter%20Bug%20color%20swatch,,,,,,,,,,,,,,,,,,,,,,,,,,,,,,,,,,,,,,,,,,,,
DB,ppg,PPG 1108-7 Obsession,#ae9550,0.6775716587734191,0.09354248178523196,89.88781046729997,174,149,80,"[174, 149, 80]",0%,14%,54%,32%,"[0%, 14%, 54%, 32%]",62.89,3.17,39.63,"[62.89, 3.17, 39.63]",https://www.google.com/search?tbm=isch&q=ppg%20PPG%201108-7%20Obsession%20color%20swatch,,,,,,,,,,,,,,,,,,,,,,,,,,,,,,,,,,,,,,,,,,,,
DB,ppg,PPG 1109-1 Slices Of Happy,#ede5bc,0.9179234362627723,0.05434582638764525,98.1592770186445,237,229,188,"[237, 229, 188]",0%,3%,21%,7%,"[0%, 3%, 21%, 7%]",90.81,-1.98,21.13,"[90.81, -1.98, 21.13]",https://www.google.com/search?tbm=isch&q=ppg%20PPG%201109-1%20Slices%20Of%20Happy%20color%20swatch,,,,,,,,,,,,,,,,,,,,,,,,,,,,,,,,,,,,,,,,,,,,
DB,ppg,PPG 1109-2 Star Bright,#e8ddae,0.89477518107131,0.06256740215864799,96.41539196751802,232,221,174,"[232, 221, 174]",0%,5%,25%,9%,"[0%, 5%, 25%, 9%]",88.14,-1.45,24.61,"[88.14, -1.45, 24.61]",https://www.google.com/search?tbm=isch&q=ppg%20PPG%201109-2%20Star%20Bright%20color%20swatch,,,,,,,,,,,,,,,,,,,,,,,,,,,,,,,,,,,,,,,,,,,,
DB,ppg,PPG 1109-3 Twinkle Toes,#e2d39b,0.8657493407299057,0.07459559939146378,94.8890819762118,226,211,155,"[226, 211, 155]",0%,7%,31%,11%,"[0%, 7%, 31%, 11%]",84.80,-0.73,29.81,"[84.80, -0.73, 29.81]",https://www.google.com/search?tbm=isch&q=ppg%20PPG%201109-3%20Twinkle%20Toes%20color%20swatch,,,,,,,,,,,,,,,,,,,,,,,,,,,,,,,,,,,,,,,,,,,,
DB,ppg,PPG 1109-4 Citrus Yellow,#d7c275,0.8149605512497803,0.10007346463322335,94.5984092349886,215,194,117,"[215, 194, 117]",0%,10%,46%,16%,"[0%, 10%, 46%, 16%]",78.97,0.12,41.40,"[78.97, 0.12, 41.40]",https://www.google.com/search?tbm=isch&q=ppg%20PPG%201109-4%20Citrus%20Yellow%20color%20swatch,,,,,,,,,,,,,,,,,,,,,,,,,,,,,,,,,,,,,,,,,,,,
DB,ppg,PPG 1109-5 Split Pea Soup,#c8b165,0.7638855181163574,0.09979847068294219,93.0178364257211,200,177,101,"[200, 177, 101]",0%,12%,50%,22%,"[0%, 12%, 50%, 22%]",73.00,1.28,41.77,"[73.00, 1.28, 41.77]",https://www.google.com/search?tbm=isch&q=ppg%20PPG%201109-5%20Split%20Pea%20Soup%20color%20swatch,,,,,,,,,,,,,,,,,,,,,,,,,,,,,,,,,,,,,,,,,,,,
DB,ppg,PPG 1109-6 Woolen Mittens,#b59f55,0.7061213201006751,0.0977363640273636,93.18303139024073,181,159,85,"[181, 159, 85]",0%,12%,53%,29%,"[0%, 12%, 53%, 29%]",66.28,1.34,41.28,"[66.28, 1.34, 41.28]",https://www.google.com/search?tbm=isch&q=ppg%20PPG%201109-6%20Woolen%20Mittens%20color%20swatch,,,,,,,,,,,,,,,,,,,,,,,,,,,,,,,,,,,,,,,,,,,,
DB,ppg,PPG 1109-7 Autumn Festival,#a28b36,0.6412397265772449,0.10717725172157351,93.9354470768306,162,139,54,"[162, 139, 54]",0%,14%,67%,36%,"[0%, 14%, 67%, 36%]",58.76,1.71,47.11,"[58.76, 1.71, 47.11]",https://www.google.com/search?tbm=isch&q=ppg%20PPG%201109-7%20Autumn%20Festival%20color%20swatch,,,,,,,,,,,,,,,,,,,,,,,,,,,,,,,,,,,,,,,,,,,,
DB,ppg,PPG 1110-1 September Morn,#ede6b3,0.9180046433758641,0.06659481586078664,101.04954315950147,237,230,179,"[237, 230, 179]",0%,3%,24%,7%,"[0%, 3%, 24%, 7%]",90.92,-3.38,25.87,"[90.92, -3.38, 25.87]",https://www.google.com/search?tbm=isch&q=ppg%20PPG%201110-1%20September%20Morn%20color%20swatch,,,,,,,,,,,,,,,,,,,,,,,,,,,,,,,,,,,,,,,,,,,,
DB,ppg,PPG 1110-2 Subtle Sunshine,#e4d89a,0.8773746079275242,0.08098596592273559,98.5019544028915,228,216,154,"[228, 216, 154]",0%,5%,32%,11%,"[0%, 5%, 32%, 11%]",86.23,-2.46,32.23,"[86.23, -2.46, 32.23]",https://www.google.com/search?tbm=isch&q=ppg%20PPG%201110-2%20Subtle%20Sunshine%20color%20swatch,,,,,,,,,,,,,,,,,,,,,,,,,,,,,,,,,,,,,,,,,,,,
DB,ppg,PPG 1110-3 Serene Scene,#d2c880,0.8246609550753716,0.09306179929772697,101.34281195536096,210,200,128,"[210, 200, 128]",0%,5%,39%,18%,"[0%, 5%, 39%, 18%]",80.21,-4.00,37.32,"[80.21, -4.00, 37.32]",https://www.google.com/search?tbm=isch&q=ppg%20PPG%201110-3%20Serene%20Scene%20color%20swatch,,,,,,,,,,,,,,,,,,,,,,,,,,,,,,,,,,,,,,,,,,,,
DB,ppg,PPG 1110-4 Secret Safari,#c6bb68,0.7833588705666109,0.10549941220240637,101.78857860057587,198,187,104,"[198, 187, 104]",0%,6%,47%,22%,"[0%, 6%, 47%, 22%]",75.47,-4.30,43.18,"[75.47, -4.30, 43.18]",https://www.google.com/search?tbm=isch&q=ppg%20PPG%201110-4%20Secret%20Safari%20color%20swatch,,,,,,,,,,,,,,,,,,,,,,,,,,,,,,,,,,,,,,,,,,,,
DB,ppg,PPG 1110-5 Gremlin,#a79954,0.6799238887530489,0.09132719047038006,98.11862660257356,167,153,84,"[167, 153, 84]",0%,8%,50%,35%,"[0%, 8%, 50%, 35%]",63.32,-1.64,37.92,"[63.32, -1.64, 37.92]",https://www.google.com/search?tbm=isch&q=ppg%20PPG%201110-5%20Gremlin%20color%20swatch,,,,,,,,,,,,,,,,,,,,,,,,,,,,,,,,,,,,,,,,,,,,
DB,ppg,PPG 1110-6 Off The Grid,#9f9049,0.651316317415353,0.09354550163445075,97.62884399357102,159,144,73,"[159, 144, 73]",0%,9%,54%,38%,"[0%, 9%, 54%, 38%]",59.99,-1.18,39.34,"[59.99, -1.18, 39.34]",https://www.google.com/search?tbm=isch&q=ppg%20PPG%201110-6%20Off%20The%20Grid%20color%20swatch,,,,,,,,,,,,,,,,,,,,,,,,,,,,,,,,,,,,,,,,,,,,
DB,ppg,PPG 1110-7 Peas Please,#8c7f3c,0.5937705815937775,0.089071581409474,98.50216896786321,140,127,60,"[140, 127, 60]",0%,9%,57%,45%,"[0%, 9%, 57%, 45%]",53.30,-1.48,37.66,"[53.30, -1.48, 37.66]",https://www.google.com/search?tbm=isch&q=ppg%20PPG%201110-7%20Peas%20Please%20color%20swatch,,,,,,,,,,,,,,,,,,,,,,,,,,,,,,,,,,,,,,,,,,,,
DB,ppg,PPG 1111-1 Prairie Winds,#e8e6d9,0.922940998175772,0.017505871837723008,99.55995437927425,232,230,217,"[232, 230, 217]",0%,1%,6%,9%,"[0%, 1%, 6%, 9%]",91.18,-0.97,6.62,"[91.18, -0.97, 6.62]",https://www.google.com/search?tbm=isch&q=ppg%20PPG%201111-1%20Prairie%20Winds%20color%20swatch,,,,,,,,,,,,,,,,,,,,,,,,,,,,,,,,,,,,,,,,,,,,
DB,ppg,PPG 1111-2 Bamboo,#e3dec6,0.8981703783488378,0.03247357300714084,97.29879525869023,227,222,198,"[227, 222, 198]",0%,2%,13%,11%,"[0%, 2%, 13%, 11%]",88.39,-1.21,12.47,"[88.39, -1.21, 12.47]",https://www.google.com/search?tbm=isch&q=ppg%20PPG%201111-2%20Bamboo%20color%20swatch,,,,,,,,,,,,,,,,,,,,,,,,,,,,,,,,,,,,,,,,,,,,
DB,ppg,PPG 1111-3 Safari,#d0c6a1,0.8252560691012337,0.050855185025880455,94.66867193160721,208,198,161,"[208, 198, 161]",0%,5%,23%,18%,"[0%, 5%, 23%, 18%]",80.00,-0.75,19.96,"[80.00, -0.75, 19.96]",https://www.google.com/search?tbm=isch&q=ppg%20PPG%201111-3%20Safari%20color%20swatch,,,,,,,,,,,,,,,,,,,,,,,,,,,,,,,,,,,,,,,,,,,,
DB,ppg,PPG 1111-4 Nettle,#bbac7d,0.7456600005349535,0.06553323945306802,92.46148132625262,187,172,125,"[187, 172, 125]",0%,8%,33%,27%,"[0%, 8%, 33%, 27%]",70.78,0.36,26.32,"[70.78, 0.36, 26.32]",https://www.google.com/search?tbm=isch&q=ppg%20PPG%201111-4%20Nettle%20color%20swatch,,,,,,,,,,,,,,,,,,,,,,,,,,,,,,,,,,,,,,,,,,,,
DB,ppg,PPG 1111-5 Pineapple Sage,#9c8f60,0.6499952707203659,0.06633337773888166,94.48144604457605,156,143,96,"[156, 143, 96]",0%,8%,38%,39%,"[0%, 8%, 38%, 39%]",59.71,-0.22,26.89,"[59.71, -0.22, 26.89]",https://www.google.com/search?tbm=isch&q=ppg%20PPG%201111-5%20Pineapple%20Sage%20color%20swatch,,,,,,,,,,,,,,,,,,,,,,,,,,,,,,,,,,,,,,,,,,,,
DB,ppg,PPG 1111-6 Pickled Okra,#887647,0.5714606271237035,0.06867178040397214,89.20211784444035,136,118,71,"[136, 118, 71]",0%,13%,48%,47%,"[0%, 13%, 48%, 47%]",50.51,2.30,28.50,"[50.51, 2.30, 28.50]",https://www.google.com/search?tbm=isch&q=ppg%20PPG%201111-6%20Pickled%20Okra%20color%20swatch,,,,,,,,,,,,,,,,,,,,,,,,,,,,,,,,,,,,,,,,,,,,
DB,ppg,PPG 1111-7 Sphagnum Moss,#75693d,0.5213744288440937,0.06395261690048468,94.59926383843481,117,105,61,"[117, 105, 61]",0%,10%,48%,54%,"[0%, 10%, 48%, 54%]",44.76,0.07,26.45,"[44.76, 0.07, 26.45]",https://www.google.com/search?tbm=isch&q=ppg%20PPG%201111-7%20Sphagnum%20Moss%20color%20swatch,,,,,,,,,,,,,,,,,,,,,,,,,,,,,,,,,,,,,,,,,,,,
DB,ppg,PPG 1112-1 Little Lamb,#eae6d7,0.9239917795194637,0.020482969271896103,94.49584472079061,234,230,215,"[234, 230, 215]",0%,2%,8%,8%,"[0%, 2%, 8%, 8%]",91.30,-0.50,7.85,"[91.30, -0.50, 7.85]",https://www.google.com/search?tbm=isch&q=ppg%20PPG%201112-1%20Little%20Lamb%20color%20swatch,,,,,,,,,,,,,,,,,,,,,,,,,,,,,,,,,,,,,,,,,,,,
DB,ppg,PPG 1112-2 Cozy Cream,#e0dbc7,0.8900011525145216,0.027370741077856437,95.33913058955528,224,219,199,"[224, 219, 199]",0%,2%,11%,12%,"[0%, 2%, 11%, 12%]",87.40,-0.74,10.53,"[87.40, -0.74, 10.53]",https://www.google.com/search?tbm=isch&q=ppg%20PPG%201112-2%20Cozy%20Cream%20color%20swatch,,,,,,,,,,,,,,,,,,,,,,,,,,,,,,,,,,,,,,,,,,,,
DB,ppg,PPG 1112-3 Only Oatmeal,#d4cdb5,0.8475381748919023,0.03334348345425594,93.53857388302947,212,205,181,"[212, 205, 181]",0%,3%,15%,17%,"[0%, 3%, 15%, 17%]",82.49,-0.46,12.92,"[82.49, -0.46, 12.92]",https://www.google.com/search?tbm=isch&q=ppg%20PPG%201112-3%20Only%20Oatmeal%20color%20swatch,,,,,,,,,,,,,,,,,,,,,,,,,,,,,,,,,,,,,,,,,,,,
DB,ppg,PPG 1112-4 Beach Dune,#c6bb9c,0.7930598887592245,0.043959120268808195,90.79223352655822,198,187,156,"[198, 187, 156]",0%,6%,21%,22%,"[0%, 6%, 21%, 22%]",76.19,0.30,17.26,"[76.19, 0.30, 17.26]",https://www.google.com/search?tbm=isch&q=ppg%20PPG%201112-4%20Beach%20Dune%20color%20swatch,,,,,,,,,,,,,,,,,,,,,,,,,,,,,,,,,,,,,,,,,,,,
DB,ppg,PPG 1112-5 Woolen Vest,#b0a582,0.7221965876019747,0.0498955470520495,92.66860664481453,176,165,130,"[176, 165, 130]",0%,6%,26%,31%,"[0%, 6%, 26%, 31%]",68.01,-0.04,19.74,"[68.01, -0.04, 19.74]",https://www.google.com/search?tbm=isch&q=ppg%20PPG%201112-5%20Woolen%20Vest%20color%20swatch,,,,,,,,,,,,,,,,,,,,,,,,,,,,,,,,,,,,,,,,,,,,
DB,ppg,PPG 1112-6 Willow Tree,#9e8f66,0.6530412620973888,0.05955076602893765,90.27259157502783,158,143,102,"[158, 143, 102]",0%,9%,35%,38%,"[0%, 9%, 35%, 38%]",59.98,1.17,24.02,"[59.98, 1.17, 24.02]",https://www.google.com/search?tbm=isch&q=ppg%20PPG%201112-6%20Willow%20Tree%20color%20swatch,,,,,,,,,,,,,,,,,,,,,,,,,,,,,,,,,,,,,,,,,,,,
DB,ppg,PPG 1112-7 Russian Olive,#726647,0.5134064924269989,0.04797514564536042,89.27977110786321,114,102,71,"[114, 102, 71]",0%,11%,38%,55%,"[0%, 11%, 38%, 55%]",43.73,1.26,19.40,"[43.73, 1.26, 19.40]",https://www.google.com/search?tbm=isch&q=ppg%20PPG%201112-7%20Russian%20Olive%20color%20swatch,,,,,,,,,,,,,,,,,,,,,,,,,,,,,,,,,,,,,,,,,,,,
DB,ppg,PPG 1113-1 I Miss You,#dddbc5,0.887098018360018,0.029560240435860176,102.70367847453099,221,219,197,"[221, 219, 197]",0%,1%,11%,13%,"[0%, 1%, 11%, 13%]",87.12,-2.07,11.13,"[87.12, -2.07, 11.13]",https://www.google.com/search?tbm=isch&q=ppg%20PPG%201113-1%20I%20Miss%20You%20color%20swatch,,,,,,,,,,,,,,,,,,,,,,,,,,,,,,,,,,,,,,,,,,,,
DB,ppg,PPG 1113-2 Silver Sage,#d1ceb4,0.8468739277325038,0.03525175557496362,101.6865136646968,209,206,180,"[209, 206, 180]",0%,1%,14%,18%,"[0%, 1%, 14%, 18%]",82.49,-2.19,13.39,"[82.49, -2.19, 13.39]",https://www.google.com/search?tbm=isch&q=ppg%20PPG%201113-2%20Silver%20Sage%20color%20swatch,,,,,,,,,,,,,,,,,,,,,,,,,,,,,,,,,,,,,,,,,,,,
DB,ppg,PPG 1113-3 Northern Landscape,#c5c1a3,0.8062279880753346,0.04102553731449922,100.97175367485914,197,193,163,"[197, 193, 163]",0%,2%,17%,23%,"[0%, 2%, 17%, 23%]",77.80,-2.28,15.72,"[77.80, -2.28, 15.72]",https://www.google.com/search?tbm=isch&q=ppg%20PPG%201113-3%20Northern%20Landscape%20color%20swatch,,,,,,,,,,,,,,,,,,,,,,,,,,,,,,,,,,,,,,,,,,,,
DB,ppg,PPG 1113-4 Green Gray Mist,#afa984,0.7302212981210688,0.05135105507942231,99.83333309207785,175,169,132,"[175, 169, 132]",0%,3%,25%,31%,"[0%, 3%, 25%, 31%]",69.03,-2.25,20.01,"[69.03, -2.25, 20.01]",https://www.google.com/search?tbm=isch&q=ppg%20PPG%201113-4%20Green%20Gray%20Mist%20color%20swatch,,,,,,,,,,,,,,,,,,,,,,,,,,,,,,,,,,,,,,,,,,,,
DB,ppg,PPG 1113-5 Sweet Annie,#9c946e,0.6636350735904798,0.05385869593978317,97.60955863814826,156,148,110,"[156, 148, 110]",0%,5%,29%,39%,"[0%, 5%, 29%, 39%]",61.28,-1.49,21.30,"[61.28, -1.49, 21.30]",https://www.google.com/search?tbm=isch&q=ppg%20PPG%201113-5%20Sweet%20Annie%20color%20swatch,,,,,,,,,,,,,,,,,,,,,,,,,,,,,,,,,,,,,,,,,,,,
DB,ppg,PPG 1113-6 Green Briar,#7a744d,0.5543429391250172,0.05640305427603587,100.51710300281462,122,116,77,"[122, 116, 77]",0%,5%,37%,52%,"[0%, 5%, 37%, 52%]",48.64,-2.28,22.47,"[48.64, -2.28, 22.47]",https://www.google.com/search?tbm=isch&q=ppg%20PPG%201113-6%20Green%20Briar%20color%20swatch,,,,,,,,,,,,,,,,,,,,,,,,,,,,,,,,,,,,,,,,,,,,
DB,ppg,PPG 1113-7 Olive Green,#5d583e,0.4578709274660946,0.04012189642181916,98.53200785717797,93,88,62,"[93, 88, 62]",0%,5%,33%,64%,"[0%, 5%, 33%, 64%]",37.34,-1.27,15.90,"[37.34, -1.27, 15.90]",https://www.google.com/search?tbm=isch&q=ppg%20PPG%201113-7%20Olive%20Green%20color%20swatch,,,,,,,,,,,,,,,,,,,,,,,,,,,,,,,,,,,,,,,,,,,,
DB,ppg,PPG 1114-1 Featherstone,#e8e7d7,0.9244066977654547,0.021348670994545377,103.85102585453137,232,231,215,"[232, 231, 215]",0%,0%,7%,9%,"[0%, 0%, 7%, 9%]",91.40,-1.69,7.96,"[91.40, -1.69, 7.96]",https://www.google.com/search?tbm=isch&q=ppg%20PPG%201114-1%20Featherstone%20color%20swatch,,,,,,,,,,,,,,,,,,,,,,,,,,,,,,,,,,,,,,,,,,,,
DB,ppg,PPG 1114-2 River Reed,#dedbc4,0.8876449738657188,0.030963328595899245,100.88584763552592,222,219,196,"[222, 219, 196]",0%,1%,12%,13%,"[0%, 1%, 12%, 13%]",87.18,-1.82,11.76,"[87.18, -1.82, 11.76]",https://www.google.com/search?tbm=isch&q=ppg%20PPG%201114-2%20River%20Reed%20color%20swatch,,,,,,,,,,,,,,,,,,,,,,,,,,,,,,,,,,,,,,,,,,,,
DB,ppg,PPG 1114-3 Canary Grass,#d0cca9,0.839354117965611,0.04716874709061472,101.94167746575357,208,204,169,"[208, 204, 169]",0%,2%,19%,18%,"[0%, 2%, 19%, 18%]",81.69,-2.83,18.06,"[81.69, -2.83, 18.06]",https://www.google.com/search?tbm=isch&q=ppg%20PPG%201114-3%20Canary%20Grass%20color%20swatch,,,,,,,,,,,,,,,,,,,,,,,,,,,,,,,,,,,,,,,,,,,,
DB,ppg,PPG 1114-4 Cress Green,#bcb58a,0.7680285614517158,0.05866841732722003,99.86372714229566,188,181,138,"[188, 181, 138]",0%,4%,27%,26%,"[0%, 4%, 27%, 26%]",73.45,-2.50,22.96,"[73.45, -2.50, 22.96]",https://www.google.com/search?tbm=isch&q=ppg%20PPG%201114-4%20Cress%20Green%20color%20swatch,,,,,,,,,,,,,,,,,,,,,,,,,,,,,,,,,,,,,,,,,,,,
DB,ppg,PPG 1114-5 Pea Soup,#a49d70,0.6906746186290539,0.06229179747305191,100.3404664706544,164,157,112,"[164, 157, 112]",0%,4%,32%,36%,"[0%, 4%, 32%, 36%]",64.49,-2.63,24.59,"[64.49, -2.63, 24.59]",https://www.google.com/search?tbm=isch&q=ppg%20PPG%201114-5%20Pea%20Soup%20color%20swatch,,,,,,,,,,,,,,,,,,,,,,,,,,,,,,,,,,,,,,,,,,,,
DB,ppg,PPG 1114-6 Bronze Green,#8d8752,0.6159313429333959,0.07310123005965201,102.68245575809505,141,135,82,"[141, 135, 82]",0%,4%,42%,45%,"[0%, 4%, 42%, 45%]",55.89,-3.65,29.30,"[55.89, -3.65, 29.30]",https://www.google.com/search?tbm=isch&q=ppg%20PPG%201114-6%20Bronze%20Green%20color%20swatch,,,,,,,,,,,,,,,,,,,,,,,,,,,,,,,,,,,,,,,,,,,,
DB,ppg,PPG 1114-7 Autumn Fern,#797447,0.5522644392435792,0.06399580321664484,102.76505843062336,121,116,71,"[121, 116, 71]",0%,4%,41%,53%,"[0%, 4%, 41%, 53%]",48.46,-3.27,25.57,"[48.46, -3.27, 25.57]",https://www.google.com/search?tbm=isch&q=ppg%20PPG%201114-7%20Autumn%20Fern%20color%20swatch,,,,,,,,,,,,,,,,,,,,,,,,,,,,,,,,,,,,,,,,,,,,
DB,ppg,PPG 1115-1 Really Rain,#e8ecdb,0.9354227507522656,0.022979163521049326,117.54619523370422,232,236,219,"[232, 236, 219]",2%,0%,7%,7%,"[2%, 0%, 7%, 7%]",92.74,-3.58,7.80,"[92.74, -3.58, 7.80]",https://www.google.com/search?tbm=isch&q=ppg%20PPG%201115-1%20Really%20Rain%20color%20swatch,,,,,,,,,,,,,,,,,,,,,,,,,,,,,,,,,,,,,,,,,,,,
DB,ppg,PPG 1115-2 Sage Splash,#e4e5d2,0.916003865856617,0.025349077588586816,109.29083652623376,228,229,210,"[228, 229, 210]",0%,0%,8%,10%,"[0%, 0%, 8%, 10%]",90.48,-2.78,9.19,"[90.48, -2.78, 9.19]",https://www.google.com/search?tbm=isch&q=ppg%20PPG%201115-2%20Sage%20Splash%20color%20swatch,,,,,,,,,,,,,,,,,,,,,,,,,,,,,,,,,,,,,,,,,,,,
DB,ppg,PPG 1115-3 Slow Dance,#dbdcc4,0.8872879216959222,0.032149816149927055,108.94639827389796,219,220,196,"[219, 220, 196]",0%,0%,11%,14%,"[0%, 0%, 11%, 14%]",87.20,-3.40,11.74,"[87.20, -3.40, 11.74]",https://www.google.com/search?tbm=isch&q=ppg%20PPG%201115-3%20Slow%20Dance%20color%20swatch,,,,,,,,,,,,,,,,,,,,,,,,,,,,,,,,,,,,,,,,,,,,
DB,ppg,PPG 1115-4 Sage Splendor,#c3c6a4,0.8152381242595941,0.046210648959372665,111.49309198801222,195,198,164,"[195, 198, 164]",2%,0%,17%,22%,"[2%, 0%, 17%, 22%]",78.97,-5.37,16.77,"[78.97, -5.37, 16.77]",https://www.google.com/search?tbm=isch&q=ppg%20PPG%201115-4%20Sage%20Splendor%20color%20swatch,,,,,,,,,,,,,,,,,,,,,,,,,,,,,,,,,,,,,,,,,,,,
DB,ppg,PPG 1115-5 Pine Trail,#9c9f75,0.6891719001439662,0.058496767985423775,111.22412089938865,156,159,117,"[156, 159, 117]",2%,0%,26%,38%,"[2%, 0%, 26%, 38%]",64.43,-6.38,21.64,"[64.43, -6.38, 21.64]",https://www.google.com/search?tbm=isch&q=ppg%20PPG%201115-5%20Pine%20Trail%20color%20swatch,,,,,,,,,,,,,,,,,,,,,,,,,,,,,,,,,,,,,,,,,,,,
DB,ppg,PPG 1115-6 Paid In Full,#8c8e65,0.6343857534958998,0.05792268091081321,110.26638082085447,140,142,101,"[140, 142, 101]",1%,0%,29%,44%,"[1%, 0%, 29%, 44%]",58.05,-5.92,21.68,"[58.05, -5.92, 21.68]",https://www.google.com/search?tbm=isch&q=ppg%20PPG%201115-6%20Paid%20In%20Full%20color%20swatch,,,,,,,,,,,,,,,,,,,,,,,,,,,,,,,,,,,,,,,,,,,,
DB,ppg,PPG 1115-7 Gratefully Grass,#71714e,0.5392787126378299,0.05118992673189914,107.98677018422717,113,113,78,"[113, 113, 78]",0%,0%,31%,56%,"[0%, 0%, 31%, 56%]",46.94,-4.49,19.51,"[46.94, -4.49, 19.51]",https://www.google.com/search?tbm=isch&q=ppg%20PPG%201115-7%20Gratefully%20Grass%20color%20swatch,,,,,,,,,,,,,,,,,,,,,,,,,,,,,,,,,,,,,,,,,,,,
DB,ppg,PPG 1116-1 Just Perfect,#eaecd3,0.9349319975886756,0.03312432223577634,110.71013141935958,234,236,211,"[234, 236, 211]",1%,0%,11%,7%,"[1%, 0%, 11%, 7%]",92.75,-3.84,11.95,"[92.75, -3.84, 11.95]",https://www.google.com/search?tbm=isch&q=ppg%20PPG%201116-1%20Just%20Perfect%20color%20swatch,,,,,,,,,,,,,,,,,,,,,,,,,,,,,,,,,,,,,,,,,,,,
DB,ppg,PPG 1116-2 More Melon,#e0e3c8,0.9063604520935686,0.036069415392193604,112.2301634198102,224,227,200,"[224, 227, 200]",1%,0%,12%,11%,"[1%, 0%, 12%, 11%]",89.47,-4.47,12.90,"[89.47, -4.47, 12.90]",https://www.google.com/search?tbm=isch&q=ppg%20PPG%201116-2%20More%20Melon%20color%20swatch,,,,,,,,,,,,,,,,,,,,,,,,,,,,,,,,,,,,,,,,,,,,
DB,ppg,PPG 1116-3 Forgive Quickly,#e1e1be,0.9007056775040886,0.0463309289681276,107.27043628521528,225,225,190,"[225, 225, 190]",0%,0%,16%,12%,"[0%, 0%, 16%, 12%]",88.85,-4.30,17.23,"[88.85, -4.30, 17.23]",https://www.google.com/search?tbm=isch&q=ppg%20PPG%201116-3%20Forgive%20Quickly%20color%20swatch,,,,,,,,,,,,,,,,,,,,,,,,,,,,,,,,,,,,,,,,,,,,
DB,ppg,PPG 1116-4 Misty Moor,#dad7ad,0.8709201964070364,0.055698403096702764,104.08672242306017,218,215,173,"[218, 215, 173]",0%,1%,21%,15%,"[0%, 1%, 21%, 15%]",85.43,-3.96,21.23,"[85.43, -3.96, 21.23]",https://www.google.com/search?tbm=isch&q=ppg%20PPG%201116-4%20Misty%20Moor%20color%20swatch,,,,,,,,,,,,,,,,,,,,,,,,,,,,,,,,,,,,,,,,,,,,
DB,ppg,PPG 1116-5 Gracious Glow,#bab078,0.7522046441107375,0.07532286751967539,99.28402055366746,186,176,120,"[186, 176, 120]",0%,5%,35%,27%,"[0%, 5%, 35%, 27%]",71.68,-2.51,30.10,"[71.68, -2.51, 30.10]",https://www.google.com/search?tbm=isch&q=ppg%20PPG%201116-5%20Gracious%20Glow%20color%20swatch,,,,,,,,,,,,,,,,,,,,,,,,,,,,,,,,,,,,,,,,,,,,
DB,ppg,PPG 1116-6 Loveliest Leaves,#a69a5c,0.6823819396110616,0.08339021338063765,98.61331951260911,166,154,92,"[166, 154, 92]",0%,7%,45%,35%,"[0%, 7%, 45%, 35%]",63.59,-1.99,34.11,"[63.59, -1.99, 34.11]",https://www.google.com/search?tbm=isch&q=ppg%20PPG%201116-6%20Loveliest%20Leaves%20color%20swatch,,,,,,,,,,,,,,,,,,,,,,,,,,,,,,,,,,,,,,,,,,,,
DB,ppg,PPG 1116-7 Frog's Legs,#8c8449,0.6068066765269928,0.08024333497474263,101.61957448928251,140,132,73,"[140, 132, 73]",0%,6%,48%,45%,"[0%, 6%, 48%, 45%]",54.85,-3.23,32.78,"[54.85, -3.23, 32.78]",https://www.google.com/search?tbm=isch&q=ppg%20PPG%201116-7%20Frog's%20Legs%20color%20swatch,,,,,,,,,,,,,,,,,,,,,,,,,,,,,,,,,,,,,,,,,,,,
DB,ppg,PPG 1117-1 Delicate Daisy,#e9edc0,0.9317386783555904,0.058960237101795,111.64585449553965,233,237,192,"[233, 237, 192]",2%,0%,19%,7%,"[2%, 0%, 19%, 7%]",92.59,-6.83,21.45,"[92.59, -6.83, 21.45]",https://www.google.com/search?tbm=isch&q=ppg%20PPG%201117-1%20Delicate%20Daisy%20color%20swatch,,,,,,,,,,,,,,,,,,,,,,,,,,,,,,,,,,,,,,,,,,,,
DB,ppg,PPG 1117-2 Awareness,#e3ebb1,0.9198654451334528,0.07583526318661643,114.27307722513359,227,235,177,"[227, 235, 177]",3%,0%,25%,8%,"[3%, 0%, 25%, 8%]",91.38,-9.67,27.34,"[91.38, -9.67, 27.34]",https://www.google.com/search?tbm=isch&q=ppg%20PPG%201117-2%20Awareness%20color%20swatch,,,,,,,,,,,,,,,,,,,,,,,,,,,,,,,,,,,,,,,,,,,,
DB,ppg,PPG 1117-3 Charming,#d4e092,0.8796111139724017,0.10107283641977914,115.6360013129771,212,224,146,"[212, 224, 146]",5%,0%,35%,12%,"[5%, 0%, 35%, 12%]",86.91,-13.12,36.82,"[86.91, -13.12, 36.82]",https://www.google.com/search?tbm=isch&q=ppg%20PPG%201117-3%20Charming%20color%20swatch,,,,,,,,,,,,,,,,,,,,,,,,,,,,,,,,,,,,,,,,,,,,
DB,ppg,PPG 1117-4 Floral Bouquet,#bacb7c,0.8109484197886707,0.10458834808343144,118.6974439238474,186,203,124,"[186, 203, 124]",8%,0%,39%,20%,"[8%, 0%, 39%, 20%]",79.02,-15.24,37.34,"[79.02, -15.24, 37.34]",https://www.google.com/search?tbm=isch&q=ppg%20PPG%201117-4%20Floral%20Bouquet%20color%20swatch,,,,,,,,,,,,,,,,,,,,,,,,,,,,,,,,,,,,,,,,,,,,
DB,ppg,PPG 1117-5 Beach Bag,#adb864,0.7553189426147359,0.10924493259823154,115.18546750741558,173,184,100,"[173, 184, 100]",6%,0%,46%,28%,"[6%, 0%, 46%, 28%]",72.52,-13.33,41.02,"[72.52, -13.33, 41.02]",https://www.google.com/search?tbm=isch&q=ppg%20PPG%201117-5%20Beach%20Bag%20color%20swatch,,,,,,,,,,,,,,,,,,,,,,,,,,,,,,,,,,,,,,,,,,,,
DB,ppg,PPG 1117-6 Do Not Disturb,#99a456,0.6923832557324257,0.1033207729930224,115.7595364140152,153,164,86,"[153, 164, 86]",7%,0%,48%,36%,"[7%, 0%, 48%, 36%]",65.17,-12.89,38.75,"[65.17, -12.89, 38.75]",https://www.google.com/search?tbm=isch&q=ppg%20PPG%201117-6%20Do%20Not%20Disturb%20color%20swatch,,,,,,,,,,,,,,,,,,,,,,,,,,,,,,,,,,,,,,,,,,,,
DB,ppg,PPG 1117-7 Enough Is Enough,#898c4a,0.6224134469134003,0.08885132853277716,111.00278308494586,137,140,74,"[137, 140, 74]",2%,0%,47%,45%,"[2%, 0%, 47%, 45%]",56.86,-8.59,34.58,"[56.86, -8.59, 34.58]",https://www.google.com/search?tbm=isch&q=ppg%20PPG%201117-7%20Enough%20Is%20Enough%20color%20swatch,,,,,,,,,,,,,,,,,,,,,,,,,,,,,,,,,,,,,,,,,,,,
DB,ppg,PPG 1118-1 More Mint,#e6e8c5,0.9204202265781333,0.04619769520667295,109.92622302971102,230,232,197,"[230, 232, 197]",1%,0%,15%,9%,"[1%, 0%, 15%, 9%]",91.16,-5.01,16.88,"[91.16, -5.01, 16.88]",https://www.google.com/search?tbm=isch&q=ppg%20PPG%201118-1%20More%20Mint%20color%20swatch,,,,,,,,,,,,,,,,,,,,,,,,,,,,,,,,,,,,,,,,,,,,
DB,ppg,PPG 1118-2 April Showers,#dadeb5,0.8870311244473464,0.05447633698362063,112.0137512300239,218,222,181,"[218, 222, 181]",2%,0%,18%,13%,"[2%, 0%, 18%, 13%]",87.37,-6.45,19.74,"[87.37, -6.45, 19.74]",https://www.google.com/search?tbm=isch&q=ppg%20PPG%201118-2%20April%20Showers%20color%20swatch,,,,,,,,,,,,,,,,,,,,,,,,,,,,,,,,,,,,,,,,,,,,
DB,ppg,PPG 1118-3 True To You,#cdd3a3,0.8501209221561445,0.06416166178741044,113.54592241518878,205,211,163,"[205, 211, 163]",3%,0%,23%,17%,"[3%, 0%, 23%, 17%]",83.18,-7.99,23.17,"[83.18, -7.99, 23.17]",https://www.google.com/search?tbm=isch&q=ppg%20PPG%201118-3%20True%20To%20You%20color%20swatch,,,,,,,,,,,,,,,,,,,,,,,,,,,,,,,,,,,,,,,,,,,,
DB,ppg,PPG 1118-4 Jitterbug,#bac08a,0.7896961480493545,0.07265379316119015,113.21417703642703,186,192,138,"[186, 192, 138]",3%,0%,28%,25%,"[3%, 0%, 28%, 25%]",76.23,-8.69,26.59,"[76.23, -8.69, 26.59]",https://www.google.com/search?tbm=isch&q=ppg%20PPG%201118-4%20Jitterbug%20color%20swatch,,,,,,,,,,,,,,,,,,,,,,,,,,,,,,,,,,,,,,,,,,,,
DB,ppg,PPG 1118-5 Always Apple,#a0a667,0.7052969197875073,0.0850021448699069,113.00799267008688,160,166,103,"[160, 166, 103]",4%,0%,38%,35%,"[4%, 0%, 38%, 35%]",66.51,-9.61,31.86,"[66.51, -9.61, 31.86]",https://www.google.com/search?tbm=isch&q=ppg%20PPG%201118-5%20Always%20Apple%20color%20swatch,,,,,,,,,,,,,,,,,,,,,,,,,,,,,,,,,,,,,,,,,,,,
DB,ppg,PPG 1118-6 Vintage Vibe,#888f4f,0.6292271259770047,0.08734107383448445,114.04019113970054,136,143,79,"[136, 143, 79]",5%,0%,45%,44%,"[5%, 0%, 45%, 44%]",57.70,-10.14,32.97,"[57.70, -10.14, 32.97]",https://www.google.com/search?tbm=isch&q=ppg%20PPG%201118-6%20Vintage%20Vibe%20color%20swatch,,,,,,,,,,,,,,,,,,,,,,,,,,,,,,,,,,,,,,,,,,,,
DB,ppg,PPG 1118-7 Lucky,#757d43,0.5690684110314629,0.08126780907164166,115.47470982829952,117,125,67,"[117, 125, 67]",6%,0%,46%,51%,"[6%, 0%, 46%, 51%]",50.69,-10.09,30.37,"[50.69, -10.09, 30.37]",https://www.google.com/search?tbm=isch&q=ppg%20PPG%201118-7%20Lucky%20color%20swatch,,,,,,,,,,,,,,,,,,,,,,,,,,,,,,,,,,,,,,,,,,,,
DB,ppg,PPG 1119-1 Magical Melon,#e9e9d0,0.927408830059486,0.03310222946747328,106.99303939257697,233,233,208,"[233, 233, 208]",0%,0%,11%,9%,"[0%, 0%, 11%, 9%]",91.85,-3.13,12.22,"[91.85, -3.13, 12.22]",https://www.google.com/search?tbm=isch&q=ppg%20PPG%201119-1%20Magical%20Melon%20color%20swatch,,,,,,,,,,,,,,,,,,,,,,,,,,,,,,,,,,,,,,,,,,,,
DB,ppg,PPG 1119-2 Fountain Frolic,#e4e4c5,0.9107806954652098,0.04105279270851904,107.1599566339853,228,228,197,"[228, 228, 197]",0%,0%,14%,11%,"[0%, 0%, 14%, 11%]",89.98,-3.84,15.22,"[89.98, -3.84, 15.22]",https://www.google.com/search?tbm=isch&q=ppg%20PPG%201119-2%20Fountain%20Frolic%20color%20swatch,,,,,,,,,,,,,,,,,,,,,,,,,,,,,,,,,,,,,,,,,,,,
DB,ppg,PPG 1119-3 Beach Grass,#dcddb8,0.8872377519951947,0.049096539596521334,108.60926635161377,220,221,184,"[220, 221, 184]",0%,0%,17%,13%,"[0%, 0%, 17%, 13%]",87.32,-4.90,18.15,"[87.32, -4.90, 18.15]",https://www.google.com/search?tbm=isch&q=ppg%20PPG%201119-3%20Beach%20Grass%20color%20swatch,,,,,,,,,,,,,,,,,,,,,,,,,,,,,,,,,,,,,,,,,,,,
DB,ppg,PPG 1119-4 Dancing Kite,#c8cc9e,0.8304451094043029,0.061646118766567844,111.75787597429559,200,204,158,"[200, 204, 158]",2%,0%,23%,20%,"[2%, 0%, 23%, 20%]",80.86,-7.05,22.56,"[80.86, -7.05, 22.56]",https://www.google.com/search?tbm=isch&q=ppg%20PPG%201119-4%20Dancing%20Kite%20color%20swatch,,,,,,,,,,,,,,,,,,,,,,,,,,,,,,,,,,,,,,,,,,,,
DB,ppg,PPG 1119-5 Fancy Flirt,#b4b780,0.7635417361842703,0.0739096059611034,110.63726675262535,180,183,128,"[180, 183, 128]",2%,0%,30%,28%,"[2%, 0%, 30%, 28%]",73.16,-7.63,27.70,"[73.16, -7.63, 27.70]",https://www.google.com/search?tbm=isch&q=ppg%20PPG%201119-5%20Fancy%20Flirt%20color%20swatch,,,,,,,,,,,,,,,,,,,,,,,,,,,,,,,,,,,,,,,,,,,,
DB,ppg,PPG 1119-6 Golden Grass,#9ea26b,0.6954762273912551,0.07510198836126446,111.70366895856807,158,162,107,"[158, 162, 107]",2%,0%,34%,36%,"[2%, 0%, 34%, 36%]",65.28,-8.08,28.16,"[65.28, -8.08, 28.16]",https://www.google.com/search?tbm=isch&q=ppg%20PPG%201119-6%20Golden%20Grass%20color%20swatch,,,,,,,,,,,,,,,,,,,,,,,,,,,,,,,,,,,,,,,,,,,,
DB,ppg,PPG 1119-7 Glade Green,#868b53,0.618975980728802,0.07761343445785888,112.8171920308086,134,139,83,"[134, 139, 83]",4%,0%,40%,45%,"[4%, 0%, 40%, 45%]",56.42,-8.62,29.26,"[56.42, -8.62, 29.26]",https://www.google.com/search?tbm=isch&q=ppg%20PPG%201119-7%20Glade%20Green%20color%20swatch,,,,,,,,,,,,,,,,,,,,,,,,,,,,,,,,,,,,,,,,,,,,
DB,ppg,PPG 1120-1 Mental Note,#eaeede,0.9417236517624988,0.021649791080550325,118.16569802224211,234,238,222,"[234, 238, 222]",2%,0%,7%,7%,"[2%, 0%, 7%, 7%]",93.46,-3.45,7.30,"[93.46, -3.45, 7.30]",https://www.google.com/search?tbm=isch&q=ppg%20PPG%201120-1%20Mental%20Note%20color%20swatch,,,,,,,,,,,,,,,,,,,,,,,,,,,,,,,,,,,,,,,,,,,,
DB,ppg,PPG 1120-2 Gratitude,#e0ead7,0.9243168540118726,0.027481547018603218,129.75753932207886,224,234,215,"[224, 234, 215]",4%,0%,8%,8%,"[4%, 0%, 8%, 8%]",91.55,-5.96,8.06,"[91.55, -5.96, 8.06]",https://www.google.com/search?tbm=isch&q=ppg%20PPG%201120-2%20Gratitude%20color%20swatch,,,,,,,,,,,,,,,,,,,,,,,,,,,,,,,,,,,,,,,,,,,,
DB,ppg,PPG 1120-3 Great Joy,#d8e6cb,0.9071569646041199,0.03906346302098123,129.6217462791417,216,230,203,"[216, 230, 203]",6%,0%,12%,10%,"[6%, 0%, 12%, 10%]",89.69,-8.40,11.55,"[89.69, -8.40, 11.55]",https://www.google.com/search?tbm=isch&q=ppg%20PPG%201120-3%20Great%20Joy%20color%20swatch,,,,,,,,,,,,,,,,,,,,,,,,,,,,,,,,,,,,,,,,,,,,
DB,ppg,PPG 1120-4 Pistachio Pudding,#c6d4ac,0.8488254772953848,0.055949578257436926,123.24710894900022,198,212,172,"[198, 212, 172]",7%,0%,19%,17%,"[7%, 0%, 19%, 17%]",83.05,-10.08,18.21,"[83.05, -10.08, 18.21]",https://www.google.com/search?tbm=isch&q=ppg%20PPG%201120-4%20Pistachio%20Pudding%20color%20swatch,,,,,,,,,,,,,,,,,,,,,,,,,,,,,,,,,,,,,,,,,,,,
DB,ppg,PPG 1120-5 Harmonious,#afc195,0.7856427400042922,0.0633838206828345,125.88817530005554,175,193,149,"[175, 193, 149]",9%,0%,23%,24%,"[9%, 0%, 23%, 24%]",75.82,-12.19,20.09,"[75.82, -12.19, 20.09]",https://www.google.com/search?tbm=isch&q=ppg%20PPG%201120-5%20Harmonious%20color%20swatch,,,,,,,,,,,,,,,,,,,,,,,,,,,,,,,,,,,,,,,,,,,,
DB,ppg,PPG 1120-6 Luscious Lime,#91a673,0.6957199553169923,0.07497463786533391,126.43200066982854,145,166,115,"[145, 166, 115]",13%,0%,31%,35%,"[13%, 0%, 31%, 35%]",65.50,-14.42,23.94,"[65.50, -14.42, 23.94]",https://www.google.com/search?tbm=isch&q=ppg%20PPG%201120-6%20Luscious%20Lime%20color%20swatch,,,,,,,,,,,,,,,,,,,,,,,,,,,,,,,,,,,,,,,,,,,,
DB,ppg,PPG 1120-7 Mint Leaves,#6a7d4e,0.5620358643383266,0.07195430414814936,126.49426490814972,106,125,78,"[106, 125, 78]",15%,0%,38%,51%,"[15%, 0%, 38%, 51%]",49.94,-13.70,23.25,"[49.94, -13.70, 23.25]",https://www.google.com/search?tbm=isch&q=ppg%20PPG%201120-7%20Mint%20Leaves%20color%20swatch,,,,,,,,,,,,,,,,,,,,,,,,,,,,,,,,,,,,,,,,,,,,
DB,ppg,PPG 1121-1 Milkweed,#e3e8d9,0.9230706864947302,0.02071066102747997,121.78328540496221,227,232,217,"[227, 232, 217]",2%,0%,6%,9%,"[2%, 0%, 6%, 9%]",91.30,-3.69,6.72,"[91.30, -3.69, 6.72]",https://www.google.com/search?tbm=isch&q=ppg%20PPG%201121-1%20Milkweed%20color%20swatch,,,,,,,,,,,,,,,,,,,,,,,,,,,,,,,,,,,,,,,,,,,,
DB,ppg,PPG 1121-2 Lime Spritz,#dae1cf,0.8994630747566881,0.02528802447195378,124.23184270243678,218,225,207,"[218, 225, 207]",3%,0%,8%,12%,"[3%, 0%, 8%, 12%]",88.62,-4.81,7.99,"[88.62, -4.81, 7.99]",https://www.google.com/search?tbm=isch&q=ppg%20PPG%201121-2%20Lime%20Spritz%20color%20swatch,,,,,,,,,,,,,,,,,,,,,,,,,,,,,,,,,,,,,,,,,,,,
DB,ppg,PPG 1121-3 Pale Moss Green,#d0dbc4,0.8767750658771494,0.03320862537364975,127.99670977772723,208,219,196,"[208, 219, 196]",5%,0%,11%,14%,"[5%, 0%, 11%, 14%]",86.09,-6.89,10.03,"[86.09, -6.89, 10.03]",https://www.google.com/search?tbm=isch&q=ppg%20PPG%201121-3%20Pale%20Moss%20Green%20color%20swatch,,,,,,,,,,,,,,,,,,,,,,,,,,,,,,,,,,,,,,,,,,,,
DB,ppg,PPG 1121-4 Quaking Grass,#bbc6a4,0.808959571731496,0.04794587813817355,122.02381555688657,187,198,164,"[187, 198, 164]",6%,0%,17%,22%,"[6%, 0%, 17%, 22%]",78.34,-8.37,15.78,"[78.34, -8.37, 15.78]",https://www.google.com/search?tbm=isch&q=ppg%20PPG%201121-4%20Quaking%20Grass%20color%20swatch,,,,,,,,,,,,,,,,,,,,,,,,,,,,,,,,,,,,,,,,,,,,
DB,ppg,PPG 1121-5 Guacamole,#9aa77c,0.7067854669418292,0.06174495610628879,121.63182773568002,154,167,124,"[154, 167, 124]",8%,0%,26%,35%,"[8%, 0%, 26%, 35%]",66.61,-10.41,20.72,"[66.61, -10.41, 20.72]",https://www.google.com/search?tbm=isch&q=ppg%20PPG%201121-5%20Guacamole%20color%20swatch,,,,,,,,,,,,,,,,,,,,,,,,,,,,,,,,,,,,,,,,,,,,
DB,ppg,PPG 1121-6 Moss Point Green,#7e8d60,0.6194805975009451,0.06662590649793884,123.29830530180845,126,141,96,"[126, 141, 96]",11%,0%,32%,45%,"[11%, 0%, 32%, 45%]",56.53,-11.67,22.19,"[56.53, -11.67, 22.19]",https://www.google.com/search?tbm=isch&q=ppg%20PPG%201121-6%20Moss%20Point%20Green%20color%20swatch,,,,,,,,,,,,,,,,,,,,,,,,,,,,,,,,,,,,,,,,,,,,
DB,ppg,PPG 1121-7 Globe Artichoke,#5f6c3c,0.5080758524560477,0.07171855728688442,121.37699206678661,95,108,60,"[95, 108, 60]",12%,0%,44%,58%,"[12%, 0%, 44%, 58%]",43.61,-11.45,25.06,"[43.61, -11.45, 25.06]",https://www.google.com/search?tbm=isch&q=ppg%20PPG%201121-7%20Globe%20Artichoke%20color%20swatch,,,,,,,,,,,,,,,,,,,,,,,,,,,,,,,,,,,,,,,,,,,,
DB,ppg,PPG 1122-1 White Smoke,#e8e8d7,0.9263992993220015,0.02262606350456208,106.78221551253444,232,232,215,"[232, 232, 215]",0%,0%,7%,9%,"[0%, 0%, 7%, 9%]",91.65,-2.17,8.32,"[91.65, -2.17, 8.32]",https://www.google.com/search?tbm=isch&q=ppg%20PPG%201122-1%20White%20Smoke%20color%20swatch,,,,,,,,,,,,,,,,,,,,,,,,,,,,,,,,,,,,,,,,,,,,
DB,ppg,PPG 1122-2 Lime Wash,#dfe3d0,0.9075984193384639,0.025756006745148465,116.51885448201841,223,227,208,"[223, 227, 208]",2%,0%,8%,11%,"[2%, 0%, 8%, 11%]",89.54,-3.86,8.84,"[89.54, -3.86, 8.84]",https://www.google.com/search?tbm=isch&q=ppg%20PPG%201122-2%20Lime%20Wash%20color%20swatch,,,,,,,,,,,,,,,,,,,,,,,,,,,,,,,,,,,,,,,,,,,,
DB,ppg,PPG 1122-3 Pickling Spice,#cfd2b5,0.8537210942857957,0.039201712618044844,111.99449897987034,207,210,181,"[207, 210, 181]",1%,0%,14%,18%,"[1%, 0%, 14%, 18%]",83.38,-4.75,14.09,"[83.38, -4.75, 14.09]",https://www.google.com/search?tbm=isch&q=ppg%20PPG%201122-3%20Pickling%20Spice%20color%20swatch,,,,,,,,,,,,,,,,,,,,,,,,,,,,,,,,,,,,,,,,,,,,
DB,ppg,PPG 1122-4 Bahia Grass,#b9bd97,0.7852670480924087,0.051962607774473944,112.45936423998046,185,189,151,"[185, 189, 151]",2%,0%,20%,26%,"[2%, 0%, 20%, 26%]",75.55,-6.24,18.82,"[75.55, -6.24, 18.82]",https://www.google.com/search?tbm=isch&q=ppg%20PPG%201122-4%20Bahia%20Grass%20color%20swatch,,,,,,,,,,,,,,,,,,,,,,,,,,,,,,,,,,,,,,,,,,,,
DB,ppg,PPG 1122-5 Dill,#9da073,0.6917930153613027,0.06236059101077442,111.09419122639451,157,160,115,"[157, 160, 115]",2%,0%,28%,37%,"[2%, 0%, 28%, 37%]",64.76,-6.69,23.18,"[64.76, -6.69, 23.18]",https://www.google.com/search?tbm=isch&q=ppg%20PPG%201122-5%20Dill%20color%20swatch,,,,,,,,,,,,,,,,,,,,,,,,,,,,,,,,,,,,,,,,,,,,
DB,ppg,PPG 1122-6 Oregano,#7f8353,0.5945072851942739,0.06788000958582961,112.32250567138715,127,131,83,"[127, 131, 83]",3%,0%,37%,49%,"[3%, 0%, 37%, 49%]",53.51,-7.47,25.45,"[53.51, -7.47, 25.45]",https://www.google.com/search?tbm=isch&q=ppg%20PPG%201122-6%20Oregano%20color%20swatch,,,,,,,,,,,,,,,,,,,,,,,,,,,,,,,,,,,,,,,,,,,,
DB,ppg,PPG 1122-7 Oakmoss,#6d7244,0.5360929181175376,0.06639649675091323,113.71012892624225,109,114,68,"[109, 114, 68]",4%,0%,40%,55%,"[4%, 0%, 40%, 55%]",46.73,-7.75,24.80,"[46.73, -7.75, 24.80]",https://www.google.com/search?tbm=isch&q=ppg%20PPG%201122-7%20Oakmoss%20color%20swatch,,,,,,,,,,,,,,,,,,,,,,,,,,,,,,,,,,,,,,,,,,,,
DB,ppg,PPG 1123-1 Ageless,#ececdf,0.9395434005712259,0.017286264386531577,106.66010734030931,236,236,223,"[236, 236, 223]",0%,0%,6%,7%,"[0%, 0%, 6%, 7%]",93.13,-1.67,6.34,"[93.13, -1.67, 6.34]",https://www.google.com/search?tbm=isch&q=ppg%20PPG%201123-1%20Ageless%20color%20swatch,,,,,,,,,,,,,,,,,,,,,,,,,,,,,,,,,,,,,,,,,,,,
DB,ppg,PPG 1123-2 Magical Stardust,#eaeadb,0.9329738661434304,0.01995476094047174,106.72198743539735,234,234,219,"[234, 234, 219]",0%,0%,6%,8%,"[0%, 0%, 6%, 8%]",92.39,-1.92,7.33,"[92.39, -1.92, 7.33]",https://www.google.com/search?tbm=isch&q=ppg%20PPG%201123-2%20Magical%20Stardust%20color%20swatch,,,,,,,,,,,,,,,,,,,,,,,,,,,,,,,,,,,,,,,,,,,,
DB,ppg,PPG 1123-3 Wild Wheat,#e0e1d1,0.9046056299148042,0.021455226660333275,109.66797436626985,224,225,209,"[224, 225, 209]",0%,0%,7%,12%,"[0%, 0%, 7%, 12%]",89.12,-2.41,7.75,"[89.12, -2.41, 7.75]",https://www.google.com/search?tbm=isch&q=ppg%20PPG%201123-3%20Wild%20Wheat%20color%20swatch,,,,,,,,,,,,,,,,,,,,,,,,,,,,,,,,,,,,,,,,,,,,
DB,ppg,PPG 1123-4 Only Olive,#cbccb5,0.8382002754736619,0.031239834747079878,109.05018319162252,203,204,181,"[203, 204, 181]",0%,0%,11%,20%,"[0%, 0%, 11%, 20%]",81.50,-3.32,11.40,"[81.50, -3.32, 11.40]",https://www.google.com/search?tbm=isch&q=ppg%20PPG%201123-4%20Only%20Olive%20color%20swatch,,,,,,,,,,,,,,,,,,,,,,,,,,,,,,,,,,,,,,,,,,,,
DB,ppg,PPG 1123-5 Envy,#a4a582,0.7118390475057182,0.048718087898484495,108.91105130346182,164,165,130,"[164, 165, 130]",1%,0%,21%,35%,"[1%, 0%, 21%, 35%]",66.97,-4.81,18.12,"[66.97, -4.81, 18.12]",https://www.google.com/search?tbm=isch&q=ppg%20PPG%201123-5%20Envy%20color%20swatch,,,,,,,,,,,,,,,,,,,,,,,,,,,,,,,,,,,,,,,,,,,,
DB,ppg,PPG 1123-6 Playing Hooky,#8b8c6b,0.630348485617009,0.047169880919583115,109.10339174234355,139,140,107,"[139, 140, 107]",1%,0%,24%,45%,"[1%, 0%, 24%, 45%]",57.50,-4.65,17.60,"[57.50, -4.65, 17.60]",https://www.google.com/search?tbm=isch&q=ppg%20PPG%201123-6%20Playing%20Hooky%20color%20swatch,,,,,,,,,,,,,,,,,,,,,,,,,,,,,,,,,,,,,,,,,,,,
DB,ppg,PPG 1123-7 Rustling Leaves,#6b6d4e,0.5244708251552518,0.046102798204694546,110.95238982671975,107,109,78,"[107, 109, 78]",2%,0%,28%,57%,"[2%, 0%, 28%, 57%]",45.22,-4.93,17.13,"[45.22, -4.93, 17.13]",https://www.google.com/search?tbm=isch&q=ppg%20PPG%201123-7%20Rustling%20Leaves%20color%20swatch,,,,,,,,,,,,,,,,,,,,,,,,,,,,,,,,,,,,,,,,,,,,
DB,ppg,PPG 1124-1 Touch Of Lime,#e1e5d7,0.9149895258510101,0.019205131465342133,119.69419022661043,225,229,215,"[225, 229, 215]",2%,0%,6%,10%,"[2%, 0%, 6%, 10%]",90.34,-3.22,6.37,"[90.34, -3.22, 6.37]",https://www.google.com/search?tbm=isch&q=ppg%20PPG%201124-1%20Touch%20Of%20Lime%20color%20swatch,,,,,,,,,,,,,,,,,,,,,,,,,,,,,,,,,,,,,,,,,,,,
DB,ppg,PPG 1124-2 Pale Vista,#d8dece,0.8915827556322414,0.022469747880094145,123.60090839845583,216,222,206,"[216, 222, 206]",3%,0%,7%,13%,"[3%, 0%, 7%, 13%]",87.67,-4.21,7.15,"[87.67, -4.21, 7.15]",https://www.google.com/search?tbm=isch&q=ppg%20PPG%201124-2%20Pale%20Vista%20color%20swatch,,,,,,,,,,,,,,,,,,,,,,,,,,,,,,,,,,,,,,,,,,,,
DB,ppg,PPG 1124-3 Frosty Pine,#c7cfbe,0.8435834068708289,0.0247681594990784,127.57420055625403,199,207,190,"[199, 207, 190]",4%,0%,8%,19%,"[4%, 0%, 8%, 19%]",82.14,-5.11,7.50,"[82.14, -5.11, 7.50]",https://www.google.com/search?tbm=isch&q=ppg%20PPG%201124-3%20Frosty%20Pine%20color%20swatch,,,,,,,,,,,,,,,,,,,,,,,,,,,,,,,,,,,,,,,,,,,,
DB,ppg,PPG 1124-4 Light Sage,#b2b9a5,0.7746257240003993,0.028853249792306985,122.76022130355295,178,185,165,"[178, 185, 165]",4%,0%,11%,27%,"[4%, 0%, 11%, 27%]",74.17,-5.23,9.32,"[74.17, -5.23, 9.32]",https://www.google.com/search?tbm=isch&q=ppg%20PPG%201124-4%20Light%20Sage%20color%20swatch,,,,,,,,,,,,,,,,,,,,,,,,,,,,,,,,,,,,,,,,,,,,
DB,ppg,PPG 1124-5 Cavern Moss,#92987d,0.6672428509914465,0.03918632527120524,117.62389748431951,146,152,125,"[146, 152, 125]",4%,0%,18%,40%,"[4%, 0%, 18%, 40%]",61.78,-5.90,13.51,"[61.78, -5.90, 13.51]",https://www.google.com/search?tbm=isch&q=ppg%20PPG%201124-5%20Cavern%20Moss%20color%20swatch,,,,,,,,,,,,,,,,,,,,,,,,,,,,,,,,,,,,,,,,,,,,
DB,ppg,PPG 1124-6 Dark Sage,#6d765b,0.550502959194644,0.041770497988405604,122.72602232183766,109,118,91,"[109, 118, 91]",8%,0%,23%,54%,"[8%, 0%, 23%, 54%]",48.29,-7.36,13.75,"[48.29, -7.36, 13.75]",https://www.google.com/search?tbm=isch&q=ppg%20PPG%201124-6%20Dark%20Sage%20color%20swatch,,,,,,,,,,,,,,,,,,,,,,,,,,,,,,,,,,,,,,,,,,,,
DB,ppg,PPG 1124-7 Grape Leaves,#576049,0.47438541040647786,0.03743019739052694,125.14997815335107,87,96,73,"[87, 96, 73]",9%,0%,24%,62%,"[9%, 0%, 24%, 62%]",39.43,-7.06,11.97,"[39.43, -7.06, 11.97]",https://www.google.com/search?tbm=isch&q=ppg%20PPG%201124-7%20Grape%20Leaves%20color%20swatch,,,,,,,,,,,,,,,,,,,,,,,,,,,,,,,,,,,,,,,,,,,,
DB,ppg,PPG 1125-1 Rain Cloud,#e1e1d5,0.9064406428896784,0.016104793629202883,106.64660173093074,225,225,213,"[225, 225, 213]",0%,0%,5%,12%,"[0%, 0%, 5%, 12%]",89.28,-1.56,5.90,"[89.28, -1.56, 5.90]",https://www.google.com/search?tbm=isch&q=ppg%20PPG%201125-1%20Rain%20Cloud%20color%20swatch,,,,,,,,,,,,,,,,,,,,,,,,,,,,,,,,,,,,,,,,,,,,
DB,ppg,PPG 1125-2 White Sage,#d2d4c3,0.8637066908778782,0.023110913460556933,112.27212385734794,210,212,195,"[210, 212, 195]",1%,0%,8%,17%,"[1%, 0%, 8%, 17%]",84.40,-2.93,8.21,"[84.40, -2.93, 8.21]",https://www.google.com/search?tbm=isch&q=ppg%20PPG%201125-2%20White%20Sage%20color%20swatch,,,,,,,,,,,,,,,,,,,,,,,,,,,,,,,,,,,,,,,,,,,,
DB,ppg,PPG 1125-3 Whispering Pine,#c8cab5,0.8316940494461336,0.028688897427309533,111.39590251772734,200,202,181,"[200, 202, 181]",1%,0%,10%,21%,"[1%, 0%, 10%, 21%]",80.73,-3.45,10.29,"[80.73, -3.45, 10.29]",https://www.google.com/search?tbm=isch&q=ppg%20PPG%201125-3%20Whispering%20Pine%20color%20swatch,,,,,,,,,,,,,,,,,,,,,,,,,,,,,,,,,,,,,,,,,,,,
DB,ppg,PPG 1125-4 Olive Sprig,#acaf95,0.7444726055902354,0.036362337143189136,112.60015044323944,172,175,149,"[172, 175, 149]",2%,0%,15%,31%,"[2%, 0%, 15%, 31%]",70.69,-4.51,13.03,"[70.69, -4.51, 13.03]",https://www.google.com/search?tbm=isch&q=ppg%20PPG%201125-4%20Olive%20Sprig%20color%20swatch,,,,,,,,,,,,,,,,,,,,,,,,,,,,,,,,,,,,,,,,,,,,
DB,ppg,PPG 1125-5 Hemlock,#909373,0.6520755410310077,0.04569312549339945,111.99763759350435,144,147,115,"[144, 147, 115]",2%,0%,22%,42%,"[2%, 0%, 22%, 42%]",60.03,-5.33,16.65,"[60.03, -5.33, 16.65]",https://www.google.com/search?tbm=isch&q=ppg%20PPG%201125-5%20Hemlock%20color%20swatch,,,,,,,,,,,,,,,,,,,,,,,,,,,,,,,,,,,,,,,,,,,,
DB,ppg,PPG 1125-6 Toy Tank Green,#6d6f4f,0.5311995377927021,0.04738647807508169,110.880331238932,109,111,79,"[109, 111, 79]",2%,0%,29%,56%,"[2%, 0%, 29%, 56%]",46.00,-5.03,17.63,"[46.00, -5.03, 17.63]",https://www.google.com/search?tbm=isch&q=ppg%20PPG%201125-6%20Toy%20Tank%20Green%20color%20swatch,,,,,,,,,,,,,,,,,,,,,,,,,,,,,,,,,,,,,,,,,,,,
DB,ppg,PPG 1125-7 Pinetop,#57593f,0.45476125988971555,0.04010847716849103,111.54291690186926,87,89,63,"[87, 89, 63]",2%,0%,29%,65%,"[2%, 0%, 29%, 65%]",37.08,-4.43,14.84,"[37.08, -4.43, 14.84]",https://www.google.com/search?tbm=isch&q=ppg%20PPG%201125-7%20Pinetop%20color%20swatch,,,,,,,,,,,,,,,,,,,,,,,,,,,,,,,,,,,,,,,,,,,,
DB,ppg,PPG 1126-1 Sterling Shadow,#e9ebde,0.9349794035188718,0.017431180365637716,113.75196869250595,233,235,222,"[233, 235, 222]",1%,0%,6%,8%,"[1%, 0%, 6%, 8%]",92.63,-2.38,6.10,"[92.63, -2.38, 6.10]",https://www.google.com/search?tbm=isch&q=ppg%20PPG%201126-1%20Sterling%20Shadow%20color%20swatch,,,,,,,,,,,,,,,,,,,,,,,,,,,,,,,,,,,,,,,,,,,,
DB,ppg,PPG 1126-2 Twilight Twist,#e5e6d7,0.9200769251288401,0.020047821039197552,109.82038497194924,229,230,215,"[229, 230, 215]",0%,0%,7%,10%,"[0%, 0%, 7%, 10%]",90.91,-2.28,7.23,"[90.91, -2.28, 7.23]",https://www.google.com/search?tbm=isch&q=ppg%20PPG%201126-2%20Twilight%20Twist%20color%20swatch,,,,,,,,,,,,,,,,,,,,,,,,,,,,,,,,,,,,,,,,,,,,
DB,ppg,PPG 1126-3 Pinch Of Pistachio,#ddddcc,0.8929146106497429,0.022824200735465185,106.8042900387552,221,221,204,"[221, 221, 204]",0%,0%,8%,13%,"[0%, 0%, 8%, 13%]",87.77,-2.19,8.39,"[87.77, -2.19, 8.39]",https://www.google.com/search?tbm=isch&q=ppg%20PPG%201126-3%20Pinch%20Of%20Pistachio%20color%20swatch,,,,,,,,,,,,,,,,,,,,,,,,,,,,,,,,,,,,,,,,,,,,
DB,ppg,PPG 1126-4 Side Kick,#bfc3ae,0.8082448774753486,0.029154083841140696,115.77125121383449,191,195,174,"[191, 195, 174]",2%,0%,11%,24%,"[2%, 0%, 11%, 24%]",78.04,-4.21,10.11,"[78.04, -4.21, 10.11]",https://www.google.com/search?tbm=isch&q=ppg%20PPG%201126-4%20Side%20Kick%20color%20swatch,,,,,,,,,,,,,,,,,,,,,,,,,,,,,,,,,,,,,,,,,,,,
DB,ppg,PPG 1126-5 Zebra Grass,#9da286,0.7004681072015176,0.03991110157983906,115.63709298886693,157,162,134,"[157, 162, 134]",3%,0%,17%,36%,"[3%, 0%, 17%, 36%]",65.63,-5.58,14.00,"[65.63, -5.58, 14.00]",https://www.google.com/search?tbm=isch&q=ppg%20PPG%201126-5%20Zebra%20Grass%20color%20swatch,,,,,,,,,,,,,,,,,,,,,,,,,,,,,,,,,,,,,,,,,,,,
DB,ppg,PPG 1126-6 Pine Garland,#797e65,0.5817393120957939,0.03733122497448896,116.73720740084184,121,126,101,"[121, 126, 101]",4%,0%,20%,51%,"[4%, 0%, 20%, 51%]",51.84,-5.41,13.02,"[51.84, -5.41, 13.02]",https://www.google.com/search?tbm=isch&q=ppg%20PPG%201126-6%20Pine%20Garland%20color%20swatch,,,,,,,,,,,,,,,,,,,,,,,,,,,,,,,,,,,,,,,,,,,,
DB,ppg,PPG 1126-7 All About Olive,#676c58,0.521004464900673,0.031018138117713482,118.86360672977025,103,108,88,"[103, 108, 88]",5%,0%,19%,58%,"[5%, 0%, 19%, 58%]",44.74,-4.88,10.57,"[44.74, -4.88, 10.57]",https://www.google.com/search?tbm=isch&q=ppg%20PPG%201126-7%20All%20About%20Olive%20color%20swatch,,,,,,,,,,,,,,,,,,,,,,,,,,,,,,,,,,,,,,,,,,,,
DB,ppg,PPG 1127-1 Lime Daiquiri,#dde6d7,0.9139712396084555,0.022264663435361078,132.46869643808276,221,230,215,"[221, 230, 215]",4%,0%,7%,10%,"[4%, 0%, 7%, 10%]",90.29,-5.11,6.25,"[90.29, -5.11, 6.25]",https://www.google.com/search?tbm=isch&q=ppg%20PPG%201127-1%20Lime%20Daiquiri%20color%20swatch,,,,,,,,,,,,,,,,,,,,,,,,,,,,,,,,,,,,,,,,,,,,
DB,ppg,PPG 1127-2 Liberated Lime,#d8ddcc,0.889027174766266,0.023491490579209625,120.16939893577279,216,221,204,"[216, 221, 204]",2%,0%,8%,13%,"[2%, 0%, 8%, 13%]",87.38,-3.98,7.77,"[87.38, -3.98, 7.77]",https://www.google.com/search?tbm=isch&q=ppg%20PPG%201127-2%20Liberated%20Lime%20color%20swatch,,,,,,,,,,,,,,,,,,,,,,,,,,,,,,,,,,,,,,,,,,,,
DB,ppg,PPG 1127-3 Merry Music,#ced3c1,0.8580169817678659,0.025003458407561983,119.50998000982133,206,211,193,"[206, 211, 193]",2%,0%,9%,17%,"[2%, 0%, 9%, 17%]",83.79,-4.14,8.34,"[83.79, -4.14, 8.34]",https://www.google.com/search?tbm=isch&q=ppg%20PPG%201127-3%20Merry%20Music%20color%20swatch,,,,,,,,,,,,,,,,,,,,,,,,,,,,,,,,,,,,,,,,,,,,
DB,ppg,PPG 1127-4 Gargoyle,#abb39e,0.7545102240407859,0.030686875285085114,124.11126671423324,171,179,158,"[171, 179, 158]",4%,0%,12%,30%,"[4%, 0%, 12%, 30%]",71.86,-5.77,9.77,"[71.86, -5.77, 9.77]",https://www.google.com/search?tbm=isch&q=ppg%20PPG%201127-4%20Gargoyle%20color%20swatch,,,,,,,,,,,,,,,,,,,,,,,,,,,,,,,,,,,,,,,,,,,,
DB,ppg,PPG 1127-5 Shebang,#81876f,0.6115461252882578,0.03577408463737711,118.84426912937892,129,135,111,"[129, 135, 111]",4%,0%,18%,47%,"[4%, 0%, 18%, 47%]",55.30,-5.63,12.18,"[55.30, -5.63, 12.18]",https://www.google.com/search?tbm=isch&q=ppg%20PPG%201127-5%20Shebang%20color%20swatch,,,,,,,,,,,,,,,,,,,,,,,,,,,,,,,,,,,,,,,,,,,,
DB,ppg,PPG 1127-6 Winning Ticket,#636653,0.5019648837493995,0.029336813123303898,114.72835041149807,99,102,83,"[99, 102, 83]",3%,0%,19%,60%,"[3%, 0%, 19%, 60%]",42.50,-3.94,10.38,"[42.50, -3.94, 10.38]",https://www.google.com/search?tbm=isch&q=ppg%20PPG%201127-6%20Winning%20Ticket%20color%20swatch,,,,,,,,,,,,,,,,,,,,,,,,,,,,,,,,,,,,,,,,,,,,
DB,ppg,PPG 1127-7 Fresh Basil,#5c5f4b,0.4768593587595835,0.031149561084935065,114.4997914321226,92,95,75,"[92, 95, 75]",3%,0%,21%,63%,"[3%, 0%, 21%, 63%]",39.60,-4.11,11.09,"[39.60, -4.11, 11.09]",https://www.google.com/search?tbm=isch&q=ppg%20PPG%201127-7%20Fresh%20Basil%20color%20swatch,,,,,,,,,,,,,,,,,,,,,,,,,,,,,,,,,,,,,,,,,,,,
DB,ppg,PPG 1128-1 Anonymous,#dadcd3,0.8904225313448775,0.012334446645171823,116.7213122043612,218,220,211,"[218, 220, 211]",1%,0%,4%,14%,"[1%, 0%, 4%, 14%]",87.41,-1.89,4.20,"[87.41, -1.89, 4.20]",https://www.google.com/search?tbm=isch&q=ppg%20PPG%201128-1%20Anonymous%20color%20swatch,,,,,,,,,,,,,,,,,,,,,,,,,,,,,,,,,,,,,,,,,,,,
DB,ppg,PPG 1128-2 Frivolous Folly,#cfd2c7,0.8583507461540646,0.015311787718473217,119.05707516574614,207,210,199,"[207, 210, 199]",1%,0%,5%,18%,"[1%, 0%, 5%, 18%]",83.73,-2.53,5.11,"[83.73, -2.53, 5.11]",https://www.google.com/search?tbm=isch&q=ppg%20PPG%201128-2%20Frivolous%20Folly%20color%20swatch,,,,,,,,,,,,,,,,,,,,,,,,,,,,,,,,,,,,,,,,,,,,
DB,ppg,PPG 1128-3 Life Lesson,#c5cabe,0.8317103575482516,0.01733114477605595,125.25406293716907,197,202,190,"[197, 202, 190]",2%,0%,6%,21%,"[2%, 0%, 6%, 21%]",80.67,-3.40,5.39,"[80.67, -3.40, 5.39]",https://www.google.com/search?tbm=isch&q=ppg%20PPG%201128-3%20Life%20Lesson%20color%20swatch,,,,,,,,,,,,,,,,,,,,,,,,,,,,,,,,,,,,,,,,,,,,
DB,ppg,PPG 1128-4 Balsam,#bec4b7,0.8119233314538022,0.01909525011104345,127.1241209111987,190,196,183,"[190, 196, 183]",3%,0%,7%,23%,"[3%, 0%, 7%, 23%]",78.40,-3.91,5.80,"[78.40, -3.91, 5.80]",https://www.google.com/search?tbm=isch&q=ppg%20PPG%201128-4%20Balsam%20color%20swatch,,,,,,,,,,,,,,,,,,,,,,,,,,,,,,,,,,,,,,,,,,,,
DB,ppg,PPG 1128-5 Green Tea Leaf,#939a89,0.6755791108621156,0.025743543640114473,125.33692688618243,147,154,137,"[147, 154, 137]",5%,0%,11%,40%,"[5%, 0%, 11%, 40%]",62.65,-5.01,8.06,"[62.65, -5.01, 8.06]",https://www.google.com/search?tbm=isch&q=ppg%20PPG%201128-5%20Green%20Tea%20Leaf%20color%20swatch,,,,,,,,,,,,,,,,,,,,,,,,,,,,,,,,,,,,,,,,,,,,
DB,ppg,PPG 1128-6 Thyme Green,#737b6c,0.5716387244423898,0.02446580137466911,130.1811967733246,115,123,108,"[115, 123, 108]",7%,0%,12%,52%,"[7%, 0%, 12%, 52%]",50.60,-5.32,7.17,"[50.60, -5.32, 7.17]",https://www.google.com/search?tbm=isch&q=ppg%20PPG%201128-6%20Thyme%20Green%20color%20swatch,,,,,,,,,,,,,,,,,,,,,,,,,,,,,,,,,,,,,,,,,,,,
DB,ppg,PPG 1128-7 Castle Stone,#525746,0.44705129633310997,0.02760736414240587,120.81640036188065,82,87,70,"[82, 87, 70]",6%,0%,20%,66%,"[6%, 0%, 20%, 66%]",36.14,-4.63,9.22,"[36.14, -4.63, 9.22]",https://www.google.com/search?tbm=isch&q=ppg%20PPG%201128-7%20Castle%20Stone%20color%20swatch,,,,,,,,,,,,,,,,,,,,,,,,,,,,,,,,,,,,,,,,,,,,
DB,ppg,PPG 1129-1 Cloudy Day,#dfe6da,0.9162788677339988,0.0177201794062966,131.78882463658653,223,230,218,"[223, 230, 218]",3%,0%,5%,10%,"[3%, 0%, 5%, 10%]",90.50,-4.02,5.02,"[90.50, -4.02, 5.02]",https://www.google.com/search?tbm=isch&q=ppg%20PPG%201129-1%20Cloudy%20Day%20color%20swatch,,,,,,,,,,,,,,,,,,,,,,,,,,,,,,,,,,,,,,,,,,,,
DB,ppg,PPG 1129-2 Falling Star,#cad5c8,0.8609379253082898,0.021324564149882996,140.8141876335685,202,213,200,"[202, 213, 200]",5%,0%,6%,16%,"[5%, 0%, 6%, 16%]",84.14,-5.63,5.11,"[84.14, -5.63, 5.11]",https://www.google.com/search?tbm=isch&q=ppg%20PPG%201129-2%20Falling%20Star%20color%20swatch,,,,,,,,,,,,,,,,,,,,,,,,,,,,,,,,,,,,,,,,,,,,
DB,ppg,PPG 1129-3 Castaway,#cdd4c6,0.8606206272773718,0.020478627074609592,128.65486547852026,205,212,198,"[205, 212, 198]",3%,0%,7%,17%,"[3%, 0%, 7%, 17%]",84.07,-4.34,6.09,"[84.07, -4.34, 6.09]",https://www.google.com/search?tbm=isch&q=ppg%20PPG%201129-3%20Castaway%20color%20swatch,,,,,,,,,,,,,,,,,,,,,,,,,,,,,,,,,,,,,,,,,,,,
DB,ppg,PPG 1129-4 Coastal Crush,#b4c0af,0.7936538090464159,0.027038659607343876,136.2948132088216,180,192,175,"[180, 192, 175]",6%,0%,9%,25%,"[6%, 0%, 9%, 25%]",76.40,-6.64,7.12,"[76.40, -6.64, 7.12]",https://www.google.com/search?tbm=isch&q=ppg%20PPG%201129-4%20Coastal%20Crush%20color%20swatch,,,,,,,,,,,,,,,,,,,,,,,,,,,,,,,,,,,,,,,,,,,,
DB,ppg,PPG 1129-5 Farm Fresh,#8e9b88,0.6735484164408861,0.031204259699315527,135.6248680636395,142,155,136,"[142, 155, 136]",8%,0%,12%,39%,"[8%, 0%, 12%, 39%]",62.52,-7.56,8.35,"[62.52, -7.56, 8.35]",https://www.google.com/search?tbm=isch&q=ppg%20PPG%201129-5%20Farm%20Fresh%20color%20swatch,,,,,,,,,,,,,,,,,,,,,,,,,,,,,,,,,,,,,,,,,,,,
DB,ppg,PPG 1129-6 Lottery Winnings,#768371,0.5939403020474195,0.0308847333018879,136.92029739951465,118,131,113,"[118, 131, 113]",10%,0%,14%,49%,"[10%, 0%, 14%, 49%]",53.28,-7.64,8.08,"[53.28, -7.64, 8.08]",https://www.google.com/search?tbm=isch&q=ppg%20PPG%201129-6%20Lottery%20Winnings%20color%20swatch,,,,,,,,,,,,,,,,,,,,,,,,,,,,,,,,,,,,,,,,,,,,
DB,ppg,PPG 1129-7 Evergreen Boughs,#50594f,0.4528313752168544,0.019611474217919173,142.40723375325308,80,89,79,"[80, 89, 79]",10%,0%,11%,65%,"[10%, 0%, 11%, 65%]",36.78,-5.29,4.55,"[36.78, -5.29, 4.55]",https://www.google.com/search?tbm=isch&q=ppg%20PPG%201129-7%20Evergreen%20Boughs%20color%20swatch,,,,,,,,,,,,,,,,,,,,,,,,,,,,,,,,,,,,,,,,,,,,
DB,ppg,PPG 1130-1 Summer Rain,#e1e8db,0.9220837006956839,0.018906928291397673,130.10171281900432,225,232,219,"[225, 232, 219]",3%,0%,6%,9%,"[3%, 0%, 6%, 9%]",91.19,-4.14,5.50,"[91.19, -4.14, 5.50]",https://www.google.com/search?tbm=isch&q=ppg%20PPG%201130-1%20Summer%20Rain%20color%20swatch,,,,,,,,,,,,,,,,,,,,,,,,,,,,,,,,,,,,,,,,,,,,
DB,ppg,PPG 1130-2 Mint Wafer,#dce5d8,0.9114632393976047,0.019907772172981047,135.74936926847158,220,229,216,"[220, 229, 216]",4%,0%,6%,10%,"[4%, 0%, 6%, 10%]",89.98,-4.86,5.27,"[89.98, -4.86, 5.27]",https://www.google.com/search?tbm=isch&q=ppg%20PPG%201130-2%20Mint%20Wafer%20color%20swatch,,,,,,,,,,,,,,,,,,,,,,,,,,,,,,,,,,,,,,,,,,,,
DB,ppg,PPG 1130-3 St. Augustine,#d0ddcc,0.8829750509641736,0.02688624885107017,138.23722682372363,208,221,204,"[208, 221, 204]",6%,0%,8%,13%,"[6%, 0%, 8%, 13%]",86.77,-6.83,6.81,"[86.77, -6.83, 6.81]",https://www.google.com/search?tbm=isch&q=ppg%20PPG%201130-3%20St.%20Augustine%20color%20swatch,,,,,,,,,,,,,,,,,,,,,,,,,,,,,,,,,,,,,,,,,,,,
DB,ppg,PPG 1130-4 Lime Taffy,#bad1b5,0.8357959204309393,0.04568796977411936,140.0565095976441,186,209,181,"[186, 209, 181]",11%,0%,13%,18%,"[11%, 0%, 13%, 18%]",81.53,-11.90,11.22,"[81.53, -11.90, 11.22]",https://www.google.com/search?tbm=isch&q=ppg%20PPG%201130-4%20Lime%20Taffy%20color%20swatch,,,,,,,,,,,,,,,,,,,,,,,,,,,,,,,,,,,,,,,,,,,,
DB,ppg,PPG 1130-5 Pear Cactus,#91af88,0.7208341192950047,0.06438137520784748,138.50207201782223,145,175,136,"[145, 175, 136]",17%,0%,22%,31%,"[17%, 0%, 22%, 31%]",68.41,-16.28,16.54,"[68.41, -16.28, 16.54]",https://www.google.com/search?tbm=isch&q=ppg%20PPG%201130-5%20Pear%20Cactus%20color%20swatch,,,,,,,,,,,,,,,,,,,,,,,,,,,,,,,,,,,,,,,,,,,,
DB,ppg,PPG 1130-6 Moss Ring,#729067,0.6191191700959248,0.06896057146316663,137.43571252937318,114,144,103,"[114, 144, 103]",21%,0%,28%,44%,"[21%, 0%, 28%, 44%]",56.64,-17.05,18.28,"[56.64, -17.05, 18.28]",https://www.google.com/search?tbm=isch&q=ppg%20PPG%201130-6%20Moss%20Ring%20color%20swatch,,,,,,,,,,,,,,,,,,,,,,,,,,,,,,,,,,,,,,,,,,,,
DB,ppg,PPG 1130-7 Mountain Forest,#4d663e,0.4791596914373283,0.06823014064697576,134.37717241298662,77,102,62,"[77, 102, 62]",25%,0%,39%,60%,"[25%, 0%, 39%, 60%]",40.36,-15.76,19.50,"[40.36, -15.76, 19.50]",https://www.google.com/search?tbm=isch&q=ppg%20PPG%201130-7%20Mountain%20Forest%20color%20swatch,,,,,,,,,,,,,,,,,,,,,,,,,,,,,,,,,,,,,,,,,,,,
DB,ppg,PPG 1131-1 Green Whisper,#e3eee3,0.9377973821422734,0.018735287041257622,145.3231964904345,227,238,227,"[227, 238, 227]",5%,0%,5%,7%,"[5%, 0%, 5%, 7%]",93.03,-5.26,4.02,"[93.03, -5.26, 4.02]",https://www.google.com/search?tbm=isch&q=ppg%20PPG%201131-1%20Green%20Whisper%20color%20swatch,,,,,,,,,,,,,,,,,,,,,,,,,,,,,,,,,,,,,,,,,,,,
DB,ppg,PPG 1131-2 Herbal Mist,#d2e6d3,0.9048355188436669,0.033254894913387865,146.6378692433891,210,230,211,"[210, 230, 211]",9%,0%,8%,10%,"[9%, 0%, 8%, 10%]",89.40,-9.48,6.93,"[89.40, -9.48, 6.93]",https://www.google.com/search?tbm=isch&q=ppg%20PPG%201131-2%20Herbal%20Mist%20color%20swatch,,,,,,,,,,,,,,,,,,,,,,,,,,,,,,,,,,,,,,,,,,,,
DB,ppg,PPG 1131-3 Dreamcatcher,#c8dfc3,0.8789790340759878,0.045137496246365615,140.057316416815,200,223,195,"[200, 223, 195]",10%,0%,13%,13%,"[10%, 0%, 13%, 13%]",86.53,-11.76,11.07,"[86.53, -11.76, 11.07]",https://www.google.com/search?tbm=isch&q=ppg%20PPG%201131-3%20Dreamcatcher%20color%20swatch,,,,,,,,,,,,,,,,,,,,,,,,,,,,,,,,,,,,,,,,,,,,
DB,ppg,PPG 1131-4 French Market,#a2c7a3,0.792888447556195,0.06398851067535424,145.6199425373439,162,199,163,"[162, 199, 163]",19%,0%,18%,22%,"[19%, 0%, 18%, 22%]",76.80,-18.03,13.85,"[76.80, -18.03, 13.85]",https://www.google.com/search?tbm=isch&q=ppg%20PPG%201131-4%20French%20Market%20color%20swatch,,,,,,,,,,,,,,,,,,,,,,,,,,,,,,,,,,,,,,,,,,,,
DB,ppg,PPG 1131-5 Chatty Cricket,#89b386,0.7241634667362876,0.07842592613782881,143.03378728562598,137,179,134,"[137, 179, 134]",23%,0%,25%,30%,"[23%, 0%, 25%, 30%]",68.99,-21.31,18.30,"[68.99, -21.31, 18.30]",https://www.google.com/search?tbm=isch&q=ppg%20PPG%201131-5%20Chatty%20Cricket%20color%20swatch,,,,,,,,,,,,,,,,,,,,,,,,,,,,,,,,,,,,,,,,,,,,
DB,ppg,PPG 1131-6 Succulent Leaves,#658e64,0.6048728988213902,0.07730832354812588,143.9709184541411,101,142,100,"[101, 142, 100]",29%,0%,30%,44%,"[29%, 0%, 30%, 44%]",55.13,-21.30,17.74,"[55.13, -21.30, 17.74]",https://www.google.com/search?tbm=isch&q=ppg%20PPG%201131-6%20Succulent%20Leaves%20color%20swatch,,,,,,,,,,,,,,,,,,,,,,,,,,,,,,,,,,,,,,,,,,,,
DB,ppg,PPG 1131-7 Clover Leaf,#53734c,0.5198791225440071,0.0702237182754163,140.00240108440823,83,115,76,"[83, 115, 76]",28%,0%,34%,55%,"[28%, 0%, 34%, 55%]",45.16,-18.14,17.79,"[45.16, -18.14, 17.79]",https://www.google.com/search?tbm=isch&q=ppg%20PPG%201131-7%20Clover%20Leaf%20color%20swatch,,,,,,,,,,,,,,,,,,,,,,,,,,,,,,,,,,,,,,,,,,,,
DB,ppg,PPG 1132-1 Clair De Lune,#dbe9df,0.9207248915486405,0.020029963121132668,154.78467752914162,219,233,223,"[219, 233, 223]",6%,0%,4%,9%,"[6%, 0%, 4%, 9%]",91.08,-6.18,3.20,"[91.08, -6.18, 3.20]",https://www.google.com/search?tbm=isch&q=ppg%20PPG%201132-1%20Clair%20De%20Lune%20color%20swatch,,,,,,,,,,,,,,,,,,,,,,,,,,,,,,,,,,,,,,,,,,,,
DB,ppg,PPG 1132-2 Solitaire,#c6decf,0.8786101067526678,0.03271220552627692,158.19447981938902,198,222,207,"[198, 222, 207]",11%,0%,7%,13%,"[11%, 0%, 7%, 13%]",86.36,-10.39,4.55,"[86.36, -10.39, 4.55]",https://www.google.com/search?tbm=isch&q=ppg%20PPG%201132-2%20Solitaire%20color%20swatch,,,,,,,,,,,,,,,,,,,,,,,,,,,,,,,,,,,,,,,,,,,,
DB,ppg,PPG 1132-3 Taffy Twist,#aad0ba,0.8239166354409435,0.05065552403909495,159.6416249627914,170,208,186,"[170, 208, 186]",18%,0%,11%,18%,"[18%, 0%, 11%, 18%]",80.26,-16.32,6.60,"[80.26, -16.32, 6.60]",https://www.google.com/search?tbm=isch&q=ppg%20PPG%201132-3%20Taffy%20Twist%20color%20swatch,,,,,,,,,,,,,,,,,,,,,,,,,,,,,,,,,,,,,,,,,,,,
DB,ppg,PPG 1132-4 Grand Gusto,#86bb9d,0.7464599361497367,0.07061467446543955,159.27639683030566,134,187,157,"[134, 187, 157]",28%,0%,16%,27%,"[28%, 0%, 16%, 27%]",71.54,-22.84,9.41,"[71.54, -22.84, 9.41]",https://www.google.com/search?tbm=isch&q=ppg%20PPG%201132-4%20Grand%20Gusto%20color%20swatch,,,,,,,,,,,,,,,,,,,,,,,,,,,,,,,,,,,,,,,,,,,,
DB,ppg,PPG 1132-5 Plumosa,#64a281,0.6605484960656545,0.08154626877662635,159.8122869653041,100,162,129,"[100, 162, 129]",38%,0%,20%,36%,"[38%, 0%, 20%, 36%]",61.71,-26.63,10.64,"[61.71, -26.63, 10.64]",https://www.google.com/search?tbm=isch&q=ppg%20PPG%201132-5%20Plumosa%20color%20swatch,,,,,,,,,,,,,,,,,,,,,,,,,,,,,,,,,,,,,,,,,,,,
DB,ppg,PPG 1132-6 Mallard Green,#478865,0.5733084892379946,0.08688173702525365,158.45757220991732,71,136,101,"[71, 136, 101]",48%,0%,26%,47%,"[48%, 0%, 26%, 47%]",51.66,-28.26,12.15,"[51.66, -28.26, 12.15]",https://www.google.com/search?tbm=isch&q=ppg%20PPG%201132-6%20Mallard%20Green%20color%20swatch,,,,,,,,,,,,,,,,,,,,,,,,,,,,,,,,,,,,,,,,,,,,
DB,ppg,PPG 1132-7 Brunswick,#236649,0.4593077519021147,0.08298574409932992,161.56305747555496,35,102,73,"[35, 102, 73]",66%,0%,28%,60%,"[66%, 0%, 28%, 60%]",38.38,-27.79,9.96,"[38.38, -27.79, 9.96]",https://www.google.com/search?tbm=isch&q=ppg%20PPG%201132-7%20Brunswick%20color%20swatch,,,,,,,,,,,,,,,,,,,,,,,,,,,,,,,,,,,,,,,,,,,,
DB,ppg,PPG 1133-1 Icicle,#dde7df,0.9181556150231671,0.015125550077257612,151.62981939061967,221,231,223,"[221, 231, 223]",4%,0%,3%,9%,"[4%, 0%, 3%, 9%]",90.71,-4.54,2.70,"[90.71, -4.54, 2.70]",https://www.google.com/search?tbm=isch&q=ppg%20PPG%201133-1%20Icicle%20color%20swatch,,,,,,,,,,,,,,,,,,,,,,,,,,,,,,,,,,,,,,,,,,,,
DB,ppg,PPG 1133-2 Tenderness,#c8dbce,0.8735160975449584,0.026969637425842713,155.83671818366054,200,219,206,"[200, 219, 206]",9%,0%,6%,14%,"[9%, 0%, 6%, 14%]",85.69,-8.41,4.14,"[85.69, -8.41, 4.14]",https://www.google.com/search?tbm=isch&q=ppg%20PPG%201133-2%20Tenderness%20color%20swatch,,,,,,,,,,,,,,,,,,,,,,,,,,,,,,,,,,,,,,,,,,,,
DB,ppg,PPG 1133-3 Limelight,#bdd0c3,0.839547074338639,0.027227735669073966,155.80798068406204,189,208,195,"[189, 208, 195]",9%,0%,6%,18%,"[9%, 0%, 6%, 18%]",81.76,-8.49,4.19,"[81.76, -8.49, 4.19]",https://www.google.com/search?tbm=isch&q=ppg%20PPG%201133-3%20Limelight%20color%20swatch,,,,,,,,,,,,,,,,,,,,,,,,,,,,,,,,,,,,,,,,,,,,
DB,ppg,PPG 1133-4 Silver Leaf,#9db7a5,0.7545859718690915,0.038273954385485,155.1273555840936,157,183,165,"[157, 183, 165]",14%,0%,10%,28%,"[14%, 0%, 10%, 28%]",72.05,-11.90,6.06,"[72.05, -11.90, 6.06]",https://www.google.com/search?tbm=isch&q=ppg%20PPG%201133-4%20Silver%20Leaf%20color%20swatch,,,,,,,,,,,,,,,,,,,,,,,,,,,,,,,,,,,,,,,,,,,,
DB,ppg,PPG 1133-5 Slate Green,#7a9682,0.6456788401276314,0.04326042681159806,153.95474003199342,122,150,130,"[122, 150, 130]",19%,0%,13%,41%,"[19%, 0%, 13%, 41%]",59.48,-13.34,7.18,"[59.48, -13.34, 7.18]",https://www.google.com/search?tbm=isch&q=ppg%20PPG%201133-5%20Slate%20Green%20color%20swatch,,,,,,,,,,,,,,,,,,,,,,,,,,,,,,,,,,,,,,,,,,,,
DB,ppg,PPG 1133-6 Painted Turtle,#56745f,0.5291783005068098,0.04784902650810259,153.9840367323652,86,116,95,"[86, 116, 95]",26%,0%,18%,55%,"[26%, 0%, 18%, 55%]",46.02,-14.81,7.97,"[46.02, -14.81, 7.97]",https://www.google.com/search?tbm=isch&q=ppg%20PPG%201133-6%20Painted%20Turtle%20color%20swatch,,,,,,,,,,,,,,,,,,,,,,,,,,,,,,,,,,,,,,,,,,,,
DB,ppg,PPG 1133-7 Royal Hunter Green,#3f5948,0.4375981792306095,0.04203201824291353,155.5971209386786,63,89,72,"[63, 89, 72]",29%,0%,19%,65%,"[29%, 0%, 19%, 65%]",35.32,-13.21,6.59,"[35.32, -13.21, 6.59]",https://www.google.com/search?tbm=isch&q=ppg%20PPG%201133-7%20Royal%20Hunter%20Green%20color%20swatch,,,,,,,,,,,,,,,,,,,,,,,,,,,,,,,,,,,,,,,,,,,,
DB,ppg,PPG 1134-1 Hydrangea Floret,#e6eae0,0.9312252709068924,0.014002215196562908,124.44837379327191,230,234,224,"[230, 234, 224]",2%,0%,4%,8%,"[2%, 0%, 4%, 8%]",92.18,-2.70,4.39,"[92.18, -2.70, 4.39]",https://www.google.com/search?tbm=isch&q=ppg%20PPG%201134-1%20Hydrangea%20Floret%20color%20swatch,,,,,,,,,,,,,,,,,,,,,,,,,,,,,,,,,,,,,,,,,,,,
DB,ppg,PPG 1134-2 Tidal Foam,#e2e8df,0.9239184001624892,0.013629852201353944,134.77177608112993,226,232,223,"[226, 232, 223]",3%,0%,4%,9%,"[3%, 0%, 4%, 9%]",91.34,-3.27,3.67,"[91.34, -3.27, 3.67]",https://www.google.com/search?tbm=isch&q=ppg%20PPG%201134-2%20Tidal%20Foam%20color%20swatch,,,,,,,,,,,,,,,,,,,,,,,,,,,,,,,,,,,,,,,,,,,,
DB,ppg,PPG 1134-3 Pine Frost,#deeae0,0.9252270447998341,0.01848890807560036,150.44166839446007,222,234,224,"[222, 234, 224]",5%,0%,4%,8%,"[5%, 0%, 4%, 8%]",91.58,-5.49,3.43,"[91.58, -5.49, 3.43]",https://www.google.com/search?tbm=isch&q=ppg%20PPG%201134-3%20Pine%20Frost%20color%20swatch,,,,,,,,,,,,,,,,,,,,,,,,,,,,,,,,,,,,,,,,,,,,
DB,ppg,PPG 1134-4 Pine Whisper,#b3c6b9,0.808368506256675,0.027475646379355994,155.77881356191358,179,198,185,"[179, 198, 185]",10%,0%,7%,22%,"[10%, 0%, 7%, 22%]",78.14,-8.57,4.23,"[78.14, -8.57, 4.23]",https://www.google.com/search?tbm=isch&q=ppg%20PPG%201134-4%20Pine%20Whisper%20color%20swatch,,,,,,,,,,,,,,,,,,,,,,,,,,,,,,,,,,,,,,,,,,,,
DB,ppg,PPG 1134-5 Birch Forest,#899a8b,0.6682927787791955,0.029191443900614872,148.5934000727475,137,154,139,"[137, 154, 139]",11%,0%,10%,40%,"[11%, 0%, 10%, 40%]",61.91,-8.51,5.76,"[61.91, -8.51, 5.76]",https://www.google.com/search?tbm=isch&q=ppg%20PPG%201134-5%20Birch%20Forest%20color%20swatch,,,,,,,,,,,,,,,,,,,,,,,,,,,,,,,,,,,,,,,,,,,,
DB,ppg,PPG 1134-6 English Ivy,#6a7b6b,0.5641489086638387,0.03153756421882143,146.71934077353217,106,123,107,"[106, 123, 107]",14%,0%,13%,52%,"[14%, 0%, 13%, 52%]",49.85,-9.00,6.58,"[49.85, -9.00, 6.58]",https://www.google.com/search?tbm=isch&q=ppg%20PPG%201134-6%20English%20Ivy%20color%20swatch,,,,,,,,,,,,,,,,,,,,,,,,,,,,,,,,,,,,,,,,,,,,
DB,ppg,PPG 1134-7 Pine Forest,#415241,0.4186834161426002,0.03505340401005867,144.89712772087307,65,82,65,"[65, 82, 65]",21%,0%,21%,68%,"[21%, 0%, 21%, 68%]",33.02,-9.78,7.74,"[33.02, -9.78, 7.74]",https://www.google.com/search?tbm=isch&q=ppg%20PPG%201134-7%20Pine%20Forest%20color%20swatch,,,,,,,,,,,,,,,,,,,,,,,,,,,,,,,,,,,,,,,,,,,,
DB,ppg,PPG 1135-1 Poetic License,#e4e8e1,0.9259836755558498,0.010286824966588965,131.19692988797203,228,232,225,"[228, 232, 225]",2%,0%,3%,9%,"[2%, 0%, 3%, 9%]",91.54,-2.31,2.93,"[91.54, -2.31, 2.93]",https://www.google.com/search?tbm=isch&q=ppg%20PPG%201135-1%20Poetic%20License%20color%20swatch,,,,,,,,,,,,,,,,,,,,,,,,,,,,,,,,,,,,,,,,,,,,
DB,ppg,PPG 1135-2 Morning Rush,#dee4dc,0.9120413827815769,0.01250825260967784,137.64423491156577,222,228,220,"[222, 228, 220]",3%,0%,4%,11%,"[3%, 0%, 4%, 11%]",89.96,-3.15,3.19,"[89.96, -3.15, 3.19]",https://www.google.com/search?tbm=isch&q=ppg%20PPG%201135-2%20Morning%20Rush%20color%20swatch,,,,,,,,,,,,,,,,,,,,,,,,,,,,,,,,,,,,,,,,,,,,
DB,ppg,PPG 1135-3 Secret Crush,#d7dfd6,0.8950047931632643,0.01486879488419149,142.10431585383526,215,223,214,"[215, 223, 214]",4%,0%,4%,13%,"[4%, 0%, 4%, 13%]",88.01,-4.00,3.45,"[88.01, -4.00, 3.45]",https://www.google.com/search?tbm=isch&q=ppg%20PPG%201135-3%20Secret%20Crush%20color%20swatch,,,,,,,,,,,,,,,,,,,,,,,,,,,,,,,,,,,,,,,,,,,,
DB,ppg,PPG 1135-4 Aquamarine Dream,#b3c4ba,0.804407861668545,0.023214182093778662,160.01996305221564,179,196,186,"[179, 196, 186]",9%,0%,5%,23%,"[9%, 0%, 5%, 23%]",77.63,-7.45,2.96,"[77.63, -7.45, 2.96]",https://www.google.com/search?tbm=isch&q=ppg%20PPG%201135-4%20Aquamarine%20Dream%20color%20swatch,,,,,,,,,,,,,,,,,,,,,,,,,,,,,,,,,,,,,,,,,,,,
DB,ppg,PPG 1135-5 Paradise Found,#83988c,0.6595869731502269,0.0296537258003102,160.4115000615344,131,152,140,"[131, 152, 140]",14%,0%,8%,40%,"[14%, 0%, 8%, 40%]",60.91,-9.57,3.71,"[60.91, -9.57, 3.71]",https://www.google.com/search?tbm=isch&q=ppg%20PPG%201135-5%20Paradise%20Found%20color%20swatch,,,,,,,,,,,,,,,,,,,,,,,,,,,,,,,,,,,,,,,,,,,,
DB,ppg,PPG 1135-6 Calabash Clash,#728478,0.595143639967144,0.02769083149430289,156.2400014197775,114,132,120,"[114, 132, 120]",14%,0%,9%,48%,"[14%, 0%, 9%, 48%]",53.41,-8.68,4.19,"[53.41, -8.68, 4.19]",https://www.google.com/search?tbm=isch&q=ppg%20PPG%201135-6%20Calabash%20Clash%20color%20swatch,,,,,,,,,,,,,,,,,,,,,,,,,,,,,,,,,,,,,,,,,,,,
DB,ppg,PPG 1135-7 Obligation,#54645c,0.48718726148726677,0.023291767542048182,163.7809837382447,84,100,92,"[84, 100, 92]",16%,0%,8%,61%,"[16%, 0%, 8%, 61%]",40.83,-7.67,2.41,"[40.83, -7.67, 2.41]",https://www.google.com/search?tbm=isch&q=ppg%20PPG%201135-7%20Obligation%20color%20swatch,,,,,,,,,,,,,,,,,,,,,,,,,,,,,,,,,,,,,,,,,,,,
DB,ppg,PPG 1136-1 Sea Pearl,#e0e9e4,0.9258012504060752,0.011694005539553033,161.8628077996343,224,233,228,"[224, 233, 228]",4%,0%,2%,9%,"[4%, 0%, 2%, 9%]",91.55,-3.78,1.35,"[91.55, -3.78, 1.35]",https://www.google.com/search?tbm=isch&q=ppg%20PPG%201136-1%20Sea%20Pearl%20color%20swatch,,,,,,,,,,,,,,,,,,,,,,,,,,,,,,,,,,,,,,,,,,,,
DB,ppg,PPG 1136-2 Rainsong,#dee8e3,0.9220248080506329,0.01259085148205649,164.62276863419402,222,232,227,"[222, 232, 227]",4%,0%,2%,9%,"[4%, 0%, 2%, 9%]",91.12,-4.13,1.23,"[91.12, -4.13, 1.23]",https://www.google.com/search?tbm=isch&q=ppg%20PPG%201136-2%20Rainsong%20color%20swatch,,,,,,,,,,,,,,,,,,,,,,,,,,,,,,,,,,,,,,,,,,,,
DB,ppg,PPG 1136-3 Morning Breeze,#d5e3de,0.9038683789246795,0.016401122773958377,172.49043647011308,213,227,222,"[213, 227, 222]",6%,0%,2%,11%,"[6%, 0%, 2%, 11%]",89.06,-5.53,0.76,"[89.06, -5.53, 0.76]",https://www.google.com/search?tbm=isch&q=ppg%20PPG%201136-3%20Morning%20Breeze%20color%20swatch,,,,,,,,,,,,,,,,,,,,,,,,,,,,,,,,,,,,,,,,,,,,
DB,ppg,PPG 1136-4 Blue Shamrock,#bacbc4,0.8271469424722532,0.02085125371289573,169.13185226441033,186,203,196,"[186, 203, 196]",8%,0%,3%,20%,"[8%, 0%, 3%, 20%]",80.23,-6.98,1.43,"[80.23, -6.98, 1.43]",https://www.google.com/search?tbm=isch&q=ppg%20PPG%201136-4%20Blue%20Shamrock%20color%20swatch,,,,,,,,,,,,,,,,,,,,,,,,,,,,,,,,,,,,,,,,,,,,
DB,ppg,PPG 1136-5 Spruce Shade,#91a49d,0.7017546266548255,0.02363167967738924,171.39833898157394,145,164,157,"[145, 164, 157]",12%,0%,4%,36%,"[12%, 0%, 4%, 36%]",65.72,-7.98,1.27,"[65.72, -7.98, 1.27]",https://www.google.com/search?tbm=isch&q=ppg%20PPG%201136-5%20Spruce%20Shade%20color%20swatch,,,,,,,,,,,,,,,,,,,,,,,,,,,,,,,,,,,,,,,,,,,,
DB,ppg,PPG 1136-6 Dwarf Spruce,#71847d,0.5958994561998328,0.0245024353761014,171.17438930222,113,132,125,"[113, 132, 125]",14%,0%,5%,48%,"[14%, 0%, 5%, 48%]",53.45,-8.28,1.36,"[53.45, -8.28, 1.36]",https://www.google.com/search?tbm=isch&q=ppg%20PPG%201136-6%20Dwarf%20Spruce%20color%20swatch,,,,,,,,,,,,,,,,,,,,,,,,,,,,,,,,,,,,,,,,,,,,
DB,ppg,PPG 1136-7 Dark Green Velvet,#4a5b51,0.4535635144422002,0.026501159085741115,159.30550618921518,74,91,81,"[74, 91, 81]",19%,0%,11%,64%,"[19%, 0%, 11%, 64%]",36.97,-8.51,3.51,"[36.97, -8.51, 3.51]",https://www.google.com/search?tbm=isch&q=ppg%20PPG%201136-7%20Dark%20Green%20Velvet%20color%20swatch,,,,,,,,,,,,,,,,,,,,,,,,,,,,,,,,,,,,,,,,,,,,
DB,ppg,PPG 1137-1 Spring Rain,#ecf1ec,0.952959792182112,0.008495529717736091,145.27568162854152,236,241,236,"[236, 241, 236]",2%,0%,2%,5%,"[2%, 0%, 2%, 5%]",94.66,-2.38,1.82,"[94.66, -2.38, 1.82]",https://www.google.com/search?tbm=isch&q=ppg%20PPG%201137-1%20Spring%20Rain%20color%20swatch,,,,,,,,,,,,,,,,,,,,,,,,,,,,,,,,,,,,,,,,,,,,
DB,ppg,PPG 1137-2 Northern Lights,#e6f0ea,0.945940752436359,0.01326594896534515,159.75553468541625,230,240,234,"[230, 240, 234]",4%,0%,3%,6%,"[4%, 0%, 3%, 6%]",93.91,-4.24,1.71,"[93.91, -4.24, 1.71]",https://www.google.com/search?tbm=isch&q=ppg%20PPG%201137-2%20Northern%20Lights%20color%20swatch,,,,,,,,,,,,,,,,,,,,,,,,,,,,,,,,,,,,,,,,,,,,
DB,ppg,PPG 1137-3 Waterscape,#dcece7,0.9297517027530714,0.01822225516263616,175.1853113464207,220,236,231,"[220, 236, 231]",7%,0%,2%,7%,"[7%, 0%, 2%, 7%]",92.09,-6.18,0.52,"[92.09, -6.18, 0.52]",https://www.google.com/search?tbm=isch&q=ppg%20PPG%201137-3%20Waterscape%20color%20swatch,,,,,,,,,,,,,,,,,,,,,,,,,,,,,,,,,,,,,,,,,,,,
DB,ppg,PPG 1137-4 Copenhagen,#adc8c0,0.8103426926501525,0.0311948820479049,175.6715488575876,173,200,192,"[173, 200, 192]",13%,0%,4%,22%,"[13%, 0%, 4%, 22%]",78.40,-10.62,0.80,"[78.40, -10.62, 0.80]",https://www.google.com/search?tbm=isch&q=ppg%20PPG%201137-4%20Copenhagen%20color%20swatch,,,,,,,,,,,,,,,,,,,,,,,,,,,,,,,,,,,,,,,,,,,,
DB,ppg,PPG 1137-5 Silver Laurel,#829f96,0.6777178138002654,0.03490834563175645,174.37509887082877,130,159,150,"[130, 159, 150]",18%,0%,6%,38%,"[18%, 0%, 6%, 38%]",63.07,-11.90,1.19,"[63.07, -11.90, 1.19]",https://www.google.com/search?tbm=isch&q=ppg%20PPG%201137-5%20Silver%20Laurel%20color%20swatch,,,,,,,,,,,,,,,,,,,,,,,,,,,,,,,,,,,,,,,,,,,,
DB,ppg,PPG 1137-6 Salal Leaves,#637d74,0.566418181234293,0.03314649081705793,171.94155579603023,99,125,116,"[99, 125, 116]",21%,0%,7%,51%,"[21%, 0%, 7%, 51%]",50.14,-11.26,1.67,"[50.14, -11.26, 1.67]",https://www.google.com/search?tbm=isch&q=ppg%20PPG%201137-6%20Salal%20Leaves%20color%20swatch,,,,,,,,,,,,,,,,,,,,,,,,,,,,,,,,,,,,,,,,,,,,
DB,ppg,PPG 1137-7 Black Spruce,#395648,0.42558700782411735,0.04188299951408498,163.03539289601224,57,86,72,"[57, 86, 72]",34%,0%,16%,66%,"[34%, 0%, 16%, 66%]",33.93,-13.88,4.57,"[33.93, -13.88, 4.57]",https://www.google.com/search?tbm=isch&q=ppg%20PPG%201137-7%20Black%20Spruce%20color%20swatch,,,,,,,,,,,,,,,,,,,,,,,,,,,,,,,,,,,,,,,,,,,,
DB,ppg,PPG 1138-1 Cactus Blossom,#d8e5dd,0.9098543574778748,0.017552479048535442,158.9803512927224,216,229,221,"[216, 229, 221]",6%,0%,3%,10%,"[6%, 0%, 3%, 10%]",89.78,-5.59,2.35,"[89.78, -5.59, 2.35]",https://www.google.com/search?tbm=isch&q=ppg%20PPG%201138-1%20Cactus%20Blossom%20color%20swatch,,,,,,,,,,,,,,,,,,,,,,,,,,,,,,,,,,,,,,,,,,,,
DB,ppg,PPG 1138-2 Geyser,#c4d7cf,0.8625969187589901,0.023156183141877805,168.5660779021796,196,215,207,"[196, 215, 207]",9%,0%,4%,16%,"[9%, 0%, 4%, 16%]",84.37,-7.74,1.68,"[84.37, -7.74, 1.68]",https://www.google.com/search?tbm=isch&q=ppg%20PPG%201138-2%20Geyser%20color%20swatch,,,,,,,,,,,,,,,,,,,,,,,,,,,,,,,,,,,,,,,,,,,,
DB,ppg,PPG 1138-3 Crystal Oasis,#afc7bf,0.8093213085696344,0.02828826122803435,173.47017920714893,175,199,191,"[175, 199, 191]",12%,0%,4%,22%,"[12%, 0%, 4%, 22%]",78.25,-9.59,1.14,"[78.25, -9.59, 1.14]",https://www.google.com/search?tbm=isch&q=ppg%20PPG%201138-3%20Crystal%20Oasis%20color%20swatch,,,,,,,,,,,,,,,,,,,,,,,,,,,,,,,,,,,,,,,,,,,,
DB,ppg,PPG 1138-4 Donnegal,#8caea3,0.7222873755143425,0.04039809125150685,173.40893824084628,140,174,163,"[140, 174, 163]",20%,0%,6%,32%,"[20%, 0%, 6%, 32%]",68.31,-13.76,1.64,"[68.31, -13.76, 1.64]",https://www.google.com/search?tbm=isch&q=ppg%20PPG%201138-4%20Donnegal%20color%20swatch,,,,,,,,,,,,,,,,,,,,,,,,,,,,,,,,,,,,,,,,,,,,
DB,ppg,PPG 1138-5 Pine Ridge,#6d9185,0.6260087001784619,0.04401438691365457,172.31202474030988,109,145,133,"[109, 145, 133]",25%,0%,8%,43%,"[25%, 0%, 8%, 43%]",57.19,-15.01,2.11,"[57.19, -15.01, 2.11]",https://www.google.com/search?tbm=isch&q=ppg%20PPG%201138-5%20Pine%20Ridge%20color%20swatch,,,,,,,,,,,,,,,,,,,,,,,,,,,,,,,,,,,,,,,,,,,,
DB,ppg,PPG 1138-6 Christmas Ivy,#477266,0.5167748027393746,0.05178193779585786,174.5855630912797,71,114,102,"[71, 114, 102]",38%,0%,11%,55%,"[38%, 0%, 11%, 55%]",44.62,-17.84,1.71,"[44.62, -17.84, 1.71]",https://www.google.com/search?tbm=isch&q=ppg%20PPG%201138-6%20Christmas%20Ivy%20color%20swatch,,,,,,,,,,,,,,,,,,,,,,,,,,,,,,,,,,,,,,,,,,,,
DB,ppg,PPG 1138-7 Midnight Clover,#3c574e,0.43214362303947534,0.03578975012761037,171.8540372043518,60,87,78,"[60, 87, 78]",31%,0%,10%,66%,"[31%, 0%, 10%, 66%]",34.60,-12.23,1.82,"[34.60, -12.23, 1.82]",https://www.google.com/search?tbm=isch&q=ppg%20PPG%201138-7%20Midnight%20Clover%20color%20swatch,,,,,,,,,,,,,,,,,,,,,,,,,,,,,,,,,,,,,,,,,,,,
DB,ppg,PPG 1139-1 Summer Breeze,#d3e5db,0.9056584135556477,0.023416116141790958,161.61751620591474,211,229,219,"[211, 229, 219]",8%,0%,4%,10%,"[8%, 0%, 4%, 10%]",89.37,-7.59,2.75,"[89.37, -7.59, 2.75]",https://www.google.com/search?tbm=isch&q=ppg%20PPG%201139-1%20Summer%20Breeze%20color%20swatch,,,,,,,,,,,,,,,,,,,,,,,,,,,,,,,,,,,,,,,,,,,,
DB,ppg,PPG 1139-2 Malted Mint,#bfd6c8,0.8549716592471925,0.031249254667133006,158.9254915169447,191,214,200,"[191, 214, 200]",11%,0%,7%,16%,"[11%, 0%, 7%, 16%]",83.60,-9.97,4.20,"[83.60, -9.97, 4.20]",https://www.google.com/search?tbm=isch&q=ppg%20PPG%201139-2%20Malted%20Mint%20color%20swatch,,,,,,,,,,,,,,,,,,,,,,,,,,,,,,,,,,,,,,,,,,,,
DB,ppg,PPG 1139-3 Green Silk,#a2c2b0,0.7852348714939366,0.04284832948451548,160.57550491781558,162,194,176,"[162, 194, 176]",16%,0%,9%,24%,"[16%, 0%, 9%, 24%]",75.67,-13.87,5.33,"[75.67, -13.87, 5.33]",https://www.google.com/search?tbm=isch&q=ppg%20PPG%201139-3%20Green%20Silk%20color%20swatch,,,,,,,,,,,,,,,,,,,,,,,,,,,,,,,,,,,,,,,,,,,,
DB,ppg,PPG 1139-4 Catnip,#80aa95,0.701322837047028,0.054898556154013255,162.86333700475495,128,170,149,"[128, 170, 149]",25%,0%,12%,33%,"[25%, 0%, 12%, 33%]",66.09,-18.10,6.03,"[66.09, -18.10, 6.03]",https://www.google.com/search?tbm=isch&q=ppg%20PPG%201139-4%20Catnip%20color%20swatch,,,,,,,,,,,,,,,,,,,,,,,,,,,,,,,,,,,,,,,,,,,,
DB,ppg,PPG 1139-5 Sheffield,#638f7b,0.6119689629205645,0.057150226481849344,164.63900331352943,99,143,123,"[99, 143, 123]",31%,0%,14%,44%,"[31%, 0%, 14%, 44%]",55.75,-19.08,5.63,"[55.75, -19.08, 5.63]",https://www.google.com/search?tbm=isch&q=ppg%20PPG%201139-5%20Sheffield%20color%20swatch,,,,,,,,,,,,,,,,,,,,,,,,,,,,,,,,,,,,,,,,,,,,
DB,ppg,PPG 1139-6 Country Club,#3d6c54,0.4901907121002999,0.06502676288602567,160.43121989783504,61,108,84,"[61, 108, 84]",44%,0%,22%,58%,"[44%, 0%, 22%, 58%]",41.73,-21.37,8.23,"[41.73, -21.37, 8.23]",https://www.google.com/search?tbm=isch&q=ppg%20PPG%201139-6%20Country%20Club%20color%20swatch,,,,,,,,,,,,,,,,,,,,,,,,,,,,,,,,,,,,,,,,,,,,
DB,ppg,PPG 1139-7 Billiard Green,#305a4a,0.4317187490838333,0.054697960967190526,167.21311804706124,48,90,74,"[48, 90, 74]",47%,0%,18%,65%,"[47%, 0%, 18%, 65%]",34.81,-18.62,4.48,"[34.81, -18.62, 4.48]",https://www.google.com/search?tbm=isch&q=ppg%20PPG%201139-7%20Billiard%20Green%20color%20swatch,,,,,,,,,,,,,,,,,,,,,,,,,,,,,,,,,,,,,,,,,,,,
DB,ppg,PPG 1140-1 Echo,#d7e7e0,0.9140245171925491,0.019442380424974138,167.79656127193778,215,231,224,"[215, 231, 224]",7%,0%,3%,9%,"[7%, 0%, 3%, 9%]",90.29,-6.48,1.50,"[90.29, -6.48, 1.50]",https://www.google.com/search?tbm=isch&q=ppg%20PPG%201140-1%20Echo%20color%20swatch,,,,,,,,,,,,,,,,,,,,,,,,,,,,,,,,,,,,,,,,,,,,
DB,ppg,PPG 1140-2 Sweet Nothings,#bbdbd0,0.8649767765256836,0.03708300394226724,172.59397922247513,187,219,208,"[187, 219, 208]",15%,0%,5%,14%,"[15%, 0%, 5%, 14%]",84.82,-12.58,1.70,"[84.82, -12.58, 1.70]",https://www.google.com/search?tbm=isch&q=ppg%20PPG%201140-2%20Sweet%20Nothings%20color%20swatch,,,,,,,,,,,,,,,,,,,,,,,,,,,,,,,,,,,,,,,,,,,,
DB,ppg,PPG 1140-3 Tarreyton,#a1cdbf,0.8129226793535385,0.0503626757857349,173.5371027973108,161,205,191,"[161, 205, 191]",21%,0%,7%,20%,"[21%, 0%, 7%, 20%]",78.96,-17.18,2.00,"[78.96, -17.18, 2.00]",https://www.google.com/search?tbm=isch&q=ppg%20PPG%201140-3%20Tarreyton%20color%20swatch,,,,,,,,,,,,,,,,,,,,,,,,,,,,,,,,,,,,,,,,,,,,
DB,ppg,PPG 1140-4 Key Largo,#7fb6a4,0.7327246440302417,0.06342441714565553,172.0821927282891,127,182,164,"[127, 182, 164]",30%,0%,10%,29%,"[30%, 0%, 10%, 29%]",69.83,-21.70,3.14,"[69.83, -21.70, 3.14]",https://www.google.com/search?tbm=isch&q=ppg%20PPG%201140-4%20Key%20Largo%20color%20swatch,,,,,,,,,,,,,,,,,,,,,,,,,,,,,,,,,,,,,,,,,,,,
DB,ppg,PPG 1140-5 Derby Green,#599c89,0.6424476312019801,0.07485345895843988,173.5709493216608,89,156,137,"[89, 156, 137]",43%,0%,12%,39%,"[43%, 0%, 12%, 39%]",59.50,-25.86,2.97,"[59.50, -25.86, 2.97]",https://www.google.com/search?tbm=isch&q=ppg%20PPG%201140-5%20Derby%20Green%20color%20swatch,,,,,,,,,,,,,,,,,,,,,,,,,,,,,,,,,,,,,,,,,,,,
DB,ppg,PPG 1140-6 Pinehurst,#2b7b66,0.5281265586286775,0.08445336518938588,172.4250710964875,43,123,102,"[43, 123, 102]",65%,0%,17%,52%,"[65%, 0%, 17%, 52%]",46.37,-29.44,4.01,"[46.37, -29.44, 4.01]",https://www.google.com/search?tbm=isch&q=ppg%20PPG%201140-6%20Pinehurst%20color%20swatch,,,,,,,,,,,,,,,,,,,,,,,,,,,,,,,,,,,,,,,,,,,,
DB,ppg,PPG 1140-7 Peacock Green,#006a50,0.4658217919535964,0.09372811474332512,168.5459972374806,0,106,80,"[0, 106, 80]",100%,0%,25%,58%,"[100%, 0%, 25%, 58%]",39.27,-32.71,6.89,"[39.27, -32.71, 6.89]",https://www.google.com/search?tbm=isch&q=ppg%20PPG%201140-7%20Peacock%20Green%20color%20swatch,,,,,,,,,,,,,,,,,,,,,,,,,,,,,,,,,,,,,,,,,,,,
DB,ppg,PPG 1141-1 Ice Floe,#d8e7e1,0.9150313558267406,0.01788085117856082,169.9453920404219,216,231,225,"[216, 231, 225]",6%,0%,3%,9%,"[6%, 0%, 3%, 9%]",90.38,-6.00,1.13,"[90.38, -6.00, 1.13]",https://www.google.com/search?tbm=isch&q=ppg%20PPG%201141-1%20Ice%20Floe%20color%20swatch,,,,,,,,,,,,,,,,,,,,,,,,,,,,,,,,,,,,,,,,,,,,
DB,ppg,PPG 1141-2 Green Wave,#c3dcd5,0.8740038454111902,0.02827347665702872,176.895910342123,195,220,213,"[195, 220, 213]",11%,0%,3%,14%,"[11%, 0%, 3%, 14%]",85.75,-9.62,0.49,"[85.75, -9.62, 0.49]",https://www.google.com/search?tbm=isch&q=ppg%20PPG%201141-2%20Green%20Wave%20color%20swatch,,,,,,,,,,,,,,,,,,,,,,,,,,,,,,,,,,,,,,,,,,,,
DB,ppg,PPG 1141-3 Cassiopeia,#aed0c9,0.8307886639749268,0.03744272675340652,181.45134340757625,174,208,201,"[174, 208, 201]",16%,0%,3%,18%,"[16%, 0%, 3%, 18%]",80.84,-12.76,-0.47,"[80.84, -12.76, -0.47]",https://www.google.com/search?tbm=isch&q=ppg%20PPG%201141-3%20Cassiopeia%20color%20swatch,,,,,,,,,,,,,,,,,,,,,,,,,,,,,,,,,,,,,,,,,,,,
DB,ppg,PPG 1141-4 Caribbean Green,#89bab2,0.751926121062711,0.053002812435929206,183.68819432004602,137,186,178,"[137, 186, 178]",26%,0%,4%,27%,"[26%, 0%, 4%, 27%]",71.87,-18.09,-1.45,"[71.87, -18.09, -1.45]",https://www.google.com/search?tbm=isch&q=ppg%20PPG%201141-4%20Caribbean%20Green%20color%20swatch,,,,,,,,,,,,,,,,,,,,,,,,,,,,,,,,,,,,,,,,,,,,
DB,ppg,PPG 1141-5 Treasure Isle,#609d91,0.6508449245946301,0.06622439168004862,180.18194682579576,96,157,145,"[96, 157, 145]",39%,0%,8%,38%,"[39%, 0%, 8%, 38%]",60.33,-22.85,-0.27,"[60.33, -22.85, -0.27]",https://www.google.com/search?tbm=isch&q=ppg%20PPG%201141-5%20Treasure%20Isle%20color%20swatch,,,,,,,,,,,,,,,,,,,,,,,,,,,,,,,,,,,,,,,,,,,,
DB,ppg,PPG 1141-6 Carlisle,#45867c,0.5739351866291877,0.06886430343926248,182.63528633688497,69,134,124,"[69, 134, 124]",49%,0%,7%,47%,"[49%, 0%, 7%, 47%]",51.42,-23.76,-1.38,"[51.42, -23.76, -1.38]",https://www.google.com/search?tbm=isch&q=ppg%20PPG%201141-6%20Carlisle%20color%20swatch,,,,,,,,,,,,,,,,,,,,,,,,,,,,,,,,,,,,,,,,,,,,
DB,ppg,PPG 1141-7 Deep Veridian,#116356,0.45003357356157353,0.07690522979469151,178.95096961857303,17,99,86,"[17, 99, 86]",83%,0%,13%,61%,"[83%, 0%, 13%, 61%]",37.18,-26.97,0.33,"[37.18, -26.97, 0.33]",https://www.google.com/search?tbm=isch&q=ppg%20PPG%201141-7%20Deep%20Veridian%20color%20swatch,,,,,,,,,,,,,,,,,,,,,,,,,,,,,,,,,,,,,,,,,,,,
DB,ppg,PPG 1142-1 Peaceful Night,#d6e7e3,0.9141480841954818,0.018848417434269037,180.13878654560858,214,231,227,"[214, 231, 227]",7%,0%,2%,9%,"[7%, 0%, 2%, 9%]",90.28,-6.40,-0.08,"[90.28, -6.40, -0.08]",https://www.google.com/search?tbm=isch&q=ppg%20PPG%201142-1%20Peaceful%20Night%20color%20swatch,,,,,,,,,,,,,,,,,,,,,,,,,,,,,,,,,,,,,,,,,,,,
DB,ppg,PPG 1142-2 Big Sky,#cde2de,0.8960551951859829,0.02297451099144514,183.04274777419278,205,226,222,"[205, 226, 222]",9%,0%,2%,11%,"[9%, 0%, 2%, 11%]",88.22,-7.79,-0.54,"[88.22, -7.79, -0.54]",https://www.google.com/search?tbm=isch&q=ppg%20PPG%201142-2%20Big%20Sky%20color%20swatch,,,,,,,,,,,,,,,,,,,,,,,,,,,,,,,,,,,,,,,,,,,,
DB,ppg,PPG 1142-3 Veridian Green,#bcd7d4,0.8583875340489832,0.029068548834837084,188.43300334802382,188,215,212,"[188, 215, 212]",13%,0%,1%,16%,"[13%, 0%, 1%, 16%]",83.91,-9.75,-1.70,"[83.91, -9.75, -1.70]",https://www.google.com/search?tbm=isch&q=ppg%20PPG%201142-3%20Veridian%20Green%20color%20swatch,,,,,,,,,,,,,,,,,,,,,,,,,,,,,,,,,,,,,,,,,,,,
DB,ppg,PPG 1142-4 Pitter Patter,#9bc2bd,0.7843448103600976,0.04218578409838171,186.70848814498913,155,194,189,"[155, 194, 189]",20%,0%,3%,24%,"[20%, 0%, 3%, 24%]",75.48,-14.26,-1.99,"[75.48, -14.26, -1.99]",https://www.google.com/search?tbm=isch&q=ppg%20PPG%201142-4%20Pitter%20Patter%20color%20swatch,,,,,,,,,,,,,,,,,,,,,,,,,,,,,,,,,,,,,,,,,,,,
DB,ppg,PPG 1142-5 Catalina,#72a49f,0.6818387753845699,0.05378670045956385,188.14868997114763,114,164,159,"[114, 164, 159]",30%,0%,3%,36%,"[30%, 0%, 3%, 36%]",63.72,-18.15,-3.03,"[63.72, -18.15, -3.03]",https://www.google.com/search?tbm=isch&q=ppg%20PPG%201142-5%20Catalina%20color%20swatch,,,,,,,,,,,,,,,,,,,,,,,,,,,,,,,,,,,,,,,,,,,,
DB,ppg,PPG 1142-6 Jericho Jade,#4d8681,0.5794222587618096,0.060748707031634715,188.3932730095587,77,134,129,"[77, 134, 129]",43%,0%,4%,47%,"[43%, 0%, 4%, 47%]",51.92,-20.55,-3.50,"[51.92, -20.55, -3.50]",https://www.google.com/search?tbm=isch&q=ppg%20PPG%201142-6%20Jericho%20Jade%20color%20swatch,,,,,,,,,,,,,,,,,,,,,,,,,,,,,,,,,,,,,,,,,,,,
DB,ppg,PPG 1142-7 Empress Teal,#10605a,0.4427835859723638,0.07240260128567477,187.07896808873966,16,96,90,"[16, 96, 90]",83%,0%,6%,62%,"[83%, 0%, 6%, 62%]",36.21,-24.83,-3.52,"[36.21, -24.83, -3.52]",https://www.google.com/search?tbm=isch&q=ppg%20PPG%201142-7%20Empress%20Teal%20color%20swatch,,,,,,,,,,,,,,,,,,,,,,,,,,,,,,,,,,,,,,,,,,,,
DB,ppg,PPG 1143-1 Delicate Mist,#e1ebe5,0.9308371191397683,0.013318388700674947,159.7520313030234,225,235,229,"[225, 235, 229]",4%,0%,3%,8%,"[4%, 0%, 3%, 8%]",92.16,-4.26,1.72,"[92.16, -4.26, 1.72]",https://www.google.com/search?tbm=isch&q=ppg%20PPG%201143-1%20Delicate%20Mist%20color%20swatch,,,,,,,,,,,,,,,,,,,,,,,,,,,,,,,,,,,,,,,,,,,,
DB,ppg,PPG 1143-2 Blue Lullaby,#c8d7d2,0.8663625468278225,0.01754312529199762,173.88103164857068,200,215,210,"[200, 215, 210]",7%,0%,2%,16%,"[7%, 0%, 2%, 16%]",84.73,-5.94,0.66,"[84.73, -5.94, 0.66]",https://www.google.com/search?tbm=isch&q=ppg%20PPG%201143-2%20Blue%20Lullaby%20color%20swatch,,,,,,,,,,,,,,,,,,,,,,,,,,,,,,,,,,,,,,,,,,,,
DB,ppg,PPG 1143-3 Sea Sprite,#b7ccc7,0.8279400587916027,0.023747289544495027,179.74235665369383,183,204,199,"[183, 204, 199]",10%,0%,2%,20%,"[10%, 0%, 2%, 20%]",80.34,-8.08,-0.03,"[80.34, -8.08, -0.03]",https://www.google.com/search?tbm=isch&q=ppg%20PPG%201143-3%20Sea%20Sprite%20color%20swatch,,,,,,,,,,,,,,,,,,,,,,,,,,,,,,,,,,,,,,,,,,,,
DB,ppg,PPG 1143-4 Parakeet Pete,#94b1a9,0.7361975188660084,0.033809923206855844,176.75147966401607,148,177,169,"[148, 177, 169]",16%,0%,5%,31%,"[16%, 0%, 5%, 31%]",69.83,-11.54,0.62,"[69.83, -11.54, 0.62]",https://www.google.com/search?tbm=isch&q=ppg%20PPG%201143-4%20Parakeet%20Pete%20color%20swatch,,,,,,,,,,,,,,,,,,,,,,,,,,,,,,,,,,,,,,,,,,,,
DB,ppg,PPG 1143-5 Yucca,#75978f,0.6483921825173732,0.03964492840734408,178.9459617914025,117,151,143,"[117, 151, 143]",23%,0%,5%,41%,"[23%, 0%, 5%, 41%]",59.71,-13.57,0.16,"[59.71, -13.57, 0.16]",https://www.google.com/search?tbm=isch&q=ppg%20PPG%201143-5%20Yucca%20color%20swatch,,,,,,,,,,,,,,,,,,,,,,,,,,,,,,,,,,,,,,,,,,,,
DB,ppg,PPG 1143-6 Smoky Emerald,#4c726b,0.5213554182608016,0.044482298652714476,181.69160844922476,76,114,107,"[76, 114, 107]",33%,0%,6%,55%,"[33%, 0%, 6%, 55%]",45.03,-15.27,-0.63,"[45.03, -15.27, -0.63]",https://www.google.com/search?tbm=isch&q=ppg%20PPG%201143-6%20Smoky%20Emerald%20color%20swatch,,,,,,,,,,,,,,,,,,,,,,,,,,,,,,,,,,,,,,,,,,,,
DB,ppg,PPG 1143-7 Holly Leaf,#2e5a50,0.43262309240591906,0.052047699068039244,177.19801145193003,46,90,80,"[46, 90, 80]",49%,0%,11%,65%,"[49%, 0%, 11%, 65%]",34.85,-18.05,0.82,"[34.85, -18.05, 0.82]",https://www.google.com/search?tbm=isch&q=ppg%20PPG%201143-7%20Holly%20Leaf%20color%20swatch,,,,,,,,,,,,,,,,,,,,,,,,,,,,,,,,,,,,,,,,,,,,
DB,ppg,PPG 1144-1 Morning Fog,#d0dbd7,0.8819040500244539,0.013029136779758742,172.17636840582816,208,219,215,"[208, 219, 215]",5%,0%,2%,14%,"[5%, 0%, 2%, 14%]",86.47,-4.39,0.63,"[86.47, -4.39, 0.63]",https://www.google.com/search?tbm=isch&q=ppg%20PPG%201144-1%20Morning%20Fog%20color%20swatch,,,,,,,,,,,,,,,,,,,,,,,,,,,,,,,,,,,,,,,,,,,,
DB,ppg,PPG 1144-2 Thunder Bay,#cbd9d7,0.8741158893124509,0.015323707807534961,186.53041153520735,203,217,215,"[203, 217, 215]",6%,0%,1%,15%,"[6%, 0%, 1%, 15%]",85.58,-5.16,-0.71,"[85.58, -5.16, -0.71]",https://www.google.com/search?tbm=isch&q=ppg%20PPG%201144-2%20Thunder%20Bay%20color%20swatch,,,,,,,,,,,,,,,,,,,,,,,,,,,,,,,,,,,,,,,,,,,,
DB,ppg,PPG 1144-3 Babbling Brook,#becfcd,0.8410358320265092,0.018620795234864502,188.21942719204037,190,207,205,"[190, 207, 205]",8%,0%,1%,19%,"[8%, 0%, 1%, 19%]",81.78,-6.24,-1.07,"[81.78, -6.24, -1.07]",https://www.google.com/search?tbm=isch&q=ppg%20PPG%201144-3%20Babbling%20Brook%20color%20swatch,,,,,,,,,,,,,,,,,,,,,,,,,,,,,,,,,,,,,,,,,,,,
DB,ppg,PPG 1144-4 Holly Glen,#a2b7b5,0.7627906078329151,0.023298644529219148,189.65071101250237,162,183,181,"[162, 183, 181]",11%,0%,1%,28%,"[11%, 0%, 1%, 28%]",72.75,-7.78,-1.55,"[72.75, -7.78, -1.55]",https://www.google.com/search?tbm=isch&q=ppg%20PPG%201144-4%20Holly%20Glen%20color%20swatch,,,,,,,,,,,,,,,,,,,,,,,,,,,,,,,,,,,,,,,,,,,,
DB,ppg,PPG 1144-5 Green Granite,#7c9793,0.6544115713373965,0.0309379255691845,185.44076215624307,124,151,147,"[124, 151, 147]",18%,0%,3%,41%,"[18%, 0%, 3%, 41%]",60.28,-10.48,-1.20,"[60.28, -10.48, -1.20]",https://www.google.com/search?tbm=isch&q=ppg%20PPG%201144-5%20Green%20Granite%20color%20swatch,,,,,,,,,,,,,,,,,,,,,,,,,,,,,,,,,,,,,,,,,,,,
DB,ppg,PPG 1144-6 Evening Emerald,#56736f,0.5316044667760115,0.03421505865387351,185.7122227278046,86,115,111,"[86, 115, 111]",25%,0%,3%,55%,"[25%, 0%, 3%, 55%]",46.08,-11.61,-1.39,"[46.08, -11.61, -1.39]",https://www.google.com/search?tbm=isch&q=ppg%20PPG%201144-6%20Evening%20Emerald%20color%20swatch,,,,,,,,,,,,,,,,,,,,,,,,,,,,,,,,,,,,,,,,,,,,
DB,ppg,PPG 1144-7 Crystal Ball,#365955,0.436045013720968,0.041182109811695414,186.61249845199973,54,89,85,"[54, 89, 85]",39%,0%,4%,65%,"[39%, 0%, 4%, 65%]",35.07,-14.00,-1.90,"[35.07, -14.00, -1.90]",https://www.google.com/search?tbm=isch&q=ppg%20PPG%201144-7%20Crystal%20Ball%20color%20swatch,,,,,,,,,,,,,,,,,,,,,,,,,,,,,,,,,,,,,,,,,,,,
DB,ppg,PPG 1145-1 Rain Drop,#e7eee8,0.9421403968427418,0.010912726221236856,149.67395973012668,231,238,232,"[231, 238, 232]",3%,0%,3%,7%,"[3%, 0%, 3%, 7%]",93.44,-3.21,2.07,"[93.44, -3.21, 2.07]",https://www.google.com/search?tbm=isch&q=ppg%20PPG%201145-1%20Rain%20Drop%20color%20swatch,,,,,,,,,,,,,,,,,,,,,,,,,,,,,,,,,,,,,,,,,,,,
DB,ppg,PPG 1145-2 Jack Frost,#dae6e3,0.9150362985894969,0.013425090580788614,179.2999885283382,218,230,227,"[218, 230, 227]",5%,0%,1%,10%,"[5%, 0%, 1%, 10%]",90.31,-4.56,0.02,"[90.31, -4.56, 0.02]",https://www.google.com/search?tbm=isch&q=ppg%20PPG%201145-2%20Jack%20Frost%20color%20swatch,,,,,,,,,,,,,,,,,,,,,,,,,,,,,,,,,,,,,,,,,,,,
DB,ppg,PPG 1145-3 Cave Pearl,#d6e5e2,0.9097988477367284,0.016490769502122582,182.5697688570491,214,229,226,"[214, 229, 226]",7%,0%,1%,10%,"[7%, 0%, 1%, 10%]",89.74,-5.59,-0.33,"[89.74, -5.59, -0.33]",https://www.google.com/search?tbm=isch&q=ppg%20PPG%201145-3%20Cave%20Pearl%20color%20swatch,,,,,,,,,,,,,,,,,,,,,,,,,,,,,,,,,,,,,,,,,,,,
DB,ppg,PPG 1145-4 Blue Willow,#a8bbba,0.7772252797350723,0.02094693331302752,192.81213364704377,168,187,186,"[168, 187, 186]",10%,0%,1%,27%,"[10%, 0%, 1%, 27%]",74.39,-6.91,-1.82,"[74.39, -6.91, -1.82]",https://www.google.com/search?tbm=isch&q=ppg%20PPG%201145-4%20Blue%20Willow%20color%20swatch,,,,,,,,,,,,,,,,,,,,,,,,,,,,,,,,,,,,,,,,,,,,
DB,ppg,PPG 1145-5 Scarborough,#809391,0.6475997333083221,0.021925412387423054,188.85493249512217,128,147,145,"[128, 147, 145]",13%,0%,1%,42%,"[13%, 0%, 1%, 42%]",59.38,-7.35,-1.35,"[59.38, -7.35, -1.35]",https://www.google.com/search?tbm=isch&q=ppg%20PPG%201145-5%20Scarborough%20color%20swatch,,,,,,,,,,,,,,,,,,,,,,,,,,,,,,,,,,,,,,,,,,,,
DB,ppg,PPG 1145-6 Juniper Berry,#576b6b,0.5114870917100793,0.023899026960821558,196.38723173831295,87,107,107,"[87, 107, 107]",19%,0%,0%,58%,"[19%, 0%, 0%, 58%]",43.58,-7.74,-2.61,"[43.58, -7.74, -2.61]",https://www.google.com/search?tbm=isch&q=ppg%20PPG%201145-6%20Juniper%20Berry%20color%20swatch,,,,,,,,,,,,,,,,,,,,,,,,,,,,,,,,,,,,,,,,,,,,
DB,ppg,PPG 1145-7 Night Watch,#3c504f,0.4142225206006596,0.024834940576454762,192.38824369599786,60,80,79,"[60, 80, 79]",25%,0%,1%,69%,"[25%, 0%, 1%, 69%]",32.33,-8.22,-2.08,"[32.33, -8.22, -2.08]",https://www.google.com/search?tbm=isch&q=ppg%20PPG%201145-7%20Night%20Watch%20color%20swatch,,,,,,,,,,,,,,,,,,,,,,,,,,,,,,,,,,,,,,,,,,,,
DB,ppg,PPG 1146-1 Mild Mint,#dce6e3,0.9165155413436166,0.011416723482427716,176.12101255645098,220,230,227,"[220, 230, 227]",4%,0%,1%,10%,"[4%, 0%, 1%, 10%]",90.46,-3.87,0.26,"[90.46, -3.87, 0.26]",https://www.google.com/search?tbm=isch&q=ppg%20PPG%201146-1%20Mild%20Mint%20color%20swatch,,,,,,,,,,,,,,,,,,,,,,,,,,,,,,,,,,,,,,,,,,,,
DB,ppg,PPG 1146-2 Spring Mist,#d3e0de,0.8963026431422535,0.014194023258801177,185.79372920616788,211,224,222,"[211, 224, 222]",6%,0%,1%,12%,"[6%, 0%, 1%, 12%]",88.14,-4.78,-0.59,"[88.14, -4.78, -0.59]",https://www.google.com/search?tbm=isch&q=ppg%20PPG%201146-2%20Spring%20Mist%20color%20swatch,,,,,,,,,,,,,,,,,,,,,,,,,,,,,,,,,,,,,,,,,,,,
DB,ppg,PPG 1146-3 Julep Green,#c7dbd9,0.8759118886682884,0.0215716760438187,189.4297231460356,199,219,217,"[199, 219, 217]",9%,0%,1%,14%,"[9%, 0%, 1%, 14%]",85.85,-7.21,-1.41,"[85.85, -7.21, -1.41]",https://www.google.com/search?tbm=isch&q=ppg%20PPG%201146-3%20Julep%20Green%20color%20swatch,,,,,,,,,,,,,,,,,,,,,,,,,,,,,,,,,,,,,,,,,,,,
DB,ppg,PPG 1146-4 Frosty Glade,#a0c0bf,0.7838965660911502,0.03451153293511382,194.09030290612986,160,192,191,"[160, 192, 191]",17%,0%,1%,25%,"[17%, 0%, 1%, 25%]",75.31,-11.32,-3.27,"[75.31, -11.32, -3.27]",https://www.google.com/search?tbm=isch&q=ppg%20PPG%201146-4%20Frosty%20Glade%20color%20swatch,,,,,,,,,,,,,,,,,,,,,,,,,,,,,,,,,,,,,,,,,,,,
DB,ppg,PPG 1146-5 Palmetto,#6d9a9b,0.6542136638636927,0.048647511774845685,197.741247840921,109,154,155,"[109, 154, 155]",30%,1%,0%,39%,"[30%, 1%, 0%, 39%]",60.39,-15.60,-5.69,"[60.39, -15.60, -5.69]",https://www.google.com/search?tbm=isch&q=ppg%20PPG%201146-5%20Palmetto%20color%20swatch,,,,,,,,,,,,,,,,,,,,,,,,,,,,,,,,,,,,,,,,,,,,
DB,ppg,PPG 1146-6 Lucky Shamrock,#487a7b,0.5447384975560707,0.054018766244759084,197.30777778042886,72,122,123,"[72, 122, 123]",41%,1%,0%,52%,"[41%, 1%, 0%, 52%]",47.74,-17.37,-6.15,"[47.74, -17.37, -6.15]",https://www.google.com/search?tbm=isch&q=ppg%20PPG%201146-6%20Lucky%20Shamrock%20color%20swatch,,,,,,,,,,,,,,,,,,,,,,,,,,,,,,,,,,,,,,,,,,,,
DB,ppg,PPG 1146-7 Emerald Pool,#155e60,0.44054954019833265,0.06794778453468991,197.72905990260756,21,94,96,"[21, 94, 96]",78%,2%,0%,62%,"[78%, 2%, 0%, 62%]",35.79,-21.74,-7.82,"[35.79, -21.74, -7.82]",https://www.google.com/search?tbm=isch&q=ppg%20PPG%201146-7%20Emerald%20Pool%20color%20swatch,,,,,,,,,,,,,,,,,,,,,,,,,,,,,,,,,,,,,,,,,,,,
DB,ppg,PPG 1147-1 Cameo Green,#dce6e5,0.9170852580548298,0.010777366953296773,189.63962204472318,220,230,229,"[220, 230, 229]",4%,0%,0%,10%,"[4%, 0%, 0%, 10%]",90.51,-3.59,-0.72,"[90.51, -3.59, -0.72]",https://www.google.com/search?tbm=isch&q=ppg%20PPG%201147-1%20Cameo%20Green%20color%20swatch,,,,,,,,,,,,,,,,,,,,,,,,,,,,,,,,,,,,,,,,,,,,
DB,ppg,PPG 1147-2 Mountain Dew,#cfe2e0,0.8980574188762781,0.02041779253417913,189.0904878845223,207,226,224,"[207, 226, 224]",8%,0%,1%,11%,"[8%, 0%, 1%, 11%]",88.41,-6.83,-1.29,"[88.41, -6.83, -1.29]",https://www.google.com/search?tbm=isch&q=ppg%20PPG%201147-2%20Mountain%20Dew%20color%20swatch,,,,,,,,,,,,,,,,,,,,,,,,,,,,,,,,,,,,,,,,,,,,
DB,ppg,PPG 1147-3 Misty Aqua,#bcdbdb,0.8688590838074811,0.03279076748667045,196.51317655525338,188,219,219,"[188, 219, 219]",14%,0%,0%,14%,"[14%, 0%, 0%, 14%]",85.13,-10.60,-3.62,"[85.13, -10.60, -3.62]",https://www.google.com/search?tbm=isch&q=ppg%20PPG%201147-3%20Misty%20Aqua%20color%20swatch,,,,,,,,,,,,,,,,,,,,,,,,,,,,,,,,,,,,,,,,,,,,
DB,ppg,PPG 1147-4 Aqua Fiesta,#8cc3c3,0.7792396921399085,0.05701472921930361,196.01623278187083,140,195,195,"[140, 195, 195]",28%,0%,0%,24%,"[28%, 0%, 0%, 24%]",74.99,-18.50,-6.07,"[74.99, -18.50, -6.07]",https://www.google.com/search?tbm=isch&q=ppg%20PPG%201147-4%20Aqua%20Fiesta%20color%20swatch,,,,,,,,,,,,,,,,,,,,,,,,,,,,,,,,,,,,,,,,,,,,
DB,ppg,PPG 1147-5 Teal Bayou,#57a1a0,0.661093185572758,0.07401658886226832,194.34831041342136,87,161,160,"[87, 161, 160]",46%,0%,1%,37%,"[46%, 0%, 1%, 37%]",61.48,-24.29,-7.05,"[61.48, -24.29, -7.05]",https://www.google.com/search?tbm=isch&q=ppg%20PPG%201147-5%20Teal%20Bayou%20color%20swatch,,,,,,,,,,,,,,,,,,,,,,,,,,,,,,,,,,,,,,,,,,,,
DB,ppg,PPG 1147-6 Jade Jewel,#247e81,0.543416837678282,0.08161214816312236,198.29272912078056,36,126,129,"[36, 126, 129]",72%,2%,0%,49%,"[72%, 2%, 0%, 49%]",47.85,-25.98,-9.68,"[47.85, -25.98, -9.68]",https://www.google.com/search?tbm=isch&q=ppg%20PPG%201147-6%20Jade%20Jewel%20color%20swatch,,,,,,,,,,,,,,,,,,,,,,,,,,,,,,,,,,,,,,,,,,,,
DB,ppg,PPG 1147-7 Tahitian Treat,#00686d,0.4703823447766238,0.07997551604003572,200.58139639096214,0,104,109,"[0, 104, 109]",100%,5%,0%,57%,"[100%, 5%, 0%, 57%]",39.33,-24.87,-10.54,"[39.33, -24.87, -10.54]",https://www.google.com/search?tbm=isch&q=ppg%20PPG%201147-7%20Tahitian%20Treat%20color%20swatch,,,,,,,,,,,,,,,,,,,,,,,,,,,,,,,,,,,,,,,,,,,,
DB,ppg,PPG 1148-1 Meadowsweet Mist,#d4e3e2,0.9042826000045566,0.016078365335779228,191.94633581254698,212,227,226,"[212, 227, 226]",7%,0%,0%,11%,"[7%, 0%, 0%, 11%]",89.08,-5.32,-1.31,"[89.08, -5.32, -1.31]",https://www.google.com/search?tbm=isch&q=ppg%20PPG%201148-1%20Meadowsweet%20Mist%20color%20swatch,,,,,,,,,,,,,,,,,,,,,,,,,,,,,,,,,,,,,,,,,,,,
DB,ppg,PPG 1148-2 Pistachio Cream,#d5e2e1,0.9026954889420198,0.013982913548218035,191.24234889148022,213,226,225,"[213, 226, 225]",6%,0%,0%,11%,"[6%, 0%, 0%, 11%]",88.87,-4.64,-1.08,"[88.87, -4.64, -1.08]",https://www.google.com/search?tbm=isch&q=ppg%20PPG%201148-2%20Pistachio%20Cream%20color%20swatch,,,,,,,,,,,,,,,,,,,,,,,,,,,,,,,,,,,,,,,,,,,,
DB,ppg,PPG 1148-3 Cosmic Rays,#cadada,0.8763096603059781,0.017203279320580467,196.7482452212522,202,218,218,"[202, 218, 218]",7%,0%,0%,15%,"[7%, 0%, 0%, 15%]",85.83,-5.56,-1.93,"[85.83, -5.56, -1.93]",https://www.google.com/search?tbm=isch&q=ppg%20PPG%201148-3%20Cosmic%20Rays%20color%20swatch,,,,,,,,,,,,,,,,,,,,,,,,,,,,,,,,,,,,,,,,,,,,
DB,ppg,PPG 1148-4 Colonial Aqua,#a1bdbf,0.7780922536599144,0.03053559076290915,201.79211372408872,161,189,191,"[161, 189, 191]",16%,1%,0%,25%,"[16%, 1%, 0%, 25%]",74.55,-9.52,-4.36,"[74.55, -9.52, -4.36]",https://www.google.com/search?tbm=isch&q=ppg%20PPG%201148-4%20Colonial%20Aqua%20color%20swatch,,,,,,,,,,,,,,,,,,,,,,,,,,,,,,,,,,,,,,,,,,,,
DB,ppg,PPG 1148-5 Cathedral Glass,#7a999c,0.6605141038075952,0.03478444626965286,203.60315800760077,122,153,156,"[122, 153, 156]",22%,2%,0%,39%,"[22%, 2%, 0%, 39%]",60.94,-10.66,-5.33,"[60.94, -10.66, -5.33]",https://www.google.com/search?tbm=isch&q=ppg%20PPG%201148-5%20Cathedral%20Glass%20color%20swatch,,,,,,,,,,,,,,,,,,,,,,,,,,,,,,,,,,,,,,,,,,,,
DB,ppg,PPG 1148-6 Vining Ivy,#4b7378,0.5278416455029958,0.04539765179688577,205.77749942782634,75,115,120,"[75, 115, 120]",37%,4%,0%,53%,"[37%, 4%, 0%, 53%]",45.63,-13.54,-7.48,"[45.63, -13.54, -7.48]",https://www.google.com/search?tbm=isch&q=ppg%20PPG%201148-6%20Vining%20Ivy%20color%20swatch,,,,,,,,,,,,,,,,,,,,,,,,,,,,,,,,,,,,,,,,,,,,
DB,ppg,PPG 1148-7 Deep Emerald,#2a545c,0.41896515166537096,0.04860313684856073,211.38723659412972,42,84,92,"[42, 84, 92]",54%,9%,0%,64%,"[54%, 9%, 0%, 64%]",32.96,-13.40,-9.46,"[32.96, -13.40, -9.46]",https://www.google.com/search?tbm=isch&q=ppg%20PPG%201148-7%20Deep%20Emerald%20color%20swatch,,,,,,,,,,,,,,,,,,,,,,,,,,,,,,,,,,,,,,,,,,,,
DB,ppg,PPG 1149-1 Alpine Blue,#dbe4e5,0.9123242154258374,0.009755835536576734,204.7535663513528,219,228,229,"[219, 228, 229]",4%,0%,0%,10%,"[4%, 0%, 0%, 10%]",89.92,-2.98,-1.58,"[89.92, -2.98, -1.58]",https://www.google.com/search?tbm=isch&q=ppg%20PPG%201149-1%20Alpine%20Blue%20color%20swatch,,,,,,,,,,,,,,,,,,,,,,,,,,,,,,,,,,,,,,,,,,,,
DB,ppg,PPG 1149-2 High Sierra,#cedee2,0.8897576045841524,0.018026659779049308,214.31409943110953,206,222,226,"[206, 222, 226]",9%,2%,0%,11%,"[9%, 2%, 0%, 11%]",87.34,-4.96,-3.89,"[87.34, -4.96, -3.89]",https://www.google.com/search?tbm=isch&q=ppg%20PPG%201149-2%20High%20Sierra%20color%20swatch,,,,,,,,,,,,,,,,,,,,,,,,,,,,,,,,,,,,,,,,,,,,
DB,ppg,PPG 1149-3 Scandinavian Sky,#c2d3d6,0.8549100267221311,0.01884521875954759,209.35752631538605,194,211,214,"[194, 211, 214]",9%,1%,0%,16%,"[9%, 1%, 0%, 16%]",83.33,-5.49,-3.55,"[83.33, -5.49, -3.55]",https://www.google.com/search?tbm=isch&q=ppg%20PPG%201149-3%20Scandinavian%20Sky%20color%20swatch,,,,,,,,,,,,,,,,,,,,,,,,,,,,,,,,,,,,,,,,,,,,
DB,ppg,PPG 1149-4 Mountain Stream,#96afb7,0.7375969172080594,0.029908995124119618,219.03166116134707,150,175,183,"[150, 175, 183]",18%,4%,0%,28%,"[18%, 4%, 0%, 28%]",69.75,-7.62,-7.14,"[69.75, -7.62, -7.14]",https://www.google.com/search?tbm=isch&q=ppg%20PPG%201149-4%20Mountain%20Stream%20color%20swatch,,,,,,,,,,,,,,,,,,,,,,,,,,,,,,,,,,,,,,,,,,,,
DB,ppg,PPG 1149-5 Baritone,#708e95,0.6262164822187273,0.03536434735290156,213.49405729269938,112,142,149,"[112, 142, 149]",25%,5%,0%,42%,"[25%, 5%, 0%, 42%]",56.90,-9.70,-7.39,"[56.90, -9.70, -7.39]",https://www.google.com/search?tbm=isch&q=ppg%20PPG%201149-5%20Baritone%20color%20swatch,,,,,,,,,,,,,,,,,,,,,,,,,,,,,,,,,,,,,,,,,,,,
DB,ppg,PPG 1149-6 Azalea Leaf,#4a6871,0.49733398205968465,0.03774574178880339,218.31272953317375,74,104,113,"[74, 104, 113]",35%,8%,0%,56%,"[35%, 8%, 0%, 56%]",41.92,-9.54,-8.79,"[41.92, -9.54, -8.79]",https://www.google.com/search?tbm=isch&q=ppg%20PPG%201149-6%20Azalea%20Leaf%20color%20swatch,,,,,,,,,,,,,,,,,,,,,,,,,,,,,,,,,,,,,,,,,,,,
DB,ppg,PPG 1149-7 Blue Bayberry,#2d5360,0.41957995108966906,0.048331220235782735,222.19835989003582,45,83,96,"[45, 83, 96]",53%,14%,0%,62%,"[53%, 14%, 0%, 62%]",32.91,-11.04,-12.04,"[32.91, -11.04, -12.04]",https://www.google.com/search?tbm=isch&q=ppg%20PPG%201149-7%20Blue%20Bayberry%20color%20swatch,,,,,,,,,,,,,,,,,,,,,,,,,,,,,,,,,,,,,,,,,,,,
DB,ppg,PPG 1150-1 Aqua Sparkle,#d3e4e6,0.906758044852582,0.018336178947814637,205.22831270424706,211,228,230,"[211, 228, 230]",8%,1%,0%,10%,"[8%, 1%, 0%, 10%]",89.35,-5.57,-3.01,"[89.35, -5.57, -3.01]",https://www.google.com/search?tbm=isch&q=ppg%20PPG%201150-1%20Aqua%20Sparkle%20color%20swatch,,,,,,,,,,,,,,,,,,,,,,,,,,,,,,,,,,,,,,,,,,,,
DB,ppg,PPG 1150-2 Water Lily,#cee0e3,0.8941339074489562,0.019677773776909973,208.6771377055111,206,224,227,"[206, 224, 227]",9%,1%,0%,11%,"[9%, 1%, 0%, 11%]",87.88,-5.78,-3.63,"[87.88, -5.78, -3.63]",https://www.google.com/search?tbm=isch&q=ppg%20PPG%201150-2%20Water%20Lily%20color%20swatch,,,,,,,,,,,,,,,,,,,,,,,,,,,,,,,,,,,,,,,,,,,,
DB,ppg,PPG 1150-3 Everglade Mist,#b7d7de,0.8580258258416081,0.03527034830396003,212.3573406729315,183,215,222,"[183, 215, 222]",18%,3%,0%,13%,"[18%, 3%, 0%, 13%]",83.80,-9.87,-7.19,"[83.80, -9.87, -7.19]",https://www.google.com/search?tbm=isch&q=ppg%20PPG%201150-3%20Everglade%20Mist%20color%20swatch,,,,,,,,,,,,,,,,,,,,,,,,,,,,,,,,,,,,,,,,,,,,
DB,ppg,PPG 1150-4 Kingston Aqua,#8fbcc4,0.7657914644697332,0.04894320869475102,209.6120002042287,143,188,196,"[143, 188, 196]",27%,4%,0%,23%,"[27%, 4%, 0%, 23%]",73.23,-14.06,-9.17,"[73.23, -14.06, -9.17]",https://www.google.com/search?tbm=isch&q=ppg%20PPG%201150-4%20Kingston%20Aqua%20color%20swatch,,,,,,,,,,,,,,,,,,,,,,,,,,,,,,,,,,,,,,,,,,,,
DB,ppg,PPG 1150-5 Acapulco Cliffs,#4e9aa8,0.6431697775783768,0.07780007390771364,211.03736071907906,78,154,168,"[78, 154, 168]",54%,8%,0%,34%,"[54%, 8%, 0%, 34%]",59.19,-21.52,-14.99,"[59.19, -21.52, -14.99]",https://www.google.com/search?tbm=isch&q=ppg%20PPG%201150-5%20Acapulco%20Cliffs%20color%20swatch,,,,,,,,,,,,,,,,,,,,,,,,,,,,,,,,,,,,,,,,,,,,
DB,ppg,PPG 1150-6 Bermuda,#1b7d8d,0.5437181497995741,0.08759982841189784,211.5335145465475,27,125,141,"[27, 125, 141]",81%,11%,0%,45%,"[81%, 11%, 0%, 45%]",47.70,-23.66,-16.96,"[47.70, -23.66, -16.96]",https://www.google.com/search?tbm=isch&q=ppg%20PPG%201150-6%20Bermuda%20color%20swatch,,,,,,,,,,,,,,,,,,,,,,,,,,,,,,,,,,,,,,,,,,,,
DB,ppg,PPG 1150-7 Caribbean Splash,#00697c,0.4797355053519508,0.08515503434927105,215.90549217753505,0,105,124,"[0, 105, 124]",100%,15%,0%,51%,"[100%, 15%, 0%, 51%]",40.16,-21.10,-18.35,"[40.16, -21.10, -18.35]",https://www.google.com/search?tbm=isch&q=ppg%20PPG%201150-7%20Caribbean%20Splash%20color%20swatch,,,,,,,,,,,,,,,,,,,,,,,,,,,,,,,,,,,,,,,,,,,,
DB,ppg,PPG 1151-1 Beachcomber,#d9e4e5,0.9108402930523861,0.01186795677181486,203.33266317605137,217,228,229,"[217, 228, 229]",5%,0%,0%,10%,"[5%, 0%, 0%, 10%]",89.77,-3.66,-1.82,"[89.77, -3.66, -1.82]",https://www.google.com/search?tbm=isch&q=ppg%20PPG%201151-1%20Beachcomber%20color%20swatch,,,,,,,,,,,,,,,,,,,,,,,,,,,,,,,,,,,,,,,,,,,,
DB,ppg,PPG 1151-2 Embellishment,#cbdee2,0.8876007029478962,0.021056822890915802,211.69880842483337,203,222,226,"[203, 222, 226]",10%,2%,0%,11%,"[10%, 2%, 0%, 11%]",87.13,-5.98,-4.24,"[87.13, -5.98, -4.24]",https://www.google.com/search?tbm=isch&q=ppg%20PPG%201151-2%20Embellishment%20color%20swatch,,,,,,,,,,,,,,,,,,,,,,,,,,,,,,,,,,,,,,,,,,,,
DB,ppg,PPG 1151-3 Midsummer's Dream,#b4d0d9,0.8397317870336433,0.03250513948121437,219.09762126596695,180,208,217,"[180, 208, 217]",17%,4%,0%,15%,"[17%, 4%, 0%, 15%]",81.61,-8.28,-7.78,"[81.61, -8.28, -7.78]",https://www.google.com/search?tbm=isch&q=ppg%20PPG%201151-3%20Midsummer's%20Dream%20color%20swatch,,,,,,,,,,,,,,,,,,,,,,,,,,,,,,,,,,,,,,,,,,,,
DB,ppg,PPG 1151-4 Crystal Lake,#88b5c4,0.7460351663031772,0.052453923539448506,220.36120352058322,136,181,196,"[136, 181, 196]",31%,8%,0%,23%,"[31%, 8%, 0%, 23%]",70.84,-12.84,-12.76,"[70.84, -12.84, -12.76]",https://www.google.com/search?tbm=isch&q=ppg%20PPG%201151-4%20Crystal%20Lake%20color%20swatch,,,,,,,,,,,,,,,,,,,,,,,,,,,,,,,,,,,,,,,,,,,,
DB,ppg,PPG 1151-5 Aqua Blue,#5e97a9,0.6438710456601296,0.06542969240479231,220.006465607275,94,151,169,"[94, 151, 169]",44%,11%,0%,34%,"[44%, 11%, 0%, 34%]",59.05,-15.78,-15.67,"[59.05, -15.78, -15.67]",https://www.google.com/search?tbm=isch&q=ppg%20PPG%201151-5%20Aqua%20Blue%20color%20swatch,,,,,,,,,,,,,,,,,,,,,,,,,,,,,,,,,,,,,,,,,,,,
DB,ppg,PPG 1151-6 Adventure,#34788c,0.5374728896613427,0.07465378511301618,220.1127038750451,52,120,140,"[52, 120, 140]",63%,14%,0%,45%,"[63%, 14%, 0%, 45%]",46.73,-17.48,-17.76,"[46.73, -17.48, -17.76]",https://www.google.com/search?tbm=isch&q=ppg%20PPG%201151-6%20Adventure%20color%20swatch,,,,,,,,,,,,,,,,,,,,,,,,,,,,,,,,,,,,,,,,,,,,
DB,ppg,PPG 1151-7 Jamaican Dream,#04627a,0.4605144196685165,0.08424879353285851,222.49399155184005,4,98,122,"[4, 98, 122]",97%,20%,0%,52%,"[97%, 20%, 0%, 52%]",37.77,-17.97,-20.79,"[37.77, -17.97, -20.79]",https://www.google.com/search?tbm=isch&q=ppg%20PPG%201151-7%20Jamaican%20Dream%20color%20swatch,,,,,,,,,,,,,,,,,,,,,,,,,,,,,,,,,,,,,,,,,,,,
DB,ppg,PPG 1152-1 Subtle Blue,#d9e3e5,0.9088276317390084,0.011080903257270572,210.9129220276228,217,227,229,"[217, 227, 229]",5%,1%,0%,10%,"[5%, 1%, 0%, 10%]",89.51,-3.18,-2.19,"[89.51, -3.18, -2.19]",https://www.google.com/search?tbm=isch&q=ppg%20PPG%201152-1%20Subtle%20Blue%20color%20swatch,,,,,,,,,,,,,,,,,,,,,,,,,,,,,,,,,,,,,,,,,,,,
DB,ppg,PPG 1152-2 Breakwater,#d1dee4,0.8925421697308792,0.016236123394396798,226.93131802671496,209,222,228,"[209, 222, 228]",8%,3%,0%,11%,"[8%, 3%, 0%, 11%]",87.61,-3.65,-4.52,"[87.61, -3.65, -4.52]",https://www.google.com/search?tbm=isch&q=ppg%20PPG%201152-2%20Breakwater%20color%20swatch,,,,,,,,,,,,,,,,,,,,,,,,,,,,,,,,,,,,,,,,,,,,
DB,ppg,PPG 1152-3 Graceful,#a8c0ce,0.7941889095246384,0.03285916239674856,233.40058612340033,168,192,206,"[168, 192, 206]",18%,7%,0%,19%,"[18%, 7%, 0%, 19%]",76.22,-6.22,-9.94,"[76.22, -6.22, -9.94]",https://www.google.com/search?tbm=isch&q=ppg%20PPG%201152-3%20Graceful%20color%20swatch,,,,,,,,,,,,,,,,,,,,,,,,,,,,,,,,,,,,,,,,,,,,
DB,ppg,PPG 1152-4 Americana,#7f9daf,0.6795185533840986,0.04270630385870303,234.5723457692086,127,157,175,"[127, 157, 175]",27%,10%,0%,31%,"[27%, 10%, 0%, 31%]",62.92,-7.61,-13.01,"[62.92, -7.61, -13.01]",https://www.google.com/search?tbm=isch&q=ppg%20PPG%201152-4%20Americana%20color%20swatch,,,,,,,,,,,,,,,,,,,,,,,,,,,,,,,,,,,,,,,,,,,,
DB,ppg,PPG 1152-5 Granite Falls,#638496,0.5949040751047374,0.04632846352787355,232.3680269621227,99,132,150,"[99, 132, 150]",34%,12%,0%,41%,"[34%, 12%, 0%, 41%]",53.13,-8.61,-13.67,"[53.13, -8.61, -13.67]",https://www.google.com/search?tbm=isch&q=ppg%20PPG%201152-5%20Granite%20Falls%20color%20swatch,,,,,,,,,,,,,,,,,,,,,,,,,,,,,,,,,,,,,,,,,,,,
DB,ppg,PPG 1152-6 Brigade,#365d73,0.4588433723307258,0.05698535684889077,234.61857807330466,54,93,115,"[54, 93, 115]",53%,19%,0%,55%,"[53%, 19%, 0%, 55%]",37.31,-9.23,-17.08,"[37.31, -9.23, -17.08]",https://www.google.com/search?tbm=isch&q=ppg%20PPG%201152-6%20Brigade%20color%20swatch,,,,,,,,,,,,,,,,,,,,,,,,,,,,,,,,,,,,,,,,,,,,
DB,ppg,PPG 1152-7 Shimmering Sea,#2b526a,0.4207122696626396,0.05973972976862906,237.4929977072211,43,82,106,"[43, 82, 106]",59%,23%,0%,58%,"[59%, 23%, 0%, 58%]",32.83,-8.41,-18.42,"[32.83, -8.41, -18.42]",https://www.google.com/search?tbm=isch&q=ppg%20PPG%201152-7%20Shimmering%20Sea%20color%20swatch,,,,,,,,,,,,,,,,,,,,,,,,,,,,,,,,,,,,,,,,,,,,
DB,ppg,PPG 1153-1 Ice Castles,#e8efec,0.9459911080707143,0.008437665279525688,168.50345389885365,232,239,236,"[232, 239, 236]",3%,0%,1%,6%,"[3%, 0%, 1%, 6%]",93.85,-2.81,0.61,"[93.85, -2.81, 0.61]",https://www.google.com/search?tbm=isch&q=ppg%20PPG%201153-1%20Ice%20Castles%20color%20swatch,,,,,,,,,,,,,,,,,,,,,,,,,,,,,,,,,,,,,,,,,,,,
DB,ppg,PPG 1153-2 Artemesia,#e3ebea,0.9337296662945389,0.008633647527067925,187.88745003256054,227,235,234,"[227, 235, 234]",3%,0%,0%,8%,"[3%, 0%, 0%, 8%]",92.41,-2.89,-0.48,"[92.41, -2.89, -0.48]",https://www.google.com/search?tbm=isch&q=ppg%20PPG%201153-2%20Artemesia%20color%20swatch,,,,,,,,,,,,,,,,,,,,,,,,,,,,,,,,,,,,,,,,,,,,
DB,ppg,PPG 1153-3 Blue Smoke,#d7e0e2,0.9004264525219934,0.010074604261740495,212.39136423583454,215,224,226,"[215, 224, 226]",5%,1%,0%,11%,"[5%, 1%, 0%, 11%]",88.53,-2.85,-2.07,"[88.53, -2.85, -2.07]",https://www.google.com/search?tbm=isch&q=ppg%20PPG%201153-3%20Blue%20Smoke%20color%20swatch,,,,,,,,,,,,,,,,,,,,,,,,,,,,,,,,,,,,,,,,,,,,
DB,ppg,PPG 1153-4 Chambray,#adbfc8,0.7936877333803917,0.023537426150007913,229.13521421984774,173,191,200,"[173, 191, 200]",13%,4%,0%,22%,"[13%, 4%, 0%, 22%]",76.16,-5.00,-6.75,"[76.16, -5.00, -6.75]",https://www.google.com/search?tbm=isch&q=ppg%20PPG%201153-4%20Chambray%20color%20swatch,,,,,,,,,,,,,,,,,,,,,,,,,,,,,,,,,,,,,,,,,,,,
DB,ppg,PPG 1153-5 Chalky Blue,#7b8f99,0.6376042514582938,0.02741390329269156,229.36818465912904,123,143,153,"[123, 143, 153]",20%,7%,0%,40%,"[20%, 7%, 0%, 40%]",58.06,-5.72,-7.85,"[58.06, -5.72, -7.85]",https://www.google.com/search?tbm=isch&q=ppg%20PPG%201153-5%20Chalky%20Blue%20color%20swatch,,,,,,,,,,,,,,,,,,,,,,,,,,,,,,,,,,,,,,,,,,,,
DB,ppg,PPG 1153-6 Silent Night,#526771,0.5003754179795081,0.029790045955828442,228.44685704250264,82,103,113,"[82, 103, 113]",27%,9%,0%,56%,"[27%, 9%, 0%, 56%]",42.16,-6.24,-8.37,"[42.16, -6.24, -8.37]",https://www.google.com/search?tbm=isch&q=ppg%20PPG%201153-6%20Silent%20Night%20color%20swatch,,,,,,,,,,,,,,,,,,,,,,,,,,,,,,,,,,,,,,,,,,,,
DB,ppg,PPG 1153-7 Sailor's Coat,#334b58,0.3986492553207491,0.03673498840243175,232.5529199480012,51,75,88,"[51, 75, 88]",42%,15%,0%,65%,"[42%, 15%, 0%, 65%]",30.33,-6.67,-10.82,"[30.33, -6.67, -10.82]",https://www.google.com/search?tbm=isch&q=ppg%20PPG%201153-7%20Sailor's%20Coat%20color%20swatch,,,,,,,,,,,,,,,,,,,,,,,,,,,,,,,,,,,,,,,,,,,,
DB,ppg,PPG 1154-1 Shooting Star,#ecf0eb,0.9507039731417475,0.00788434093601369,139.20064120587307,236,240,235,"[236, 240, 235]",2%,0%,2%,6%,"[2%, 0%, 2%, 6%]",94.38,-2.04,1.95,"[94.38, -2.04, 1.95]",https://www.google.com/search?tbm=isch&q=ppg%20PPG%201154-1%20Shooting%20Star%20color%20swatch,,,,,,,,,,,,,,,,,,,,,,,,,,,,,,,,,,,,,,,,,,,,
DB,ppg,PPG 1154-2 Aloof,#d4e2e6,0.9034273500645976,0.015971037207381862,216.60253830239094,212,226,230,"[212, 226, 230]",8%,2%,0%,10%,"[8%, 2%, 0%, 10%]",88.91,-4.27,-3.64,"[88.91, -4.27, -3.64]",https://www.google.com/search?tbm=isch&q=ppg%20PPG%201154-2%20Aloof%20color%20swatch,,,,,,,,,,,,,,,,,,,,,,,,,,,,,,,,,,,,,,,,,,,,
DB,ppg,PPG 1154-3 Dartmoor Mist,#cddce3,0.885263112060532,0.018799230231945373,227.25493522381385,205,220,227,"[205, 220, 227]",10%,3%,0%,11%,"[10%, 3%, 0%, 11%]",86.77,-4.19,-5.25,"[86.77, -4.19, -5.25]",https://www.google.com/search?tbm=isch&q=ppg%20PPG%201154-3%20Dartmoor%20Mist%20color%20swatch,,,,,,,,,,,,,,,,,,,,,,,,,,,,,,,,,,,,,,,,,,,,
DB,ppg,PPG 1154-4 Twinkle,#adc6d3,0.8119668957552185,0.03271419529022953,230.33359765715772,173,198,211,"[173, 198, 211]",18%,6%,0%,17%,"[18%, 6%, 0%, 17%]",78.30,-6.70,-9.50,"[78.30, -6.70, -9.50]",https://www.google.com/search?tbm=isch&q=ppg%20PPG%201154-4%20Twinkle%20color%20swatch,,,,,,,,,,,,,,,,,,,,,,,,,,,,,,,,,,,,,,,,,,,,
DB,ppg,PPG 1154-5 Serene Stream,#819daa,0.6790738867263691,0.03667591977601964,227.69898896595305,129,157,170,"[129, 157, 170]",24%,8%,0%,33%,"[24%, 8%, 0%, 33%]",62.92,-7.86,-10.20,"[62.92, -7.86, -10.20]",https://www.google.com/search?tbm=isch&q=ppg%20PPG%201154-5%20Serene%20Stream%20color%20swatch,,,,,,,,,,,,,,,,,,,,,,,,,,,,,,,,,,,,,,,,,,,,
DB,ppg,PPG 1154-6 Prussian Blue,#5d7b89,0.5648878924401716,0.04062787440051888,228.21165984005927,93,123,137,"[93, 123, 137]",32%,10%,0%,46%,"[32%, 10%, 0%, 46%]",49.68,-8.46,-11.33,"[49.68, -8.46, -11.33]",https://www.google.com/search?tbm=isch&q=ppg%20PPG%201154-6%20Prussian%20Blue%20color%20swatch,,,,,,,,,,,,,,,,,,,,,,,,,,,,,,,,,,,,,,,,,,,,
DB,ppg,PPG 1154-7 Regatta Bay,#2d5367,0.42283469342496843,0.05465407995081807,233.05733956631934,45,83,103,"[45, 83, 103]",56%,19%,0%,60%,"[56%, 19%, 0%, 60%]",33.15,-9.25,-16.05,"[33.15, -9.25, -16.05]",https://www.google.com/search?tbm=isch&q=ppg%20PPG%201154-7%20Regatta%20Bay%20color%20swatch,,,,,,,,,,,,,,,,,,,,,,,,,,,,,,,,,,,,,,,,,,,,
DB,ppg,PPG 1155-1 Summer Shower,#e1eaec,0.9308205604692077,0.009993974650341075,212.3852582663527,225,234,236,"[225, 234, 236]",5%,1%,0%,7%,"[5%, 1%, 0%, 7%]",92.05,-2.83,-2.06,"[92.05, -2.83, -2.06]",https://www.google.com/search?tbm=isch&q=ppg%20PPG%201155-1%20Summer%20Shower%20color%20swatch,,,,,,,,,,,,,,,,,,,,,,,,,,,,,,,,,,,,,,,,,,,,
DB,ppg,PPG 1155-2 Prelude,#dfebee,0.931927252832127,0.013422576568149758,214.26111141480214,223,235,238,"[223, 235, 238]",6%,1%,0%,7%,"[6%, 1%, 0%, 7%]",92.20,-3.71,-2.90,"[92.20, -3.71, -2.90]",https://www.google.com/search?tbm=isch&q=ppg%20PPG%201155-2%20Prelude%20color%20swatch,,,,,,,,,,,,,,,,,,,,,,,,,,,,,,,,,,,,,,,,,,,,
DB,ppg,PPG 1155-3 Simply Elegant,#cedde7,0.8892426159347945,0.021199462638405303,236.75542112192352,206,221,231,"[206, 221, 231]",11%,4%,0%,9%,"[11%, 4%, 0%, 9%]",87.20,-3.74,-6.72,"[87.20, -3.74, -6.72]",https://www.google.com/search?tbm=isch&q=ppg%20PPG%201155-3%20Simply%20Elegant%20color%20swatch,,,,,,,,,,,,,,,,,,,,,,,,,,,,,,,,,,,,,,,,,,,,
DB,ppg,PPG 1155-4 Constellation,#bccedb,0.8418175503659312,0.026675661018216678,239.11129912762226,188,206,219,"[188, 206, 219]",14%,6%,0%,14%,"[14%, 6%, 0%, 14%]",81.69,-4.33,-8.64,"[81.69, -4.33, -8.64]",https://www.google.com/search?tbm=isch&q=ppg%20PPG%201155-4%20Constellation%20color%20swatch,,,,,,,,,,,,,,,,,,,,,,,,,,,,,,,,,,,,,,,,,,,,
DB,ppg,PPG 1155-5 Dresden Dream,#8ea7b9,0.7153289555786482,0.03827795741693941,239.3819375868427,142,167,185,"[142, 167, 185]",23%,10%,0%,27%,"[23%, 10%, 0%, 27%]",67.02,-5.94,-12.34,"[67.02, -5.94, -12.34]",https://www.google.com/search?tbm=isch&q=ppg%20PPG%201155-5%20Dresden%20Dream%20color%20swatch,,,,,,,,,,,,,,,,,,,,,,,,,,,,,,,,,,,,,,,,,,,,
DB,ppg,PPG 1155-6 Canyon Blue,#607b8e,0.5688566735909257,0.042911860220368914,239.1561365830712,96,123,142,"[96, 123, 142]",32%,13%,0%,44%,"[32%, 13%, 0%, 44%]",50.03,-6.46,-13.70,"[50.03, -6.46, -13.70]",https://www.google.com/search?tbm=isch&q=ppg%20PPG%201155-6%20Canyon%20Blue%20color%20swatch,,,,,,,,,,,,,,,,,,,,,,,,,,,,,,,,,,,,,,,,,,,,
DB,ppg,PPG 1155-7 Blue Lava,#2e5169,0.4191935594051585,0.05715387261462366,240.00827253092848,46,81,105,"[46, 81, 105]",56%,23%,0%,59%,"[56%, 23%, 0%, 59%]",32.62,-7.32,-18.10,"[32.62, -7.32, -18.10]",https://www.google.com/search?tbm=isch&q=ppg%20PPG%201155-7%20Blue%20Lava%20color%20swatch,,,,,,,,,,,,,,,,,,,,,,,,,,,,,,,,,,,,,,,,,,,,
DB,ppg,PPG 1156-1 Austrian Ice,#dee6e7,0.9191491169442327,0.008685777187435063,205.71754653399591,222,230,231,"[222, 230, 231]",4%,0%,0%,9%,"[4%, 0%, 0%, 9%]",90.70,-2.63,-1.46,"[90.70, -2.63, -1.46]",https://www.google.com/search?tbm=isch&q=ppg%20PPG%201156-1%20Austrian%20Ice%20color%20swatch,,,,,,,,,,,,,,,,,,,,,,,,,,,,,,,,,,,,,,,,,,,,
DB,ppg,PPG 1156-2 Bit Of Heaven,#cad7de,0.8713753882633007,0.017074090280615992,230.8900091139932,202,215,222,"[202, 215, 222]",9%,3%,0%,13%,"[9%, 3%, 0%, 13%]",85.14,-3.52,-5.04,"[85.14, -3.52, -5.04]",https://www.google.com/search?tbm=isch&q=ppg%20PPG%201156-2%20Bit%20Of%20Heaven%20color%20swatch,,,,,,,,,,,,,,,,,,,,,,,,,,,,,,,,,,,,,,,,,,,,
DB,ppg,PPG 1156-3 Always Blue,#a2bacb,0.7762909863927498,0.035812563284996934,238.80529832726938,162,186,203,"[162, 186, 203]",20%,8%,0%,20%,"[20%, 8%, 0%, 20%]",74.10,-5.74,-11.50,"[74.10, -5.74, -11.50]",https://www.google.com/search?tbm=isch&q=ppg%20PPG%201156-3%20Always%20Blue%20color%20swatch,,,,,,,,,,,,,,,,,,,,,,,,,,,,,,,,,,,,,,,,,,,,
DB,ppg,PPG 1156-4 American Anthem,#7595ab,0.6535293906991754,0.04859199821870038,238.50094049266409,117,149,171,"[117, 149, 171]",32%,13%,0%,33%,"[32%, 13%, 0%, 33%]",59.86,-7.50,-15.42,"[59.86, -7.50, -15.42]",https://www.google.com/search?tbm=isch&q=ppg%20PPG%201156-4%20American%20Anthem%20color%20swatch,,,,,,,,,,,,,,,,,,,,,,,,,,,,,,,,,,,,,,,,,,,,
DB,ppg,PPG 1156-5 Smoke Blue,#53778f,0.5515431478903565,0.055401701901826896,238.25743038316966,83,119,143,"[83, 119, 143]",42%,17%,0%,44%,"[42%, 17%, 0%, 44%]",48.02,-8.23,-17.40,"[48.02, -8.23, -17.40]",https://www.google.com/search?tbm=isch&q=ppg%20PPG%201156-5%20Smoke%20Blue%20color%20swatch,,,,,,,,,,,,,,,,,,,,,,,,,,,,,,,,,,,,,,,,,,,,
DB,ppg,PPG 1156-6 Mountain Lake,#2d5975,0.44517129108156855,0.0671031790188766,238.67193084556106,45,89,117,"[45, 89, 117]",62%,24%,0%,54%,"[62%, 24%, 0%, 54%]",35.64,-8.82,-20.90,"[35.64, -8.82, -20.90]",https://www.google.com/search?tbm=isch&q=ppg%20PPG%201156-6%20Mountain%20Lake%20color%20swatch,,,,,,,,,,,,,,,,,,,,,,,,,,,,,,,,,,,,,,,,,,,,
DB,ppg,PPG 1156-7 Celestial Blue,#2c4d69,0.40789950847702555,0.06120692769228321,245.6543175656211,44,77,105,"[44, 77, 105]",58%,27%,0%,59%,"[58%, 27%, 0%, 59%]",31.20,-5.57,-20.30,"[31.20, -5.57, -20.30]",https://www.google.com/search?tbm=isch&q=ppg%20PPG%201156-7%20Celestial%20Blue%20color%20swatch,,,,,,,,,,,,,,,,,,,,,,,,,,,,,,,,,,,,,,,,,,,,
DB,ppg,PPG 1157-1 Glassine,#d7e2e5,0.9053336380495614,0.012508004098884046,215.72763373347652,215,226,229,"[215, 226, 229]",6%,1%,0%,10%,"[6%, 1%, 0%, 10%]",89.11,-3.39,-2.80,"[89.11, -3.39, -2.80]",https://www.google.com/search?tbm=isch&q=ppg%20PPG%201157-1%20Glassine%20color%20swatch,,,,,,,,,,,,,,,,,,,,,,,,,,,,,,,,,,,,,,,,,,,,
DB,ppg,PPG 1157-2 Blue Pearl,#c5d9e3,0.8733917927162682,0.025540034502184616,229.12825150972367,197,217,227,"[197, 217, 227]",13%,4%,0%,11%,"[13%, 4%, 0%, 11%]",85.41,-5.43,-7.32,"[85.41, -5.43, -7.32]",https://www.google.com/search?tbm=isch&q=ppg%20PPG%201157-2%20Blue%20Pearl%20color%20swatch,,,,,,,,,,,,,,,,,,,,,,,,,,,,,,,,,,,,,,,,,,,,
DB,ppg,PPG 1157-3 Sonata,#abc8d8,0.8164608537329864,0.0385191103180751,232.01773432860546,171,200,216,"[171, 200, 216]",21%,7%,0%,15%,"[21%, 7%, 0%, 15%]",78.83,-7.51,-11.42,"[78.83, -7.51, -11.42]",https://www.google.com/search?tbm=isch&q=ppg%20PPG%201157-3%20Sonata%20color%20swatch,,,,,,,,,,,,,,,,,,,,,,,,,,,,,,,,,,,,,,,,,,,,
DB,ppg,PPG 1157-4 Arabella,#82acc4,0.7224655808574194,0.05715208789614526,233.62640235737945,130,172,196,"[130, 172, 196]",34%,12%,0%,23%,"[34%, 12%, 0%, 23%]",67.94,-10.23,-17.13,"[67.94, -10.23, -17.13]",https://www.google.com/search?tbm=isch&q=ppg%20PPG%201157-4%20Arabella%20color%20swatch,,,,,,,,,,,,,,,,,,,,,,,,,,,,,,,,,,,,,,,,,,,,
DB,ppg,PPG 1157-5 Vanity,#5692b2,0.6318223702580595,0.07888299570241077,233.2172455090639,86,146,178,"[86, 146, 178]",52%,18%,0%,30%,"[52%, 18%, 0%, 30%]",57.44,-13.37,-23.23,"[57.44, -13.37, -23.23]",https://www.google.com/search?tbm=isch&q=ppg%20PPG%201157-5%20Vanity%20color%20swatch,,,,,,,,,,,,,,,,,,,,,,,,,,,,,,,,,,,,,,,,,,,,
DB,ppg,PPG 1157-6 Cosmic Dust,#347699,0.5385039864147382,0.08622620599796674,234.73445506769212,52,118,153,"[52, 118, 153]",66%,23%,0%,40%,"[66%, 23%, 0%, 40%]",46.55,-13.04,-25.66,"[46.55, -13.04, -25.66]",https://www.google.com/search?tbm=isch&q=ppg%20PPG%201157-6%20Cosmic%20Dust%20color%20swatch,,,,,,,,,,,,,,,,,,,,,,,,,,,,,,,,,,,,,,,,,,,,
DB,ppg,PPG 1157-7 Blue Flame,#005e88,0.4570670257042228,0.10056041929497467,237.5016432473892,0,94,136,"[0, 94, 136]",100%,31%,0%,47%,"[100%, 31%, 0%, 47%]",36.96,-11.73,-30.55,"[36.96, -11.73, -30.55]",https://www.google.com/search?tbm=isch&q=ppg%20PPG%201157-7%20Blue%20Flame%20color%20swatch,,,,,,,,,,,,,,,,,,,,,,,,,,,,,,,,,,,,,,,,,,,,
DB,ppg,PPG 1158-1 Baby's Breath,#d8e4e8,0.9109819579309406,0.013973447480817455,219.54423474945838,216,228,232,"[216, 228, 232]",7%,2%,0%,9%,"[7%, 2%, 0%, 9%]",89.76,-3.58,-3.40,"[89.76, -3.58, -3.40]",https://www.google.com/search?tbm=isch&q=ppg%20PPG%201158-1%20Baby's%20Breath%20color%20swatch,,,,,,,,,,,,,,,,,,,,,,,,,,,,,,,,,,,,,,,,,,,,
DB,ppg,PPG 1158-2 Magic Wand,#c3d9e4,0.8722934308168193,0.028058757875717474,229.17775096890875,195,217,228,"[195, 217, 228]",14%,5%,0%,11%,"[14%, 5%, 0%, 11%]",85.30,-5.95,-8.04,"[85.30, -5.95, -8.04]",https://www.google.com/search?tbm=isch&q=ppg%20PPG%201158-2%20Magic%20Wand%20color%20swatch,,,,,,,,,,,,,,,,,,,,,,,,,,,,,,,,,,,,,,,,,,,,
DB,ppg,PPG 1158-3 Blue Bows,#a4c3d7,0.8008500769850257,0.043847782710054566,236.38509340489327,164,195,215,"[164, 195, 215]",24%,9%,0%,16%,"[24%, 9%, 0%, 16%]",76.98,-7.49,-13.68,"[76.98, -7.49, -13.68]",https://www.google.com/search?tbm=isch&q=ppg%20PPG%201158-3%20Blue%20Bows%20color%20swatch,,,,,,,,,,,,,,,,,,,,,,,,,,,,,,,,,,,,,,,,,,,,
DB,ppg,PPG 1158-4 Serene Sea,#78a7c3,0.7050030845016472,0.06490095022677246,235.05453751865548,120,167,195,"[120, 167, 195]",38%,14%,0%,24%,"[38%, 14%, 0%, 24%]",65.90,-10.92,-19.72,"[65.90, -10.92, -19.72]",https://www.google.com/search?tbm=isch&q=ppg%20PPG%201158-4%20Serene%20Sea%20color%20swatch,,,,,,,,,,,,,,,,,,,,,,,,,,,,,,,,,,,,,,,,,,,,
DB,ppg,PPG 1158-5 Cosmopolitan,#528bab,0.6104090773749877,0.07720690889333123,234.5807465917444,82,139,171,"[82, 139, 171]",52%,19%,0%,33%,"[52%, 19%, 0%, 33%]",54.92,-12.47,-23.11,"[54.92, -12.47, -23.11]",https://www.google.com/search?tbm=isch&q=ppg%20PPG%201158-5%20Cosmopolitan%20color%20swatch,,,,,,,,,,,,,,,,,,,,,,,,,,,,,,,,,,,,,,,,,,,,
DB,ppg,PPG 1158-6 Blue Oasis,#296d93,0.5093663696139173,0.09035128884366736,236.99726208178618,41,109,147,"[41, 109, 147]",72%,26%,0%,42%,"[72%, 26%, 0%, 42%]",43.10,-12.02,-27.50,"[43.10, -12.02, -27.50]",https://www.google.com/search?tbm=isch&q=ppg%20PPG%201158-6%20Blue%20Oasis%20color%20swatch,,,,,,,,,,,,,,,,,,,,,,,,,,,,,,,,,,,,,,,,,,,,
DB,ppg,PPG 1158-7 Stunning Sapphire,#185887,0.44516006138223385,0.09934894693674222,245.4398646672463,24,88,135,"[24, 88, 135]",82%,35%,0%,47%,"[82%, 35%, 0%, 47%]",35.34,-6.69,-32.46,"[35.34, -6.69, -32.46]",https://www.google.com/search?tbm=isch&q=ppg%20PPG%201158-7%20Stunning%20Sapphire%20color%20swatch,,,,,,,,,,,,,,,,,,,,,,,,,,,,,,,,,,,,,,,,,,,,
DB,ppg,PPG 1159-1 Filigree,#dfe7e8,0.9221844754839482,0.008678817908804797,205.71707462098504,223,231,232,"[223, 231, 232]",4%,0%,0%,9%,"[4%, 0%, 0%, 9%]",91.05,-2.63,-1.45,"[91.05, -2.63, -1.45]",https://www.google.com/search?tbm=isch&q=ppg%20PPG%201159-1%20Filigree%20color%20swatch,,,,,,,,,,,,,,,,,,,,,,,,,,,,,,,,,,,,,,,,,,,,
DB,ppg,PPG 1159-2 Sentimental Lady,#c4d3dc,0.8581983407109833,0.020505808075593882,233.86021017108942,196,211,220,"[196, 211, 220]",11%,4%,0%,14%,"[11%, 4%, 0%, 14%]",83.61,-3.92,-6.28,"[83.61, -3.92, -6.28]",https://www.google.com/search?tbm=isch&q=ppg%20PPG%201159-2%20Sentimental%20Lady%20color%20swatch,,,,,,,,,,,,,,,,,,,,,,,,,,,,,,,,,,,,,,,,,,,,
DB,ppg,PPG 1159-3 Heavenly Blue,#a3bbcd,0.779790095419208,0.03676832423209657,240.40680763300884,163,187,205,"[163, 187, 205]",20%,9%,0%,20%,"[20%, 9%, 0%, 20%]",74.49,-5.57,-12.00,"[74.49, -5.57, -12.00]",https://www.google.com/search?tbm=isch&q=ppg%20PPG%201159-3%20Heavenly%20Blue%20color%20swatch,,,,,,,,,,,,,,,,,,,,,,,,,,,,,,,,,,,,,,,,,,,,
DB,ppg,PPG 1159-4 Walden Pond,#789bb6,0.6731505276726972,0.05576996784817887,241.78820781806405,120,155,182,"[120, 155, 182]",34%,15%,0%,29%,"[34%, 15%, 0%, 29%]",62.09,-7.47,-18.22,"[62.09, -7.47, -18.22]",https://www.google.com/search?tbm=isch&q=ppg%20PPG%201159-4%20Walden%20Pond%20color%20swatch,,,,,,,,,,,,,,,,,,,,,,,,,,,,,,,,,,,,,,,,,,,,
DB,ppg,PPG 1159-5 Stormy Ridge,#507b9a,0.5640934848491099,0.06775867789289126,240.8166461988219,80,123,154,"[80, 123, 154]",48%,20%,0%,40%,"[48%, 20%, 0%, 40%]",49.43,-8.70,-21.71,"[49.43, -8.70, -21.71]",https://www.google.com/search?tbm=isch&q=ppg%20PPG%201159-5%20Stormy%20Ridge%20color%20swatch,,,,,,,,,,,,,,,,,,,,,,,,,,,,,,,,,,,,,,,,,,,,
DB,ppg,PPG 1159-6 Animation,#1d5c83,0.45428311477913774,0.08922695158123727,240.45791955376671,29,92,131,"[29, 92, 131]",78%,30%,0%,49%,"[78%, 30%, 0%, 49%]",36.60,-9.51,-28.04,"[36.60, -9.51, -28.04]",https://www.google.com/search?tbm=isch&q=ppg%20PPG%201159-6%20Animation%20color%20swatch,,,,,,,,,,,,,,,,,,,,,,,,,,,,,,,,,,,,,,,,,,,,
DB,ppg,PPG 1159-7 Singing The Blues,#2b4d68,0.40683362869306533,0.06052358094694349,244.02165020868972,43,77,104,"[43, 77, 104]",59%,26%,0%,59%,"[59%, 26%, 0%, 59%]",31.11,-6.11,-19.82,"[31.11, -6.11, -19.82]",https://www.google.com/search?tbm=isch&q=ppg%20PPG%201159-7%20Singing%20The%20Blues%20color%20swatch,,,,,,,,,,,,,,,,,,,,,,,,,,,,,,,,,,,,,,,,,,,,
DB,ppg,PPG 1160-1 Harbor Mist,#dae1e3,0.9049759007382765,0.008023015253899476,216.47618499055534,218,225,227,"[218, 225, 227]",4%,1%,0%,11%,"[4%, 1%, 0%, 11%]",89.03,-2.16,-1.83,"[89.03, -2.16, -1.83]",https://www.google.com/search?tbm=isch&q=ppg%20PPG%201160-1%20Harbor%20Mist%20color%20swatch,,,,,,,,,,,,,,,,,,,,,,,,,,,,,,,,,,,,,,,,,,,,
DB,ppg,PPG 1160-2 Magical,#c1ceda,0.8451375288930824,0.021919871049526325,245.87902866187505,193,206,218,"[193, 206, 218]",11%,6%,0%,15%,"[11%, 6%, 0%, 15%]",82.03,-2.80,-7.56,"[82.03, -2.80, -7.56]",https://www.google.com/search?tbm=isch&q=ppg%20PPG%201160-2%20Magical%20color%20swatch,,,,,,,,,,,,,,,,,,,,,,,,,,,,,,,,,,,,,,,,,,,,
DB,ppg,PPG 1160-3 Rendezvous,#abbed0,0.7927780787563745,0.03302350314744059,246.77297973559985,171,190,208,"[171, 190, 208]",18%,9%,0%,18%,"[18%, 9%, 0%, 18%]",75.95,-3.90,-11.39,"[75.95, -3.90, -11.39]",https://www.google.com/search?tbm=isch&q=ppg%20PPG%201160-3%20Rendezvous%20color%20swatch,,,,,,,,,,,,,,,,,,,,,,,,,,,,,,,,,,,,,,,,,,,,
DB,ppg,PPG 1160-4 Kaleidoscope,#8da8be,0.7186094883371106,0.04392468883657343,242.9112481932258,141,168,190,"[141, 168, 190]",26%,12%,0%,25%,"[26%, 12%, 0%, 25%]",67.37,-5.88,-14.59,"[67.37, -5.88, -14.59]",https://www.google.com/search?tbm=isch&q=ppg%20PPG%201160-4%20Kaleidoscope%20color%20swatch,,,,,,,,,,,,,,,,,,,,,,,,,,,,,,,,,,,,,,,,,,,,
DB,ppg,PPG 1160-5 Blue Beads,#5a809e,0.5833347518675934,0.06291533470384152,242.89209107561055,90,128,158,"[90, 128, 158]",43%,19%,0%,38%,"[43%, 19%, 0%, 38%]",51.64,-7.57,-20.61,"[51.64, -7.57, -20.61]",https://www.google.com/search?tbm=isch&q=ppg%20PPG%201160-5%20Blue%20Beads%20color%20swatch,,,,,,,,,,,,,,,,,,,,,,,,,,,,,,,,,,,,,,,,,,,,
DB,ppg,PPG 1160-6 Chinese Porcelain,#3a5f7d,0.470819218101118,0.06473651273886763,244.24001177829632,58,95,125,"[58, 95, 125]",54%,24%,0%,51%,"[54%, 24%, 0%, 51%]",38.53,-6.69,-21.29,"[38.53, -6.69, -21.29]",https://www.google.com/search?tbm=isch&q=ppg%20PPG%201160-6%20Chinese%20Porcelain%20color%20swatch,,,,,,,,,,,,,,,,,,,,,,,,,,,,,,,,,,,,,,,,,,,,
DB,ppg,PPG 1160-7 Blue Tang,#2a4b6e,0.4045294201460411,0.07095484364538014,251.24503109592115,42,75,110,"[42, 75, 110]",62%,32%,0%,57%,"[62%, 32%, 0%, 57%]",30.65,-3.50,-24.30,"[30.65, -3.50, -24.30]",https://www.google.com/search?tbm=isch&q=ppg%20PPG%201160-7%20Blue%20Tang%20color%20swatch,,,,,,,,,,,,,,,,,,,,,,,,,,,,,,,,,,,,,,,,,,,,
DB,ppg,PPG 1161-1 Cityscape,#dae3e7,0.9101565341696932,0.011107631725614473,225.90412002380435,218,227,231,"[218, 227, 231]",6%,2%,0%,9%,"[6%, 2%, 0%, 9%]",89.63,-2.56,-3.05,"[89.63, -2.56, -3.05]",https://www.google.com/search?tbm=isch&q=ppg%20PPG%201161-1%20Cityscape%20color%20swatch,,,,,,,,,,,,,,,,,,,,,,,,,,,,,,,,,,,,,,,,,,,,
DB,ppg,PPG 1161-2 Sleep Baby Sleep,#bed1e1,0.8513573120919711,0.030333171856774865,243.45570069319228,190,209,225,"[190, 209, 225]",16%,7%,0%,12%,"[16%, 7%, 0%, 12%]",82.77,-4.19,-10.22,"[82.77, -4.19, -10.22]",https://www.google.com/search?tbm=isch&q=ppg%20PPG%201161-2%20Sleep%20Baby%20Sleep%20color%20swatch,,,,,,,,,,,,,,,,,,,,,,,,,,,,,,,,,,,,,,,,,,,,
DB,ppg,PPG 1161-3 Everlasting,#a1bed9,0.7889743871935881,0.04978669431531402,246.55288366677246,161,190,217,"[161, 190, 217]",26%,12%,0%,15%,"[26%, 12%, 0%, 15%]",75.48,-5.63,-17.02,"[75.48, -5.63, -17.02]",https://www.google.com/search?tbm=isch&q=ppg%20PPG%201161-3%20Everlasting%20color%20swatch,,,,,,,,,,,,,,,,,,,,,,,,,,,,,,,,,,,,,,,,,,,,
DB,ppg,PPG 1161-4 Blue Promise,#729cc2,0.6765710873357023,0.07279758194508004,246.41455485052143,114,156,194,"[114, 156, 194]",41%,20%,0%,24%,"[41%, 20%, 0%, 24%]",62.38,-7.29,-24.53,"[62.38, -7.29, -24.53]",https://www.google.com/search?tbm=isch&q=ppg%20PPG%201161-4%20Blue%20Promise%20color%20swatch,,,,,,,,,,,,,,,,,,,,,,,,,,,,,,,,,,,,,,,,,,,,
DB,ppg,PPG 1161-5 Ship's Harbor,#4f84af,0.5943914449136601,0.08709331470749414,244.4828388302094,79,132,175,"[79, 132, 175]",55%,25%,0%,31%,"[55%, 25%, 0%, 31%]",52.82,-8.62,-28.64,"[52.82, -8.62, -28.64]",https://www.google.com/search?tbm=isch&q=ppg%20PPG%201161-5%20Ship's%20Harbor%20color%20swatch,,,,,,,,,,,,,,,,,,,,,,,,,,,,,,,,,,,,,,,,,,,,
DB,ppg,PPG 1161-6 Starry Night,#286492,0.4862327014556992,0.09632762392421924,244.95889484062207,40,100,146,"[40, 100, 146]",73%,32%,0%,43%,"[73%, 32%, 0%, 43%]",40.16,-7.60,-31.48,"[40.16, -7.60, -31.48]",https://www.google.com/search?tbm=isch&q=ppg%20PPG%201161-6%20Starry%20Night%20color%20swatch,,,,,,,,,,,,,,,,,,,,,,,,,,,,,,,,,,,,,,,,,,,,
DB,ppg,PPG 1161-7 Brilliant Blue,#234e86,0.4235468731600545,0.10489213513726793,256.1175676739929,35,78,134,"[35, 78, 134]",74%,42%,0%,47%,"[74%, 42%, 0%, 47%]",32.44,0.56,-36.40,"[32.44, 0.56, -36.40]",https://www.google.com/search?tbm=isch&q=ppg%20PPG%201161-7%20Brilliant%20Blue%20color%20swatch,,,,,,,,,,,,,,,,,,,,,,,,,,,,,,,,,,,,,,,,,,,,
DB,ppg,PPG 1162-1 Harbor Light,#d7e0e7,0.9019054274676073,0.013621192196108784,240.93396758708582,215,224,231,"[215, 224, 231]",7%,3%,0%,9%,"[7%, 3%, 0%, 9%]",88.64,-2.14,-4.52,"[88.64, -2.14, -4.52]",https://www.google.com/search?tbm=isch&q=ppg%20PPG%201162-1%20Harbor%20Light%20color%20swatch,,,,,,,,,,,,,,,,,,,,,,,,,,,,,,,,,,,,,,,,,,,,
DB,ppg,PPG 1162-2 Stratosphere,#c7d3e0,0.8616492109919158,0.022238064163631527,250.23074646571604,199,211,224,"[199, 211, 224]",11%,6%,0%,12%,"[11%, 6%, 0%, 12%]",83.93,-2.30,-7.90,"[83.93, -2.30, -7.90]",https://www.google.com/search?tbm=isch&q=ppg%20PPG%201162-2%20Stratosphere%20color%20swatch,,,,,,,,,,,,,,,,,,,,,,,,,,,,,,,,,,,,,,,,,,,,
DB,ppg,PPG 1162-3 Blue Thistle,#adc0d6,0.8004233755782867,0.037537991841661185,252.123868608448,173,192,214,"[173, 192, 214]",19%,10%,0%,16%,"[19%, 10%, 0%, 16%]",76.78,-3.24,-13.37,"[76.78, -3.24, -13.37]",https://www.google.com/search?tbm=isch&q=ppg%20PPG%201162-3%20Blue%20Thistle%20color%20swatch,,,,,,,,,,,,,,,,,,,,,,,,,,,,,,,,,,,,,,,,,,,,
DB,ppg,PPG 1162-4 Alaskan Blue,#7e9ec2,0.6884177812660418,0.06413874931982592,251.71527166154408,126,158,194,"[126, 158, 194]",35%,19%,0%,24%,"[35%, 19%, 0%, 24%]",63.69,-4.76,-22.45,"[63.69, -4.76, -22.45]",https://www.google.com/search?tbm=isch&q=ppg%20PPG%201162-4%20Alaskan%20Blue%20color%20swatch,,,,,,,,,,,,,,,,,,,,,,,,,,,,,,,,,,,,,,,,,,,,
DB,ppg,PPG 1162-5 Shrinking Violet,#5d84b1,0.6028819502830662,0.08171031603093691,252.64671947407987,93,132,177,"[93, 132, 177]",47%,25%,0%,31%,"[47%, 25%, 0%, 31%]",53.64,-4.47,-28.43,"[53.64, -4.47, -28.43]",https://www.google.com/search?tbm=isch&q=ppg%20PPG%201162-5%20Shrinking%20Violet%20color%20swatch,,,,,,,,,,,,,,,,,,,,,,,,,,,,,,,,,,,,,,,,,,,,
DB,ppg,PPG 1162-6 Teeny Bikini,#326395,0.48942539147623365,0.0967106802741139,250.8402914872879,50,99,149,"[50, 99, 149]",66%,34%,0%,42%,"[66%, 34%, 0%, 42%]",40.37,-4.25,-32.91,"[40.37, -4.25, -32.91]",https://www.google.com/search?tbm=isch&q=ppg%20PPG%201162-6%20Teeny%20Bikini%20color%20swatch,,,,,,,,,,,,,,,,,,,,,,,,,,,,,,,,,,,,,,,,,,,,
DB,ppg,PPG 1162-7 Dragonfly,#314a76,0.4107312876346938,0.08037230636155943,261.07357247154914,49,74,118,"[49, 74, 118]",58%,37%,0%,54%,"[58%, 37%, 0%, 54%]",31.09,1.22,-28.58,"[31.09, 1.22, -28.58]",https://www.google.com/search?tbm=isch&q=ppg%20PPG%201162-7%20Dragonfly%20color%20swatch,,,,,,,,,,,,,,,,,,,,,,,,,,,,,,,,,,,,,,,,,,,,
DB,ppg,PPG 1163-1 Elusive Blue,#dde4e8,0.9146928876977017,0.009286693422462933,232.2922146073082,221,228,232,"[221, 228, 232]",5%,2%,0%,9%,"[5%, 2%, 0%, 9%]",90.14,-1.87,-2.80,"[90.14, -1.87, -2.80]",https://www.google.com/search?tbm=isch&q=ppg%20PPG%201163-1%20Elusive%20Blue%20color%20swatch,,,,,,,,,,,,,,,,,,,,,,,,,,,,,,,,,,,,,,,,,,,,
DB,ppg,PPG 1163-2 Memory Lane,#c7d1db,0.8560213586960967,0.017633852513215156,248.02061344674826,199,209,219,"[199, 209, 219]",9%,5%,0%,14%,"[9%, 5%, 0%, 14%]",83.29,-2.07,-6.19,"[83.29, -2.07, -6.19]",https://www.google.com/search?tbm=isch&q=ppg%20PPG%201163-2%20Memory%20Lane%20color%20swatch,,,,,,,,,,,,,,,,,,,,,,,,,,,,,,,,,,,,,,,,,,,,
DB,ppg,PPG 1163-3 Pageant Song,#b6c3d1,0.8115175456210071,0.024364898332653886,250.10857634036233,182,195,209,"[182, 195, 209]",13%,7%,0%,18%,"[13%, 7%, 0%, 18%]",78.11,-2.51,-8.63,"[78.11, -2.51, -8.63]",https://www.google.com/search?tbm=isch&q=ppg%20PPG%201163-3%20Pageant%20Song%20color%20swatch,,,,,,,,,,,,,,,,,,,,,,,,,,,,,,,,,,,,,,,,,,,,
DB,ppg,PPG 1163-4 Sterling Silver,#9eafc2,0.7470370614027966,0.03335018260142538,251.19829304021027,158,175,194,"[158, 175, 194]",19%,10%,0%,24%,"[19%, 10%, 0%, 24%]",70.60,-3.08,-11.83,"[70.60, -3.08, -11.83]",https://www.google.com/search?tbm=isch&q=ppg%20PPG%201163-4%20Sterling%20Silver%20color%20swatch,,,,,,,,,,,,,,,,,,,,,,,,,,,,,,,,,,,,,,,,,,,,
DB,ppg,PPG 1163-5 Silver Blueberry,#6c8096,0.5918737942083677,0.04108842865650067,250.9744254012346,108,128,150,"[108, 128, 150]",28%,15%,0%,41%,"[28%, 15%, 0%, 41%]",52.58,-3.53,-14.43,"[52.58, -3.53, -14.43]",https://www.google.com/search?tbm=isch&q=ppg%20PPG%201163-5%20Silver%20Blueberry%20color%20swatch,,,,,,,,,,,,,,,,,,,,,,,,,,,,,,,,,,,,,,,,,,,,
DB,ppg,PPG 1163-6 Blue Fjord,#4c6177,0.4841784977206315,0.04376025388430732,249.92145556985258,76,97,119,"[76, 97, 119]",36%,18%,0%,53%,"[36%, 18%, 0%, 53%]",40.07,-3.74,-15.17,"[40.07, -3.74, -15.17]",https://www.google.com/search?tbm=isch&q=ppg%20PPG%201163-6%20Blue%20Fjord%20color%20swatch,,,,,,,,,,,,,,,,,,,,,,,,,,,,,,,,,,,,,,,,,,,,
DB,ppg,PPG 1163-7 Blueberry Pie,#314d67,0.40971600422515125,0.055421253069713,247.52540802953035,49,77,103,"[49, 77, 103]",52%,25%,0%,60%,"[52%, 25%, 0%, 60%]",31.41,-4.70,-18.69,"[31.41, -4.70, -18.69]",https://www.google.com/search?tbm=isch&q=ppg%20PPG%201163-7%20Blueberry%20Pie%20color%20swatch,,,,,,,,,,,,,,,,,,,,,,,,,,,,,,,,,,,,,,,,,,,,
DB,ppg,PPG 1164-1 Windswept,#e8ecee,0.9406106297812281,0.005049245956835495,228.64822306854603,232,236,238,"[232, 236, 238]",3%,1%,0%,7%,"[3%, 1%, 0%, 7%]",93.13,-1.11,-1.45,"[93.13, -1.11, -1.45]",https://www.google.com/search?tbm=isch&q=ppg%20PPG%201164-1%20Windswept%20color%20swatch,,,,,,,,,,,,,,,,,,,,,,,,,,,,,,,,,,,,,,,,,,,,
DB,ppg,PPG 1164-2 Iceberg,#dae4ee,0.9142498607308772,0.017344030936422283,248.00340242460345,218,228,238,"[218, 228, 238]",8%,4%,0%,7%,"[8%, 4%, 0%, 7%]",90.04,-2.04,-6.09,"[90.04, -2.04, -6.09]",https://www.google.com/search?tbm=isch&q=ppg%20PPG%201164-2%20Iceberg%20color%20swatch,,,,,,,,,,,,,,,,,,,,,,,,,,,,,,,,,,,,,,,,,,,,
DB,ppg,PPG 1164-3 Blustery Day,#d6dfe7,0.8991542003741163,0.014623650975323997,244.70766281573117,214,223,231,"[214, 223, 231]",7%,3%,0%,9%,"[7%, 3%, 0%, 9%]",88.31,-2.00,-5.02,"[88.31, -2.00, -5.02]",https://www.google.com/search?tbm=isch&q=ppg%20PPG%201164-3%20Blustery%20Day%20color%20swatch,,,,,,,,,,,,,,,,,,,,,,,,,,,,,,,,,,,,,,,,,,,,
DB,ppg,PPG 1164-4 Sailor Boy,#aebbd0,0.7887213689996104,0.03313328447764197,260.02302032637215,174,187,208,"[174, 187, 208]",16%,10%,0%,18%,"[16%, 10%, 0%, 18%]",75.37,-1.39,-12.22,"[75.37, -1.39, -12.22]",https://www.google.com/search?tbm=isch&q=ppg%20PPG%201164-4%20Sailor%20Boy%20color%20swatch,,,,,,,,,,,,,,,,,,,,,,,,,,,,,,,,,,,,,,,,,,,,
DB,ppg,PPG 1164-5 Blueberry Muffin,#8290a6,0.6497087655280223,0.036693024344641306,259.39948830923504,130,144,166,"[130, 144, 166]",22%,13%,0%,35%,"[22%, 13%, 0%, 35%]",59.22,-1.51,-13.43,"[59.22, -1.51, -13.43]",https://www.google.com/search?tbm=isch&q=ppg%20PPG%201164-5%20Blueberry%20Muffin%20color%20swatch,,,,,,,,,,,,,,,,,,,,,,,,,,,,,,,,,,,,,,,,,,,,
DB,ppg,PPG 1164-6 Blue Cloud,#627188,0.544823759067061,0.04032830238294145,258.8405782967243,98,113,136,"[98, 113, 136]",28%,17%,0%,47%,"[28%, 17%, 0%, 47%]",47.04,-1.57,-14.65,"[47.04, -1.57, -14.65]",https://www.google.com/search?tbm=isch&q=ppg%20PPG%201164-6%20Blue%20Cloud%20color%20swatch,,,,,,,,,,,,,,,,,,,,,,,,,,,,,,,,,,,,,,,,,,,,
DB,ppg,PPG 1164-7 Annapolis Blue,#384a66,0.40631320354789396,0.0526442188650027,259.0375365707299,56,74,102,"[56, 74, 102]",45%,27%,0%,60%,"[45%, 27%, 0%, 60%]",30.86,-1.02,-18.85,"[30.86, -1.02, -18.85]",https://www.google.com/search?tbm=isch&q=ppg%20PPG%201164-7%20Annapolis%20Blue%20color%20swatch,,,,,,,,,,,,,,,,,,,,,,,,,,,,,,,,,,,,,,,,,,,,
DB,ppg,PPG 1165-1 January Dawn,#dfe2e5,0.9113453847264233,0.005183014893123307,247.84404673237248,223,226,229,"[223, 226, 229]",3%,1%,0%,10%,"[3%, 1%, 0%, 10%]",89.71,-0.63,-1.83,"[89.71, -0.63, -1.83]",https://www.google.com/search?tbm=isch&q=ppg%20PPG%201165-1%20January%20Dawn%20color%20swatch,,,,,,,,,,,,,,,,,,,,,,,,,,,,,,,,,,,,,,,,,,,,
DB,ppg,PPG 1165-2 Twinkle Blue,#d0d7df,0.8761506711956006,0.013367127731115414,251.56419936573116,208,215,223,"[208, 215, 223]",7%,4%,0%,13%,"[7%, 4%, 0%, 13%]",85.62,-1.32,-4.81,"[85.62, -1.32, -4.81]",https://www.google.com/search?tbm=isch&q=ppg%20PPG%201165-2%20Twinkle%20Blue%20color%20swatch,,,,,,,,,,,,,,,,,,,,,,,,,,,,,,,,,,,,,,,,,,,,
DB,ppg,PPG 1165-3 Northern Exposure,#bfc7d4,0.827435735605156,0.020177108563400072,260.17615251668974,191,199,212,"[191, 199, 212]",10%,6%,0%,17%,"[10%, 6%, 0%, 17%]",79.91,-0.94,-7.49,"[79.91, -0.94, -7.49]",https://www.google.com/search?tbm=isch&q=ppg%20PPG%201165-3%20Northern%20Exposure%20color%20swatch,,,,,,,,,,,,,,,,,,,,,,,,,,,,,,,,,,,,,,,,,,,,
DB,ppg,PPG 1165-4 Innuendo,#a4b0c4,0.7542690089419161,0.03172451582736177,260.69738279899695,164,176,196,"[164, 176, 196]",16%,10%,0%,23%,"[16%, 10%, 0%, 23%]",71.37,-1.21,-11.72,"[71.37, -1.21, -11.72]",https://www.google.com/search?tbm=isch&q=ppg%20PPG%201165-4%20Innuendo%20color%20swatch,,,,,,,,,,,,,,,,,,,,,,,,,,,,,,,,,,,,,,,,,,,,
DB,ppg,PPG 1165-5 Evening Hush,#7b8ca8,0.6365590408890153,0.04659034374688688,260.3635525737873,123,140,168,"[123, 140, 168]",27%,17%,0%,34%,"[27%, 17%, 0%, 34%]",57.64,-1.41,-17.01,"[57.64, -1.41, -17.01]",https://www.google.com/search?tbm=isch&q=ppg%20PPG%201165-5%20Evening%20Hush%20color%20swatch,,,,,,,,,,,,,,,,,,,,,,,,,,,,,,,,,,,,,,,,,,,,
DB,ppg,PPG 1165-6 Stained Glass,#556682,0.5073073627112951,0.049352521942411576,260.2834702712364,85,102,130,"[85, 102, 130]",35%,22%,0%,49%,"[35%, 22%, 0%, 49%]",42.61,-1.13,-17.88,"[42.61, -1.13, -17.88]",https://www.google.com/search?tbm=isch&q=ppg%20PPG%201165-6%20Stained%20Glass%20color%20swatch,,,,,,,,,,,,,,,,,,,,,,,,,,,,,,,,,,,,,,,,,,,,
DB,ppg,PPG 1165-7 Victory Blue,#3a405a,0.37738450526694495,0.04530087601770505,274.02755386926106,58,64,90,"[58, 64, 90]",36%,29%,0%,65%,"[36%, 29%, 0%, 65%]",27.40,2.83,-16.50,"[27.40, 2.83, -16.50]",https://www.google.com/search?tbm=isch&q=ppg%20PPG%201165-7%20Victory%20Blue%20color%20swatch,,,,,,,,,,,,,,,,,,,,,,,,,,,,,,,,,,,,,,,,,,,,
DB,ppg,PPG 1166-1 Bright Star,#dde2e6,0.9101155402962036,0.00764978336692281,241.61569725197353,221,226,230,"[221, 226, 230]",4%,2%,0%,10%,"[4%, 2%, 0%, 10%]",89.58,-1.19,-2.56,"[89.58, -1.19, -2.56]",https://www.google.com/search?tbm=isch&q=ppg%20PPG%201166-1%20Bright%20Star%20color%20swatch,,,,,,,,,,,,,,,,,,,,,,,,,,,,,,,,,,,,,,,,,,,,
DB,ppg,PPG 1166-2 Aster Petal,#d4dae2,0.886112511124618,0.012734083304785438,255.51483013295763,212,218,226,"[212, 218, 226]",6%,4%,0%,11%,"[6%, 4%, 0%, 11%]",86.76,-0.98,-4.67,"[86.76, -0.98, -4.67]",https://www.google.com/search?tbm=isch&q=ppg%20PPG%201166-2%20Aster%20Petal%20color%20swatch,,,,,,,,,,,,,,,,,,,,,,,,,,,,,,,,,,,,,,,,,,,,
DB,ppg,PPG 1166-3 Blue Opal,#bbc6d9,0.82401193466707,0.029259660055345457,261.4714873614373,187,198,217,"[187, 198, 217]",14%,9%,0%,15%,"[14%, 9%, 0%, 15%]",79.47,-1.04,-10.86,"[79.47, -1.04, -10.86]",https://www.google.com/search?tbm=isch&q=ppg%20PPG%201166-3%20Blue%20Opal%20color%20swatch,,,,,,,,,,,,,,,,,,,,,,,,,,,,,,,,,,,,,,,,,,,,
DB,ppg,PPG 1166-4 Easter Egg,#99aac8,0.7350122943067242,0.04756139790049168,261.80836899799624,153,170,200,"[153, 170, 200]",24%,15%,0%,22%,"[24%, 15%, 0%, 22%]",69.04,-1.17,-17.48,"[69.04, -1.17, -17.48]",https://www.google.com/search?tbm=isch&q=ppg%20PPG%201166-4%20Easter%20Egg%20color%20swatch,,,,,,,,,,,,,,,,,,,,,,,,,,,,,,,,,,,,,,,,,,,,
DB,ppg,PPG 1166-5 Kimono,#6d86b6,0.6196657180178555,0.07862323771164063,263.0285085608725,109,134,182,"[109, 134, 182]",40%,26%,0%,29%,"[40%, 26%, 0%, 29%]",55.41,0.22,-28.47,"[55.41, 0.22, -28.47]",https://www.google.com/search?tbm=isch&q=ppg%20PPG%201166-5%20Kimono%20color%20swatch,,,,,,,,,,,,,,,,,,,,,,,,,,,,,,,,,,,,,,,,,,,,
DB,ppg,PPG 1166-6 Blue Odyssey,#4f6997,0.5202325656221977,0.07951667080230951,261.39294027281665,79,105,151,"[79, 105, 151]",48%,30%,0%,41%,"[48%, 30%, 0%, 41%]",43.86,0.17,-28.52,"[43.86, 0.17, -28.52]",https://www.google.com/search?tbm=isch&q=ppg%20PPG%201166-6%20Blue%20Odyssey%20color%20swatch,,,,,,,,,,,,,,,,,,,,,,,,,,,,,,,,,,,,,,,,,,,,
DB,ppg,PPG 1166-7 Daring Indigo,#374874,0.40864447750040345,0.07728685186738919,266.9754974047047,55,72,116,"[55, 72, 116]",53%,38%,0%,55%,"[53%, 38%, 0%, 55%]",30.77,3.55,-27.80,"[30.77, 3.55, -27.80]",https://www.google.com/search?tbm=isch&q=ppg%20PPG%201166-7%20Daring%20Indigo%20color%20swatch,,,,,,,,,,,,,,,,,,,,,,,,,,,,,,,,,,,,,,,,,,,,
DB,ppg,PPG 1167-1 Arctic Dawn,#e3e5e8,0.9212280100430555,0.004563971029288988,258.36612437915574,227,229,232,"[227, 229, 232]",2%,1%,0%,9%,"[2%, 1%, 0%, 9%]",90.85,-0.29,-1.70,"[90.85, -0.29, -1.70]",https://www.google.com/search?tbm=isch&q=ppg%20PPG%201167-1%20Arctic%20Dawn%20color%20swatch,,,,,,,,,,,,,,,,,,,,,,,,,,,,,,,,,,,,,,,,,,,,
DB,ppg,PPG 1167-2 Windsor Haze,#dcdfe5,0.9030835661058567,0.008751928756233238,264.56338699866865,220,223,229,"[220, 223, 229]",4%,3%,0%,10%,"[4%, 3%, 0%, 10%]",88.72,-0.22,-3.30,"[88.72, -0.22, -3.30]",https://www.google.com/search?tbm=isch&q=ppg%20PPG%201167-2%20Windsor%20Haze%20color%20swatch,,,,,,,,,,,,,,,,,,,,,,,,,,,,,,,,,,,,,,,,,,,,
DB,ppg,PPG 1167-3 Debonaire,#cbd0dd,0.8576412368532907,0.01874521300231934,269.0909174526365,203,208,221,"[203, 208, 221]",8%,6%,0%,13%,"[8%, 6%, 0%, 13%]",83.38,0.09,-7.06,"[83.38, 0.09, -7.06]",https://www.google.com/search?tbm=isch&q=ppg%20PPG%201167-3%20Debonaire%20color%20swatch,,,,,,,,,,,,,,,,,,,,,,,,,,,,,,,,,,,,,,,,,,,,
DB,ppg,PPG 1167-4 Lovely Lilac,#a7b0cc,0.7593462878641581,0.041376681102179666,271.3211818524021,167,176,204,"[167, 176, 204]",18%,14%,0%,20%,"[18%, 14%, 0%, 20%]",71.81,1.14,-15.40,"[71.81, 1.14, -15.40]",https://www.google.com/search?tbm=isch&q=ppg%20PPG%201167-4%20Lovely%20Lilac%20color%20swatch,,,,,,,,,,,,,,,,,,,,,,,,,,,,,,,,,,,,,,,,,,,,
DB,ppg,PPG 1167-5 Skysail Blue,#818db3,0.6476350497356876,0.058641399443313924,271.05699339504054,129,141,179,"[129, 141, 179]",28%,21%,0%,30%,"[28%, 21%, 0%, 30%]",58.71,2.17,-21.58,"[58.71, 2.17, -21.58]",https://www.google.com/search?tbm=isch&q=ppg%20PPG%201167-5%20Skysail%20Blue%20color%20swatch,,,,,,,,,,,,,,,,,,,,,,,,,,,,,,,,,,,,,,,,,,,,
DB,ppg,PPG 1167-6 Blueberry Patch,#627099,0.5500924567480818,0.06636270507142297,269.6106079293951,98,112,153,"[98, 112, 153]",36%,27%,0%,40%,"[36%, 27%, 0%, 40%]",47.32,2.53,-24.23,"[47.32, 2.53, -24.23]",https://www.google.com/search?tbm=isch&q=ppg%20PPG%201167-6%20Blueberry%20Patch%20color%20swatch,,,,,,,,,,,,,,,,,,,,,,,,,,,,,,,,,,,,,,,,,,,,
DB,ppg,PPG 1167-7 Blue Jewel,#465383,0.45332586945031844,0.0803656878595623,271.3909932592094,70,83,131,"[70, 83, 131]",47%,37%,0%,49%,"[47%, 37%, 0%, 49%]",35.87,5.31,-29.00,"[35.87, 5.31, -29.00]",https://www.google.com/search?tbm=isch&q=ppg%20PPG%201167-7%20Blue%20Jewel%20color%20swatch,,,,,,,,,,,,,,,,,,,,,,,,,,,,,,,,,,,,,,,,,,,,
DB,ppg,PPG 1168-1 Moon Lily,#e6e6e7,0.9252246600708293,0.0013109282628857423,287.2475684522817,230,230,231,"[230, 230, 231]",0%,0%,0%,9%,"[0%, 0%, 0%, 9%]",91.31,0.14,-0.47,"[91.31, 0.14, -0.47]",https://www.google.com/search?tbm=isch&q=ppg%20PPG%201168-1%20Moon%20Lily%20color%20swatch,,,,,,,,,,,,,,,,,,,,,,,,,,,,,,,,,,,,,,,,,,,,
DB,ppg,PPG 1168-2 Cumberland Fog,#dadbdf,0.8918131843293244,0.0055120694223859,275.09393319362687,218,219,223,"[218, 219, 223]",2%,2%,0%,13%,"[2%, 2%, 0%, 13%]",87.41,0.20,-2.08,"[87.41, 0.20, -2.08]",https://www.google.com/search?tbm=isch&q=ppg%20PPG%201168-2%20Cumberland%20Fog%20color%20swatch,,,,,,,,,,,,,,,,,,,,,,,,,,,,,,,,,,,,,,,,,,,,
DB,ppg,PPG 1168-3 Pale Violet,#c7ccd8,0.8449488891953401,0.017494945780116927,267.7940037580594,199,204,216,"[199, 204, 216]",8%,6%,0%,15%,"[8%, 6%, 0%, 15%]",81.92,-0.05,-6.59,"[81.92, -0.05, -6.59]",https://www.google.com/search?tbm=isch&q=ppg%20PPG%201168-3%20Pale%20Violet%20color%20swatch,,,,,,,,,,,,,,,,,,,,,,,,,,,,,,,,,,,,,,,,,,,,
DB,ppg,PPG 1168-4 Lilac Time,#a4abbf,0.7421076672285895,0.029816852084224642,270.3194024417385,164,171,191,"[164, 171, 191]",14%,10%,0%,25%,"[14%, 10%, 0%, 25%]",69.90,0.52,-11.16,"[69.90, 0.52, -11.16]",https://www.google.com/search?tbm=isch&q=ppg%20PPG%201168-4%20Lilac%20Time%20color%20swatch,,,,,,,,,,,,,,,,,,,,,,,,,,,,,,,,,,,,,,,,,,,,
DB,ppg,PPG 1168-5 Violet Aura,#838ba4,0.6388951708251374,0.03860109759818823,271.30256107596506,131,139,164,"[131, 139, 164]",20%,15%,0%,36%,"[20%, 15%, 0%, 36%]",57.86,1.13,-14.33,"[57.86, 1.13, -14.33]",https://www.google.com/search?tbm=isch&q=ppg%20PPG%201168-5%20Violet%20Aura%20color%20swatch,,,,,,,,,,,,,,,,,,,,,,,,,,,,,,,,,,,,,,,,,,,,
DB,ppg,PPG 1168-6 Grape Haze,#606a88,0.5274445361699759,0.048915093376354864,270.32586905313156,96,106,136,"[96, 106, 136]",29%,22%,0%,47%,"[29%, 22%, 0%, 47%]",44.84,1.64,-17.99,"[44.84, 1.64, -17.99]",https://www.google.com/search?tbm=isch&q=ppg%20PPG%201168-6%20Grape%20Haze%20color%20swatch,,,,,,,,,,,,,,,,,,,,,,,,,,,,,,,,,,,,,,,,,,,,
DB,ppg,PPG 1168-7 Egyptian Violet,#3d496d,0.41130448056199076,0.06256338592551013,269.4459975611376,61,73,109,"[61, 73, 109]",44%,33%,0%,57%,"[44%, 33%, 0%, 57%]",31.21,2.96,-22.69,"[31.21, 2.96, -22.69]",https://www.google.com/search?tbm=isch&q=ppg%20PPG%201168-7%20Egyptian%20Violet%20color%20swatch,,,,,,,,,,,,,,,,,,,,,,,,,,,,,,,,,,,,,,,,,,,,
DB,ppg,PPG 1169-1 Windswept Beach,#e3e4e5,0.9183842544582647,0.0017004127748255988,247.73609744595774,227,228,229,"[227, 228, 229]",1%,0%,0%,10%,"[1%, 0%, 0%, 10%]",90.53,-0.21,-0.60,"[90.53, -0.21, -0.60]",https://www.google.com/search?tbm=isch&q=ppg%20PPG%201169-1%20Windswept%20Beach%20color%20swatch,,,,,,,,,,,,,,,,,,,,,,,,,,,,,,,,,,,,,,,,,,,,
DB,ppg,PPG 1169-2 Rare Orchid,#dbdce2,0.895459842971409,0.008185854048668194,278.7307501445441,219,220,226,"[219, 220, 226]",3%,3%,0%,11%,"[3%, 3%, 0%, 11%]",87.81,0.47,-3.06,"[87.81, 0.47, -3.06]",https://www.google.com/search?tbm=isch&q=ppg%20PPG%201169-2%20Rare%20Orchid%20color%20swatch,,,,,,,,,,,,,,,,,,,,,,,,,,,,,,,,,,,,,,,,,,,,
DB,ppg,PPG 1169-3 Glacier Pearl,#d1d2dc,0.8659664484631096,0.013715372644638223,281.5998029984513,209,210,220,"[209, 210, 220]",5%,5%,0%,14%,"[5%, 5%, 0%, 14%]",84.34,1.04,-5.07,"[84.34, 1.04, -5.07]",https://www.google.com/search?tbm=isch&q=ppg%20PPG%201169-3%20Glacier%20Pearl%20color%20swatch,,,,,,,,,,,,,,,,,,,,,,,,,,,,,,,,,,,,,,,,,,,,
DB,ppg,PPG 1169-4 Timeless Lilac,#afb2c4,0.7668664525191927,0.02575675831688447,278.27138905188554,175,178,196,"[175, 178, 196]",11%,9%,0%,23%,"[11%, 9%, 0%, 23%]",72.76,1.58,-9.55,"[72.76, 1.58, -9.55]",https://www.google.com/search?tbm=isch&q=ppg%20PPG%201169-4%20Timeless%20Lilac%20color%20swatch,,,,,,,,,,,,,,,,,,,,,,,,,,,,,,,,,,,,,,,,,,,,
DB,ppg,PPG 1169-5 Violet Verbena,#898ca3,0.6454473450677762,0.0343555473242464,279.5348929107986,137,140,163,"[137, 140, 163]",16%,14%,0%,36%,"[16%, 14%, 0%, 36%]",58.59,2.54,-12.61,"[58.59, 2.54, -12.61]",https://www.google.com/search?tbm=isch&q=ppg%20PPG%201169-5%20Violet%20Verbena%20color%20swatch,,,,,,,,,,,,,,,,,,,,,,,,,,,,,,,,,,,,,,,,,,,,
DB,ppg,PPG 1169-6 Great Grape,#6b6d85,0.5418153916433759,0.037368350921780855,281.33772991109254,107,109,133,"[107, 109, 133]",20%,18%,0%,48%,"[20%, 18%, 0%, 48%]",46.52,3.29,-13.57,"[46.52, 3.29, -13.57]",https://www.google.com/search?tbm=isch&q=ppg%20PPG%201169-6%20Great%20Grape%20color%20swatch,,,,,,,,,,,,,,,,,,,,,,,,,,,,,,,,,,,,,,,,,,,,
DB,ppg,PPG 1169-7 Royal Hyacinth,#464b6a,0.42158855068286644,0.05200090749052427,276.8666835432341,70,75,106,"[70, 75, 106]",34%,29%,0%,58%,"[34%, 29%, 0%, 58%]",32.44,4.11,-18.84,"[32.44, 4.11, -18.84]",https://www.google.com/search?tbm=isch&q=ppg%20PPG%201169-7%20Royal%20Hyacinth%20color%20swatch,,,,,,,,,,,,,,,,,,,,,,,,,,,,,,,,,,,,,,,,,,,,
DB,ppg,PPG 1170-1 Water Iris,#e2e3eb,0.9173842998386688,0.010818769989193795,280.55215743816564,226,227,235,"[226, 227, 235]",4%,3%,0%,8%,"[4%, 3%, 0%, 8%]",90.33,0.74,-4.02,"[90.33, 0.74, -4.02]",https://www.google.com/search?tbm=isch&q=ppg%20PPG%201170-1%20Water%20Iris%20color%20swatch,,,,,,,,,,,,,,,,,,,,,,,,,,,,,,,,,,,,,,,,,,,,
DB,ppg,PPG 1170-2 Monet's Lavender,#dde0ea,0.907325857858555,0.013929980096720819,272.7275529327419,221,224,234,"[221, 224, 234]",6%,4%,0%,8%,"[6%, 4%, 0%, 8%]",89.16,0.34,-5.26,"[89.16, 0.34, -5.26]",https://www.google.com/search?tbm=isch&q=ppg%20PPG%201170-2%20Monet's%20Lavender%20color%20swatch,,,,,,,,,,,,,,,,,,,,,,,,,,,,,,,,,,,,,,,,,,,,
DB,ppg,PPG 1170-3 Violet Shadow,#d1d3e0,0.8691955851962659,0.017935927130291296,279.06975249432503,209,211,224,"[209, 211, 224]",7%,6%,0%,12%,"[7%, 6%, 0%, 12%]",84.69,1.12,-6.67,"[84.69, 1.12, -6.67]",https://www.google.com/search?tbm=isch&q=ppg%20PPG%201170-3%20Violet%20Shadow%20color%20swatch,,,,,,,,,,,,,,,,,,,,,,,,,,,,,,,,,,,,,,,,,,,,
DB,ppg,PPG 1170-4 Spring Lilac,#b1b3cb,0.7728626085297686,0.03406950655231401,281.8131585232077,177,179,203,"[177, 179, 203]",13%,12%,0%,20%,"[13%, 12%, 0%, 20%]",73.36,2.87,-12.45,"[73.36, 2.87, -12.45]",https://www.google.com/search?tbm=isch&q=ppg%20PPG%201170-4%20Spring%20Lilac%20color%20swatch,,,,,,,,,,,,,,,,,,,,,,,,,,,,,,,,,,,,,,,,,,,,
DB,ppg,PPG 1170-5 Fresh Lavender,#8e90b4,0.6644577862768385,0.05320852098702284,282.36291618382654,142,144,180,"[142, 144, 180]",21%,20%,0%,29%,"[21%, 20%, 0%, 29%]",60.59,5.14,-19.18,"[60.59, 5.14, -19.18]",https://www.google.com/search?tbm=isch&q=ppg%20PPG%201170-5%20Fresh%20Lavender%20color%20swatch,,,,,,,,,,,,,,,,,,,,,,,,,,,,,,,,,,,,,,,,,,,,
DB,ppg,PPG 1170-6 Wild Wisteria,#686b93,0.5410410045943539,0.06242944980950023,280.77090484315306,104,107,147,"[104, 107, 147]",29%,27%,0%,42%,"[29%, 27%, 0%, 42%]",46.16,6.09,-22.42,"[46.16, 6.09, -22.42]",https://www.google.com/search?tbm=isch&q=ppg%20PPG%201170-6%20Wild%20Wisteria%20color%20swatch,,,,,,,,,,,,,,,,,,,,,,,,,,,,,,,,,,,,,,,,,,,,
DB,ppg,PPG 1170-7 Roman Violet,#4d517f,0.45205469638285417,0.07506901089121859,279.1444554652659,77,81,127,"[77, 81, 127]",39%,36%,0%,50%,"[39%, 36%, 0%, 50%]",35.67,7.75,-26.81,"[35.67, 7.75, -26.81]",https://www.google.com/search?tbm=isch&q=ppg%20PPG%201170-7%20Roman%20Violet%20color%20swatch,,,,,,,,,,,,,,,,,,,,,,,,,,,,,,,,,,,,,,,,,,,,
DB,ppg,PPG 1171-1 Silent Delight,#e5e7e8,0.926719556090641,0.0025210350741202083,228.45070959504505,229,231,232,"[229, 231, 232]",1%,0%,0%,9%,"[1%, 0%, 0%, 9%]",91.51,-0.56,-0.72,"[91.51, -0.56, -0.72]",https://www.google.com/search?tbm=isch&q=ppg%20PPG%201171-1%20Silent%20Delight%20color%20swatch,,,,,,,,,,,,,,,,,,,,,,,,,,,,,,,,,,,,,,,,,,,,
DB,ppg,PPG 1171-2 Little Dipper,#e4e6ea,0.9245514868586701,0.005782654050884253,264.60157772152115,228,230,234,"[228, 230, 234]",3%,2%,0%,8%,"[3%, 2%, 0%, 8%]",91.22,-0.15,-2.19,"[91.22, -0.15, -2.19]",https://www.google.com/search?tbm=isch&q=ppg%20PPG%201171-2%20Little%20Dipper%20color%20swatch,,,,,,,,,,,,,,,,,,,,,,,,,,,,,,,,,,,,,,,,,,,,
DB,ppg,PPG 1171-3 Irradiant Iris,#dadee6,0.8998644337863837,0.011701327646873993,264.53879478189424,218,222,230,"[218, 222, 230]",5%,3%,0%,10%,"[5%, 3%, 0%, 10%]",88.33,-0.29,-4.41,"[88.33, -0.29, -4.41]",https://www.google.com/search?tbm=isch&q=ppg%20PPG%201171-3%20Irradiant%20Iris%20color%20swatch,,,,,,,,,,,,,,,,,,,,,,,,,,,,,,,,,,,,,,,,,,,,
DB,ppg,PPG 1171-4 Cosmic,#b8b9cb,0.7905898218391864,0.025298768025160567,283.303746151955,184,185,203,"[184, 185, 203]",9%,9%,0%,20%,"[9%, 9%, 0%, 20%]",75.49,2.26,-9.23,"[75.49, 2.26, -9.23]",https://www.google.com/search?tbm=isch&q=ppg%20PPG%201171-4%20Cosmic%20color%20swatch,,,,,,,,,,,,,,,,,,,,,,,,,,,,,,,,,,,,,,,,,,,,
DB,ppg,PPG 1171-5 Cotton Flannel,#9090a2,0.6593157296996837,0.026456687068858318,285.6822038098155,144,144,162,"[144, 144, 162]",11%,11%,0%,36%,"[11%, 11%, 0%, 36%]",60.24,2.77,-9.52,"[60.24, 2.77, -9.52]",https://www.google.com/search?tbm=isch&q=ppg%20PPG%201171-5%20Cotton%20Flannel%20color%20swatch,,,,,,,,,,,,,,,,,,,,,,,,,,,,,,,,,,,,,,,,,,,,
DB,ppg,PPG 1171-6 Old Mill Blue,#6e6f82,0.5475915937248809,0.029382408526724444,283.017156220224,110,111,130,"[110, 111, 130]",15%,15%,0%,49%,"[15%, 15%, 0%, 49%]",47.26,2.74,-10.65,"[47.26, 2.74, -10.65]",https://www.google.com/search?tbm=isch&q=ppg%20PPG%201171-6%20Old%20Mill%20Blue%20color%20swatch,,,,,,,,,,,,,,,,,,,,,,,,,,,,,,,,,,,,,,,,,,,,
DB,ppg,PPG 1171-7 Chinaberry,#464960,0.41205469085745033,0.03860989713565089,278.7761169515604,70,73,96,"[70, 73, 96]",27%,24%,0%,62%,"[27%, 24%, 0%, 62%]",31.46,3.12,-14.03,"[31.46, 3.12, -14.03]",https://www.google.com/search?tbm=isch&q=ppg%20PPG%201171-7%20Chinaberry%20color%20swatch,,,,,,,,,,,,,,,,,,,,,,,,,,,,,,,,,,,,,,,,,,,,
DB,ppg,PPG 1172-1 Snow Storm,#eeedea,0.9460375466855198,0.004182175571314724,91.28275815564803,238,237,234,"[238, 237, 234]",0%,0%,2%,7%,"[0%, 0%, 2%, 7%]",93.76,-0.04,1.59,"[93.76, -0.04, 1.59]",https://www.google.com/search?tbm=isch&q=ppg%20PPG%201172-1%20Snow%20Storm%20color%20swatch,,,,,,,,,,,,,,,,,,,,,,,,,,,,,,,,,,,,,,,,,,,,
DB,ppg,PPG 1172-2 Winter Morn,#eae8ec,0.9336875262010311,0.005721870832279148,308.6968066207612,234,232,236,"[234, 232, 236]",1%,2%,0%,7%,"[1%, 2%, 0%, 7%]",92.24,1.23,-1.68,"[92.24, 1.23, -1.68]",https://www.google.com/search?tbm=isch&q=ppg%20PPG%201172-2%20Winter%20Morn%20color%20swatch,,,,,,,,,,,,,,,,,,,,,,,,,,,,,,,,,,,,,,,,,,,,
DB,ppg,PPG 1172-3 Jam Session,#d4cfd6,0.8605402591707622,0.010948344566579888,316.6489899188862,212,207,214,"[212, 207, 214]",1%,3%,0%,16%,"[1%, 3%, 0%, 16%]",83.68,2.73,-2.82,"[83.68, 2.73, -2.82]",https://www.google.com/search?tbm=isch&q=ppg%20PPG%201172-3%20Jam%20Session%20color%20swatch,,,,,,,,,,,,,,,,,,,,,,,,,,,,,,,,,,,,,,,,,,,,
DB,ppg,PPG 1172-4 Ash Grove,#b9b3bf,0.7753419892979172,0.01803857827569144,308.2854865461853,185,179,191,"[185, 179, 191]",3%,6%,0%,25%,"[3%, 6%, 0%, 25%]",73.72,3.88,-5.31,"[73.72, 3.88, -5.31]",https://www.google.com/search?tbm=isch&q=ppg%20PPG%201172-4%20Ash%20Grove%20color%20swatch,,,,,,,,,,,,,,,,,,,,,,,,,,,,,,,,,,,,,,,,,,,,
DB,ppg,PPG 1172-5 Tin Lizzie,#928a98,0.6449089117669953,0.022490640692378088,311.030566886584,146,138,152,"[146, 138, 152]",4%,9%,0%,40%,"[4%, 9%, 0%, 40%]",58.53,5.13,-6.34,"[58.53, 5.13, -6.34]",https://www.google.com/search?tbm=isch&q=ppg%20PPG%201172-5%20Tin%20Lizzie%20color%20swatch,,,,,,,,,,,,,,,,,,,,,,,,,,,,,,,,,,,,,,,,,,,,
DB,ppg,PPG 1172-6 Silverado,#6a6472,0.5136343655484643,0.02292751332425725,304.98478295881,106,100,114,"[106, 100, 114]",7%,12%,0%,55%,"[7%, 12%, 0%, 55%]",43.30,4.65,-7.01,"[43.30, 4.65, -7.01]",https://www.google.com/search?tbm=isch&q=ppg%20PPG%201172-6%20Silverado%20color%20swatch,,,,,,,,,,,,,,,,,,,,,,,,,,,,,,,,,,,,,,,,,,,,
DB,ppg,PPG 1172-7 Blackberry,#4a4354,0.396463521081172,0.029565944318447234,303.82222822160804,74,67,84,"[74, 67, 84]",12%,20%,0%,67%,"[12%, 20%, 0%, 67%]",29.63,5.95,-9.09,"[29.63, 5.95, -9.09]",https://www.google.com/search?tbm=isch&q=ppg%20PPG%201172-7%20Blackberry%20color%20swatch,,,,,,,,,,,,,,,,,,,,,,,,,,,,,,,,,,,,,,,,,,,,
DB,ppg,PPG 1173-1 Violet Echo,#dfdee5,0.9034117764536359,0.00947778273628496,292.92043382286795,223,222,229,"[223, 222, 229]",3%,3%,0%,10%,"[3%, 3%, 0%, 10%]",88.70,1.30,-3.30,"[88.70, 1.30, -3.30]",https://www.google.com/search?tbm=isch&q=ppg%20PPG%201173-1%20Violet%20Echo%20color%20swatch,,,,,,,,,,,,,,,,,,,,,,,,,,,,,,,,,,,,,,,,,,,,
DB,ppg,PPG 1173-2 February Frost,#e0dee3,0.9036033179164054,0.007037930889390969,304.46079105409854,224,222,227,"[224, 222, 227]",1%,2%,0%,11%,"[1%, 2%, 0%, 11%]",88.74,1.38,-2.19,"[88.74, 1.38, -2.19]",https://www.google.com/search?tbm=isch&q=ppg%20PPG%201173-2%20February%20Frost%20color%20swatch,,,,,,,,,,,,,,,,,,,,,,,,,,,,,,,,,,,,,,,,,,,,
DB,ppg,PPG 1173-3 Frosted Lilac,#d3d1dc,0.8655354917135855,0.015139873106907675,294.51601432664233,211,209,220,"[211, 209, 220]",4%,5%,0%,14%,"[4%, 5%, 0%, 14%]",84.25,2.23,-5.19,"[84.25, 2.23, -5.19]",https://www.google.com/search?tbm=isch&q=ppg%20PPG%201173-3%20Frosted%20Lilac%20color%20swatch,,,,,,,,,,,,,,,,,,,,,,,,,,,,,,,,,,,,,,,,,,,,
DB,ppg,PPG 1173-4 Silverberry,#bebbc9,0.7987813720225934,0.019755268238061393,295.83452405902835,190,187,201,"[190, 187, 201]",5%,7%,0%,21%,"[5%, 7%, 0%, 21%]",76.45,3.07,-6.68,"[76.45, 3.07, -6.68]",https://www.google.com/search?tbm=isch&q=ppg%20PPG%201173-4%20Silverberry%20color%20swatch,,,,,,,,,,,,,,,,,,,,,,,,,,,,,,,,,,,,,,,,,,,,
DB,ppg,PPG 1173-5 Purple Surf,#9b95a9,0.6814735028060449,0.02976501987512535,299.34084216085944,155,149,169,"[155, 149, 169]",8%,12%,0%,34%,"[8%, 12%, 0%, 34%]",62.71,5.24,-9.68,"[62.71, 5.24, -9.68]",https://www.google.com/search?tbm=isch&q=ppg%20PPG%201173-5%20Purple%20Surf%20color%20swatch,,,,,,,,,,,,,,,,,,,,,,,,,,,,,,,,,,,,,,,,,,,,
DB,ppg,PPG 1173-6 Plum Shade,#78738b,0.5684967060804377,0.0369673990910501,294.77155128729805,120,115,139,"[120, 115, 139]",14%,17%,0%,45%,"[14%, 17%, 0%, 45%]",49.54,5.82,-12.45,"[49.54, 5.82, -12.45]",https://www.google.com/search?tbm=isch&q=ppg%20PPG%201173-6%20Plum%20Shade%20color%20swatch,,,,,,,,,,,,,,,,,,,,,,,,,,,,,,,,,,,,,,,,,,,,
DB,ppg,PPG 1173-7 Magic Spell,#544f66,0.44135534748935884,0.03777494742387018,294.79048134805305,84,79,102,"[84, 79, 102]",18%,23%,0%,60%,"[18%, 23%, 0%, 60%]",34.77,6.10,-12.64,"[34.77, 6.10, -12.64]",https://www.google.com/search?tbm=isch&q=ppg%20PPG%201173-7%20Magic%20Spell%20color%20swatch,,,,,,,,,,,,,,,,,,,,,,,,,,,,,,,,,,,,,,,,,,,,
DB,ppg,PPG 1174-1 Orchid Blossom,#e4e1e4,0.9129437566739449,0.005139596405464881,326.00219321329087,228,225,228,"[228, 225, 228]",0%,1%,0%,11%,"[0%, 1%, 0%, 11%]",89.83,1.45,-1.08,"[89.83, 1.45, -1.08]",https://www.google.com/search?tbm=isch&q=ppg%20PPG%201174-1%20Orchid%20Blossom%20color%20swatch,,,,,,,,,,,,,,,,,,,,,,,,,,,,,,,,,,,,,,,,,,,,
DB,ppg,PPG 1174-2 Violet Whimsey,#dad6df,0.8818858589873112,0.012903971271639518,306.13570029011044,218,214,223,"[218, 214, 223]",2%,4%,0%,13%,"[2%, 4%, 0%, 13%]",86.15,2.64,-3.92,"[86.15, 2.64, -3.92]",https://www.google.com/search?tbm=isch&q=ppg%20PPG%201174-2%20Violet%20Whimsey%20color%20swatch,,,,,,,,,,,,,,,,,,,,,,,,,,,,,,,,,,,,,,,,,,,,
DB,ppg,PPG 1174-3 Silver Chalice,#cdc8d2,0.8397698860021028,0.01472897042196194,308.374674363693,205,200,210,"[205, 200, 210]",2%,5%,0%,18%,"[2%, 5%, 0%, 18%]",81.23,3.17,-4.34,"[81.23, 3.17, -4.34]",https://www.google.com/search?tbm=isch&q=ppg%20PPG%201174-3%20Silver%20Chalice%20color%20swatch,,,,,,,,,,,,,,,,,,,,,,,,,,,,,,,,,,,,,,,,,,,,
DB,ppg,PPG 1174-4 Cloudberry,#b9b3c2,0.7763002314390315,0.022003920830759163,304.0041146385345,185,179,194,"[185, 179, 194]",5%,8%,0%,24%,"[5%, 8%, 0%, 24%]",73.79,4.32,-6.84,"[73.79, 4.32, -6.84]",https://www.google.com/search?tbm=isch&q=ppg%20PPG%201174-4%20Cloudberry%20color%20swatch,,,,,,,,,,,,,,,,,,,,,,,,,,,,,,,,,,,,,,,,,,,,
DB,ppg,PPG 1174-5 Smoky Grape,#9b8fa6,0.6680706137081404,0.036095011058034546,308.8091175540228,155,143,166,"[155, 143, 166]",7%,14%,0%,35%,"[7%, 14%, 0%, 35%]",61.04,7.96,-10.46,"[61.04, 7.96, -10.46]",https://www.google.com/search?tbm=isch&q=ppg%20PPG%201174-5%20Smoky%20Grape%20color%20swatch,,,,,,,,,,,,,,,,,,,,,,,,,,,,,,,,,,,,,,,,,,,,
DB,ppg,PPG 1174-6 Purple Rain,#736a86,0.5427814668739946,0.044254151376220366,299.65099398852,115,106,134,"[115, 106, 134]",14%,21%,0%,47%,"[14%, 21%, 0%, 47%]",46.43,8.12,-14.20,"[46.43, 8.12, -14.20]",https://www.google.com/search?tbm=isch&q=ppg%20PPG%201174-6%20Purple%20Rain%20color%20swatch,,,,,,,,,,,,,,,,,,,,,,,,,,,,,,,,,,,,,,,,,,,,
DB,ppg,PPG 1174-7 Royal Indigo,#4e4260,0.4038419325978389,0.05152298111383737,302.501466056052,78,66,96,"[78, 66, 96]",19%,31%,0%,62%,"[19%, 31%, 0%, 62%]",30.18,10.45,-15.89,"[30.18, 10.45, -15.89]",https://www.google.com/search?tbm=isch&q=ppg%20PPG%201174-7%20Royal%20Indigo%20color%20swatch,,,,,,,,,,,,,,,,,,,,,,,,,,,,,,,,,,,,,,,,,,,,
DB,ppg,PPG 1175-1 Violet Hush,#e5e2e7,0.916562538695831,0.007406594886424709,312.5403025287628,229,226,231,"[229, 226, 231]",1%,2%,0%,9%,"[1%, 2%, 0%, 9%]",90.23,1.72,-2.06,"[90.23, 1.72, -2.06]",https://www.google.com/search?tbm=isch&q=ppg%20PPG%201175-1%20Violet%20Hush%20color%20swatch,,,,,,,,,,,,,,,,,,,,,,,,,,,,,,,,,,,,,,,,,,,,
DB,ppg,PPG 1175-2 Pale Orchid,#dedbe5,0.8967076636237317,0.013855450358991888,299.8865098043475,222,219,229,"[222, 219, 229]",3%,4%,0%,10%,"[3%, 4%, 0%, 10%]",87.86,2.42,-4.52,"[87.86, 2.42, -4.52]",https://www.google.com/search?tbm=isch&q=ppg%20PPG%201175-2%20Pale%20Orchid%20color%20swatch,,,,,,,,,,,,,,,,,,,,,,,,,,,,,,,,,,,,,,,,,,,,
DB,ppg,PPG 1175-3 Lavender Haze,#d3d0dd,0.8638549290896805,0.018012939525433713,296.6641039716651,211,208,221,"[211, 208, 221]",5%,6%,0%,13%,"[5%, 6%, 0%, 13%]",84.02,2.86,-6.05,"[84.02, 2.86, -6.05]",https://www.google.com/search?tbm=isch&q=ppg%20PPG%201175-3%20Lavender%20Haze%20color%20swatch,,,,,,,,,,,,,,,,,,,,,,,,,,,,,,,,,,,,,,,,,,,,
DB,ppg,PPG 1175-4 Wild Lilac,#beb8cd,0.7940477865010781,0.030004541369267723,298.8061395390157,190,184,205,"[190, 184, 205]",7%,10%,0%,20%,"[7%, 10%, 0%, 20%]",75.77,5.18,-9.83,"[75.77, 5.18, -9.83]",https://www.google.com/search?tbm=isch&q=ppg%20PPG%201175-4%20Wild%20Lilac%20color%20swatch,,,,,,,,,,,,,,,,,,,,,,,,,,,,,,,,,,,,,,,,,,,,
DB,ppg,PPG 1175-5 French Violet,#988eb4,0.6686747417151625,0.056535185611237236,296.92531956916935,152,142,180,"[152, 142, 180]",16%,21%,0%,29%,"[16%, 21%, 0%, 29%]",60.91,9.69,-18.59,"[60.91, 9.69, -18.59]",https://www.google.com/search?tbm=isch&q=ppg%20PPG%201175-5%20French%20Violet%20color%20swatch,,,,,,,,,,,,,,,,,,,,,,,,,,,,,,,,,,,,,,,,,,,,
DB,ppg,PPG 1175-6 Purple Grapes,#736993,0.5463130178264497,0.06539724704531479,295.0867948891132,115,105,147,"[115, 105, 147]",22%,29%,0%,42%,"[22%, 29%, 0%, 42%]",46.59,11.07,-21.66,"[46.59, 11.07, -21.66]",https://www.google.com/search?tbm=isch&q=ppg%20PPG%201175-6%20Purple%20Grapes%20color%20swatch,,,,,,,,,,,,,,,,,,,,,,,,,,,,,,,,,,,,,,,,,,,,
DB,ppg,PPG 1175-7 Imperial Purple,#534a77,0.43785638308064495,0.07339641689890511,292.2853377632945,83,74,119,"[83, 74, 119]",30%,38%,0%,53%,"[30%, 38%, 0%, 53%]",33.88,12.20,-24.60,"[33.88, 12.20, -24.60]",https://www.google.com/search?tbm=isch&q=ppg%20PPG%201175-7%20Imperial%20Purple%20color%20swatch,,,,,,,,,,,,,,,,,,,,,,,,,,,,,,,,,,,,,,,,,,,,
DB,ppg,PPG 1176-1 Peekaboo,#e6dee6,0.9092197078787909,0.01374112060310716,325.83576114676623,230,222,230,"[230, 222, 230]",0%,3%,0%,10%,"[0%, 3%, 0%, 10%]",89.28,3.88,-2.89,"[89.28, 3.88, -2.89]",https://www.google.com/search?tbm=isch&q=ppg%20PPG%201176-1%20Peekaboo%20color%20swatch,,,,,,,,,,,,,,,,,,,,,,,,,,,,,,,,,,,,,,,,,,,,
DB,ppg,PPG 1176-2 Orchid Lane,#e5dde7,0.9067646199083765,0.01592174855653299,319.5710655880446,229,221,231,"[229, 221, 231]",1%,4%,0%,9%,"[1%, 4%, 0%, 9%]",88.98,4.15,-3.87,"[88.98, 4.15, -3.87]",https://www.google.com/search?tbm=isch&q=ppg%20PPG%201176-2%20Orchid%20Lane%20color%20swatch,,,,,,,,,,,,,,,,,,,,,,,,,,,,,,,,,,,,,,,,,,,,
DB,ppg,PPG 1176-3 Dusky Lilac,#d6cbda,0.8554748952667245,0.02366564655616415,317.20408911682375,214,203,218,"[214, 203, 218]",2%,7%,0%,15%,"[2%, 7%, 0%, 15%]",82.93,5.97,-6.02,"[82.93, 5.97, -6.02]",https://www.google.com/search?tbm=isch&q=ppg%20PPG%201176-3%20Dusky%20Lilac%20color%20swatch,,,,,,,,,,,,,,,,,,,,,,,,,,,,,,,,,,,,,,,,,,,,
DB,ppg,PPG 1176-4 Purple Essence,#c2b1c8,0.7818611064397645,0.0371690807678381,317.33968779143106,194,177,200,"[194, 177, 200]",3%,12%,0%,22%,"[3%, 12%, 0%, 22%]",74.20,9.43,-9.38,"[74.20, 9.43, -9.38]",https://www.google.com/search?tbm=isch&q=ppg%20PPG%201176-4%20Purple%20Essence%20color%20swatch,,,,,,,,,,,,,,,,,,,,,,,,,,,,,,,,,,,,,,,,,,,,
DB,ppg,PPG 1176-5 Violet Eclipse,#a387ac,0.6617101917771094,0.06246440336553167,317.88681017111867,163,135,172,"[163, 135, 172]",5%,22%,0%,33%,"[5%, 22%, 0%, 33%]",59.91,16.10,-15.46,"[59.91, 16.10, -15.46]",https://www.google.com/search?tbm=isch&q=ppg%20PPG%201176-5%20Violet%20Eclipse%20color%20swatch,,,,,,,,,,,,,,,,,,,,,,,,,,,,,,,,,,,,,,,,,,,,
DB,ppg,PPG 1176-6 Mirabella,#886793,0.5628929214615093,0.07663045194151799,317.5435192423506,136,103,147,"[136, 103, 147]",7%,30%,0%,42%,"[7%, 30%, 0%, 42%]",48.22,19.81,-18.95,"[48.22, 19.81, -18.95]",https://www.google.com/search?tbm=isch&q=ppg%20PPG%201176-6%20Mirabella%20color%20swatch,,,,,,,,,,,,,,,,,,,,,,,,,,,,,,,,,,,,,,,,,,,,
DB,ppg,PPG 1176-7 Perfectly Purple,#694878,0.45750400951119713,0.08513597003754785,314.7842445588087,105,72,120,"[105, 72, 120]",13%,40%,0%,53%,"[13%, 40%, 0%, 53%]",35.84,21.52,-21.95,"[35.84, 21.52, -21.95]",https://www.google.com/search?tbm=isch&q=ppg%20PPG%201176-7%20Perfectly%20Purple%20color%20swatch,,,,,,,,,,,,,,,,,,,,,,,,,,,,,,,,,,,,,,,,,,,,
DB,ppg,PPG 1177-1 Orchid Petal,#e7e3e7,0.9200936551147769,0.0068432346143343795,325.92385753799977,231,227,231,"[231, 227, 231]",0%,2%,0%,9%,"[0%, 2%, 0%, 9%]",90.64,1.93,-1.44,"[90.64, 1.93, -1.44]",https://www.google.com/search?tbm=isch&q=ppg%20PPG%201177-1%20Orchid%20Petal%20color%20swatch,,,,,,,,,,,,,,,,,,,,,,,,,,,,,,,,,,,,,,,,,,,,
DB,ppg,PPG 1177-2 Little Lilac,#e0d8df,0.890610198439979,0.012799437469043542,329.73449102159225,224,216,223,"[224, 216, 223]",0%,4%,0%,12%,"[0%, 4%, 0%, 12%]",87.14,3.76,-2.41,"[87.14, 3.76, -2.41]",https://www.google.com/search?tbm=isch&q=ppg%20PPG%201177-2%20Little%20Lilac%20color%20swatch,,,,,,,,,,,,,,,,,,,,,,,,,,,,,,,,,,,,,,,,,,,,
DB,ppg,PPG 1177-3 Shy Violet,#d6c7d6,0.8464100794063232,0.02624454369909103,325.88063048369247,214,199,214,"[214, 199, 214]",0%,7%,0%,16%,"[0%, 7%, 0%, 16%]",81.83,7.41,-5.50,"[81.83, 7.41, -5.50]",https://www.google.com/search?tbm=isch&q=ppg%20PPG%201177-3%20Shy%20Violet%20color%20swatch,,,,,,,,,,,,,,,,,,,,,,,,,,,,,,,,,,,,,,,,,,,,
DB,ppg,PPG 1177-4 Lavish Lavender,#c2aec3,0.7743295147564896,0.036857218819430736,324.5248581143891,194,174,195,"[194, 174, 195]",1%,11%,0%,24%,"[1%, 11%, 0%, 24%]",73.32,10.25,-7.96,"[73.32, 10.25, -7.96]",https://www.google.com/search?tbm=isch&q=ppg%20PPG%201177-4%20Lavish%20Lavender%20color%20swatch,,,,,,,,,,,,,,,,,,,,,,,,,,,,,,,,,,,,,,,,,,,,
DB,ppg,PPG 1177-5 Pale Plum,#a489a3,0.6632672136870708,0.04903967525912023,327.31212777621556,164,137,163,"[164, 137, 163]",0%,16%,1%,36%,"[0%, 16%, 1%, 36%]",60.26,14.05,-9.81,"[60.26, 14.05, -9.81]",https://www.google.com/search?tbm=isch&q=ppg%20PPG%201177-5%20Pale%20Plum%20color%20swatch,,,,,,,,,,,,,,,,,,,,,,,,,,,,,,,,,,,,,,,,,,,,
DB,ppg,PPG 1177-6 Grape Jelly,#7e667f,0.5423690638470223,0.04797092280691512,324.9754544037378,126,102,127,"[126, 102, 127]",1%,20%,0%,50%,"[1%, 20%, 0%, 50%]",46.25,13.42,-10.17,"[46.25, 13.42, -10.17]",https://www.google.com/search?tbm=isch&q=ppg%20PPG%201177-6%20Grape%20Jelly%20color%20swatch,,,,,,,,,,,,,,,,,,,,,,,,,,,,,,,,,,,,,,,,,,,,
DB,ppg,PPG 1177-7 Pansy Petal,#5f4561,0.4292185952841797,0.05591403186442443,324.1293827757563,95,69,97,"[95, 69, 97]",2%,29%,0%,62%,"[2%, 29%, 0%, 62%]",33.00,15.54,-12.03,"[33.00, 15.54, -12.03]",https://www.google.com/search?tbm=isch&q=ppg%20PPG%201177-7%20Pansy%20Petal%20color%20swatch,,,,,,,,,,,,,,,,,,,,,,,,,,,,,,,,,,,,,,,,,,,,
DB,ppg,PPG 1178-1 Lavender Twilight,#e7dfe3,0.9111016251437594,0.010187505455872796,345.6369807245595,231,223,227,"[231, 223, 227]",0%,3%,2%,9%,"[0%, 3%, 2%, 9%]",89.55,3.34,-0.93,"[89.55, 3.34, -0.93]",https://www.google.com/search?tbm=isch&q=ppg%20PPG%201178-1%20Lavender%20Twilight%20color%20swatch,,,,,,,,,,,,,,,,,,,,,,,,,,,,,,,,,,,,,,,,,,,,
DB,ppg,PPG 1178-2 Wine Frost,#e5d8e1,0.8952512914157943,0.01859868716880559,336.690616805226,229,216,225,"[229, 216, 225]",0%,6%,2%,10%,"[0%, 6%, 2%, 10%]",87.59,5.79,-2.74,"[87.59, 5.79, -2.74]",https://www.google.com/search?tbm=isch&q=ppg%20PPG%201178-2%20Wine%20Frost%20color%20swatch,,,,,,,,,,,,,,,,,,,,,,,,,,,,,,,,,,,,,,,,,,,,
DB,ppg,PPG 1178-3 Pale Mauve,#dccad8,0.8579023039823213,0.027431258606028637,333.3919456969213,220,202,216,"[220, 202, 216]",0%,8%,2%,14%,"[0%, 8%, 2%, 14%]",83.14,8.32,-4.57,"[83.14, 8.32, -4.57]",https://www.google.com/search?tbm=isch&q=ppg%20PPG%201178-3%20Pale%20Mauve%20color%20swatch,,,,,,,,,,,,,,,,,,,,,,,,,,,,,,,,,,,,,,,,,,,,
DB,ppg,PPG 1178-4 Soft Amethyst,#cfb7c9,0.8052306715857563,0.036570368396848955,334.6764592067509,207,183,201,"[207, 183, 201]",0%,12%,3%,19%,"[0%, 12%, 3%, 19%]",76.90,11.19,-5.81,"[76.90, 11.19, -5.81]",https://www.google.com/search?tbm=isch&q=ppg%20PPG%201178-4%20Soft%20Amethyst%20color%20swatch,,,,,,,,,,,,,,,,,,,,,,,,,,,,,,,,,,,,,,,,,,,,
DB,ppg,PPG 1178-5 Palisade Orchid,#af8ea5,0.684384061785951,0.05080499519134753,337.37485568891293,175,142,165,"[175, 142, 165]",0%,19%,6%,31%,"[0%, 19%, 6%, 31%]",62.69,15.78,-7.22,"[62.69, 15.78, -7.22]",https://www.google.com/search?tbm=isch&q=ppg%20PPG%201178-5%20Palisade%20Orchid%20color%20swatch,,,,,,,,,,,,,,,,,,,,,,,,,,,,,,,,,,,,,,,,,,,,
DB,ppg,PPG 1178-6 Blackberry Jam,#87657e,0.5495044541949288,0.05647387849800657,336.17085374448857,135,101,126,"[135, 101, 126]",0%,25%,7%,47%,"[0%, 25%, 7%, 47%]",46.95,17.35,-8.40,"[46.95, 17.35, -8.40]",https://www.google.com/search?tbm=isch&q=ppg%20PPG%201178-6%20Blackberry%20Jam%20color%20swatch,,,,,,,,,,,,,,,,,,,,,,,,,,,,,,,,,,,,,,,,,,,,
DB,ppg,PPG 1178-7 Royal Plum,#654161,0.42850958569976527,0.0689534735160526,330.68288629364633,101,65,97,"[101, 65, 97]",0%,36%,4%,60%,"[0%, 36%, 4%, 60%]",32.72,20.28,-12.36,"[32.72, 20.28, -12.36]",https://www.google.com/search?tbm=isch&q=ppg%20PPG%201178-7%20Royal%20Plum%20color%20swatch,,,,,,,,,,,,,,,,,,,,,,,,,,,,,,,,,,,,,,,,,,,,
DB,ppg,PPG 1179-1 Misty Morn,#e7e1e3,0.915021043302692,0.007037012770708012,355.09478533707534,231,225,227,"[231, 225, 227]",0%,3%,2%,9%,"[0%, 3%, 2%, 9%]",90.05,2.37,-0.21,"[90.05, 2.37, -0.21]",https://www.google.com/search?tbm=isch&q=ppg%20PPG%201179-1%20Misty%20Morn%20color%20swatch,,,,,,,,,,,,,,,,,,,,,,,,,,,,,,,,,,,,,,,,,,,,
DB,ppg,PPG 1179-2 Smoky Orchid,#e1d9dc,0.8925075401097115,0.009623288021470954,352.59525030067823,225,217,220,"[225, 217, 220]",0%,4%,2%,12%,"[0%, 4%, 2%, 12%]",87.40,3.23,-0.44,"[87.40, 3.23, -0.44]",https://www.google.com/search?tbm=isch&q=ppg%20PPG%201179-2%20Smoky%20Orchid%20color%20swatch,,,,,,,,,,,,,,,,,,,,,,,,,,,,,,,,,,,,,,,,,,,,
DB,ppg,PPG 1179-3 Silver Mauve,#dbccd3,0.8594633887452516,0.019105832596377444,347.60157385426555,219,204,211,"[219, 204, 211]",0%,7%,4%,14%,"[0%, 7%, 4%, 14%]",83.44,6.30,-1.50,"[83.44, 6.30, -1.50]",https://www.google.com/search?tbm=isch&q=ppg%20PPG%201179-3%20Silver%20Mauve%20color%20swatch,,,,,,,,,,,,,,,,,,,,,,,,,,,,,,,,,,,,,,,,,,,,
DB,ppg,PPG 1179-4 Rose Marble,#ceb9c4,0.8066989571823461,0.02807827239963974,344.8530806896399,206,185,196,"[206, 185, 196]",0%,10%,5%,19%,"[0%, 10%, 5%, 19%]",77.20,9.14,-2.70,"[77.20, 9.14, -2.70]",https://www.google.com/search?tbm=isch&q=ppg%20PPG%201179-4%20Rose%20Marble%20color%20swatch,,,,,,,,,,,,,,,,,,,,,,,,,,,,,,,,,,,,,,,,,,,,
DB,ppg,PPG 1179-5 Ashberry,#b495a4,0.7025226094310328,0.04223142570277806,347.5598191773006,180,149,164,"[180, 149, 164]",0%,17%,9%,29%,"[0%, 17%, 9%, 29%]",64.92,13.83,-3.31,"[64.92, 13.83, -3.31]",https://www.google.com/search?tbm=isch&q=ppg%20PPG%201179-5%20Ashberry%20color%20swatch,,,,,,,,,,,,,,,,,,,,,,,,,,,,,,,,,,,,,,,,,,,,
DB,ppg,PPG 1179-6 Victorian Plum,#8e6278,0.5494058529850216,0.06450832584844622,348.0314159208938,142,98,120,"[142, 98, 120]",0%,31%,15%,44%,"[0%, 31%, 15%, 44%]",46.86,20.96,-4.85,"[46.86, 20.96, -4.85]",https://www.google.com/search?tbm=isch&q=ppg%20PPG%201179-6%20Victorian%20Plum%20color%20swatch,,,,,,,,,,,,,,,,,,,,,,,,,,,,,,,,,,,,,,,,,,,,
DB,ppg,PPG 1179-7 Love Potion,#603e53,0.41049249472625526,0.05676213846073857,342.2842323983592,96,62,83,"[96, 62, 83]",0%,35%,14%,62%,"[0%, 35%, 14%, 62%]",30.83,17.96,-6.32,"[30.83, 17.96, -6.32]",https://www.google.com/search?tbm=isch&q=ppg%20PPG%201179-7%20Love%20Potion%20color%20swatch,,,,,,,,,,,,,,,,,,,,,,,,,,,,,,,,,,,,,,,,,,,,
DB,ppg,PPG 1180-1 Violet Vapor,#e5dae1,0.8991450711032517,0.015198457977691239,339.07869050890895,229,218,225,"[229, 218, 225]",0%,5%,2%,10%,"[0%, 5%, 2%, 10%]",88.09,4.81,-2.01,"[88.09, 4.81, -2.01]",https://www.google.com/search?tbm=isch&q=ppg%20PPG%201180-1%20Violet%20Vapor%20color%20swatch,,,,,,,,,,,,,,,,,,,,,,,,,,,,,,,,,,,,,,,,,,,,
DB,ppg,PPG 1180-2 Rajah Rose,#e6d9e2,0.8983058354934804,0.01858264176500934,336.6894214860215,230,217,226,"[230, 217, 226]",0%,6%,2%,10%,"[0%, 6%, 2%, 10%]",87.95,5.79,-2.74,"[87.95, 5.79, -2.74]",https://www.google.com/search?tbm=isch&q=ppg%20PPG%201180-2%20Rajah%20Rose%20color%20swatch,,,,,,,,,,,,,,,,,,,,,,,,,,,,,,,,,,,,,,,,,,,,
DB,ppg,PPG 1180-3 Summer Clover,#e5cfde,0.8769856629402996,0.03149467768416819,337.3773028610002,229,207,222,"[229, 207, 222]",0%,10%,3%,10%,"[0%, 10%, 3%, 10%]",85.30,9.84,-4.49,"[85.30, 9.84, -4.49]",https://www.google.com/search?tbm=isch&q=ppg%20PPG%201180-3%20Summer%20Clover%20color%20swatch,,,,,,,,,,,,,,,,,,,,,,,,,,,,,,,,,,,,,,,,,,,,
DB,ppg,PPG 1180-4 Light Mulberry,#d8b7cf,0.815204337850343,0.049485169719514534,335.84861780393067,216,183,207,"[216, 183, 207]",0%,15%,4%,15%,"[0%, 15%, 4%, 15%]",77.88,15.24,-7.50,"[77.88, 15.24, -7.50]",https://www.google.com/search?tbm=isch&q=ppg%20PPG%201180-4%20Light%20Mulberry%20color%20swatch,,,,,,,,,,,,,,,,,,,,,,,,,,,,,,,,,,,,,,,,,,,,
DB,ppg,PPG 1180-5 Mauve Magic,#bf91b2,0.710481263724246,0.07093646651239237,336.9033037415211,191,145,178,"[191, 145, 178]",0%,24%,7%,25%,"[0%, 24%, 7%, 25%]",65.43,21.90,-10.25,"[65.43, 21.90, -10.25]",https://www.google.com/search?tbm=isch&q=ppg%20PPG%201180-5%20Mauve%20Magic%20color%20swatch,,,,,,,,,,,,,,,,,,,,,,,,,,,,,,,,,,,,,,,,,,,,
DB,ppg,PPG 1180-6 Flowering Raspberry,#a16c94,0.5999316879387874,0.08665999516750761,335.9590359602023,161,108,148,"[161, 108, 148]",0%,33%,8%,37%,"[0%, 33%, 8%, 37%]",52.37,26.46,-12.95,"[52.37, 26.46, -12.95]",https://www.google.com/search?tbm=isch&q=ppg%20PPG%201180-6%20Flowering%20Raspberry%20color%20swatch,,,,,,,,,,,,,,,,,,,,,,,,,,,,,,,,,,,,,,,,,,,,
DB,ppg,PPG 1180-7 Magic Magenta,#7f4774,0.48086290453779656,0.09809203376445,334.65749712939714,127,71,116,"[127, 71, 116]",0%,44%,9%,50%,"[0%, 44%, 9%, 50%]",38.37,29.56,-15.31,"[38.37, 29.56, -15.31]",https://www.google.com/search?tbm=isch&q=ppg%20PPG%201180-7%20Magic%20Magenta%20color%20swatch,,,,,,,,,,,,,,,,,,,,,,,,,,,,,,,,,,,,,,,,,,,,
DB,ppg,PPG 1181-1 Candy Mix,#f3dfe3,0.9209076998978392,0.022568909880912532,3.9254713314385867,243,223,227,"[243, 223, 227]",0%,8%,7%,5%,"[0%, 8%, 7%, 5%]",90.55,7.59,0.67,"[90.55, 7.59, 0.67]",https://www.google.com/search?tbm=isch&q=ppg%20PPG%201181-1%20Candy%20Mix%20color%20swatch,,,,,,,,,,,,,,,,,,,,,,,,,,,,,,,,,,,,,,,,,,,,
DB,ppg,PPG 1181-2 Brittany's Bow,#f3d8e0,0.906710088018546,0.03163965753464345,357.93856605231815,243,216,224,"[243, 216, 224]",0%,11%,8%,5%,"[0%, 11%, 8%, 5%]",88.78,10.64,-0.33,"[88.78, 10.64, -0.33]",https://www.google.com/search?tbm=isch&q=ppg%20PPG%201181-2%20Brittany's%20Bow%20color%20swatch,,,,,,,,,,,,,,,,,,,,,,,,,,,,,,,,,,,,,,,,,,,,
DB,ppg,PPG 1181-3 Mountain Laurel,#f4c8d5,0.8744981680207824,0.05247242895666962,358.6504263218818,244,200,213,"[244, 200, 213]",0%,18%,13%,4%,"[0%, 18%, 13%, 4%]",84.78,17.58,-0.29,"[84.78, 17.58, -0.29]",https://www.google.com/search?tbm=isch&q=ppg%20PPG%201181-3%20Mountain%20Laurel%20color%20swatch,,,,,,,,,,,,,,,,,,,,,,,,,,,,,,,,,,,,,,,,,,,,
DB,ppg,PPG 1181-4 Tickled Pink,#efa7bf,0.8039401090879412,0.08971868525757697,357.66445006975096,239,167,191,"[239, 167, 191]",0%,30%,20%,6%,"[0%, 30%, 20%, 6%]",76.11,29.78,-1.07,"[76.11, 29.78, -1.07]",https://www.google.com/search?tbm=isch&q=ppg%20PPG%201181-4%20Tickled%20Pink%20color%20swatch,,,,,,,,,,,,,,,,,,,,,,,,,,,,,,,,,,,,,,,,,,,,
DB,ppg,PPG 1181-5 Rose Glory,#e585a5,0.7282296857546456,0.12268645780954365,359.23734381059694,229,133,165,"[229, 133, 165]",0%,42%,28%,10%,"[0%, 42%, 28%, 10%]",66.92,40.45,-0.14,"[66.92, 40.45, -0.14]",https://www.google.com/search?tbm=isch&q=ppg%20PPG%201181-5%20Rose%20Glory%20color%20swatch,,,,,,,,,,,,,,,,,,,,,,,,,,,,,,,,,,,,,,,,,,,,
DB,ppg,PPG 1181-6 Paris Pink,#da6d91,0.6716064571637975,0.14107088248472505,0.6866540577390765,218,109,145,"[218, 109, 145]",0%,50%,33%,15%,"[0%, 50%, 33%, 15%]",60.14,46.30,1.25,"[60.14, 46.30, 1.25]",https://www.google.com/search?tbm=isch&q=ppg%20PPG%201181-6%20Paris%20Pink%20color%20swatch,,,,,,,,,,,,,,,,,,,,,,,,,,,,,,,,,,,,,,,,,,,,
DB,ppg,PPG 1181-7 Panama Rose,#c6577c,0.6064488925572743,0.1460935021349062,1.5255581621358374,198,87,124,"[198, 87, 124]",0%,56%,37%,22%,"[0%, 56%, 37%, 22%]",52.53,47.80,2.15,"[52.53, 47.80, 2.15]",https://www.google.com/search?tbm=isch&q=ppg%20PPG%201181-7%20Panama%20Rose%20color%20swatch,,,,,,,,,,,,,,,,,,,,,,,,,,,,,,,,,,,,,,,,,,,,
DB,ppg,PPG 1182-1 Pink Booties,#efe1e4,0.9217398017916587,0.0157933102824866,2.815935557789487,239,225,228,"[239, 225, 228]",0%,6%,5%,6%,"[0%, 6%, 5%, 6%]",90.73,5.32,0.35,"[90.73, 5.32, 0.35]",https://www.google.com/search?tbm=isch&q=ppg%20PPG%201182-1%20Pink%20Booties%20color%20swatch,,,,,,,,,,,,,,,,,,,,,,,,,,,,,,,,,,,,,,,,,,,,
DB,ppg,PPG 1182-2 Blushing Bride,#f0d6dd,0.8994730270290986,0.03023529705465705,359.62395462102086,240,214,221,"[240, 214, 221]",0%,11%,8%,6%,"[0%, 11%, 8%, 6%]",87.96,10.18,0.03,"[87.96, 10.18, 0.03]",https://www.google.com/search?tbm=isch&q=ppg%20PPG%201182-2%20Blushing%20Bride%20color%20swatch,,,,,,,,,,,,,,,,,,,,,,,,,,,,,,,,,,,,,,,,,,,,
DB,ppg,PPG 1182-3 Pale Primrose,#eec8d3,0.8684079713283867,0.04519138580177374,358.8169803482608,238,200,211,"[238, 200, 211]",0%,16%,11%,7%,"[0%, 16%, 11%, 7%]",84.16,15.16,-0.20,"[84.16, 15.16, -0.20]",https://www.google.com/search?tbm=isch&q=ppg%20PPG%201182-3%20Pale%20Primrose%20color%20swatch,,,,,,,,,,,,,,,,,,,,,,,,,,,,,,,,,,,,,,,,,,,,
DB,ppg,PPG 1182-4 Garden Party,#e3a4b8,0.783953863341075,0.07847591063754596,358.3411750510629,227,164,184,"[227, 164, 184]",0%,28%,19%,11%,"[0%, 28%, 19%, 11%]",73.94,26.11,-0.58,"[73.94, 26.11, -0.58]",https://www.google.com/search?tbm=isch&q=ppg%20PPG%201182-4%20Garden%20Party%20color%20swatch,,,,,,,,,,,,,,,,,,,,,,,,,,,,,,,,,,,,,,,,,,,,
DB,ppg,PPG 1182-5 Primrose,#d6859f,0.7084422506544953,0.10394980973585803,359.39331373079335,214,133,159,"[214, 133, 159]",0%,38%,26%,16%,"[0%, 38%, 26%, 16%]",64.87,34.38,-0.02,"[64.87, 34.38, -0.02]",https://www.google.com/search?tbm=isch&q=ppg%20PPG%201182-5%20Primrose%20color%20swatch,,,,,,,,,,,,,,,,,,,,,,,,,,,,,,,,,,,,,,,,,,,,
DB,ppg,PPG 1182-6 Geranium Pink,#c66787,0.6329509338398781,0.12535002922710864,359.8947896157572,198,103,135,"[198, 103, 135]",0%,48%,32%,22%,"[0%, 48%, 32%, 22%]",55.84,41.18,0.43,"[55.84, 41.18, 0.43]",https://www.google.com/search?tbm=isch&q=ppg%20PPG%201182-6%20Geranium%20Pink%20color%20swatch,,,,,,,,,,,,,,,,,,,,,,,,,,,,,,,,,,,,,,,,,,,,
DB,ppg,PPG 1182-7 Fuchsia Flock,#ab446b,0.5357444073229789,0.14035941022134268,359.36935025280354,171,68,107,"[171, 68, 107]",0%,60%,37%,33%,"[0%, 60%, 37%, 33%]",44.37,45.72,0.02,"[44.37, 45.72, 0.02]",https://www.google.com/search?tbm=isch&q=ppg%20PPG%201182-7%20Fuchsia%20Flock%20color%20swatch,,,,,,,,,,,,,,,,,,,,,,,,,,,,,,,,,,,,,,,,,,,,
DB,ppg,PPG 1183-1 Ballerina,#f0dee0,0.9156449721504224,0.019966139155408378,9.897526143307687,240,222,224,"[240, 222, 224]",0%,7%,7%,6%,"[0%, 7%, 7%, 6%]",89.99,6.63,1.38,"[89.99, 6.63, 1.38]",https://www.google.com/search?tbm=isch&q=ppg%20PPG%201183-1%20Ballerina%20color%20swatch,,,,,,,,,,,,,,,,,,,,,,,,,,,,,,,,,,,,,,,,,,,,
DB,ppg,PPG 1183-2 Cradle Pink,#f1d3d9,0.8935084980935768,0.0343444105420036,4.261002975160977,241,211,217,"[241, 211, 217]",0%,12%,10%,5%,"[0%, 12%, 10%, 5%]",87.23,11.52,1.09,"[87.23, 11.52, 1.09]",https://www.google.com/search?tbm=isch&q=ppg%20PPG%201183-2%20Cradle%20Pink%20color%20swatch,,,,,,,,,,,,,,,,,,,,,,,,,,,,,,,,,,,,,,,,,,,,
DB,ppg,PPG 1183-3 Rose Melody,#ecbfc9,0.8469271062706083,0.05301136990390772,3.4152164946530092,236,191,201,"[236, 191, 201]",0%,19%,15%,7%,"[0%, 19%, 15%, 7%]",81.60,17.74,1.40,"[81.60, 17.74, 1.40]",https://www.google.com/search?tbm=isch&q=ppg%20PPG%201183-3%20Rose%20Melody%20color%20swatch,,,,,,,,,,,,,,,,,,,,,,,,,,,,,,,,,,,,,,,,,,,,
DB,ppg,PPG 1183-4 Brandywine,#e69dad,0.7716568286545779,0.08914706093038124,5.0131238924608965,230,157,173,"[230, 157, 173]",0%,32%,25%,10%,"[0%, 32%, 25%, 10%]",72.44,29.60,3.34,"[72.44, 29.60, 3.34]",https://www.google.com/search?tbm=isch&q=ppg%20PPG%201183-4%20Brandywine%20color%20swatch,,,,,,,,,,,,,,,,,,,,,,,,,,,,,,,,,,,,,,,,,,,,
DB,ppg,PPG 1183-5 Razzberries,#d1768c,0.6721699319362494,0.11590542905373366,5.176687784523892,209,118,140,"[209, 118, 140]",0%,44%,33%,18%,"[0%, 44%, 33%, 18%]",60.57,38.23,4.54,"[60.57, 38.23, 4.54]",https://www.google.com/search?tbm=isch&q=ppg%20PPG%201183-5%20Razzberries%20color%20swatch,,,,,,,,,,,,,,,,,,,,,,,,,,,,,,,,,,,,,,,,,,,,
DB,ppg,PPG 1183-6 Cherry Pink,#c7607b,0.6202615349638985,0.13358962541068417,5.229001066396563,199,96,123,"[199, 96, 123]",0%,52%,38%,22%,"[0%, 52%, 38%, 22%]",54.34,43.87,5.34,"[54.34, 43.87, 5.34]",https://www.google.com/search?tbm=isch&q=ppg%20PPG%201183-6%20Cherry%20Pink%20color%20swatch,,,,,,,,,,,,,,,,,,,,,,,,,,,,,,,,,,,,,,,,,,,,
DB,ppg,PPG 1183-7 Heart's Desire,#ac3e5f,0.5260255881835268,0.14618816414456423,5.142116245636089,172,62,95,"[172, 62, 95]",0%,64%,45%,33%,"[0%, 64%, 45%, 33%]",43.25,47.72,5.85,"[43.25, 47.72, 5.85]",https://www.google.com/search?tbm=isch&q=ppg%20PPG%201183-7%20Heart's%20Desire%20color%20swatch,,,,,,,,,,,,,,,,,,,,,,,,,,,,,,,,,,,,,,,,,,,,
DB,ppg,PPG 1184-1 Gaiety,#f4e4e5,0.9319032794487763,0.01755246088542681,13.21207325360092,244,228,229,"[244, 228, 229]",0%,7%,6%,4%,"[0%, 7%, 6%, 4%]",91.91,5.76,1.59,"[91.91, 5.76, 1.59]",https://www.google.com/search?tbm=isch&q=ppg%20PPG%201184-1%20Gaiety%20color%20swatch,,,,,,,,,,,,,,,,,,,,,,,,,,,,,,,,,,,,,,,,,,,,
DB,ppg,PPG 1184-2 Pleasing Pink,#f5cdd2,0.883847847452478,0.04555929797855671,9.600640219881655,245,205,210,"[245, 205, 210]",0%,16%,14%,4%,"[0%, 16%, 14%, 4%]",86.00,15.11,3.07,"[86.00, 15.11, 3.07]",https://www.google.com/search?tbm=isch&q=ppg%20PPG%201184-2%20Pleasing%20Pink%20color%20swatch,,,,,,,,,,,,,,,,,,,,,,,,,,,,,,,,,,,,,,,,,,,,
DB,ppg,PPG 1184-3 Powder Rose,#f5b3bc,0.8304065256882986,0.0776719223709463,9.85534170792016,245,179,188,"[245, 179, 188]",0%,27%,23%,4%,"[0%, 27%, 23%, 4%]",79.43,25.65,5.42,"[79.43, 25.65, 5.42]",https://www.google.com/search?tbm=isch&q=ppg%20PPG%201184-3%20Powder%20Rose%20color%20swatch,,,,,,,,,,,,,,,,,,,,,,,,,,,,,,,,,,,,,,,,,,,,
DB,ppg,PPG 1184-4 Pink Punch,#f392a0,0.7645188696200614,0.11786457436709047,10.934088573078498,243,146,160,"[243, 146, 160]",0%,40%,34%,5%,"[0%, 40%, 34%, 5%]",71.34,38.67,9.22,"[71.34, 38.67, 9.22]",https://www.google.com/search?tbm=isch&q=ppg%20PPG%201184-4%20Pink%20Punch%20color%20swatch,,,,,,,,,,,,,,,,,,,,,,,,,,,,,,,,,,,,,,,,,,,,
DB,ppg,PPG 1184-5 Cherry Brandy,#e26b81,0.6751518599778268,0.1490774723115222,10.391388798448702,226,107,129,"[226, 107, 129]",0%,53%,43%,11%,"[0%, 53%, 43%, 11%]",60.60,48.75,11.32,"[60.60, 48.75, 11.32]",https://www.google.com/search?tbm=isch&q=ppg%20PPG%201184-5%20Cherry%20Brandy%20color%20swatch,,,,,,,,,,,,,,,,,,,,,,,,,,,,,,,,,,,,,,,,,,,,
DB,ppg,PPG 1184-6 Kenny's Kiss,#d45871,0.6251824106798971,0.15724506750013806,10.444951198288493,212,88,113,"[212, 88, 113]",0%,58%,47%,17%,"[0%, 58%, 47%, 17%]",54.71,51.33,12.11,"[54.71, 51.33, 12.11]",https://www.google.com/search?tbm=isch&q=ppg%20PPG%201184-6%20Kenny's%20Kiss%20color%20swatch,,,,,,,,,,,,,,,,,,,,,,,,,,,,,,,,,,,,,,,,,,,,
DB,ppg,PPG 1184-7 California Wine,#ca4b65,0.5906488716350959,0.16181820526218127,11.172731549275,202,75,101,"[202, 75, 101]",0%,63%,50%,21%,"[0%, 63%, 50%, 21%]",50.66,52.72,13.39,"[50.66, 52.72, 13.39]",https://www.google.com/search?tbm=isch&q=ppg%20PPG%201184-7%20California%20Wine%20color%20swatch,,,,,,,,,,,,,,,,,,,,,,,,,,,,,,,,,,,,,,,,,,,,
DB,ppg,PPG 1185-1 Fresco,#f4dbd9,0.9113317395065935,0.02793020652128922,23.21585107268072,244,219,217,"[244, 219, 217]",0%,10%,11%,4%,"[0%, 10%, 11%, 4%]",89.45,8.68,4.31,"[89.45, 8.68, 4.31]",https://www.google.com/search?tbm=isch&q=ppg%20PPG%201185-1%20Fresco%20color%20swatch,,,,,,,,,,,,,,,,,,,,,,,,,,,,,,,,,,,,,,,,,,,,
DB,ppg,PPG 1185-2 Kendall Rose,#f7cccd,0.8824586807530932,0.04875683182264275,16.573272442326243,247,204,205,"[247, 204, 205]",0%,17%,17%,3%,"[0%, 17%, 17%, 3%]",85.85,15.76,5.52,"[85.85, 15.76, 5.52]",https://www.google.com/search?tbm=isch&q=ppg%20PPG%201185-2%20Kendall%20Rose%20color%20swatch,,,,,,,,,,,,,,,,,,,,,,,,,,,,,,,,,,,,,,,,,,,,
DB,ppg,PPG 1185-3 Precious Pink,#f6b5b6,0.8334033119819307,0.07590331029283152,17.805544393710534,246,181,182,"[246, 181, 182]",0%,26%,26%,4%,"[0%, 26%, 26%, 4%]",79.88,24.41,9.30,"[79.88, 24.41, 9.30]",https://www.google.com/search?tbm=isch&q=ppg%20PPG%201185-3%20Precious%20Pink%20color%20swatch,,,,,,,,,,,,,,,,,,,,,,,,,,,,,,,,,,,,,,,,,,,,
DB,ppg,PPG 1185-4 Primrose Garden,#f3949b,0.766491020202732,0.11480472061538834,15.375001158482178,243,148,155,"[243, 148, 155]",0%,39%,36%,5%,"[0%, 39%, 36%, 5%]",71.66,37.26,12.44,"[71.66, 37.26, 12.44]",https://www.google.com/search?tbm=isch&q=ppg%20PPG%201185-4%20Primrose%20Garden%20color%20swatch,,,,,,,,,,,,,,,,,,,,,,,,,,,,,,,,,,,,,,,,,,,,
DB,ppg,PPG 1185-5 Bleeding Heart,#e66a77,0.6768920597183887,0.1541739692702374,15.701460777357966,230,106,119,"[230, 106, 119]",0%,54%,48%,10%,"[0%, 54%, 48%, 10%]",60.83,49.93,17.51,"[60.83, 49.93, 17.51]",https://www.google.com/search?tbm=isch&q=ppg%20PPG%201185-5%20Bleeding%20Heart%20color%20swatch,,,,,,,,,,,,,,,,,,,,,,,,,,,,,,,,,,,,,,,,,,,,
DB,ppg,PPG 1185-6 Cranberry Splash,#da5265,0.6238751104098815,0.17025838432324444,15.232209476663854,218,82,101,"[218, 82, 101]",0%,62%,54%,15%,"[0%, 62%, 54%, 15%]",54.49,55.15,19.10,"[54.49, 55.15, 19.10]",https://www.google.com/search?tbm=isch&q=ppg%20PPG%201185-6%20Cranberry%20Splash%20color%20swatch,,,,,,,,,,,,,,,,,,,,,,,,,,,,,,,,,,,,,,,,,,,,
DB,ppg,PPG 1185-7 Calypso Berry,#c53a4b,0.5578147629231809,0.17474821340078248,18.16891110668496,197,58,75,"[197, 58, 75]",0%,71%,62%,23%,"[0%, 71%, 62%, 23%]",46.82,56.27,23.87,"[46.82, 56.27, 23.87]",https://www.google.com/search?tbm=isch&q=ppg%20PPG%201185-7%20Calypso%20Berry%20color%20swatch,,,,,,,,,,,,,,,,,,,,,,,,,,,,,,,,,,,,,,,,,,,,
DB,ppg,PPG 1186-1 Lover's Knot,#f2dbdb,0.9101724008268052,0.025495137035275752,17.69321516850897,242,219,219,"[242, 219, 219]",0%,10%,10%,5%,"[0%, 10%, 10%, 5%]",89.31,8.20,3.05,"[89.31, 8.20, 3.05]",https://www.google.com/search?tbm=isch&q=ppg%20PPG%201186-1%20Lover's%20Knot%20color%20swatch,,,,,,,,,,,,,,,,,,,,,,,,,,,,,,,,,,,,,,,,,,,,
DB,ppg,PPG 1186-2 Blushing Senorita,#f3cacb,0.8744947467240183,0.046547422458292194,16.45802308811369,243,202,203,"[243, 202, 203]",0%,17%,16%,5%,"[0%, 17%, 16%, 5%]",84.95,15.06,5.23,"[84.95, 15.06, 5.23]",https://www.google.com/search?tbm=isch&q=ppg%20PPG%201186-2%20Blushing%20Senorita%20color%20swatch,,,,,,,,,,,,,,,,,,,,,,,,,,,,,,,,,,,,,,,,,,,,
DB,ppg,PPG 1186-3 Jaguar Rose,#f1b3b6,0.8246927870710746,0.07250534670366486,15.556006892728817,241,179,182,"[241, 179, 182]",0%,26%,24%,5%,"[0%, 26%, 24%, 5%]",78.88,23.54,7.80,"[78.88, 23.54, 7.80]",https://www.google.com/search?tbm=isch&q=ppg%20PPG%201186-3%20Jaguar%20Rose%20color%20swatch,,,,,,,,,,,,,,,,,,,,,,,,,,,,,,,,,,,,,,,,,,,,
DB,ppg,PPG 1186-4 Pink Flambe,#e68e96,0.739868372434559,0.10729638118401509,14.14115400129424,230,142,150,"[230, 142, 150]",0%,38%,35%,10%,"[0%, 38%, 35%, 10%]",68.64,34.95,10.71,"[68.64, 34.95, 10.71]",https://www.google.com/search?tbm=isch&q=ppg%20PPG%201186-4%20Pink%20Flambe%20color%20swatch,,,,,,,,,,,,,,,,,,,,,,,,,,,,,,,,,,,,,,,,,,,,
DB,ppg,PPG 1186-5 Mexican Chile,#d16d76,0.6521378228865159,0.12601674391201564,15.540361771596054,209,109,118,"[209, 109, 118]",0%,48%,44%,18%,"[0%, 48%, 44%, 18%]",58.27,40.85,13.99,"[58.27, 40.85, 13.99]",https://www.google.com/search?tbm=isch&q=ppg%20PPG%201186-5%20Mexican%20Chile%20color%20swatch,,,,,,,,,,,,,,,,,,,,,,,,,,,,,,,,,,,,,,,,,,,,
DB,ppg,PPG 1186-6 Salsa Diane,#bb4f5c,0.5705696157911108,0.1396155560923855,15.328192760134527,187,79,92,"[187, 79, 92]",0%,58%,51%,27%,"[0%, 58%, 51%, 27%]",48.65,45.24,15.58,"[48.65, 45.24, 15.58]",https://www.google.com/search?tbm=isch&q=ppg%20PPG%201186-6%20Salsa%20Diane%20color%20swatch,,,,,,,,,,,,,,,,,,,,,,,,,,,,,,,,,,,,,,,,,,,,
DB,ppg,PPG 1186-7 Red Licorice,#a83e4c,0.5146053900630234,0.13934563702004119,15.615584974572187,168,62,76,"[168, 62, 76]",0%,63%,55%,34%,"[0%, 63%, 55%, 34%]",42.16,45.11,16.01,"[42.16, 45.11, 16.01]",https://www.google.com/search?tbm=isch&q=ppg%20PPG%201186-7%20Red%20Licorice%20color%20swatch,,,,,,,,,,,,,,,,,,,,,,,,,,,,,,,,,,,,,,,,,,,,
DB,ppg,PPG 1187-1 Scented Valentine,#f3d9d6,0.9058378950628866,0.02928562618004527,25.61867528802088,243,217,214,"[243, 217, 214]",0%,11%,12%,5%,"[0%, 11%, 12%, 5%]",88.81,8.94,4.95,"[88.81, 8.94, 4.95]",https://www.google.com/search?tbm=isch&q=ppg%20PPG%201187-1%20Scented%20Valentine%20color%20swatch,,,,,,,,,,,,,,,,,,,,,,,,,,,,,,,,,,,,,,,,,,,,
DB,ppg,PPG 1187-2 Lady Pink,#f3d2cf,0.8906319586192151,0.03738805969479382,24.074911291658907,243,210,207,"[243, 210, 207]",0%,14%,15%,5%,"[0%, 14%, 15%, 5%]",86.96,11.56,5.99,"[86.96, 11.56, 5.99]",https://www.google.com/search?tbm=isch&q=ppg%20PPG%201187-2%20Lady%20Pink%20color%20swatch,,,,,,,,,,,,,,,,,,,,,,,,,,,,,,,,,,,,,,,,,,,,
DB,ppg,PPG 1187-3 Silver Strawberry,#f2c1c0,0.8538773264107917,0.05638681816616086,19.706468423927447,242,193,192,"[242, 193, 192]",0%,20%,21%,5%,"[0%, 20%, 21%, 5%]",82.48,17.95,7.55,"[82.48, 17.95, 7.55]",https://www.google.com/search?tbm=isch&q=ppg%20PPG%201187-3%20Silver%20Strawberry%20color%20swatch,,,,,,,,,,,,,,,,,,,,,,,,,,,,,,,,,,,,,,,,,,,,
DB,ppg,PPG 1187-4 River Rouge,#ec9b9d,0.7706054627103504,0.09738668097586334,17.958597524962272,236,155,157,"[236, 155, 157]",0%,34%,33%,7%,"[0%, 34%, 33%, 7%]",72.37,31.31,12.16,"[72.37, 31.31, 12.16]",https://www.google.com/search?tbm=isch&q=ppg%20PPG%201187-4%20River%20Rouge%20color%20swatch,,,,,,,,,,,,,,,,,,,,,,,,,,,,,,,,,,,,,,,,,,,,
DB,ppg,PPG 1187-5 Red Cedar,#d87678,0.6759667882812394,0.12251483268906857,19.556624071041597,216,118,120,"[216, 118, 120]",0%,45%,44%,15%,"[0%, 45%, 44%, 15%]",61.14,39.19,16.94,"[61.14, 39.19, 16.94]",https://www.google.com/search?tbm=isch&q=ppg%20PPG%201187-5%20Red%20Cedar%20color%20swatch,,,,,,,,,,,,,,,,,,,,,,,,,,,,,,,,,,,,,,,,,,,,
DB,ppg,PPG 1187-6 Bonfire,#c3585c,0.5951034564140902,0.1374221796790516,19.929443989911533,195,88,92,"[195, 88, 92]",0%,55%,53%,24%,"[0%, 55%, 53%, 24%]",51.60,43.97,19.77,"[51.60, 43.97, 19.77]",https://www.google.com/search?tbm=isch&q=ppg%20PPG%201187-6%20Bonfire%20color%20swatch,,,,,,,,,,,,,,,,,,,,,,,,,,,,,,,,,,,,,,,,,,,,
DB,ppg,PPG 1187-7 Red Gumball,#ac3a3e,0.513317482860449,0.14902527845194735,22.107621320233534,172,58,62,"[172, 58, 62]",0%,66%,64%,33%,"[0%, 66%, 64%, 33%]",42.01,47.46,24.60,"[42.01, 47.46, 24.60]",https://www.google.com/search?tbm=isch&q=ppg%20PPG%201187-7%20Red%20Gumball%20color%20swatch,,,,,,,,,,,,,,,,,,,,,,,,,,,,,,,,,,,,,,,,,,,,
DB,ppg,PPG 1188-1 Rockabye Baby,#f4e4e0,0.9305308769892798,0.018418590656155396,34.36257444349525,244,228,224,"[244, 228, 224]",0%,7%,8%,4%,"[0%, 7%, 8%, 4%]",91.80,5.14,4.03,"[91.80, 5.14, 4.03]",https://www.google.com/search?tbm=isch&q=ppg%20PPG%201188-1%20Rockabye%20Baby%20color%20swatch,,,,,,,,,,,,,,,,,,,,,,,,,,,,,,,,,,,,,,,,,,,,
DB,ppg,PPG 1188-2 Frosted Tulip,#f6d8d7,0.9068062951758756,0.033522192328024114,20.115593200217404,246,216,215,"[246, 216, 215]",0%,12%,13%,4%,"[0%, 12%, 13%, 4%]",88.85,10.63,4.54,"[88.85, 10.63, 4.54]",https://www.google.com/search?tbm=isch&q=ppg%20PPG%201188-2%20Frosted%20Tulip%20color%20swatch,,,,,,,,,,,,,,,,,,,,,,,,,,,,,,,,,,,,,,,,,,,,
DB,ppg,PPG 1188-3 Rosewine,#f7c2bf,0.8602882062124395,0.06120095142760271,22.191052723553582,247,194,191,"[247, 194, 191]",0%,21%,23%,3%,"[0%, 21%, 23%, 3%]",83.19,19.21,9.17,"[83.19, 19.21, 9.17]",https://www.google.com/search?tbm=isch&q=ppg%20PPG%201188-3%20Rosewine%20color%20swatch,,,,,,,,,,,,,,,,,,,,,,,,,,,,,,,,,,,,,,,,,,,,
DB,ppg,PPG 1188-4 Salmon Pink,#f6a09d,0.7905004627932513,0.10317363352438481,21.847754493741263,246,160,157,"[246, 160, 157]",0%,35%,36%,4%,"[0%, 35%, 36%, 4%]",74.67,32.59,15.56,"[74.67, 32.59, 15.56]",https://www.google.com/search?tbm=isch&q=ppg%20PPG%201188-4%20Salmon%20Pink%20color%20swatch,,,,,,,,,,,,,,,,,,,,,,,,,,,,,,,,,,,,,,,,,,,,
DB,ppg,PPG 1188-5 Siesta Rose,#ec7878,0.7055425461275824,0.1435672044589215,21.38357356264089,236,120,120,"[236, 120, 120]",0%,49%,49%,7%,"[0%, 49%, 49%, 7%]",64.38,45.64,21.86,"[64.38, 45.64, 21.86]",https://www.google.com/search?tbm=isch&q=ppg%20PPG%201188-5%20Siesta%20Rose%20color%20swatch,,,,,,,,,,,,,,,,,,,,,,,,,,,,,,,,,,,,,,,,,,,,
DB,ppg,PPG 1188-6 Briquette,#e15f65,0.6508401903628093,0.16250241988999398,20.013405686860892,225,95,101,"[225, 95, 101]",0%,58%,55%,12%,"[0%, 58%, 55%, 12%]",57.80,52.01,23.69,"[57.80, 52.01, 23.69]",https://www.google.com/search?tbm=isch&q=ppg%20PPG%201188-6%20Briquette%20color%20swatch,,,,,,,,,,,,,,,,,,,,,,,,,,,,,,,,,,,,,,,,,,,,
DB,ppg,PPG 1188-7 Burnt Red,#c6494c,0.5764613161707763,0.15980571206856764,22.24021736127105,198,73,76,"[198, 73, 76]",0%,63%,62%,22%,"[0%, 63%, 62%, 22%]",49.23,50.84,26.32,"[49.23, 50.84, 26.32]",https://www.google.com/search?tbm=isch&q=ppg%20PPG%201188-7%20Burnt%20Red%20color%20swatch,,,,,,,,,,,,,,,,,,,,,,,,,,,,,,,,,,,,,,,,,,,,
DB,ppg,PPG 1189-1 Floral Linen,#f5e2de,0.9269597759908691,0.021658076898996268,31.841047768961232,245,226,222,"[245, 226, 222]",0%,8%,9%,4%,"[0%, 8%, 9%, 4%]",91.35,6.23,4.44,"[91.35, 6.23, 4.44]",https://www.google.com/search?tbm=isch&q=ppg%20PPG%201189-1%20Floral%20Linen%20color%20swatch,,,,,,,,,,,,,,,,,,,,,,,,,,,,,,,,,,,,,,,,,,,,
DB,ppg,PPG 1189-2 Pink Sangria,#f6dbd3,0.9114555497815978,0.03203277096704335,37.16898612908835,246,219,211,"[246, 219, 211]",0%,11%,14%,4%,"[0%, 11%, 14%, 4%]",89.50,8.70,7.55,"[89.50, 8.70, 7.55]",https://www.google.com/search?tbm=isch&q=ppg%20PPG%201189-2%20Pink%20Sangria%20color%20swatch,,,,,,,,,,,,,,,,,,,,,,,,,,,,,,,,,,,,,,,,,,,,
DB,ppg,PPG 1189-3 Rose Pink,#f7cac1,0.8756030222535567,0.05290090994576172,31.305292482163566,247,202,193,"[247, 202, 193]",0%,18%,22%,3%,"[0%, 18%, 22%, 3%]",85.13,15.45,10.84,"[85.13, 15.45, 10.84]",https://www.google.com/search?tbm=isch&q=ppg%20PPG%201189-3%20Rose%20Pink%20color%20swatch,,,,,,,,,,,,,,,,,,,,,,,,,,,,,,,,,,,,,,,,,,,,
DB,ppg,PPG 1189-4 Riviera Rose,#f7b1a6,0.8233453942704606,0.08404472794864769,29.009817384157373,247,177,166,"[247, 177, 166]",0%,28%,33%,3%,"[0%, 28%, 33%, 3%]",78.77,25.27,16.35,"[78.77, 25.27, 16.35]",https://www.google.com/search?tbm=isch&q=ppg%20PPG%201189-4%20Riviera%20Rose%20color%20swatch,,,,,,,,,,,,,,,,,,,,,,,,,,,,,,,,,,,,,,,,,,,,
DB,ppg,PPG 1189-5 Smoked Salmon,#ee867d,0.730803281072088,0.12878862706175903,25.897347204036237,238,134,125,"[238, 134, 125]",0%,44%,47%,7%,"[0%, 44%, 47%, 7%]",67.55,39.98,23.32,"[67.55, 39.98, 23.32]",https://www.google.com/search?tbm=isch&q=ppg%20PPG%201189-5%20Smoked%20Salmon%20color%20swatch,,,,,,,,,,,,,,,,,,,,,,,,,,,,,,,,,,,,,,,,,,,,
DB,ppg,PPG 1189-6 Wet Coral,#d1584c,0.6129365308553384,0.15575888898311557,28.165995789009173,209,88,76,"[209, 88, 76]",0%,58%,64%,18%,"[0%, 58%, 64%, 18%]",53.62,48.21,32.18,"[53.62, 48.21, 32.18]",https://www.google.com/search?tbm=isch&q=ppg%20PPG%201189-6%20Wet%20Coral%20color%20swatch,,,,,,,,,,,,,,,,,,,,,,,,,,,,,,,,,,,,,,,,,,,,
DB,ppg,PPG 1189-7 Teaberry Blossom,#b44940,0.5458588882847689,0.14128414259660163,27.496302495603118,180,73,64,"[180, 73, 64]",0%,59%,64%,29%,"[0%, 59%, 64%, 29%]",45.97,43.91,28.58,"[45.97, 43.91, 28.58]",https://www.google.com/search?tbm=isch&q=ppg%20PPG%201189-7%20Teaberry%20Blossom%20color%20swatch,,,,,,,,,,,,,,,,,,,,,,,,,,,,,,,,,,,,,,,,,,,,
DB,ppg,PPG 1190-1 Limoge Pink,#f3e0db,0.9206291999062747,0.02208328327665214,35.17280239870769,243,224,219,"[243, 224, 219]",0%,8%,10%,5%,"[0%, 8%, 10%, 5%]",90.63,6.12,4.94,"[90.63, 6.12, 4.94]",https://www.google.com/search?tbm=isch&q=ppg%20PPG%201190-1%20Limoge%20Pink%20color%20swatch,,,,,,,,,,,,,,,,,,,,,,,,,,,,,,,,,,,,,,,,,,,,
DB,ppg,PPG 1190-2 Ballet Slipper,#f2dbd6,0.9088155979502378,0.026490609809827495,32.28524643038992,242,219,214,"[242, 219, 214]",0%,10%,12%,5%,"[0%, 10%, 12%, 5%]",89.21,7.59,5.51,"[89.21, 7.59, 5.51]",https://www.google.com/search?tbm=isch&q=ppg%20PPG%201190-2%20Ballet%20Slipper%20color%20swatch,,,,,,,,,,,,,,,,,,,,,,,,,,,,,,,,,,,,,,,,,,,,
DB,ppg,PPG 1190-3 Sonia Rose,#f3c8c2,0.8683727849274354,0.049859078826374914,27.43655617008062,243,200,194,"[243, 200, 194]",0%,18%,20%,5%,"[0%, 18%, 20%, 5%]",84.29,15.05,9.06,"[84.29, 15.05, 9.06]",https://www.google.com/search?tbm=isch&q=ppg%20PPG%201190-3%20Sonia%20Rose%20color%20swatch,,,,,,,,,,,,,,,,,,,,,,,,,,,,,,,,,,,,,,,,,,,,
DB,ppg,PPG 1190-4 Soft Salmon,#eaaaa2,0.7961062697389151,0.07685971085218082,26.95207858975499,234,170,162,"[234, 170, 162]",0%,27%,31%,8%,"[0%, 27%, 31%, 8%]",75.65,23.45,13.94,"[75.65, 23.45, 13.94]",https://www.google.com/search?tbm=isch&q=ppg%20PPG%201190-4%20Soft%20Salmon%20color%20swatch,,,,,,,,,,,,,,,,,,,,,,,,,,,,,,,,,,,,,,,,,,,,
DB,ppg,PPG 1190-5 Cranapple,#db8079,0.6962320600742343,0.11380054164183422,25.081880382170198,219,128,121,"[219, 128, 121]",0%,42%,45%,14%,"[0%, 42%, 45%, 14%]",63.67,35.44,19.86,"[63.67, 35.44, 19.86]",https://www.google.com/search?tbm=isch&q=ppg%20PPG%201190-5%20Cranapple%20color%20swatch,,,,,,,,,,,,,,,,,,,,,,,,,,,,,,,,,,,,,,,,,,,,
DB,ppg,PPG 1190-6 Firecracker,#c26157,0.6060679898816362,0.1261784451916539,27.457686153349982,194,97,87,"[194, 97, 87]",0%,50%,55%,24%,"[0%, 50%, 55%, 24%]",53.12,38.98,24.62,"[53.12, 38.98, 24.62]",https://www.google.com/search?tbm=isch&q=ppg%20PPG%201190-6%20Firecracker%20color%20swatch,,,,,,,,,,,,,,,,,,,,,,,,,,,,,,,,,,,,,,,,,,,,
DB,ppg,PPG 1190-7 Rum Punch,#aa423a,0.5194722404682361,0.13856313497086706,27.311409895498173,170,66,58,"[170, 66, 58]",0%,61%,66%,33%,"[0%, 61%, 66%, 33%]",42.92,43.14,28.01,"[42.92, 43.14, 28.01]",https://www.google.com/search?tbm=isch&q=ppg%20PPG%201190-7%20Rum%20Punch%20color%20swatch,,,,,,,,,,,,,,,,,,,,,,,,,,,,,,,,,,,,,,,,,,,,
DB,ppg,PPG 1191-1 Summer Lily,#f3ece7,0.9471614727726185,0.010167852429986633,58.25903251041382,243,236,231,"[243, 236, 231]",0%,3%,5%,5%,"[0%, 3%, 5%, 5%]",93.85,1.80,3.32,"[93.85, 1.80, 3.32]",https://www.google.com/search?tbm=isch&q=ppg%20PPG%201191-1%20Summer%20Lily%20color%20swatch,,,,,,,,,,,,,,,,,,,,,,,,,,,,,,,,,,,,,,,,,,,,
DB,ppg,PPG 1191-2 Peach Tone,#f2e3dc,0.9258739677013378,0.019038487470537897,46.84480020881915,242,227,220,"[242, 227, 220]",0%,6%,9%,5%,"[0%, 6%, 9%, 5%]",91.31,4.42,5.37,"[91.31, 4.42, 5.37]",https://www.google.com/search?tbm=isch&q=ppg%20PPG%201191-2%20Peach%20Tone%20color%20swatch,,,,,,,,,,,,,,,,,,,,,,,,,,,,,,,,,,,,,,,,,,,,
DB,ppg,PPG 1191-3 Peach Ash,#efc4bb,0.8553216728301964,0.0509574265339643,31.88042745723635,239,196,187,"[239, 196, 187]",0%,18%,22%,6%,"[0%, 18%, 22%, 6%]",82.80,14.80,10.61,"[82.80, 14.80, 10.61]",https://www.google.com/search?tbm=isch&q=ppg%20PPG%201191-3%20Peach%20Ash%20color%20swatch,,,,,,,,,,,,,,,,,,,,,,,,,,,,,,,,,,,,,,,,,,,,
DB,ppg,PPG 1191-4 Coral Blush,#e5a090,0.7684787761585838,0.08609698926390737,33.55229401909594,229,160,144,"[229, 160, 144]",0%,30%,37%,10%,"[0%, 30%, 37%, 10%]",72.45,24.96,19.22,"[72.45, 24.96, 19.22]",https://www.google.com/search?tbm=isch&q=ppg%20PPG%201191-4%20Coral%20Blush%20color%20swatch,,,,,,,,,,,,,,,,,,,,,,,,,,,,,,,,,,,,,,,,,,,,
DB,ppg,PPG 1191-5 Freckles,#d78775,0.7023158500631076,0.1025834320717547,33.40547765020699,215,135,117,"[215, 135, 117]",0%,37%,46%,16%,"[0%, 37%, 46%, 16%]",64.62,30.05,23.24,"[64.62, 30.05, 23.24]",https://www.google.com/search?tbm=isch&q=ppg%20PPG%201191-5%20Freckles%20color%20swatch,,,,,,,,,,,,,,,,,,,,,,,,,,,,,,,,,,,,,,,,,,,,
DB,ppg,PPG 1191-6 Cajun Spice,#c3705f,0.6333580864411705,0.1089438779009684,32.52211681698492,195,112,95,"[195, 112, 95]",0%,43%,51%,24%,"[0%, 43%, 51%, 24%]",56.54,32.34,24.46,"[56.54, 32.34, 24.46]",https://www.google.com/search?tbm=isch&q=ppg%20PPG%201191-6%20Cajun%20Spice%20color%20swatch,,,,,,,,,,,,,,,,,,,,,,,,,,,,,,,,,,,,,,,,,,,,
DB,ppg,PPG 1191-7 Glowing Firelight,#af5941,0.5624946453184655,0.11832442352411947,36.509035430301765,175,89,65,"[175, 89, 65]",0%,49%,63%,31%,"[0%, 49%, 63%, 31%]",48.29,34.33,30.54,"[48.29, 34.33, 30.54]",https://www.google.com/search?tbm=isch&q=ppg%20PPG%201191-7%20Glowing%20Firelight%20color%20swatch,,,,,,,,,,,,,,,,,,,,,,,,,,,,,,,,,,,,,,,,,,,,
DB,ppg,PPG 1192-1 Champagne Ice,#f3e5dc,0.9305783339069823,0.019578633390152235,55.165246467581994,243,229,220,"[243, 229, 220]",0%,6%,9%,5%,"[0%, 6%, 9%, 5%]",91.89,3.82,6.21,"[91.89, 3.82, 6.21]",https://www.google.com/search?tbm=isch&q=ppg%20PPG%201192-1%20Champagne%20Ice%20color%20swatch,,,,,,,,,,,,,,,,,,,,,,,,,,,,,,,,,,,,,,,,,,,,
DB,ppg,PPG 1192-2 Peachskin,#f3e0d8,0.9198297274605557,0.02364941056613391,44.365551001362746,243,224,216,"[243, 224, 216]",0%,8%,11%,5%,"[0%, 8%, 11%, 5%]",90.57,5.76,6.42,"[90.57, 5.76, 6.42]",https://www.google.com/search?tbm=isch&q=ppg%20PPG%201192-2%20Peachskin%20color%20swatch,,,,,,,,,,,,,,,,,,,,,,,,,,,,,,,,,,,,,,,,,,,,
DB,ppg,PPG 1192-3 Chic Peach,#f0d1c8,0.8842190708801736,0.03709733037151006,36.797635737272856,240,209,200,"[240, 209, 200]",0%,13%,17%,6%,"[0%, 13%, 17%, 6%]",86.30,10.15,8.69,"[86.30, 10.15, 8.69]",https://www.google.com/search?tbm=isch&q=ppg%20PPG%201192-3%20Chic%20Peach%20color%20swatch,,,,,,,,,,,,,,,,,,,,,,,,,,,,,,,,,,,,,,,,,,,,
DB,ppg,PPG 1192-4 New Clay,#efc1b5,0.8481863257810641,0.05563412332410621,35.04810538530063,239,193,181,"[239, 193, 181]",0%,19%,24%,6%,"[0%, 19%, 24%, 6%]",81.97,15.67,12.63,"[81.97, 15.67, 12.63]",https://www.google.com/search?tbm=isch&q=ppg%20PPG%201192-4%20New%20Clay%20color%20swatch,,,,,,,,,,,,,,,,,,,,,,,,,,,,,,,,,,,,,,,,,,,,
DB,ppg,PPG 1192-5 Opal Fire,#e49c86,0.7580155779937514,0.09238871448301879,37.720151871971325,228,156,134,"[228, 156, 134]",0%,32%,41%,11%,"[0%, 32%, 41%, 11%]",71.24,25.78,23.02,"[71.24, 25.78, 23.02]",https://www.google.com/search?tbm=isch&q=ppg%20PPG%201192-5%20Opal%20Fire%20color%20swatch,,,,,,,,,,,,,,,,,,,,,,,,,,,,,,,,,,,,,,,,,,,,
DB,ppg,PPG 1192-6 Summer Sunset,#d88167,0.6904943764897662,0.11456799146807446,37.43238306159253,216,129,103,"[216, 129, 103]",0%,40%,52%,15%,"[0%, 40%, 52%, 15%]",63.21,32.54,29.19,"[63.21, 32.54, 29.19]",https://www.google.com/search?tbm=isch&q=ppg%20PPG%201192-6%20Summer%20Sunset%20color%20swatch,,,,,,,,,,,,,,,,,,,,,,,,,,,,,,,,,,,,,,,,,,,,
DB,ppg,PPG 1192-7 Tabasco,#bf5b3c,0.5880572304668714,0.1366036670003403,37.8374532477265,191,91,60,"[191, 91, 60]",0%,52%,69%,25%,"[0%, 52%, 69%, 25%]",51.11,39.42,37.33,"[51.11, 39.42, 37.33]",https://www.google.com/search?tbm=isch&q=ppg%20PPG%201192-7%20Tabasco%20color%20swatch,,,,,,,,,,,,,,,,,,,,,,,,,,,,,,,,,,,,,,,,,,,,
DB,ppg,PPG 1193-1 Scalloped Shell,#f3e9e0,0.9394270201585188,0.016277738517169727,64.67821565637132,243,233,224,"[243, 233, 224]",0%,4%,8%,5%,"[0%, 4%, 8%, 5%]",92.96,2.37,5.67,"[92.96, 2.37, 5.67]",https://www.google.com/search?tbm=isch&q=ppg%20PPG%201193-1%20Scalloped%20Shell%20color%20swatch,,,,,,,,,,,,,,,,,,,,,,,,,,,,,,,,,,,,,,,,,,,,
DB,ppg,PPG 1193-2 Flamingo Peach,#f6e2d8,0.9262039692672663,0.025889622801888588,48.45375542456122,246,226,216,"[246, 226, 216]",0%,8%,12%,4%,"[0%, 8%, 12%, 4%]",91.32,5.87,7.52,"[91.32, 5.87, 7.52]",https://www.google.com/search?tbm=isch&q=ppg%20PPG%201193-2%20Flamingo%20Peach%20color%20swatch,,,,,,,,,,,,,,,,,,,,,,,,,,,,,,,,,,,,,,,,,,,,
DB,ppg,PPG 1193-3 Cameo Rose,#f7dfd7,0.9210186611009265,0.028767702145600618,39.37846647907958,247,223,215,"[247, 223, 215]",0%,10%,13%,3%,"[0%, 10%, 13%, 3%]",90.65,7.58,7.10,"[90.65, 7.58, 7.10]",https://www.google.com/search?tbm=isch&q=ppg%20PPG%201193-3%20Cameo%20Rose%20color%20swatch,,,,,,,,,,,,,,,,,,,,,,,,,,,,,,,,,,,,,,,,,,,,
DB,ppg,PPG 1193-4 Sweet Angel,#f5c8bb,0.8684852087499114,0.054560549110802374,36.70471849152028,245,200,187,"[245, 200, 187]",0%,18%,24%,4%,"[0%, 18%, 24%, 4%]",84.35,15.06,12.87,"[84.35, 15.06, 12.87]",https://www.google.com/search?tbm=isch&q=ppg%20PPG%201193-4%20Sweet%20Angel%20color%20swatch,,,,,,,,,,,,,,,,,,,,,,,,,,,,,,,,,,,,,,,,,,,,
DB,ppg,PPG 1193-5 Coral Serenade,#f9a48e,0.7974254101472489,0.10636662779425443,35.19968568039877,249,164,142,"[249, 164, 142]",0%,34%,43%,2%,"[0%, 34%, 43%, 2%]",75.66,30.55,25.09,"[75.66, 30.55, 25.09]",https://www.google.com/search?tbm=isch&q=ppg%20PPG%201193-5%20Coral%20Serenade%20color%20swatch,,,,,,,,,,,,,,,,,,,,,,,,,,,,,,,,,,,,,,,,,,,,
DB,ppg,PPG 1193-6 Rustic Pottery,#df745b,0.676370374091619,0.13906361088436375,34.29521110204354,223,116,91,"[223, 116, 91]",0%,48%,59%,13%,"[0%, 48%, 59%, 13%]",61.29,41.02,33.65,"[61.29, 41.02, 33.65]",https://www.google.com/search?tbm=isch&q=ppg%20PPG%201193-6%20Rustic%20Pottery%20color%20swatch,,,,,,,,,,,,,,,,,,,,,,,,,,,,,,,,,,,,,,,,,,,,
DB,ppg,PPG 1193-7 Cinnamon Stone,#c9543a,0.5926585766178146,0.15505868367768655,34.03746842193908,201,84,58,"[201, 84, 58]",0%,58%,71%,21%,"[0%, 58%, 71%, 21%]",51.39,46.39,39.27,"[51.39, 46.39, 39.27]",https://www.google.com/search?tbm=isch&q=ppg%20PPG%201193-7%20Cinnamon%20Stone%20color%20swatch,,,,,,,,,,,,,,,,,,,,,,,,,,,,,,,,,,,,,,,,,,,,
DB,ppg,PPG 1194-1 Jasmine Flower,#f4e8e1,0.938552528361543,0.016169564097751925,52.59100725394967,244,232,225,"[244, 232, 225]",0%,5%,8%,4%,"[0%, 5%, 8%, 4%]",92.81,3.33,4.96,"[92.81, 3.33, 4.96]",https://www.google.com/search?tbm=isch&q=ppg%20PPG%201194-1%20Jasmine%20Flower%20color%20swatch,,,,,,,,,,,,,,,,,,,,,,,,,,,,,,,,,,,,,,,,,,,,
DB,ppg,PPG 1194-2 La Minuet,#f5e5dc,0.932220147098968,0.021366323949624504,51.543209193028304,245,229,220,"[245, 229, 220]",0%,7%,10%,4%,"[0%, 7%, 10%, 4%]",92.05,4.53,6.48,"[92.05, 4.53, 6.48]",https://www.google.com/search?tbm=isch&q=ppg%20PPG%201194-2%20La%20Minuet%20color%20swatch,,,,,,,,,,,,,,,,,,,,,,,,,,,,,,,,,,,,,,,,,,,,
DB,ppg,PPG 1194-3 Ambrosia,#f4ded3,0.9155031205100783,0.028589060133169496,48.41531092257719,244,222,211,"[244, 222, 211]",0%,9%,14%,4%,"[0%, 9%, 14%, 4%]",90.06,6.51,8.31,"[90.06, 6.51, 8.31]",https://www.google.com/search?tbm=isch&q=ppg%20PPG%201194-3%20Ambrosia%20color%20swatch,,,,,,,,,,,,,,,,,,,,,,,,,,,,,,,,,,,,,,,,,,,,
DB,ppg,PPG 1194-4 Sweet Sheba,#f0b9a9,0.8313726575866393,0.0679296284358896,36.84019877530636,240,185,169,"[240, 185, 169]",0%,23%,30%,6%,"[0%, 23%, 30%, 6%]",79.94,18.86,16.22,"[79.94, 18.86, 16.22]",https://www.google.com/search?tbm=isch&q=ppg%20PPG%201194-4%20Sweet%20Sheba%20color%20swatch,,,,,,,,,,,,,,,,,,,,,,,,,,,,,,,,,,,,,,,,,,,,
DB,ppg,PPG 1194-5 Warm Welcome,#ea9073,0.7403263435489413,0.11727389020555795,38.61476414002186,234,144,115,"[234, 144, 115]",0%,38%,51%,8%,"[0%, 38%, 51%, 8%]",69.00,32.84,30.56,"[69.00, 32.84, 30.56]",https://www.google.com/search?tbm=isch&q=ppg%20PPG%201194-5%20Warm%20Welcome%20color%20swatch,,,,,,,,,,,,,,,,,,,,,,,,,,,,,,,,,,,,,,,,,,,,
DB,ppg,PPG 1194-6 Clay Pot,#e07757,0.6817804039022622,0.13874291097859592,37.71706308316385,224,119,87,"[224, 119, 87]",0%,47%,61%,12%,"[0%, 47%, 61%, 12%]",61.99,39.75,36.71,"[61.99, 39.75, 36.71]",https://www.google.com/search?tbm=isch&q=ppg%20PPG%201194-6%20Clay%20Pot%20color%20swatch,,,,,,,,,,,,,,,,,,,,,,,,,,,,,,,,,,,,,,,,,,,,
DB,ppg,PPG 1194-7 Orange Vermillion,#bc5339,0.5712557733517417,0.14177513654845592,35.10894432158773,188,83,57,"[188, 83, 57]",0%,56%,70%,26%,"[0%, 56%, 70%, 26%]",49.06,41.98,36.54,"[49.06, 41.98, 36.54]",https://www.google.com/search?tbm=isch&q=ppg%20PPG%201194-7%20Orange%20Vermillion%20color%20swatch,,,,,,,,,,,,,,,,,,,,,,,,,,,,,,,,,,,,,,,,,,,,
DB,ppg,PPG 1195-1 Pale Ecru,#f2ebe1,0.9428033082420998,0.015379996044438748,77.0543539932554,242,235,225,"[242, 235, 225]",0%,3%,7%,5%,"[0%, 3%, 7%, 5%]",93.40,1.18,5.76,"[93.40, 1.18, 5.76]",https://www.google.com/search?tbm=isch&q=ppg%20PPG%201195-1%20Pale%20Ecru%20color%20swatch,,,,,,,,,,,,,,,,,,,,,,,,,,,,,,,,,,,,,,,,,,,,
DB,ppg,PPG 1195-2 Peach Everlasting,#f4e2d4,0.9234983138645079,0.027327267173308325,60.365731700799415,244,226,212,"[244, 226, 212]",0%,7%,13%,4%,"[0%, 7%, 13%, 4%]",91.07,4.68,9.22,"[91.07, 4.68, 9.22]",https://www.google.com/search?tbm=isch&q=ppg%20PPG%201195-2%20Peach%20Everlasting%20color%20swatch,,,,,,,,,,,,,,,,,,,,,,,,,,,,,,,,,,,,,,,,,,,,
DB,ppg,PPG 1195-3 Melon Pink,#f1d4c4,0.8898401088138905,0.03913379747965514,50.76809522111904,241,212,196,"[241, 212, 196]",0%,12%,19%,5%,"[0%, 12%, 19%, 5%]",87.05,8.60,11.86,"[87.05, 8.60, 11.86]",https://www.google.com/search?tbm=isch&q=ppg%20PPG%201195-3%20Melon%20Pink%20color%20swatch,,,,,,,,,,,,,,,,,,,,,,,,,,,,,,,,,,,,,,,,,,,,
DB,ppg,PPG 1195-4 Crab Bisque,#f0b599,0.8203900677686208,0.07895163982014737,46.52168176218612,240,181,153,"[240, 181, 153]",0%,25%,36%,6%,"[0%, 25%, 36%, 6%]",78.72,19.42,23.08,"[78.72, 19.42, 23.08]",https://www.google.com/search?tbm=isch&q=ppg%20PPG%201195-4%20Crab%20Bisque%20color%20swatch,,,,,,,,,,,,,,,,,,,,,,,,,,,,,,,,,,,,,,,,,,,,
DB,ppg,PPG 1195-5 Coral Silk,#f2a37d,0.7844571929837658,0.10743992357302709,46.400141580978755,242,163,125,"[242, 163, 125]",0%,33%,48%,5%,"[0%, 33%, 48%, 5%]",74.35,27.11,32.27,"[74.35, 27.11, 32.27]",https://www.google.com/search?tbm=isch&q=ppg%20PPG%201195-5%20Coral%20Silk%20color%20swatch,,,,,,,,,,,,,,,,,,,,,,,,,,,,,,,,,,,,,,,,,,,,
DB,ppg,PPG 1195-6 Indiana Clay,#e88a5b,0.7237897698241338,0.1307244659083868,46.530825948251334,232,138,91,"[232, 138, 91]",0%,41%,61%,9%,"[0%, 41%, 61%, 9%]",67.13,33.69,40.98,"[67.13, 33.69, 40.98]",https://www.google.com/search?tbm=isch&q=ppg%20PPG%201195-6%20Indiana%20Clay%20color%20swatch,,,,,,,,,,,,,,,,,,,,,,,,,,,,,,,,,,,,,,,,,,,,
DB,ppg,PPG 1195-7 Field Poppy,#d86f3c,0.6547051474574835,0.1469217448646372,44.84366105723478,216,111,60,"[216, 111, 60]",0%,49%,72%,15%,"[0%, 49%, 72%, 15%]",58.93,39.44,47.00,"[58.93, 39.44, 47.00]",https://www.google.com/search?tbm=isch&q=ppg%20PPG%201195-7%20Field%20Poppy%20color%20swatch,,,,,,,,,,,,,,,,,,,,,,,,,,,,,,,,,,,,,,,,,,,,
DB,ppg,PPG 1196-1 Peachtree,#f3ddcd,0.9111900729597926,0.03253623939285609,58.38083394485767,243,221,205,"[243, 221, 205]",0%,9%,16%,5%,"[0%, 9%, 16%, 5%]",89.62,5.94,10.79,"[89.62, 5.94, 10.79]",https://www.google.com/search?tbm=isch&q=ppg%20PPG%201196-1%20Peachtree%20color%20swatch,,,,,,,,,,,,,,,,,,,,,,,,,,,,,,,,,,,,,,,,,,,,
DB,ppg,PPG 1196-2 Melon Ice,#f4d9c8,0.9030822079870497,0.03786670413941184,54.30142953920222,244,217,200,"[244, 217, 200]",0%,11%,18%,4%,"[0%, 11%, 18%, 4%]",88.63,7.70,12.02,"[88.63, 7.70, 12.02]",https://www.google.com/search?tbm=isch&q=ppg%20PPG%201196-2%20Melon%20Ice%20color%20swatch,,,,,,,,,,,,,,,,,,,,,,,,,,,,,,,,,,,,,,,,,,,,
DB,ppg,PPG 1196-3 Dreamsicle,#f5d5c2,0.8948140821059213,0.044149765054588924,52.6260268171967,245,213,194,"[245, 213, 194]",0%,13%,21%,4%,"[0%, 13%, 21%, 4%]",87.62,9.38,13.76,"[87.62, 9.38, 13.76]",https://www.google.com/search?tbm=isch&q=ppg%20PPG%201196-3%20Dreamsicle%20color%20swatch,,,,,,,,,,,,,,,,,,,,,,,,,,,,,,,,,,,,,,,,,,,,
DB,ppg,PPG 1196-4 Shrimp Boat,#f5be9d,0.8429827686022906,0.07755495399734266,52.321274249425244,245,190,157,"[245, 190, 157]",0%,22%,36%,4%,"[0%, 22%, 36%, 4%]",81.44,17.21,24.72,"[81.44, 17.21, 24.72]",https://www.google.com/search?tbm=isch&q=ppg%20PPG%201196-4%20Shrimp%20Boat%20color%20swatch,,,,,,,,,,,,,,,,,,,,,,,,,,,,,,,,,,,,,,,,,,,,
DB,ppg,PPG 1196-5 Copper River,#f7a270,0.7862198996064547,0.12058812255251658,50.72014630915697,247,162,112,"[247, 162, 112]",0%,34%,55%,3%,"[0%, 34%, 55%, 3%]",74.56,28.78,39.49,"[74.56, 28.78, 39.49]",https://www.google.com/search?tbm=isch&q=ppg%20PPG%201196-5%20Copper%20River%20color%20swatch,,,,,,,,,,,,,,,,,,,,,,,,,,,,,,,,,,,,,,,,,,,,
DB,ppg,PPG 1196-6 Chinese Lantern,#f09056,0.7431970882190229,0.13765420101696652,50.45325723760351,240,144,86,"[240, 144, 86]",0%,40%,64%,6%,"[0%, 40%, 64%, 6%]",69.43,33.65,46.49,"[69.43, 33.65, 46.49]",https://www.google.com/search?tbm=isch&q=ppg%20PPG%201196-6%20Chinese%20Lantern%20color%20swatch,,,,,,,,,,,,,,,,,,,,,,,,,,,,,,,,,,,,,,,,,,,,
DB,ppg,PPG 1196-7 Orange Poppy,#e68750,0.7147380499367834,0.1359999034444581,49.35660628939655,230,135,80,"[230, 135, 80]",0%,41%,65%,10%,"[0%, 41%, 65%, 10%]",66.11,33.89,45.37,"[66.11, 33.89, 45.37]",https://www.google.com/search?tbm=isch&q=ppg%20PPG%201196-7%20Orange%20Poppy%20color%20swatch,,,,,,,,,,,,,,,,,,,,,,,,,,,,,,,,,,,,,,,,,,,,
DB,ppg,PPG 1197-1 Tangelo Cream,#f2e9de,0.938096206775535,0.017685310926431205,73.06596089918764,242,233,222,"[242, 233, 222]",0%,4%,8%,5%,"[0%, 4%, 8%, 5%]",92.84,1.77,6.52,"[92.84, 1.77, 6.52]",https://www.google.com/search?tbm=isch&q=ppg%20PPG%201197-1%20Tangelo%20Cream%20color%20swatch,,,,,,,,,,,,,,,,,,,,,,,,,,,,,,,,,,,,,,,,,,,,
DB,ppg,PPG 1197-2 Light Peach,#f2e1d2,0.919377291745789,0.027494204145280293,63.94336731276968,242,225,210,"[242, 225, 210]",0%,7%,13%,5%,"[0%, 7%, 13%, 5%]",90.62,4.21,9.58,"[90.62, 4.21, 9.58]",https://www.google.com/search?tbm=isch&q=ppg%20PPG%201197-2%20Light%20Peach%20color%20swatch,,,,,,,,,,,,,,,,,,,,,,,,,,,,,,,,,,,,,,,,,,,,
DB,ppg,PPG 1197-3 Bisque,#f6d8be,0.9005079422870762,0.04821380775007856,63.08302442962594,246,216,190,"[246, 216, 190]",0%,12%,23%,4%,"[0%, 12%, 23%, 4%]",88.38,7.87,16.91,"[88.38, 7.87, 16.91]",https://www.google.com/search?tbm=isch&q=ppg%20PPG%201197-3%20Bisque%20color%20swatch,,,,,,,,,,,,,,,,,,,,,,,,,,,,,,,,,,,,,,,,,,,,
DB,ppg,PPG 1197-4 Shrimp Toast,#f7c5a0,0.8586741836335832,0.0754692371814655,58.030336287641546,247,197,160,"[247, 197, 160]",0%,20%,35%,3%,"[0%, 20%, 35%, 3%]",83.37,14.77,25.75,"[83.37, 14.77, 25.75]",https://www.google.com/search?tbm=isch&q=ppg%20PPG%201197-4%20Shrimp%20Toast%20color%20swatch,,,,,,,,,,,,,,,,,,,,,,,,,,,,,,,,,,,,,,,,,,,,
DB,ppg,PPG 1197-5 Orange Marmalade,#faac72,0.8076160237563287,0.11802062460725157,56.77346225527873,250,172,114,"[250, 172, 114]",0%,31%,54%,2%,"[0%, 31%, 54%, 2%]",77.20,25.10,41.76,"[77.20, 25.10, 41.76]",https://www.google.com/search?tbm=isch&q=ppg%20PPG%201197-5%20Orange%20Marmalade%20color%20swatch,,,,,,,,,,,,,,,,,,,,,,,,,,,,,,,,,,,,,,,,,,,,
DB,ppg,PPG 1197-6 Fall Leaf,#f69a54,0.767338282895593,0.139404063231623,55.97379221868118,246,154,84,"[246, 154, 84]",0%,37%,66%,4%,"[0%, 37%, 66%, 4%]",72.37,30.99,50.97,"[72.37, 30.99, 50.97]",https://www.google.com/search?tbm=isch&q=ppg%20PPG%201197-6%20Fall%20Leaf%20color%20swatch,,,,,,,,,,,,,,,,,,,,,,,,,,,,,,,,,,,,,,,,,,,,
DB,ppg,PPG 1197-7 Carmelized Orange,#ef924a,0.7439620800829878,0.14182668812307178,55.926416060724875,239,146,74,"[239, 146, 74]",0%,39%,69%,6%,"[0%, 39%, 69%, 6%]",69.63,31.77,52.50,"[69.63, 31.77, 52.50]",https://www.google.com/search?tbm=isch&q=ppg%20PPG%201197-7%20Carmelized%20Orange%20color%20swatch,,,,,,,,,,,,,,,,,,,,,,,,,,,,,,,,,,,,,,,,,,,,
DB,ppg,PPG 1198-1 Pecan Sandie,#f4decb,0.9134803197819434,0.03522149325327785,63.21008989661573,244,222,203,"[244, 222, 203]",0%,9%,17%,4%,"[0%, 9%, 17%, 4%]",89.91,5.60,12.26,"[89.91, 5.60, 12.26]",https://www.google.com/search?tbm=isch&q=ppg%20PPG%201198-1%20Pecan%20Sandie%20color%20swatch,,,,,,,,,,,,,,,,,,,,,,,,,,,,,,,,,,,,,,,,,,,,
DB,ppg,PPG 1198-2 Budding Peach,#f3d4bf,0.8903902813473501,0.044851925538426075,56.18697987038331,243,212,191,"[243, 212, 191]",0%,13%,21%,5%,"[0%, 13%, 21%, 5%]",87.14,8.81,14.63,"[87.14, 8.81, 14.63]",https://www.google.com/search?tbm=isch&q=ppg%20PPG%201198-2%20Budding%20Peach%20color%20swatch,,,,,,,,,,,,,,,,,,,,,,,,,,,,,,,,,,,,,,,,,,,,
DB,ppg,PPG 1198-3 Citrus Sachet,#f2c6a7,0.8572261158565839,0.06525336953108672,56.87681151725218,242,198,167,"[242, 198, 167]",0%,18%,31%,5%,"[0%, 18%, 31%, 5%]",83.22,12.96,21.80,"[83.22, 12.96, 21.80]",https://www.google.com/search?tbm=isch&q=ppg%20PPG%201198-3%20Citrus%20Sachet%20color%20swatch,,,,,,,,,,,,,,,,,,,,,,,,,,,,,,,,,,,,,,,,,,,,
DB,ppg,PPG 1198-4 Orange Liqueur,#edaa80,0.7920653885794154,0.09704619042167463,52.93462415606564,237,170,128,"[237, 170, 128]",0%,28%,46%,7%,"[0%, 28%, 46%, 7%]",75.43,21.81,31.93,"[75.43, 21.81, 31.93]",https://www.google.com/search?tbm=isch&q=ppg%20PPG%201198-4%20Orange%20Liqueur%20color%20swatch,,,,,,,,,,,,,,,,,,,,,,,,,,,,,,,,,,,,,,,,,,,,
DB,ppg,PPG 1198-5 Carrot Cake,#dc8c59,0.7121985514458521,0.11833287211104304,52.29667961267552,220,140,89,"[220, 140, 89]",0%,36%,60%,14%,"[0%, 36%, 60%, 14%]",66.01,27.76,40.24,"[66.01, 27.76, 40.24]",https://www.google.com/search?tbm=isch&q=ppg%20PPG%201198-5%20Carrot%20Cake%20color%20swatch,,,,,,,,,,,,,,,,,,,,,,,,,,,,,,,,,,,,,,,,,,,,
DB,ppg,PPG 1198-6 Tiger Tail,#ce7639,0.6523315485692697,0.13324811638552317,52.65900787842054,206,118,57,"[206, 118, 57]",0%,43%,72%,19%,"[0%, 43%, 72%, 19%]",58.95,31.85,47.93,"[58.95, 31.85, 47.93]",https://www.google.com/search?tbm=isch&q=ppg%20PPG%201198-6%20Tiger%20Tail%20color%20swatch,,,,,,,,,,,,,,,,,,,,,,,,,,,,,,,,,,,,,,,,,,,,
DB,ppg,PPG 1198-7 Sesame Crunch,#c26a35,0.6155370743787171,0.1304613047728127,49.34182317112692,194,106,53,"[194, 106, 53]",0%,45%,73%,24%,"[0%, 45%, 73%, 24%]",54.61,32.89,44.83,"[54.61, 32.89, 44.83]",https://www.google.com/search?tbm=isch&q=ppg%20PPG%201198-7%20Sesame%20Crunch%20color%20swatch,,,,,,,,,,,,,,,,,,,,,,,,,,,,,,,,,,,,,,,,,,,,
DB,ppg,PPG 1199-1 Alyssa,#f4e2d6,0.9240126596863097,0.025590379450239373,56.06972072375862,244,226,214,"[244, 226, 214]",0%,7%,12%,4%,"[0%, 7%, 12%, 4%]",91.11,4.91,8.23,"[91.11, 4.91, 8.23]",https://www.google.com/search?tbm=isch&q=ppg%20PPG%201199-1%20Alyssa%20color%20swatch,,,,,,,,,,,,,,,,,,,,,,,,,,,,,,,,,,,,,,,,,,,,
DB,ppg,PPG 1199-2 Peach Shortcake,#f3dfd4,0.9168485516131629,0.026672187285102556,50.87208751582722,243,223,212,"[243, 223, 212]",0%,8%,13%,5%,"[0%, 8%, 13%, 5%]",90.24,5.77,8.03,"[90.24, 5.77, 8.03]",https://www.google.com/search?tbm=isch&q=ppg%20PPG%201199-2%20Peach%20Shortcake%20color%20swatch,,,,,,,,,,,,,,,,,,,,,,,,,,,,,,,,,,,,,,,,,,,,
DB,ppg,PPG 1199-3 Spiced Orange,#edc7b6,0.8578875879156174,0.04926810374243399,45.48561634530893,237,199,182,"[237, 199, 182]",0%,16%,23%,7%,"[0%, 16%, 23%, 7%]",83.24,12.02,13.84,"[83.24, 12.02, 13.84]",https://www.google.com/search?tbm=isch&q=ppg%20PPG%201199-3%20Spiced%20Orange%20color%20swatch,,,,,,,,,,,,,,,,,,,,,,,,,,,,,,,,,,,,,,,,,,,,
DB,ppg,PPG 1199-4 Hush Puppy,#e4b095,0.7979669993121806,0.07146505016713166,48.71918081217325,228,176,149,"[228, 176, 149]",0%,23%,35%,11%,"[0%, 23%, 35%, 11%]",76.20,16.89,21.56,"[76.20, 16.89, 21.56]",https://www.google.com/search?tbm=isch&q=ppg%20PPG%201199-4%20Hush%20Puppy%20color%20swatch,,,,,,,,,,,,,,,,,,,,,,,,,,,,,,,,,,,,,,,,,,,,
DB,ppg,PPG 1199-5 Cinnamon Brandy,#cf8d6c,0.7018194471326107,0.09303062272881034,47.31874595440718,207,141,108,"[207, 141, 108]",0%,32%,48%,19%,"[0%, 32%, 48%, 19%]",64.87,23.11,28.29,"[64.87, 23.11, 28.29]",https://www.google.com/search?tbm=isch&q=ppg%20PPG%201199-5%20Cinnamon%20Brandy%20color%20swatch,,,,,,,,,,,,,,,,,,,,,,,,,,,,,,,,,,,,,,,,,,,,
DB,ppg,PPG 1199-6 Brown Clay,#c37c59,0.6532279623999725,0.1014506008053249,46.68375483427559,195,124,89,"[195, 124, 89]",0%,36%,54%,24%,"[0%, 36%, 54%, 24%]",59.16,25.75,31.11,"[59.16, 25.75, 31.11]",https://www.google.com/search?tbm=isch&q=ppg%20PPG%201199-6%20Brown%20Clay%20color%20swatch,,,,,,,,,,,,,,,,,,,,,,,,,,,,,,,,,,,,,,,,,,,,
DB,ppg,PPG 1199-7 Fragrant Cloves,#ac5e3a,0.5655665956016358,0.11330754524524526,44.554572961643544,172,94,58,"[172, 94, 58]",0%,45%,66%,33%,"[0%, 45%, 66%, 33%]",48.84,30.21,34.93,"[48.84, 30.21, 34.93]",https://www.google.com/search?tbm=isch&q=ppg%20PPG%201199-7%20Fragrant%20Cloves%20color%20swatch,,,,,,,,,,,,,,,,,,,,,,,,,,,,,,,,,,,,,,,,,,,,
DB,ppg,PPG 1200-1 China Doll,#f3e4d5,0.9268131969622698,0.025960619933560403,67.5010806014451,243,228,213,"[243, 228, 213]",0%,6%,12%,5%,"[0%, 6%, 12%, 5%]",91.50,3.47,9.29,"[91.50, 3.47, 9.29]",https://www.google.com/search?tbm=isch&q=ppg%20PPG%201200-1%20China%20Doll%20color%20swatch,,,,,,,,,,,,,,,,,,,,,,,,,,,,,,,,,,,,,,,,,,,,
DB,ppg,PPG 1200-2 Sourpatch Peach,#f4d9c5,0.902345042482791,0.04035352678149283,58.76417910082483,244,217,197,"[244, 217, 197]",0%,11%,19%,4%,"[0%, 11%, 19%, 4%]",88.57,7.38,13.50,"[88.57, 7.38, 13.50]",https://www.google.com/search?tbm=isch&q=ppg%20PPG%201200-2%20Sourpatch%20Peach%20color%20swatch,,,,,,,,,,,,,,,,,,,,,,,,,,,,,,,,,,,,,,,,,,,,
DB,ppg,PPG 1200-3 Siesta,#f0c3a7,0.8496269211887977,0.06402121898379358,53.51866894327458,240,195,167,"[240, 195, 167]",0%,19%,30%,6%,"[0%, 19%, 30%, 6%]",82.30,13.68,20.51,"[82.30, 13.68, 20.51]",https://www.google.com/search?tbm=isch&q=ppg%20PPG%201200-3%20Siesta%20color%20swatch,,,,,,,,,,,,,,,,,,,,,,,,,,,,,,,,,,,,,,,,,,,,
DB,ppg,PPG 1200-4 Orange Clay,#e6a57f,0.775138119967963,0.0928349794619111,51.22576720417459,230,165,127,"[230, 165, 127]",0%,28%,45%,10%,"[0%, 28%, 45%, 10%]",73.46,21.47,29.73,"[73.46, 21.47, 29.73]",https://www.google.com/search?tbm=isch&q=ppg%20PPG%201200-4%20Orange%20Clay%20color%20swatch,,,,,,,,,,,,,,,,,,,,,,,,,,,,,,,,,,,,,,,,,,,,
DB,ppg,PPG 1200-5 Georgian Leather,#cf875e,0.6884266700433185,0.10478732532656443,49.98211875217635,207,135,94,"[207, 135, 94]",0%,35%,55%,19%,"[0%, 35%, 55%, 19%]",63.29,25.29,33.88,"[63.29, 25.29, 33.88]",https://www.google.com/search?tbm=isch&q=ppg%20PPG%201200-5%20Georgian%20Leather%20color%20swatch,,,,,,,,,,,,,,,,,,,,,,,,,,,,,,,,,,,,,,,,,,,,
DB,ppg,PPG 1200-6 Ginger Root,#c17444,0.633236587318904,0.11587108745729639,51.23064826284059,193,116,68,"[193, 116, 68]",0%,40%,65%,24%,"[0%, 40%, 65%, 24%]",56.82,27.95,39.53,"[56.82, 27.95, 39.53]",https://www.google.com/search?tbm=isch&q=ppg%20PPG%201200-6%20Ginger%20Root%20color%20swatch,,,,,,,,,,,,,,,,,,,,,,,,,,,,,,,,,,,,,,,,,,,,
DB,ppg,PPG 1200-7 Mincemeat,#b66a3c,0.6002136326242842,0.11471444229737282,50.28822034530003,182,106,60,"[182, 106, 60]",0%,42%,67%,29%,"[0%, 42%, 67%, 29%]",52.97,28.21,38.93,"[52.97, 28.21, 38.93]",https://www.google.com/search?tbm=isch&q=ppg%20PPG%201200-7%20Mincemeat%20color%20swatch,,,,,,,,,,,,,,,,,,,,,,,,,,,,,,,,,,,,,,,,,,,,
DB,ppg,PPG 1201-1 Uptown Taupe,#f1e4d7,0.9256855830066061,0.022520135882265455,67.54739597406336,241,228,215,"[241, 228, 215]",0%,5%,11%,5%,"[0%, 5%, 11%, 5%]",91.37,2.98,8.05,"[91.37, 2.98, 8.05]",https://www.google.com/search?tbm=isch&q=ppg%20PPG%201201-1%20Uptown%20Taupe%20color%20swatch,,,,,,,,,,,,,,,,,,,,,,,,,,,,,,,,,,,,,,,,,,,,
DB,ppg,PPG 1201-2 Tea Biscuit,#efdcca,0.9051017902965468,0.032036515086720806,65.88194345421073,239,220,202,"[239, 220, 202]",0%,8%,15%,6%,"[0%, 8%, 15%, 6%]",88.97,4.62,11.38,"[88.97, 4.62, 11.38]",https://www.google.com/search?tbm=isch&q=ppg%20PPG%201201-2%20Tea%20Biscuit%20color%20swatch,,,,,,,,,,,,,,,,,,,,,,,,,,,,,,,,,,,,,,,,,,,,
DB,ppg,PPG 1201-3 Peach Darling,#efcdb4,0.8707346032804558,0.05111153290502449,58.344264197861094,239,205,180,"[239, 205, 180]",0%,14%,25%,6%,"[0%, 14%, 25%, 6%]",84.86,9.61,17.16,"[84.86, 9.61, 17.16]",https://www.google.com/search?tbm=isch&q=ppg%20PPG%201201-3%20Peach%20Darling%20color%20swatch,,,,,,,,,,,,,,,,,,,,,,,,,,,,,,,,,,,,,,,,,,,,
DB,ppg,PPG 1201-4 Gentle Doe,#e8b793,0.8147883757337772,0.07468961396563165,57.76078474694515,232,183,147,"[232, 183, 147]",0%,21%,37%,9%,"[0%, 21%, 37%, 9%]",78.27,14.77,25.48,"[78.27, 14.77, 25.48]",https://www.google.com/search?tbm=isch&q=ppg%20PPG%201201-4%20Gentle%20Doe%20color%20swatch,,,,,,,,,,,,,,,,,,,,,,,,,,,,,,,,,,,,,,,,,,,,
DB,ppg,PPG 1201-5 Pumpkin Patch,#d59466,0.7205065189158206,0.09979080449602706,55.70080013402975,213,148,102,"[213, 148, 102]",0%,31%,52%,16%,"[0%, 31%, 52%, 16%]",67.16,21.55,34.56,"[67.16, 21.55, 34.56]",https://www.google.com/search?tbm=isch&q=ppg%20PPG%201201-5%20Pumpkin%20Patch%20color%20swatch,,,,,,,,,,,,,,,,,,,,,,,,,,,,,,,,,,,,,,,,,,,,
DB,ppg,PPG 1201-6 Gingerbread,#cc8149,0.6708999659914301,0.11734862779830837,55.82072678046808,204,129,73,"[204, 129, 73]",0%,37%,64%,20%,"[0%, 37%, 64%, 20%]",61.29,26.03,42.43,"[61.29, 26.03, 42.43]",https://www.google.com/search?tbm=isch&q=ppg%20PPG%201201-6%20Gingerbread%20color%20swatch,,,,,,,,,,,,,,,,,,,,,,,,,,,,,,,,,,,,,,,,,,,,
DB,ppg,PPG 1201-7 Lucky Penny,#bc6f37,0.6163378289269681,0.12048068043424068,54.204259428483056,188,111,55,"[188, 111, 55]",0%,41%,71%,26%,"[0%, 41%, 71%, 26%]",54.88,27.91,43.81,"[54.88, 27.91, 43.81]",https://www.google.com/search?tbm=isch&q=ppg%20PPG%201201-7%20Lucky%20Penny%20color%20swatch,,,,,,,,,,,,,,,,,,,,,,,,,,,,,,,,,,,,,,,,,,,,
DB,ppg,PPG 1202-1 Vanilla Tan,#f1e9dd,0.9370336604897527,0.018243626225627953,78.2239670863521,241,233,221,"[241, 233, 221]",0%,3%,8%,5%,"[0%, 3%, 8%, 5%]",92.74,1.30,6.88,"[92.74, 1.30, 6.88]",https://www.google.com/search?tbm=isch&q=ppg%20PPG%201202-1%20Vanilla%20Tan%20color%20swatch,,,,,,,,,,,,,,,,,,,,,,,,,,,,,,,,,,,,,,,,,,,,
DB,ppg,PPG 1202-2 Peach Surprise,#f3e3d1,0.9238518674819683,0.02976564252186291,70.70857456663111,243,227,209,"[243, 227, 209]",0%,7%,14%,5%,"[0%, 7%, 14%, 5%]",91.18,3.49,10.90,"[91.18, 3.49, 10.90]",https://www.google.com/search?tbm=isch&q=ppg%20PPG%201202-2%20Peach%20Surprise%20color%20swatch,,,,,,,,,,,,,,,,,,,,,,,,,,,,,,,,,,,,,,,,,,,,
DB,ppg,PPG 1202-3 Crisp Won Ton,#f3dcc6,0.9075245001552277,0.0389188180673052,66.04872143215846,243,220,198,"[243, 220, 198]",0%,9%,19%,5%,"[0%, 9%, 19%, 5%]",89.24,5.65,13.90,"[89.24, 5.65, 13.90]",https://www.google.com/search?tbm=isch&q=ppg%20PPG%201202-3%20Crisp%20Won%20Ton%20color%20swatch,,,,,,,,,,,,,,,,,,,,,,,,,,,,,,,,,,,,,,,,,,,,
DB,ppg,PPG 1202-4 Caramel Ice,#eec9aa,0.8598544248647557,0.05905663213601955,61.86969543153714,238,201,170,"[238, 201, 170]",0%,16%,29%,7%,"[0%, 16%, 29%, 7%]",83.62,10.21,20.68,"[83.62, 10.21, 20.68]",https://www.google.com/search?tbm=isch&q=ppg%20PPG%201202-4%20Caramel%20Ice%20color%20swatch,,,,,,,,,,,,,,,,,,,,,,,,,,,,,,,,,,,,,,,,,,,,
DB,ppg,PPG 1202-5 Buffalo Trail,#e2ac78,0.7827053225691831,0.09290096976454881,64.70051229243649,226,172,120,"[226, 172, 120]",0%,24%,47%,11%,"[0%, 24%, 47%, 11%]",74.59,15.81,34.75,"[74.59, 15.81, 34.75]",https://www.google.com/search?tbm=isch&q=ppg%20PPG%201202-5%20Buffalo%20Trail%20color%20swatch,,,,,,,,,,,,,,,,,,,,,,,,,,,,,,,,,,,,,,,,,,,,
DB,ppg,PPG 1202-6 Polo Pony,#d09258,0.7089442878156108,0.10586287313575554,62.824195639625145,208,146,88,"[208, 146, 88]",0%,30%,58%,18%,"[0%, 30%, 58%, 18%]",65.93,19.67,40.23,"[65.93, 19.67, 40.23]",https://www.google.com/search?tbm=isch&q=ppg%20PPG%201202-6%20Polo%20Pony%20color%20swatch,,,,,,,,,,,,,,,,,,,,,,,,,,,,,,,,,,,,,,,,,,,,
DB,ppg,PPG 1202-7 Ginger Beer,#c27f38,0.6530596879285856,0.119307501512525,64.28690432387532,194,127,56,"[194, 127, 56]",0%,35%,71%,24%,"[0%, 35%, 71%, 24%]",59.40,22.14,48.24,"[59.40, 22.14, 48.24]",https://www.google.com/search?tbm=isch&q=ppg%20PPG%201202-7%20Ginger%20Beer%20color%20swatch,,,,,,,,,,,,,,,,,,,,,,,,,,,,,,,,,,,,,,,,,,,,
DB,ppg,PPG 1203-1 Spun Cotton,#f3ecdc,0.9442550612175611,0.022553554735473998,87.12591495979035,243,236,220,"[243, 236, 220]",0%,3%,9%,5%,"[0%, 3%, 9%, 5%]",93.63,0.45,8.68,"[93.63, 0.45, 8.68]",https://www.google.com/search?tbm=isch&q=ppg%20PPG%201203-1%20Spun%20Cotton%20color%20swatch,,,,,,,,,,,,,,,,,,,,,,,,,,,,,,,,,,,,,,,,,,,,
DB,ppg,PPG 1203-2 Mimosa,#f5e9d5,0.9382138824067083,0.02956226889779065,80.64443213673331,245,233,213,"[245, 233, 213]",0%,5%,13%,4%,"[0%, 5%, 13%, 4%]",92.91,1.79,11.30,"[92.91, 1.79, 11.30]",https://www.google.com/search?tbm=isch&q=ppg%20PPG%201203-2%20Mimosa%20color%20swatch,,,,,,,,,,,,,,,,,,,,,,,,,,,,,,,,,,,,,,,,,,,,
DB,ppg,PPG 1203-3 Peach Dip,#f4debf,0.9106228843299978,0.04760494012941778,76.44245650247228,244,222,191,"[244, 222, 191]",0%,9%,22%,4%,"[0%, 9%, 22%, 4%]",89.70,4.31,18.17,"[89.70, 4.31, 18.17]",https://www.google.com/search?tbm=isch&q=ppg%20PPG%201203-3%20Peach%20Dip%20color%20swatch,,,,,,,,,,,,,,,,,,,,,,,,,,,,,,,,,,,,,,,,,,,,
DB,ppg,PPG 1203-4 Ginger Peach,#f9d09f,0.8812632829428128,0.07855635513481632,71.50145257184676,249,208,159,"[249, 208, 159]",0%,16%,36%,2%,"[0%, 16%, 36%, 2%]",86.21,10.04,30.07,"[86.21, 10.04, 30.07]",https://www.google.com/search?tbm=isch&q=ppg%20PPG%201203-4%20Ginger%20Peach%20color%20swatch,,,,,,,,,,,,,,,,,,,,,,,,,,,,,,,,,,,,,,,,,,,,
DB,ppg,PPG 1203-5 Zing,#fbc17b,0.8485626458550882,0.10980189265231417,70.6715389837882,251,193,123,"[251, 193, 123]",0%,23%,51%,2%,"[0%, 23%, 51%, 2%]",82.32,15.59,43.46,"[82.32, 15.59, 43.46]",https://www.google.com/search?tbm=isch&q=ppg%20PPG%201203-5%20Zing%20color%20swatch,,,,,,,,,,,,,,,,,,,,,,,,,,,,,,,,,,,,,,,,,,,,
DB,ppg,PPG 1203-6 Goldfish,#f2ad62,0.7983658177834734,0.12241481802553117,66.76568504082314,242,173,98,"[242, 173, 98]",0%,29%,60%,5%,"[0%, 29%, 60%, 5%]",76.35,20.50,48.46,"[76.35, 20.50, 48.46]",https://www.google.com/search?tbm=isch&q=ppg%20PPG%201203-6%20Goldfish%20color%20swatch,,,,,,,,,,,,,,,,,,,,,,,,,,,,,,,,,,,,,,,,,,,,
DB,ppg,PPG 1203-7 Cornucopia,#ed9b44,0.7566970524101638,0.14027796318109173,64.10899067361748,237,155,68,"[237, 155, 68]",0%,35%,71%,7%,"[0%, 35%, 71%, 7%]",71.35,26.23,56.88,"[71.35, 26.23, 56.88]",https://www.google.com/search?tbm=isch&q=ppg%20PPG%201203-7%20Cornucopia%20color%20swatch,,,,,,,,,,,,,,,,,,,,,,,,,,,,,,,,,,,,,,,,,,,,
DB,ppg,PPG 1204-1 Spice Ivory,#f4eedc,0.9489783309268233,0.024686727482111454,91.58614338029525,244,238,220,"[244, 238, 220]",0%,2%,10%,4%,"[0%, 2%, 10%, 4%]",94.21,-0.15,9.51,"[94.21, -0.15, 9.51]",https://www.google.com/search?tbm=isch&q=ppg%20PPG%201204-1%20Spice%20Ivory%20color%20swatch,,,,,,,,,,,,,,,,,,,,,,,,,,,,,,,,,,,,,,,,,,,,
DB,ppg,PPG 1204-2 Vanilla Wafer,#f3ead2,0.9378170809712306,0.03316667544452915,89.83015258700271,243,234,210,"[243, 234, 210]",0%,4%,14%,5%,"[0%, 4%, 14%, 5%]",92.94,0.24,12.86,"[92.94, 0.24, 12.86]",https://www.google.com/search?tbm=isch&q=ppg%20PPG%201204-2%20Vanilla%20Wafer%20color%20swatch,,,,,,,,,,,,,,,,,,,,,,,,,,,,,,,,,,,,,,,,,,,,
DB,ppg,PPG 1204-3 Creamy Custard,#f9e7bf,0.9324623856911671,0.0556768218054345,86.62650426251548,249,231,191,"[249, 231, 191]",0%,7%,23%,2%,"[0%, 7%, 23%, 2%]",92.36,1.84,21.90,"[92.36, 1.84, 21.90]",https://www.google.com/search?tbm=isch&q=ppg%20PPG%201204-3%20Creamy%20Custard%20color%20swatch,,,,,,,,,,,,,,,,,,,,,,,,,,,,,,,,,,,,,,,,,,,,
DB,ppg,PPG 1204-4 Doodle,#fbdca8,0.9079788315142194,0.07526646432303206,80.3803963386556,251,220,168,"[251, 220, 168]",0%,12%,33%,2%,"[0%, 12%, 33%, 2%]",89.46,5.73,29.79,"[89.46, 5.73, 29.79]",https://www.google.com/search?tbm=isch&q=ppg%20PPG%201204-4%20Doodle%20color%20swatch,,,,,,,,,,,,,,,,,,,,,,,,,,,,,,,,,,,,,,,,,,,,
DB,ppg,PPG 1204-5 Chunk Of Cheddar,#f9c982,0.8628014800489735,0.10414360857445508,76.44366495292917,249,201,130,"[249, 201, 130]",0%,19%,48%,2%,"[0%, 19%, 48%, 2%]",84.12,11.29,42.12,"[84.12, 11.29, 42.12]",https://www.google.com/search?tbm=isch&q=ppg%20PPG%201204-5%20Chunk%20Of%20Cheddar%20color%20swatch,,,,,,,,,,,,,,,,,,,,,,,,,,,,,,,,,,,,,,,,,,,,
DB,ppg,PPG 1204-6 Golden Opportunity,#f7c070,0.8410366099086023,0.11642358498163682,75.38306104252217,247,192,112,"[247, 192, 112]",0%,22%,55%,3%,"[0%, 22%, 55%, 3%]",81.55,13.82,47.83,"[81.55, 13.82, 47.83]",https://www.google.com/search?tbm=isch&q=ppg%20PPG%201204-6%20Golden%20Opportunity%20color%20swatch,,,,,,,,,,,,,,,,,,,,,,,,,,,,,,,,,,,,,,,,,,,,
DB,ppg,PPG 1204-7 Mango Margarita,#f7b74e,0.8201715995571067,0.14015982152682538,76.70588503912995,247,183,78,"[247, 183, 78]",0%,26%,68%,3%,"[0%, 26%, 68%, 3%]",79.10,16.68,60.78,"[79.10, 16.68, 60.78]",https://www.google.com/search?tbm=isch&q=ppg%20PPG%201204-7%20Mango%20Margarita%20color%20swatch,,,,,,,,,,,,,,,,,,,,,,,,,,,,,,,,,,,,,,,,,,,,
DB,ppg,PPG 1205-1 Combed Cotton,#f4f0de,0.9534219146229105,0.024174615177672627,96.5346463047822,244,240,222,"[244, 240, 222]",0%,2%,9%,4%,"[0%, 2%, 9%, 4%]",94.75,-0.86,9.25,"[94.75, -0.86, 9.25]",https://www.google.com/search?tbm=isch&q=ppg%20PPG%201205-1%20Combed%20Cotton%20color%20swatch,,,,,,,,,,,,,,,,,,,,,,,,,,,,,,,,,,,,,,,,,,,,
DB,ppg,PPG 1205-2 Soft Cream,#f5efd6,0.9502463689958047,0.03352479244877571,95.84063664180752,245,239,214,"[245, 239, 214]",0%,2%,13%,4%,"[0%, 2%, 13%, 4%]",94.43,-0.97,12.91,"[94.43, -0.97, 12.91]",https://www.google.com/search?tbm=isch&q=ppg%20PPG%201205-2%20Soft%20Cream%20color%20swatch,,,,,,,,,,,,,,,,,,,,,,,,,,,,,,,,,,,,,,,,,,,,
DB,ppg,PPG 1205-3 Barely Butter,#f8e9c2,0.9362127736164984,0.05338187303961358,89.473253312123,248,233,194,"[248, 233, 194]",0%,6%,22%,3%,"[0%, 6%, 22%, 3%]",92.83,0.82,20.98,"[92.83, 0.82, 20.98]",https://www.google.com/search?tbm=isch&q=ppg%20PPG%201205-3%20Barely%20Butter%20color%20swatch,,,,,,,,,,,,,,,,,,,,,,,,,,,,,,,,,,,,,,,,,,,,
DB,ppg,PPG 1205-4 Honey Bee,#fcdfa4,0.9139405693724673,0.08179800894332548,84.65148176454295,252,223,164,"[252, 223, 164]",0%,12%,35%,1%,"[0%, 12%, 35%, 1%]",90.23,4.32,32.86,"[90.23, 4.32, 32.86]",https://www.google.com/search?tbm=isch&q=ppg%20PPG%201205-4%20Honey%20Bee%20color%20swatch,,,,,,,,,,,,,,,,,,,,,,,,,,,,,,,,,,,,,,,,,,,,
DB,ppg,PPG 1205-5 Evening Glow,#fdd792,0.8961227253426788,0.09651610908564803,81.84336394735425,253,215,146,"[253, 215, 146]",0%,15%,42%,1%,"[0%, 15%, 42%, 1%]",88.12,7.16,39.21,"[88.12, 7.16, 39.21]",https://www.google.com/search?tbm=isch&q=ppg%20PPG%201205-5%20Evening%20Glow%20color%20swatch,,,,,,,,,,,,,,,,,,,,,,,,,,,,,,,,,,,,,,,,,,,,
DB,ppg,PPG 1205-6 Honey Pot,#ffc863,0.8627176167357349,0.13342531917561543,80.57426274131035,255,200,99,"[255, 200, 99]",0%,22%,61%,0%,"[0%, 22%, 61%, 0%]",84.18,12.45,57.19,"[84.18, 12.45, 57.19]",https://www.google.com/search?tbm=isch&q=ppg%20PPG%201205-6%20Honey%20Pot%20color%20swatch,,,,,,,,,,,,,,,,,,,,,,,,,,,,,,,,,,,,,,,,,,,,
DB,ppg,PPG 1205-7 Fall Gold,#ffbc35,0.8362306906080343,0.1586956923943704,79.86404439589614,255,188,53,"[255, 188, 53]",0%,26%,79%,0%,"[0%, 26%, 79%, 0%]",81.03,16.76,72.38,"[81.03, 16.76, 72.38]",https://www.google.com/search?tbm=isch&q=ppg%20PPG%201205-7%20Fall%20Gold%20color%20swatch,,,,,,,,,,,,,,,,,,,,,,,,,,,,,,,,,,,,,,,,,,,,
DB,ppg,PPG 1206-1 Lotus Flower,#f4f0da,0.9524151328799304,0.029315039446985866,98.45069348712195,244,240,218,"[244, 240, 218]",0%,2%,11%,4%,"[0%, 2%, 11%, 4%]",94.67,-1.33,11.19,"[94.67, -1.33, 11.19]",https://www.google.com/search?tbm=isch&q=ppg%20PPG%201206-1%20Lotus%20Flower%20color%20swatch,,,,,,,,,,,,,,,,,,,,,,,,,,,,,,,,,,,,,,,,,,,,
DB,ppg,PPG 1206-2 Silk Sails,#f6eecd,0.9469278443670017,0.04403520858530717,95.83913960695901,246,238,205,"[246, 238, 205]",0%,3%,17%,4%,"[0%, 3%, 17%, 4%]",94.10,-1.14,17.08,"[94.10, -1.14, 17.08]",https://www.google.com/search?tbm=isch&q=ppg%20PPG%201206-2%20Silk%20Sails%20color%20swatch,,,,,,,,,,,,,,,,,,,,,,,,,,,,,,,,,,,,,,,,,,,,
DB,ppg,PPG 1206-3 Shiny Silk,#f7ecca,0.9430982513281052,0.046037356044059015,92.16784171688914,247,236,202,"[247, 236, 202]",0%,4%,18%,3%,"[0%, 4%, 18%, 3%]",93.63,-0.14,17.98,"[93.63, -0.14, 17.98]",https://www.google.com/search?tbm=isch&q=ppg%20PPG%201206-3%20Shiny%20Silk%20color%20swatch,,,,,,,,,,,,,,,,,,,,,,,,,,,,,,,,,,,,,,,,,,,,
DB,ppg,PPG 1206-4 Sawdust,#fbe4af,0.9249537814294988,0.07262779740123443,87.25364388881104,251,228,175,"[251, 228, 175]",0%,9%,30%,2%,"[0%, 9%, 30%, 2%]",91.54,2.50,28.99,"[91.54, 2.50, 28.99]",https://www.google.com/search?tbm=isch&q=ppg%20PPG%201206-4%20Sawdust%20color%20swatch,,,,,,,,,,,,,,,,,,,,,,,,,,,,,,,,,,,,,,,,,,,,
DB,ppg,PPG 1206-5 Spiced Butternut,#ffd978,0.8980136743831966,0.12364669601921535,88.4366958648809,255,217,120,"[255, 217, 120]",0%,15%,53%,0%,"[0%, 15%, 53%, 0%]",88.51,5.27,52.37,"[88.51, 5.27, 52.37]",https://www.google.com/search?tbm=isch&q=ppg%20PPG%201206-5%20Spiced%20Butternut%20color%20swatch,,,,,,,,,,,,,,,,,,,,,,,,,,,,,,,,,,,,,,,,,,,,
DB,ppg,PPG 1206-6 Fuzzy Navel,#ffd15c,0.8792785317381933,0.14258526115997183,87.50535572574694,255,209,92,"[255, 209, 92]",0%,18%,64%,0%,"[0%, 18%, 64%, 0%]",86.31,7.73,62.54,"[86.31, 7.73, 62.54]",https://www.google.com/search?tbm=isch&q=ppg%20PPG%201206-6%20Fuzzy%20Navel%20color%20swatch,,,,,,,,,,,,,,,,,,,,,,,,,,,,,,,,,,,,,,,,,,,,
DB,ppg,PPG 1206-7 Rise-n-shine,#ffc632,0.8549929516997934,0.1627368039832401,85.60779059531109,255,198,50,"[255, 198, 50]",0%,22%,80%,0%,"[0%, 22%, 80%, 0%]",83.40,11.77,75.29,"[83.40, 11.77, 75.29]",https://www.google.com/search?tbm=isch&q=ppg%20PPG%201206-7%20Rise-n-shine%20color%20swatch,,,,,,,,,,,,,,,,,,,,,,,,,,,,,,,,,,,,,,,,,,,,
DB,ppg,PPG 1207-1 Candlelit Beige,#f1ede0,0.9456777460412871,0.017815472658362315,92.6432535333991,241,237,224,"[241, 237, 224]",0%,2%,7%,5%,"[0%, 2%, 7%, 5%]",93.80,-0.25,6.83,"[93.80, -0.25, 6.83]",https://www.google.com/search?tbm=isch&q=ppg%20PPG%201207-1%20Candlelit%20Beige%20color%20swatch,,,,,,,,,,,,,,,,,,,,,,,,,,,,,,,,,,,,,,,,,,,,
DB,ppg,PPG 1207-2 Golden Mushroom,#f4e8d1,0.9344526655680474,0.03312172026690911,83.69501546264871,244,232,209,"[244, 232, 209]",0%,5%,14%,4%,"[0%, 5%, 14%, 4%]",92.51,1.44,12.78,"[92.51, 1.44, 12.78]",https://www.google.com/search?tbm=isch&q=ppg%20PPG%201207-2%20Golden%20Mushroom%20color%20swatch,,,,,,,,,,,,,,,,,,,,,,,,,,,,,,,,,,,,,,,,,,,,
DB,ppg,PPG 1207-3 Honey Beige,#f3e2c6,0.9192219300519184,0.041451184882574564,80.30562577253346,243,226,198,"[243, 226, 198]",0%,7%,19%,5%,"[0%, 7%, 19%, 5%]",90.73,2.74,15.96,"[90.73, 2.74, 15.96]",https://www.google.com/search?tbm=isch&q=ppg%20PPG%201207-3%20Honey%20Beige%20color%20swatch,,,,,,,,,,,,,,,,,,,,,,,,,,,,,,,,,,,,,,,,,,,,
DB,ppg,PPG 1207-4 Toffee Crunch,#efcea0,0.8683396475243395,0.07065723349900838,75.77858526465167,239,206,160,"[239, 206, 160]",0%,14%,33%,6%,"[0%, 14%, 33%, 6%]",84.78,7.21,27.47,"[84.78, 7.21, 27.47]",https://www.google.com/search?tbm=isch&q=ppg%20PPG%201207-4%20Toffee%20Crunch%20color%20swatch,,,,,,,,,,,,,,,,,,,,,,,,,,,,,,,,,,,,,,,,,,,,
DB,ppg,PPG 1207-5 Lion's Mane,#e1b270,0.7918939107172722,0.09996791358279342,74.898784985997,225,178,112,"[225, 178, 112]",0%,21%,50%,12%,"[0%, 21%, 50%, 12%]",75.86,11.84,40.39,"[75.86, 11.84, 40.39]",https://www.google.com/search?tbm=isch&q=ppg%20PPG%201207-5%20Lion's%20Mane%20color%20swatch,,,,,,,,,,,,,,,,,,,,,,,,,,,,,,,,,,,,,,,,,,,,
DB,ppg,PPG 1207-6 Allspice,#cc974d,0.7125845063892272,0.11118711180219604,73.44867668919147,204,151,77,"[204, 151, 77]",0%,26%,62%,20%,"[0%, 26%, 62%, 20%]",66.57,14.83,46.31,"[66.57, 14.83, 46.31]",https://www.google.com/search?tbm=isch&q=ppg%20PPG%201207-6%20Allspice%20color%20swatch,,,,,,,,,,,,,,,,,,,,,,,,,,,,,,,,,,,,,,,,,,,,
DB,ppg,PPG 1207-7 Cider Toddy,#b98033,0.6436823339284946,0.11549202950891795,70.9189969672097,185,128,51,"[185, 128, 51]",0%,31%,72%,27%,"[0%, 31%, 72%, 27%]",58.48,17.55,49.16,"[58.48, 17.55, 49.16]",https://www.google.com/search?tbm=isch&q=ppg%20PPG%201207-7%20Cider%20Toddy%20color%20swatch,,,,,,,,,,,,,,,,,,,,,,,,,,,,,,,,,,,,,,,,,,,,
DB,ppg,PPG 1208-1 Accolade,#f1eee2,0.9481716251588851,0.016276663904745806,95.17764129498812,241,238,226,"[241, 238, 226]",0%,1%,6%,5%,"[0%, 1%, 6%, 5%]",94.09,-0.48,6.22,"[94.09, -0.48, 6.22]",https://www.google.com/search?tbm=isch&q=ppg%20PPG%201208-1%20Accolade%20color%20swatch,,,,,,,,,,,,,,,,,,,,,,,,,,,,,,,,,,,,,,,,,,,,
DB,ppg,PPG 1208-2 Spice Delight,#f3e9cf,0.9351189925190128,0.03598100052484912,89.42672614238421,243,233,207,"[243, 233, 207]",0%,4%,15%,5%,"[0%, 4%, 15%, 5%]",92.64,0.38,13.98,"[92.64, 0.38, 13.98]",https://www.google.com/search?tbm=isch&q=ppg%20PPG%201208-2%20Spice%20Delight%20color%20swatch,,,,,,,,,,,,,,,,,,,,,,,,,,,,,,,,,,,,,,,,,,,,
DB,ppg,PPG 1208-3 Belgian Waffle,#f3dfb6,0.909723497341194,0.05792380971769752,85.00621984615987,243,223,182,"[243, 223, 182]",0%,8%,25%,5%,"[0%, 8%, 25%, 5%]",89.71,2.53,22.81,"[89.71, 2.53, 22.81]",https://www.google.com/search?tbm=isch&q=ppg%20PPG%201208-3%20Belgian%20Waffle%20color%20swatch,,,,,,,,,,,,,,,,,,,,,,,,,,,,,,,,,,,,,,,,,,,,
DB,ppg,PPG 1208-4 Gold Buff,#ecc481,0.840414500948158,0.09628447154730892,79.76036968174441,236,196,129,"[236, 196, 129]",0%,17%,45%,7%,"[0%, 17%, 45%, 7%]",81.60,8.48,39.17,"[81.60, 8.48, 39.17]",https://www.google.com/search?tbm=isch&q=ppg%20PPG%201208-4%20Gold%20Buff%20color%20swatch,,,,,,,,,,,,,,,,,,,,,,,,,,,,,,,,,,,,,,,,,,,,
DB,ppg,PPG 1208-5 Brown Mustard,#dfac59,0.7750569235001964,0.11702649873534028,77.74021823216992,223,172,89,"[223, 172, 89]",0%,23%,60%,13%,"[0%, 23%, 60%, 13%]",73.93,12.70,49.40,"[73.93, 12.70, 49.40]",https://www.google.com/search?tbm=isch&q=ppg%20PPG%201208-5%20Brown%20Mustard%20color%20swatch,,,,,,,,,,,,,,,,,,,,,,,,,,,,,,,,,,,,,,,,,,,,
DB,ppg,PPG 1208-6 Mayan Treasure,#ce9844,0.715718415490368,0.1191756947181389,75.650179844933,206,152,68,"[206, 152, 68]",0%,26%,67%,19%,"[0%, 26%, 67%, 19%]",66.97,14.76,51.04,"[66.97, 14.76, 51.04]",https://www.google.com/search?tbm=isch&q=ppg%20PPG%201208-6%20Mayan%20Treasure%20color%20swatch,,,,,,,,,,,,,,,,,,,,,,,,,,,,,,,,,,,,,,,,,,,,
DB,ppg,PPG 1208-7 Gothic Gold,#bb852f,0.6553802512788185,0.11932163198536411,74.94602778610204,187,133,47,"[187, 133, 47]",0%,29%,75%,27%,"[0%, 29%, 75%, 27%]",59.93,15.66,52.36,"[59.93, 15.66, 52.36]",https://www.google.com/search?tbm=isch&q=ppg%20PPG%201208-7%20Gothic%20Gold%20color%20swatch,,,,,,,,,,,,,,,,,,,,,,,,,,,,,,,,,,,,,,,,,,,,
DB,ppg,PPG 1209-1 Satin Weave,#f3edd9,0.9454604131652291,0.02723056023548777,93.07870341687715,243,237,217,"[243, 237, 217]",0%,2%,11%,5%,"[0%, 2%, 11%, 5%]",93.82,-0.38,10.50,"[93.82, -0.38, 10.50]",https://www.google.com/search?tbm=isch&q=ppg%20PPG%201209-1%20Satin%20Weave%20color%20swatch,,,,,,,,,,,,,,,,,,,,,,,,,,,,,,,,,,,,,,,,,,,,
DB,ppg,PPG 1209-2 Sausalito,#f4e5c5,0.9257085025028169,0.04515354968157646,85.85147313921908,244,229,197,"[244, 229, 197]",0%,6%,19%,4%,"[0%, 6%, 19%, 4%]",91.54,1.56,17.62,"[91.54, 1.56, 17.62]",https://www.google.com/search?tbm=isch&q=ppg%20PPG%201209-2%20Sausalito%20color%20swatch,,,,,,,,,,,,,,,,,,,,,,,,,,,,,,,,,,,,,,,,,,,,
DB,ppg,PPG 1209-3 Dusty Yellow,#f5deae,0.9078007866018983,0.06719999444736323,85.31537136941324,245,222,174,"[245, 222, 174]",0%,9%,29%,4%,"[0%, 9%, 29%, 4%]",89.51,3.01,26.68,"[89.51, 3.01, 26.68]",https://www.google.com/search?tbm=isch&q=ppg%20PPG%201209-3%20Dusty%20Yellow%20color%20swatch,,,,,,,,,,,,,,,,,,,,,,,,,,,,,,,,,,,,,,,,,,,,
DB,ppg,PPG 1209-4 Yukon Gold,#f3c775,0.8511883878918198,0.11235230098592039,81.84551228765963,243,199,117,"[243, 199, 117]",0%,18%,52%,5%,"[0%, 18%, 52%, 5%]",82.89,9.03,46.87,"[82.89, 9.03, 46.87]",https://www.google.com/search?tbm=isch&q=ppg%20PPG%201209-4%20Yukon%20Gold%20color%20swatch,,,,,,,,,,,,,,,,,,,,,,,,,,,,,,,,,,,,,,,,,,,,
DB,ppg,PPG 1209-5 Yellow Coneflower,#edb856,0.8123933411163249,0.1298570677876064,80.45854328833241,237,184,86,"[237, 184, 86]",0%,22%,64%,7%,"[0%, 22%, 64%, 7%]",78.33,12.37,56.08,"[78.33, 12.37, 56.08]",https://www.google.com/search?tbm=isch&q=ppg%20PPG%201209-5%20Yellow%20Coneflower%20color%20swatch,,,,,,,,,,,,,,,,,,,,,,,,,,,,,,,,,,,,,,,,,,,,
DB,ppg,PPG 1209-6 Brass Mesh,#e1a84b,0.7679209037852278,0.12769457048290783,76.90181492093404,225,168,75,"[225, 168, 75]",0%,25%,67%,12%,"[0%, 25%, 67%, 12%]",73.06,14.92,54.99,"[73.06, 14.92, 54.99]",https://www.google.com/search?tbm=isch&q=ppg%20PPG%201209-6%20Brass%20Mesh%20color%20swatch,,,,,,,,,,,,,,,,,,,,,,,,,,,,,,,,,,,,,,,,,,,,
DB,ppg,PPG 1209-7 Mecca Gold,#c89134,0.6939819987689968,0.12513477661807942,76.65091471890531,200,145,52,"[200, 145, 52]",0%,28%,74%,22%,"[0%, 28%, 74%, 22%]",64.45,15.20,55.21,"[64.45, 15.20, 55.21]",https://www.google.com/search?tbm=isch&q=ppg%20PPG%201209-7%20Mecca%20Gold%20color%20swatch,,,,,,,,,,,,,,,,,,,,,,,,,,,,,,,,,,,,,,,,,,,,
DB,ppg,PPG 1210-1 Crisp Candlelight,#f4ebd0,0.9401081218701526,0.03686406748911271,91.67722212988201,244,235,208,"[244, 235, 208]",0%,4%,15%,4%,"[0%, 4%, 15%, 4%]",93.24,-0.10,14.32,"[93.24, -0.10, 14.32]",https://www.google.com/search?tbm=isch&q=ppg%20PPG%201210-1%20Crisp%20Candlelight%20color%20swatch,,,,,,,,,,,,,,,,,,,,,,,,,,,,,,,,,,,,,,,,,,,,
DB,ppg,PPG 1210-2 Gentle Glow,#f6e5b9,0.9247167920106466,0.06012204570647108,89.39937114968058,246,229,185,"[246, 229, 185]",0%,7%,25%,4%,"[0%, 7%, 25%, 4%]",91.51,1.08,23.77,"[91.51, 1.08, 23.77]",https://www.google.com/search?tbm=isch&q=ppg%20PPG%201210-2%20Gentle%20Glow%20color%20swatch,,,,,,,,,,,,,,,,,,,,,,,,,,,,,,,,,,,,,,,,,,,,
DB,ppg,PPG 1210-3 Visionary,#f6e0a9,0.9116020953555097,0.07473350056797326,88.75189429987518,246,224,169,"[246, 224, 169]",0%,9%,31%,4%,"[0%, 9%, 31%, 4%]",90.02,1.97,29.93,"[90.02, 1.97, 29.93]",https://www.google.com/search?tbm=isch&q=ppg%20PPG%201210-3%20Visionary%20color%20swatch,,,,,,,,,,,,,,,,,,,,,,,,,,,,,,,,,,,,,,,,,,,,
DB,ppg,PPG 1210-4 Maybe Maui,#f6d48d,0.8830038718674023,0.09698018004681175,84.92864808012018,246,212,141,"[246, 212, 141]",0%,14%,43%,4%,"[0%, 14%, 43%, 4%]",86.66,5.48,39.71,"[86.66, 5.48, 39.71]",https://www.google.com/search?tbm=isch&q=ppg%20PPG%201210-4%20Maybe%20Maui%20color%20swatch,,,,,,,,,,,,,,,,,,,,,,,,,,,,,,,,,,,,,,,,,,,,
DB,ppg,PPG 1210-5 Bright Idea,#ecbe63,0.8244697958270651,0.12127537627885515,82.69919523608121,236,190,99,"[236, 190, 99]",0%,19%,58%,7%,"[0%, 19%, 58%, 7%]",79.80,9.60,51.69,"[79.80, 9.60, 51.69]",https://www.google.com/search?tbm=isch&q=ppg%20PPG%201210-5%20Bright%20Idea%20color%20swatch,,,,,,,,,,,,,,,,,,,,,,,,,,,,,,,,,,,,,,,,,,,,
DB,ppg,PPG 1210-6 Va Va Voom,#e3b34c,0.7914203538615608,0.13117837789757056,83.62611053185361,227,179,76,"[227, 179, 76]",0%,21%,67%,11%,"[0%, 21%, 67%, 11%]",75.98,10.26,57.64,"[75.98, 10.26, 57.64]",https://www.google.com/search?tbm=isch&q=ppg%20PPG%201210-6%20Va%20Va%20Voom%20color%20swatch,,,,,,,,,,,,,,,,,,,,,,,,,,,,,,,,,,,,,,,,,,,,
DB,ppg,PPG 1210-7 Curry Sauce,#d6a332,0.7443463027524059,0.13690623039172767,82.85085510019735,214,163,50,"[214, 163, 50]",0%,24%,77%,16%,"[0%, 24%, 77%, 16%]",70.46,11.92,62.17,"[70.46, 11.92, 62.17]",https://www.google.com/search?tbm=isch&q=ppg%20PPG%201210-7%20Curry%20Sauce%20color%20swatch,,,,,,,,,,,,,,,,,,,,,,,,,,,,,,,,,,,,,,,,,,,,
DB,ppg,PPG 1211-1 Good Graces,#f3f0d6,0.9506442500324519,0.034344356283076,101.60542949092309,243,240,214,"[243, 240, 214]",0%,1%,12%,5%,"[0%, 1%, 12%, 5%]",94.52,-2.16,13.01,"[94.52, -2.16, 13.01]",https://www.google.com/search?tbm=isch&q=ppg%20PPG%201211-1%20Good%20Graces%20color%20swatch,,,,,,,,,,,,,,,,,,,,,,,,,,,,,,,,,,,,,,,,,,,,
DB,ppg,PPG 1211-2 Heavenly Haze,#f3efcd,0.9465175269803214,0.044706245041951025,101.6602097144663,243,239,205,"[243, 239, 205]",0%,2%,16%,5%,"[0%, 2%, 16%, 5%]",94.11,-2.71,17.05,"[94.11, -2.71, 17.05]",https://www.google.com/search?tbm=isch&q=ppg%20PPG%201211-2%20Heavenly%20Haze%20color%20swatch,,,,,,,,,,,,,,,,,,,,,,,,,,,,,,,,,,,,,,,,,,,,
DB,ppg,PPG 1211-3 Easy On The Eyes,#f9ecb6,0.9404284329341043,0.07078320694688728,96.13216512025565,249,236,182,"[249, 236, 182]",0%,5%,27%,2%,"[0%, 5%, 27%, 2%]",93.47,-1.43,27.97,"[93.47, -1.43, 27.97]",https://www.google.com/search?tbm=isch&q=ppg%20PPG%201211-3%20Easy%20On%20The%20Eyes%20color%20swatch,,,,,,,,,,,,,,,,,,,,,,,,,,,,,,,,,,,,,,,,,,,,
DB,ppg,PPG 1211-4 Twinkle Little Star,#fce79a,0.9278999522284422,0.09886551069121904,94.66352007942112,252,231,154,"[252, 231, 154]",0%,8%,39%,1%,"[0%, 8%, 39%, 1%]",92.09,-0.32,40.23,"[92.09, -0.32, 40.23]",https://www.google.com/search?tbm=isch&q=ppg%20PPG%201211-4%20Twinkle%20Little%20Star%20color%20swatch,,,,,,,,,,,,,,,,,,,,,,,,,,,,,,,,,,,,,,,,,,,,
DB,ppg,PPG 1211-5 Firelight,#f9d97b,0.8928792735308662,0.1191823941829359,91.07353435062959,249,217,123,"[249, 217, 123]",0%,13%,51%,2%,"[0%, 13%, 51%, 2%]",87.98,3.04,50.17,"[87.98, 3.04, 50.17]",https://www.google.com/search?tbm=isch&q=ppg%20PPG%201211-5%20Firelight%20color%20swatch,,,,,,,,,,,,,,,,,,,,,,,,,,,,,,,,,,,,,,,,,,,,
DB,ppg,PPG 1211-6 Beach Party,#fbd05c,0.8734705856710937,0.1409113783362425,88.71657684280575,251,208,92,"[251, 208, 92]",0%,17%,63%,2%,"[0%, 17%, 63%, 2%]",85.67,6.58,61.73,"[85.67, 6.58, 61.73]",https://www.google.com/search?tbm=isch&q=ppg%20PPG%201211-6%20Beach%20Party%20color%20swatch,,,,,,,,,,,,,,,,,,,,,,,,,,,,,,,,,,,,,,,,,,,,
DB,ppg,PPG 1211-7 Be Daring,#ffc943,0.8617609967713553,0.1554304644296421,85.76205570613911,255,201,67,"[255, 201, 67]",0%,21%,74%,0%,"[0%, 21%, 74%, 0%]",84.21,10.73,70.38,"[84.21, 10.73, 70.38]",https://www.google.com/search?tbm=isch&q=ppg%20PPG%201211-7%20Be%20Daring%20color%20swatch,,,,,,,,,,,,,,,,,,,,,,,,,,,,,,,,,,,,,,,,,,,,
DB,ppg,PPG 1212-1 Capri Cream,#f1f0d6,0.949080279848788,0.03423294201921376,105.20098215813465,241,240,214,"[241, 240, 214]",0%,0%,11%,5%,"[0%, 0%, 11%, 5%]",94.36,-2.88,12.77,"[94.36, -2.88, 12.77]",https://www.google.com/search?tbm=isch&q=ppg%20PPG%201212-1%20Capri%20Cream%20color%20swatch,,,,,,,,,,,,,,,,,,,,,,,,,,,,,,,,,,,,,,,,,,,,
DB,ppg,PPG 1212-2 Banana Pudding,#f4efc3,0.9450598259913042,0.05740174983671577,102.03286855762116,244,239,195,"[244, 239, 195]",0%,2%,20%,4%,"[0%, 2%, 20%, 4%]",94.02,-3.41,22.04,"[94.02, -3.41, 22.04]",https://www.google.com/search?tbm=isch&q=ppg%20PPG%201212-2%20Banana%20Pudding%20color%20swatch,,,,,,,,,,,,,,,,,,,,,,,,,,,,,,,,,,,,,,,,,,,,
DB,ppg,PPG 1212-3 Sunbeam,#f5edb2,0.9383459812641576,0.07611276963953827,101.22313057703224,245,237,178,"[245, 237, 178]",0%,3%,27%,4%,"[0%, 3%, 27%, 4%]",93.33,-3.78,29.73,"[93.33, -3.78, 29.73]",https://www.google.com/search?tbm=isch&q=ppg%20PPG%201212-3%20Sunbeam%20color%20swatch,,,,,,,,,,,,,,,,,,,,,,,,,,,,,,,,,,,,,,,,,,,,
DB,ppg,PPG 1212-4 Lazy Daizy,#f6eba1,0.9320044160446924,0.09403117801499927,100.76785806427057,246,235,161,"[246, 235, 161]",0%,4%,35%,4%,"[0%, 4%, 35%, 4%]",92.67,-3.97,37.39,"[92.67, -3.97, 37.39]",https://www.google.com/search?tbm=isch&q=ppg%20PPG%201212-4%20Lazy%20Daizy%20color%20swatch,,,,,,,,,,,,,,,,,,,,,,,,,,,,,,,,,,,,,,,,,,,,
DB,ppg,PPG 1212-5 Citrus Punch,#fdea83,0.9312785956731117,0.125677805570028,99.07849045471602,253,234,131,"[253, 234, 131]",0%,8%,48%,1%,"[0%, 8%, 48%, 1%]",92.67,-2.98,52.04,"[92.67, -2.98, 52.04]",https://www.google.com/search?tbm=isch&q=ppg%20PPG%201212-5%20Citrus%20Punch%20color%20swatch,,,,,,,,,,,,,,,,,,,,,,,,,,,,,,,,,,,,,,,,,,,,
DB,ppg,PPG 1212-6 Acorn Squash,#ffdf38,0.9041962518703044,0.17296947674304278,97.5446914390078,255,223,56,"[255, 223, 56]",0%,13%,78%,0%,"[0%, 13%, 78%, 0%]",89.58,-0.21,78.70,"[89.58, -0.21, 78.70]",https://www.google.com/search?tbm=isch&q=ppg%20PPG%201212-6%20Acorn%20Squash%20color%20swatch,,,,,,,,,,,,,,,,,,,,,,,,,,,,,,,,,,,,,,,,,,,,
DB,ppg,PPG 1212-7 Flirtatious,#ffd637,0.8863111172842786,0.16787994157069608,93.42160059538355,255,214,55,"[255, 214, 55]",0%,16%,78%,0%,"[0%, 16%, 78%, 0%]",87.33,4.08,77.09,"[87.33, 4.08, 77.09]",https://www.google.com/search?tbm=isch&q=ppg%20PPG%201212-7%20Flirtatious%20color%20swatch,,,,,,,,,,,,,,,,,,,,,,,,,,,,,,,,,,,,,,,,,,,,
DB,ppg,PPG 1213-1 Sail Cloth,#f0f0e0,0.9508211535781905,0.02117646765286161,106.73974388904367,240,240,224,"[240, 240, 224]",0%,0%,7%,6%,"[0%, 0%, 7%, 6%]",94.47,-2.04,7.78,"[94.47, -2.04, 7.78]",https://www.google.com/search?tbm=isch&q=ppg%20PPG%201213-1%20Sail%20Cloth%20color%20swatch,,,,,,,,,,,,,,,,,,,,,,,,,,,,,,,,,,,,,,,,,,,,
DB,ppg,PPG 1213-2 Blonde Beauty,#f2efcd,0.9457275804476852,0.044635478414139076,103.04369217938176,242,239,205,"[242, 239, 205]",0%,1%,15%,5%,"[0%, 1%, 15%, 5%]",94.03,-3.07,16.92,"[94.03, -3.07, 16.92]",https://www.google.com/search?tbm=isch&q=ppg%20PPG%201213-2%20Blonde%20Beauty%20color%20swatch,,,,,,,,,,,,,,,,,,,,,,,,,,,,,,,,,,,,,,,,,,,,
DB,ppg,PPG 1213-3 Butter,#f4eeba,0.9411505846669312,0.0674224975180106,102.08805203025497,244,238,186,"[244, 238, 186]",0%,2%,24%,4%,"[0%, 2%, 24%, 4%]",93.62,-3.86,26.07,"[93.62, -3.86, 26.07]",https://www.google.com/search?tbm=isch&q=ppg%20PPG%201213-3%20Butter%20color%20swatch,,,,,,,,,,,,,,,,,,,,,,,,,,,,,,,,,,,,,,,,,,,,
DB,ppg,PPG 1213-4 Golden Straw,#f5edae,0.9375714706730134,0.0809002081279871,101.69549937946886,245,237,174,"[245, 237, 174]",0%,3%,29%,4%,"[0%, 3%, 29%, 4%]",93.27,-4.16,31.67,"[93.27, -4.16, 31.67]",https://www.google.com/search?tbm=isch&q=ppg%20PPG%201213-4%20Golden%20Straw%20color%20swatch,,,,,,,,,,,,,,,,,,,,,,,,,,,,,,,,,,,,,,,,,,,,
DB,ppg,PPG 1213-5 Calabash,#f8eb97,0.9319918552489298,0.1053777060282884,100.5458870017294,248,235,151,"[248, 235, 151]",0%,5%,39%,3%,"[0%, 5%, 39%, 3%]",92.72,-4.00,42.41,"[92.72, -4.00, 42.41]",https://www.google.com/search?tbm=isch&q=ppg%20PPG%201213-5%20Calabash%20color%20swatch,,,,,,,,,,,,,,,,,,,,,,,,,,,,,,,,,,,,,,,,,,,,
DB,ppg,PPG 1213-6 Dilly Dally,#f6db5d,0.8906802538272887,0.14645786503198205,97.18543267972927,246,219,93,"[246, 219, 93]",0%,11%,62%,4%,"[0%, 11%, 62%, 4%]",87.95,-0.74,63.51,"[87.95, -0.74, 63.51]",https://www.google.com/search?tbm=isch&q=ppg%20PPG%201213-6%20Dilly%20Dally%20color%20swatch,,,,,,,,,,,,,,,,,,,,,,,,,,,,,,,,,,,,,,,,,,,,
DB,ppg,PPG 1213-7 Crushed Pineapple,#efcc44,0.8520587123156734,0.15271809921087315,94.17437984994672,239,204,68,"[239, 204, 68]",0%,15%,72%,6%,"[0%, 15%, 72%, 6%]",83.36,2.64,68.55,"[83.36, 2.64, 68.55]",https://www.google.com/search?tbm=isch&q=ppg%20PPG%201213-7%20Crushed%20Pineapple%20color%20swatch,,,,,,,,,,,,,,,,,,,,,,,,,,,,,,,,,,,,,,,,,,,,
DB,ppg,PPG 1214-1 Cake Batter,#f0eddb,0.9436011115538872,0.024061373881095718,99.07352882007973,240,237,219,"[240, 237, 219]",0%,1%,9%,6%,"[0%, 1%, 9%, 6%]",93.62,-1.22,9.14,"[93.62, -1.22, 9.14]",https://www.google.com/search?tbm=isch&q=ppg%20PPG%201214-1%20Cake%20Batter%20color%20swatch,,,,,,,,,,,,,,,,,,,,,,,,,,,,,,,,,,,,,,,,,,,,
DB,ppg,PPG 1214-2 Golden Fleece,#f0ead2,0.9354129157242554,0.03237404936992508,95.37914586248002,240,234,210,"[240, 234, 210]",0%,3%,13%,6%,"[0%, 3%, 13%, 6%]",92.70,-0.85,12.48,"[92.70, -0.85, 12.48]",https://www.google.com/search?tbm=isch&q=ppg%20PPG%201214-2%20Golden%20Fleece%20color%20swatch,,,,,,,,,,,,,,,,,,,,,,,,,,,,,,,,,,,,,,,,,,,,
DB,ppg,PPG 1214-3 Banana Brulee,#f7eab9,0.9354272479891428,0.0648626254674099,94.94314006817274,247,234,185,"[247, 234, 185]",0%,5%,25%,3%,"[0%, 5%, 25%, 3%]",92.85,-0.94,25.58,"[92.85, -0.94, 25.58]",https://www.google.com/search?tbm=isch&q=ppg%20PPG%201214-3%20Banana%20Brulee%20color%20swatch,,,,,,,,,,,,,,,,,,,,,,,,,,,,,,,,,,,,,,,,,,,,
DB,ppg,PPG 1214-4 Butterfly Bush,#f3e4a7,0.9165877442818958,0.07975555629132912,95.94201647827106,243,228,167,"[243, 228, 167]",0%,6%,31%,5%,"[0%, 6%, 31%, 5%]",90.74,-1.28,31.82,"[90.74, -1.28, 31.82]",https://www.google.com/search?tbm=isch&q=ppg%20PPG%201214-4%20Butterfly%20Bush%20color%20swatch,,,,,,,,,,,,,,,,,,,,,,,,,,,,,,,,,,,,,,,,,,,,
DB,ppg,PPG 1214-5 Forsythia Blossom,#f6d76e,0.8845232037422825,0.1291844994480659,93.15676670229698,246,215,110,"[246, 215, 110]",0%,13%,55%,4%,"[0%, 13%, 55%, 4%]",87.08,2.04,55.11,"[87.08, 2.04, 55.11]",https://www.google.com/search?tbm=isch&q=ppg%20PPG%201214-5%20Forsythia%20Blossom%20color%20swatch,,,,,,,,,,,,,,,,,,,,,,,,,,,,,,,,,,,,,,,,,,,,
DB,ppg,PPG 1214-6 Indian Maize,#e4c14d,0.8202542499471674,0.13792748032187313,92.15095282292117,228,193,77,"[228, 193, 77]",0%,15%,66%,11%,"[0%, 15%, 66%, 11%]",79.58,3.76,60.93,"[79.58, 3.76, 60.93]",https://www.google.com/search?tbm=isch&q=ppg%20PPG%201214-6%20Indian%20Maize%20color%20swatch,,,,,,,,,,,,,,,,,,,,,,,,,,,,,,,,,,,,,,,,,,,,
DB,ppg,PPG 1214-7 Yarrow,#d8ad39,0.7667080862689799,0.1374701863856406,87.62163884526996,216,173,57,"[216, 173, 57]",0%,20%,74%,15%,"[0%, 20%, 74%, 15%]",73.21,7.92,62.18,"[73.21, 7.92, 62.18]",https://www.google.com/search?tbm=isch&q=ppg%20PPG%201214-7%20Yarrow%20color%20swatch,,,,,,,,,,,,,,,,,,,,,,,,,,,,,,,,,,,,,,,,,,,,
DB,ppg,PPG 1215-1 Clear Yellow,#f1f1e6,0.9551415949694985,0.0145874875485226,106.59121772458394,241,241,230,"[241, 241, 230]",0%,0%,5%,5%,"[0%, 0%, 5%, 5%]",94.92,-1.41,5.34,"[94.92, -1.41, 5.34]",https://www.google.com/search?tbm=isch&q=ppg%20PPG%201215-1%20Clear%20Yellow%20color%20swatch,,,,,,,,,,,,,,,,,,,,,,,,,,,,,,,,,,,,,,,,,,,,
DB,ppg,PPG 1215-2 Bright Laughter,#f0edd1,0.9411199487338803,0.03699801708633899,102.0381703251893,240,237,209,"[240, 237, 209]",0%,1%,13%,6%,"[0%, 1%, 13%, 6%]",93.44,-2.39,14.02,"[93.44, -2.39, 14.02]",https://www.google.com/search?tbm=isch&q=ppg%20PPG%201215-2%20Bright%20Laughter%20color%20swatch,,,,,,,,,,,,,,,,,,,,,,,,,,,,,,,,,,,,,,,,,,,,
DB,ppg,PPG 1215-3 Pineapple Delight,#f0e7a9,0.9204803365831281,0.08003790388556556,100.81766551956491,240,231,169,"[240, 231, 169]",0%,4%,30%,6%,"[0%, 4%, 30%, 6%]",91.27,-3.67,31.46,"[91.27, -3.67, 31.46]",https://www.google.com/search?tbm=isch&q=ppg%20PPG%201215-3%20Pineapple%20Delight%20color%20swatch,,,,,,,,,,,,,,,,,,,,,,,,,,,,,,,,,,,,,,,,,,,,
DB,ppg,PPG 1215-4 Canary Yellow,#efde75,0.8932034038007348,0.1275529509938152,100.2555781682945,239,222,117,"[239, 222, 117]",0%,7%,51%,6%,"[0%, 7%, 51%, 6%]",88.28,-3.74,53.06,"[88.28, -3.74, 53.06]",https://www.google.com/search?tbm=isch&q=ppg%20PPG%201215-4%20Canary%20Yellow%20color%20swatch,,,,,,,,,,,,,,,,,,,,,,,,,,,,,,,,,,,,,,,,,,,,
DB,ppg,PPG 1215-5 Golden Yarrow,#e2c74f,0.8306687963917095,0.14024943731014738,96.47103725458169,226,199,79,"[226, 199, 79]",0%,12%,65%,11%,"[0%, 12%, 65%, 11%]",80.93,0.07,61.40,"[80.93, 0.07, 61.40]",https://www.google.com/search?tbm=isch&q=ppg%20PPG%201215-5%20Golden%20Yarrow%20color%20swatch,,,,,,,,,,,,,,,,,,,,,,,,,,,,,,,,,,,,,,,,,,,,
DB,ppg,PPG 1215-6 Grass Daisy,#ceb02a,0.7618607714356059,0.1453107494420762,95.48620025197386,206,176,42,"[206, 176, 42]",0%,15%,80%,19%,"[0%, 15%, 80%, 19%]",72.89,1.70,66.54,"[72.89, 1.70, 66.54]",https://www.google.com/search?tbm=isch&q=ppg%20PPG%201215-6%20Grass%20Daisy%20color%20swatch,,,,,,,,,,,,,,,,,,,,,,,,,,,,,,,,,,,,,,,,,,,,
DB,ppg,PPG 1215-7 Pollination,#b8a02a,0.7069427404301455,0.1327272192364983,97.01063423133559,184,160,42,"[184, 160, 42]",0%,13%,77%,28%,"[0%, 13%, 77%, 28%]",66.53,0.18,60.06,"[66.53, 0.18, 60.06]",https://www.google.com/search?tbm=isch&q=ppg%20PPG%201215-7%20Pollination%20color%20swatch,,,,,,,,,,,,,,,,,,,,,,,,,,,,,,,,,,,,,,,,,,,,
DB,ppg,PPG 1216-1 Morning Glow,#eef0d6,0.946755905555852,0.03432363021436673,110.58362980113918,238,240,214,"[238, 240, 214]",1%,0%,11%,6%,"[1%, 0%, 11%, 6%]",94.13,-3.95,12.40,"[94.13, -3.95, 12.40]",https://www.google.com/search?tbm=isch&q=ppg%20PPG%201216-1%20Morning%20Glow%20color%20swatch,,,,,,,,,,,,,,,,,,,,,,,,,,,,,,,,,,,,,,,,,,,,
DB,ppg,PPG 1216-2 Cool Yellow,#eaefce,0.939748522604326,0.04374366242214554,114.21047068780393,234,239,206,"[234, 239, 206]",2%,0%,14%,6%,"[2%, 0%, 14%, 6%]",93.42,-5.85,15.45,"[93.42, -5.85, 15.45]",https://www.google.com/search?tbm=isch&q=ppg%20PPG%201216-2%20Cool%20Yellow%20color%20swatch,,,,,,,,,,,,,,,,,,,,,,,,,,,,,,,,,,,,,,,,,,,,
DB,ppg,PPG 1216-3 Spring Blossom,#e9edbd,0.9310858387589793,0.06273559965265844,111.46287875661818,233,237,189,"[233, 237, 189]",2%,0%,20%,7%,"[2%, 0%, 20%, 7%]",92.54,-7.15,22.91,"[92.54, -7.15, 22.91]",https://www.google.com/search?tbm=isch&q=ppg%20PPG%201216-3%20Spring%20Blossom%20color%20swatch,,,,,,,,,,,,,,,,,,,,,,,,,,,,,,,,,,,,,,,,,,,,
DB,ppg,PPG 1216-4 Lemon Pepper,#ebeca7,0.9262068809926669,0.08819950186624091,108.69109299899281,235,236,167,"[235, 236, 167]",0%,0%,29%,7%,"[0%, 0%, 29%, 7%]",92.11,-8.11,33.47,"[92.11, -8.11, 33.47]",https://www.google.com/search?tbm=isch&q=ppg%20PPG%201216-4%20Lemon%20Pepper%20color%20swatch,,,,,,,,,,,,,,,,,,,,,,,,,,,,,,,,,,,,,,,,,,,,
DB,ppg,PPG 1216-5 Fresh Lemonade,#ece678,0.9073957552006922,0.1325281929441351,105.94349660047067,236,230,120,"[236, 230, 120]",0%,3%,49%,7%,"[0%, 3%, 49%, 7%]",90.10,-8.53,53.71,"[90.10, -8.53, 53.71]",https://www.google.com/search?tbm=isch&q=ppg%20PPG%201216-5%20Fresh%20Lemonade%20color%20swatch,,,,,,,,,,,,,,,,,,,,,,,,,,,,,,,,,,,,,,,,,,,,
DB,ppg,PPG 1216-6 Citrus Spice,#e6d943,0.8703113110025982,0.16297026397317987,104.29852517396512,230,217,67,"[230, 217, 67]",0%,6%,71%,10%,"[0%, 6%, 71%, 10%]",85.85,-7.38,70.88,"[85.85, -7.38, 70.88]",https://www.google.com/search?tbm=isch&q=ppg%20PPG%201216-6%20Citrus%20Spice%20color%20swatch,,,,,,,,,,,,,,,,,,,,,,,,,,,,,,,,,,,,,,,,,,,,
DB,ppg,PPG 1216-7 Gone Giddy,#d9c737,0.8206213377892524,0.15565563495807969,101.8955239278826,217,199,55,"[217, 199, 55]",0%,8%,75%,15%,"[0%, 8%, 75%, 15%]",79.96,-4.57,69.06,"[79.96, -4.57, 69.06]",https://www.google.com/search?tbm=isch&q=ppg%20PPG%201216-7%20Gone%20Giddy%20color%20swatch,,,,,,,,,,,,,,,,,,,,,,,,,,,,,,,,,,,,,,,,,,,,
DB,ppg,PPG 1217-1 Giggle,#eff0d3,0.9467982736893875,0.03814581102731367,108.68715207429432,239,240,211,"[239, 240, 211]",0%,0%,12%,6%,"[0%, 0%, 12%, 6%]",94.15,-3.94,13.98,"[94.15, -3.94, 13.98]",https://www.google.com/search?tbm=isch&q=ppg%20PPG%201217-1%20Giggle%20color%20swatch,,,,,,,,,,,,,,,,,,,,,,,,,,,,,,,,,,,,,,,,,,,,
DB,ppg,PPG 1217-2 Limited Lime,#eaecb9,0.9289816854095708,0.06633552662550427,109.46543679115894,234,236,185,"[234, 236, 185]",1%,0%,22%,7%,"[1%, 0%, 22%, 7%]",92.30,-6.73,24.63,"[92.30, -6.73, 24.63]",https://www.google.com/search?tbm=isch&q=ppg%20PPG%201217-2%20Limited%20Lime%20color%20swatch,,,,,,,,,,,,,,,,,,,,,,,,,,,,,,,,,,,,,,,,,,,,
DB,ppg,PPG 1217-3 Hip Hop,#e4e8a7,0.9125021525590481,0.0839025063239175,110.88366466049183,228,232,167,"[228, 232, 167]",2%,0%,28%,9%,"[2%, 0%, 28%, 9%]",90.53,-8.87,31.28,"[90.53, -8.87, 31.28]",https://www.google.com/search?tbm=isch&q=ppg%20PPG%201217-3%20Hip%20Hop%20color%20swatch,,,,,,,,,,,,,,,,,,,,,,,,,,,,,,,,,,,,,,,,,,,,
DB,ppg,PPG 1217-4 Mermaid Tears,#d9e6a6,0.8996976814381852,0.08445167868006506,117.44786830483343,217,230,166,"[217, 230, 166]",6%,0%,28%,10%,"[6%, 0%, 28%, 10%]",89.15,-12.16,29.78,"[89.15, -12.16, 29.78]",https://www.google.com/search?tbm=isch&q=ppg%20PPG%201217-4%20Mermaid%20Tears%20color%20swatch,,,,,,,,,,,,,,,,,,,,,,,,,,,,,,,,,,,,,,,,,,,,
DB,ppg,PPG 1217-5 Lime Splash,#cfdb8d,0.8643222458382809,0.10132114223001881,115.68265877440069,207,219,141,"[207, 219, 141]",5%,0%,36%,14%,"[5%, 0%, 36%, 14%]",85.14,-13.14,36.96,"[85.14, -13.14, 36.96]",https://www.google.com/search?tbm=isch&q=ppg%20PPG%201217-5%20Lime%20Splash%20color%20swatch,,,,,,,,,,,,,,,,,,,,,,,,,,,,,,,,,,,,,,,,,,,,
DB,ppg,PPG 1217-6 Green Gecko,#cdd47f,0.8455908867035614,0.10851145685745978,112.54059052045272,205,212,127,"[205, 212, 127]",3%,0%,40%,17%,"[3%, 0%, 40%, 17%]",82.95,-11.81,41.11,"[82.95, -11.81, 41.11]",https://www.google.com/search?tbm=isch&q=ppg%20PPG%201217-6%20Green%20Gecko%20color%20swatch,,,,,,,,,,,,,,,,,,,,,,,,,,,,,,,,,,,,,,,,,,,,
DB,ppg,PPG 1217-7 Slap Happy,#c9cc4a,0.8188154989368671,0.14997559457248077,110.55640766634099,201,204,74,"[201, 204, 74]",1%,0%,64%,20%,"[1%, 0%, 64%, 20%]",80.01,-12.93,61.65,"[80.01, -12.93, 61.65]",https://www.google.com/search?tbm=isch&q=ppg%20PPG%201217-7%20Slap%20Happy%20color%20swatch,,,,,,,,,,,,,,,,,,,,,,,,,,,,,,,,,,,,,,,,,,,,
DB,ppg,PPG 1218-1 Oh Dahling,#edeec5,0.9379759885737883,0.0535972490374639,108.5170957759509,237,238,197,"[237, 238, 197]",0%,0%,17%,7%,"[0%, 0%, 17%, 7%]",93.24,-5.30,19.85,"[93.24, -5.30, 19.85]",https://www.google.com/search?tbm=isch&q=ppg%20PPG%201218-1%20Oh%20Dahling%20color%20swatch,,,,,,,,,,,,,,,,,,,,,,,,,,,,,,,,,,,,,,,,,,,,
DB,ppg,PPG 1218-2 Mystic Melon,#edebb4,0.9282877387812387,0.07114638796404339,105.95213077325491,237,235,180,"[237, 235, 180]",0%,1%,24%,7%,"[0%, 1%, 24%, 7%]",92.21,-5.65,27.09,"[92.21, -5.65, 27.09]",https://www.google.com/search?tbm=isch&q=ppg%20PPG%201218-2%20Mystic%20Melon%20color%20swatch,,,,,,,,,,,,,,,,,,,,,,,,,,,,,,,,,,,,,,,,,,,,
DB,ppg,PPG 1218-3 Lively Laugh,#e1dd8e,0.8829892345643059,0.10018274445065388,105.77088063509723,225,221,142,"[225, 221, 142]",0%,2%,37%,12%,"[0%, 2%, 37%, 12%]",87.11,-7.03,39.31,"[87.11, -7.03, 39.31]",https://www.google.com/search?tbm=isch&q=ppg%20PPG%201218-3%20Lively%20Laugh%20color%20swatch,,,,,,,,,,,,,,,,,,,,,,,,,,,,,,,,,,,,,,,,,,,,
DB,ppg,PPG 1218-4 Force Of Nature,#d5ce69,0.8363848813904361,0.1236745368375641,105.1846034170332,213,206,105,"[213, 206, 105]",0%,3%,51%,16%,"[0%, 3%, 51%, 16%]",81.79,-7.32,50.47,"[81.79, -7.32, 50.47]",https://www.google.com/search?tbm=isch&q=ppg%20PPG%201218-4%20Force%20Of%20Nature%20color%20swatch,,,,,,,,,,,,,,,,,,,,,,,,,,,,,,,,,,,,,,,,,,,,
DB,ppg,PPG 1218-5 Parachute,#beb755,0.7653895851024126,0.1204437712522955,105.14110492238115,190,183,85,"[190, 183, 85]",0%,4%,55%,25%,"[0%, 4%, 55%, 25%]",73.52,-6.85,49.75,"[73.52, -6.85, 49.75]",https://www.google.com/search?tbm=isch&q=ppg%20PPG%201218-5%20Parachute%20color%20swatch,,,,,,,,,,,,,,,,,,,,,,,,,,,,,,,,,,,,,,,,,,,,
DB,ppg,PPG 1218-6 Machine Green,#a6a23f,0.696150350603633,0.1204955587540944,106.94753810018494,166,162,63,"[166, 162, 63]",0%,2%,62%,35%,"[0%, 2%, 62%, 35%]",65.50,-7.85,50.25,"[65.50, -7.85, 50.25]",https://www.google.com/search?tbm=isch&q=ppg%20PPG%201218-6%20Machine%20Green%20color%20swatch,,,,,,,,,,,,,,,,,,,,,,,,,,,,,,,,,,,,,,,,,,,,
DB,ppg,PPG 1218-7 Be Yourself,#9b983d,0.6638788259372437,0.11305216696416633,107.33135642919677,155,152,61,"[155, 152, 61]",0%,2%,61%,39%,"[0%, 2%, 61%, 39%]",61.73,-7.70,46.82,"[61.73, -7.70, 46.82]",https://www.google.com/search?tbm=isch&q=ppg%20PPG%201218-7%20Be%20Yourself%20color%20swatch,,,,,,,,,,,,,,,,,,,,,,,,,,,,,,,,,,,,,,,,,,,,
DB,ppg,PPG 1219-1 Plain And Simple,#ebf0d6,0.944457652888626,0.034717445522748164,115.86713024330317,235,240,214,"[235, 240, 214]",2%,0%,11%,6%,"[2%, 0%, 11%, 6%]",93.90,-5.02,12.03,"[93.90, -5.02, 12.03]",https://www.google.com/search?tbm=isch&q=ppg%20PPG%201219-1%20Plain%20And%20Simple%20color%20swatch,,,,,,,,,,,,,,,,,,,,,,,,,,,,,,,,,,,,,,,,,,,,
DB,ppg,PPG 1219-2 Daydream,#e3ebae,0.9192642840489029,0.07950359921902429,114.03790737343394,227,235,174,"[227, 235, 174]",3%,0%,26%,8%,"[3%, 0%, 26%, 8%]",91.33,-9.97,28.79,"[91.33, -9.97, 28.79]",https://www.google.com/search?tbm=isch&q=ppg%20PPG%201219-2%20Daydream%20color%20swatch,,,,,,,,,,,,,,,,,,,,,,,,,,,,,,,,,,,,,,,,,,,,
DB,ppg,PPG 1219-3 Curious,#d9e49e,0.8939960208297676,0.09127827221433665,115.53310359624112,217,228,158,"[217, 228, 158]",5%,0%,31%,11%,"[5%, 0%, 31%, 11%]",88.51,-12.00,32.97,"[88.51, -12.00, 32.97]",https://www.google.com/search?tbm=isch&q=ppg%20PPG%201219-3%20Curious%20color%20swatch,,,,,,,,,,,,,,,,,,,,,,,,,,,,,,,,,,,,,,,,,,,,
DB,ppg,PPG 1219-4 Goody Gumdrop,#ccd87a,0.852594488480644,0.11920117835481152,114.92804250478287,204,216,122,"[204, 216, 122]",6%,0%,44%,15%,"[6%, 0%, 44%, 15%]",83.88,-14.46,44.67,"[83.88, -14.46, 44.67]",https://www.google.com/search?tbm=isch&q=ppg%20PPG%201219-4%20Goody%20Gumdrop%20color%20swatch,,,,,,,,,,,,,,,,,,,,,,,,,,,,,,,,,,,,,,,,,,,,
DB,ppg,PPG 1219-5 Boogie Blast,#bece61,0.8167586696032878,0.1355072513624239,116.41667448602993,190,206,97,"[190, 206, 97]",8%,0%,53%,19%,"[8%, 0%, 53%, 19%]",79.86,-17.09,51.36,"[79.86, -17.09, 51.36]",https://www.google.com/search?tbm=isch&q=ppg%20PPG%201219-5%20Boogie%20Blast%20color%20swatch,,,,,,,,,,,,,,,,,,,,,,,,,,,,,,,,,,,,,,,,,,,,
DB,ppg,PPG 1219-6 Hopscotch,#afbb42,0.7596767193671579,0.143693810763195,114.68610357834757,175,187,66,"[175, 187, 66]",6%,0%,65%,27%,"[6%, 0%, 65%, 27%]",73.22,-16.01,57.17,"[73.22, -16.01, 57.17]",https://www.google.com/search?tbm=isch&q=ppg%20PPG%201219-6%20Hopscotch%20color%20swatch,,,,,,,,,,,,,,,,,,,,,,,,,,,,,,,,,,,,,,,,,,,,
DB,ppg,PPG 1219-7 Lichen,#9aa22b,0.6841669585869291,0.13749253962800034,113.34432916672375,154,162,43,"[154, 162, 43]",5%,0%,73%,36%,"[5%, 0%, 73%, 36%]",64.35,-13.86,56.56,"[64.35, -13.86, 56.56]",https://www.google.com/search?tbm=isch&q=ppg%20PPG%201219-7%20Lichen%20color%20swatch,,,,,,,,,,,,,,,,,,,,,,,,,,,,,,,,,,,,,,,,,,,,
DB,ppg,PPG 1220-1 Memoir,#ecf0da,0.946217575697923,0.029379108112678,115.28156798236927,236,240,218,"[236, 240, 218]",2%,0%,9%,6%,"[2%, 0%, 9%, 6%]",94.05,-4.19,10.21,"[94.05, -4.19, 10.21]",https://www.google.com/search?tbm=isch&q=ppg%20PPG%201220-1%20Memoir%20color%20swatch,,,,,,,,,,,,,,,,,,,,,,,,,,,,,,,,,,,,,,,,,,,,
DB,ppg,PPG 1220-2 Passionate Pause,#edefcb,0.9413549283291041,0.047247308909468315,109.85215890095265,237,239,203,"[237, 239, 203]",1%,0%,15%,6%,"[1%, 0%, 15%, 6%]",93.60,-5.11,17.28,"[93.60, -5.11, 17.28]",https://www.google.com/search?tbm=isch&q=ppg%20PPG%201220-2%20Passionate%20Pause%20color%20swatch,,,,,,,,,,,,,,,,,,,,,,,,,,,,,,,,,,,,,,,,,,,,
DB,ppg,PPG 1220-3 Lots Of Bubbles,#e5ecb7,0.9246880402152593,0.06944514685233086,113.8646140974351,229,236,183,"[229, 236, 183]",3%,0%,22%,7%,"[3%, 0%, 22%, 7%]",91.88,-8.78,25.00,"[91.88, -8.78, 25.00]",https://www.google.com/search?tbm=isch&q=ppg%20PPG%201220-3%20Lots%20Of%20Bubbles%20color%20swatch,,,,,,,,,,,,,,,,,,,,,,,,,,,,,,,,,,,,,,,,,,,,
DB,ppg,PPG 1220-4 High Hopes,#deeaaa,0.9125966515333211,0.08400659297965012,116.71256237303646,222,234,170,"[222, 234, 170]",5%,0%,27%,8%,"[5%, 0%, 27%, 8%]",90.63,-11.76,29.80,"[90.63, -11.76, 29.80]",https://www.google.com/search?tbm=isch&q=ppg%20PPG%201220-4%20High%20Hopes%20color%20swatch,,,,,,,,,,,,,,,,,,,,,,,,,,,,,,,,,,,,,,,,,,,,
DB,ppg,PPG 1220-5 Clean N Crisp,#d0e798,0.892540246307319,0.10495804139741603,121.73995596350483,208,231,152,"[208, 231, 152]",10%,0%,34%,9%,"[10%, 0%, 34%, 9%]",88.55,-17.32,35.87,"[88.55, -17.32, 35.87]",https://www.google.com/search?tbm=isch&q=ppg%20PPG%201220-5%20Clean%20N%20Crisp%20color%20swatch,,,,,,,,,,,,,,,,,,,,,,,,,,,,,,,,,,,,,,,,,,,,
DB,ppg,PPG 1220-6 Glow Worm,#bed565,0.8326441043260429,0.14052797329612854,119.18585785648497,190,213,101,"[190, 213, 101]",11%,0%,53%,16%,"[11%, 0%, 53%, 16%]",81.81,-20.05,51.76,"[81.81, -20.05, 51.76]",https://www.google.com/search?tbm=isch&q=ppg%20PPG%201220-6%20Glow%20Worm%20color%20swatch,,,,,,,,,,,,,,,,,,,,,,,,,,,,,,,,,,,,,,,,,,,,
DB,ppg,PPG 1220-7 Mojo,#a8c74d,0.7825283373200704,0.15201067071526203,122.05252636465735,168,199,77,"[168, 199, 77]",16%,0%,61%,22%,"[16%, 0%, 61%, 22%]",76.13,-23.81,55.49,"[76.13, -23.81, 55.49]",https://www.google.com/search?tbm=isch&q=ppg%20PPG%201220-7%20Mojo%20color%20swatch,,,,,,,,,,,,,,,,,,,,,,,,,,,,,,,,,,,,,,,,,,,,
DB,ppg,PPG 1221-1 Aloe Essence,#ecf1e2,0.9502692686298827,0.02056471540817799,121.76761717675731,236,241,226,"[236, 241, 226]",2%,0%,6%,5%,"[2%, 0%, 6%, 5%]",94.45,-3.67,6.67,"[94.45, -3.67, 6.67]",https://www.google.com/search?tbm=isch&q=ppg%20PPG%201221-1%20Aloe%20Essence%20color%20swatch,,,,,,,,,,,,,,,,,,,,,,,,,,,,,,,,,,,,,,,,,,,,
DB,ppg,PPG 1221-2 Quiet Rain,#e7efcf,0.9377060206530823,0.04305259050023561,118.60943749175487,231,239,207,"[231, 239, 207]",3%,0%,13%,6%,"[3%, 0%, 13%, 6%]",93.21,-6.81,14.60,"[93.21, -6.81, 14.60]",https://www.google.com/search?tbm=isch&q=ppg%20PPG%201221-2%20Quiet%20Rain%20color%20swatch,,,,,,,,,,,,,,,,,,,,,,,,,,,,,,,,,,,,,,,,,,,,
DB,ppg,PPG 1221-3 Mellow Mint,#ddedbd,0.9220114497961674,0.06539564150764507,122.6393915879296,221,237,189,"[221, 237, 189]",7%,0%,20%,7%,"[7%, 0%, 20%, 7%]",91.63,-11.53,21.50,"[91.63, -11.53, 21.50]",https://www.google.com/search?tbm=isch&q=ppg%20PPG%201221-3%20Mellow%20Mint%20color%20swatch,,,,,,,,,,,,,,,,,,,,,,,,,,,,,,,,,,,,,,,,,,,,
DB,ppg,PPG 1221-4 Faith,#d5ebac,0.9084182696436852,0.0856741017100853,123.70678642097425,213,235,172,"[213, 235, 172]",9%,0%,27%,8%,"[9%, 0%, 27%, 8%]",90.26,-15.34,28.15,"[90.26, -15.34, 28.15]",https://www.google.com/search?tbm=isch&q=ppg%20PPG%201221-4%20Faith%20color%20swatch,,,,,,,,,,,,,,,,,,,,,,,,,,,,,,,,,,,,,,,,,,,,
DB,ppg,PPG 1221-5 Livin' Large,#c1e089,0.8641141136316463,0.11726901302333281,124.77035703501656,193,224,137,"[193, 224, 137]",14%,0%,39%,12%,"[14%, 0%, 39%, 12%]",85.41,-21.10,39.03,"[85.41, -21.10, 39.03]",https://www.google.com/search?tbm=isch&q=ppg%20PPG%201221-5%20Livin'%20Large%20color%20swatch,,,,,,,,,,,,,,,,,,,,,,,,,,,,,,,,,,,,,,,,,,,,
DB,ppg,PPG 1221-6 Be Spontaneous,#a5cb66,0.7924687126737361,0.13594875871202095,126.31678384603526,165,203,102,"[165, 203, 102]",19%,0%,50%,20%,"[19%, 0%, 50%, 20%]",77.27,-25.12,45.52,"[77.27, -25.12, 45.52]",https://www.google.com/search?tbm=isch&q=ppg%20PPG%201221-6%20Be%20Spontaneous%20color%20swatch,,,,,,,,,,,,,,,,,,,,,,,,,,,,,,,,,,,,,,,,,,,,
DB,ppg,PPG 1221-7 Funky Frog,#98bd3c,0.7465731118648485,0.15909384857146103,124.07632270501665,152,189,60,"[152, 189, 60]",20%,0%,68%,26%,"[20%, 0%, 68%, 26%]",72.06,-26.53,57.68,"[72.06, -26.53, 57.68]",https://www.google.com/search?tbm=isch&q=ppg%20PPG%201221-7%20Funky%20Frog%20color%20swatch,,,,,,,,,,,,,,,,,,,,,,,,,,,,,,,,,,,,,,,,,,,,
DB,ppg,PPG 1222-1 Lime Meringue,#e6ecd6,0.9326182804997158,0.029879376445978552,119.34472977368767,230,236,214,"[230, 236, 214]",3%,0%,9%,7%,"[3%, 0%, 9%, 7%]",92.49,-4.91,10.00,"[92.49, -4.91, 10.00]",https://www.google.com/search?tbm=isch&q=ppg%20PPG%201222-1%20Lime%20Meringue%20color%20swatch,,,,,,,,,,,,,,,,,,,,,,,,,,,,,,,,,,,,,,,,,,,,
DB,ppg,PPG 1222-2 Honeydew Melon,#e6eccc,0.9301588201031732,0.042727214577832316,115.82830531146521,230,236,204,"[230, 236, 204]",3%,0%,14%,7%,"[3%, 0%, 14%, 7%]",92.31,-6.10,14.88,"[92.31, -6.10, 14.88]",https://www.google.com/search?tbm=isch&q=ppg%20PPG%201222-2%20Honeydew%20Melon%20color%20swatch,,,,,,,,,,,,,,,,,,,,,,,,,,,,,,,,,,,,,,,,,,,,
DB,ppg,PPG 1222-3 Aloe Vera,#dbe5b9,0.9030995340306089,0.05909464448317399,117.97419443751687,219,229,185,"[219, 229, 185]",4%,0%,19%,10%,"[4%, 0%, 19%, 10%]",89.33,-8.95,20.38,"[89.33, -8.95, 20.38]",https://www.google.com/search?tbm=isch&q=ppg%20PPG%201222-3%20Aloe%20Vera%20color%20swatch,,,,,,,,,,,,,,,,,,,,,,,,,,,,,,,,,,,,,,,,,,,,
DB,ppg,PPG 1222-4 Lettuce Alone,#cedda2,0.8716995620067036,0.07939543926697529,119.64297769901043,206,221,162,"[206, 221, 162]",7%,0%,27%,13%,"[7%, 0%, 27%, 13%]",85.89,-12.46,27.31,"[85.89, -12.46, 27.31]",https://www.google.com/search?tbm=isch&q=ppg%20PPG%201222-4%20Lettuce%20Alone%20color%20swatch,,,,,,,,,,,,,,,,,,,,,,,,,,,,,,,,,,,,,,,,,,,,
DB,ppg,PPG 1222-5 Lime Green,#aec571,0.7869351522975303,0.11242968057702202,121.54108705563078,174,197,113,"[174, 197, 113]",12%,0%,43%,23%,"[12%, 0%, 43%, 23%]",76.34,-18.04,39.26,"[76.34, -18.04, 39.26]",https://www.google.com/search?tbm=isch&q=ppg%20PPG%201222-5%20Lime%20Green%20color%20swatch,,,,,,,,,,,,,,,,,,,,,,,,,,,,,,,,,,,,,,,,,,,,
DB,ppg,PPG 1222-6 Asparagus,#96af54,0.715008745921146,0.12132634359419195,122.21929954671901,150,175,84,"[150, 175, 84]",14%,0%,52%,31%,"[14%, 0%, 52%, 31%]",68.06,-19.52,43.02,"[68.06, -19.52, 43.02]",https://www.google.com/search?tbm=isch&q=ppg%20PPG%201222-6%20Asparagus%20color%20swatch,,,,,,,,,,,,,,,,,,,,,,,,,,,,,,,,,,,,,,,,,,,,
DB,ppg,PPG 1222-7 Antique Moss,#7a973b,0.6345373787531476,0.12395119221021358,124.59287917759855,122,151,59,"[122, 151, 59]",19%,0%,61%,41%,"[19%, 0%, 61%, 41%]",58.77,-21.31,43.63,"[58.77, -21.31, 43.63]",https://www.google.com/search?tbm=isch&q=ppg%20PPG%201222-7%20Antique%20Moss%20color%20swatch,,,,,,,,,,,,,,,,,,,,,,,,,,,,,,,,,,,,,,,,,,,,
DB,ppg,PPG 1223-1 Green Tease,#e3ede0,0.9349786554634991,0.02031914025220571,138.3492615598865,227,237,224,"[227, 237, 224]",4%,0%,5%,7%,"[4%, 0%, 5%, 7%]",92.72,-5.17,5.12,"[92.72, -5.17, 5.12]",https://www.google.com/search?tbm=isch&q=ppg%20PPG%201223-1%20Green%20Tease%20color%20swatch,,,,,,,,,,,,,,,,,,,,,,,,,,,,,,,,,,,,,,,,,,,,
DB,ppg,PPG 1223-2 Lily Pond,#deead8,0.9230890312510945,0.02721776547392421,134.9131444304062,222,234,216,"[222, 234, 216]",5%,0%,8%,8%,"[5%, 0%, 8%, 8%]",91.41,-6.53,7.34,"[91.41, -6.53, 7.34]",https://www.google.com/search?tbm=isch&q=ppg%20PPG%201223-2%20Lily%20Pond%20color%20swatch,,,,,,,,,,,,,,,,,,,,,,,,,,,,,,,,,,,,,,,,,,,,
DB,ppg,PPG 1223-3 Lime Flip,#d2e3cc,0.89681876815335,0.03586917782545906,137.4316685847291,210,227,204,"[210, 227, 204]",7%,0%,10%,11%,"[7%, 0%, 10%, 11%]",88.48,-8.97,9.26,"[88.48, -8.97, 9.26]",https://www.google.com/search?tbm=isch&q=ppg%20PPG%201223-3%20Lime%20Flip%20color%20swatch,,,,,,,,,,,,,,,,,,,,,,,,,,,,,,,,,,,,,,,,,,,,
DB,ppg,PPG 1223-4 Bleached Spruce,#bad7ae,0.846964411957443,0.06378555578634827,136.53066417490334,186,215,174,"[186, 215, 174]",13%,0%,19%,16%,"[13%, 0%, 19%, 16%]",83.02,-15.61,16.96,"[83.02, -15.61, 16.96]",https://www.google.com/search?tbm=isch&q=ppg%20PPG%201223-4%20Bleached%20Spruce%20color%20swatch,,,,,,,,,,,,,,,,,,,,,,,,,,,,,,,,,,,,,,,,,,,,
DB,ppg,PPG 1223-5 Hearty Hosta,#96bf83,0.7597128732725498,0.09385942506853663,136.03067607532887,150,191,131,"[150, 191, 131]",21%,0%,31%,25%,"[21%, 0%, 31%, 25%]",73.23,-22.54,25.73,"[73.23, -22.54, 25.73]",https://www.google.com/search?tbm=isch&q=ppg%20PPG%201223-5%20Hearty%20Hosta%20color%20swatch,,,,,,,,,,,,,,,,,,,,,,,,,,,,,,,,,,,,,,,,,,,,
DB,ppg,PPG 1223-6 Grassy Meadow,#76a55b,0.6702985134167276,0.11473215227902057,134.9840311281011,118,165,91,"[118, 165, 91]",28%,0%,45%,35%,"[28%, 0%, 45%, 35%]",63.04,-26.68,32.97,"[63.04, -26.68, 32.97]",https://www.google.com/search?tbm=isch&q=ppg%20PPG%201223-6%20Grassy%20Meadow%20color%20swatch,,,,,,,,,,,,,,,,,,,,,,,,,,,,,,,,,,,,,,,,,,,,
DB,ppg,PPG 1223-7 Antique Green,#588c3a,0.5845326348210885,0.12687865600516962,135.5557799606869,88,140,58,"[88, 140, 58]",37%,0%,59%,45%,"[37%, 0%, 59%, 45%]",53.20,-29.59,37.23,"[53.20, -29.59, 37.23]",https://www.google.com/search?tbm=isch&q=ppg%20PPG%201223-7%20Antique%20Green%20color%20swatch,,,,,,,,,,,,,,,,,,,,,,,,,,,,,,,,,,,,,,,,,,,,
DB,ppg,PPG 1224-1 Alaskan Mist,#ecf0e5,0.9490742476710314,0.015201727826257,122.94187531794921,236,240,229,"[236, 240, 229]",2%,0%,5%,6%,"[2%, 0%, 5%, 6%]",94.26,-2.81,4.86,"[94.26, -2.81, 4.86]",https://www.google.com/search?tbm=isch&q=ppg%20PPG%201224-1%20Alaskan%20Mist%20color%20swatch,,,,,,,,,,,,,,,,,,,,,,,,,,,,,,,,,,,,,,,,,,,,
DB,ppg,PPG 1224-2 Spearmint Stick,#e8f0e2,0.9452616798982344,0.02043220735362765,131.3715694566772,232,240,226,"[232, 240, 226]",3%,0%,6%,6%,"[3%, 0%, 6%, 6%]",93.90,-4.59,5.83,"[93.90, -4.59, 5.83]",https://www.google.com/search?tbm=isch&q=ppg%20PPG%201224-2%20Spearmint%20Stick%20color%20swatch,,,,,,,,,,,,,,,,,,,,,,,,,,,,,,,,,,,,,,,,,,,,
DB,ppg,PPG 1224-3 Chilled Mint,#e4efde,0.9392204679898477,0.025435812964748863,134.2009985182857,228,239,222,"[228, 239, 222]",5%,0%,7%,6%,"[5%, 0%, 7%, 6%]",93.26,-6.03,6.94,"[93.26, -6.03, 6.94]",https://www.google.com/search?tbm=isch&q=ppg%20PPG%201224-3%20Chilled%20Mint%20color%20swatch,,,,,,,,,,,,,,,,,,,,,,,,,,,,,,,,,,,,,,,,,,,,
DB,ppg,PPG 1224-4 Lantana Lime,#d7eccd,0.9192973737309078,0.04696238848317536,135.42099117211944,215,236,205,"[215, 236, 205]",9%,0%,13%,7%,"[9%, 0%, 13%, 7%]",91.21,-11.32,12.64,"[91.21, -11.32, 12.64]",https://www.google.com/search?tbm=isch&q=ppg%20PPG%201224-4%20Lantana%20Lime%20color%20swatch,,,,,,,,,,,,,,,,,,,,,,,,,,,,,,,,,,,,,,,,,,,,
DB,ppg,PPG 1224-5 Almost Aloe,#bfe5b1,0.881303812208223,0.08048026054638394,137.3340081961606,191,229,177,"[191, 229, 177]",17%,0%,23%,10%,"[17%, 0%, 23%, 10%]",87.21,-19.93,21.20,"[87.21, -19.93, 21.20]",https://www.google.com/search?tbm=isch&q=ppg%20PPG%201224-5%20Almost%20Aloe%20color%20swatch,,,,,,,,,,,,,,,,,,,,,,,,,,,,,,,,,,,,,,,,,,,,
DB,ppg,PPG 1224-6 Celery Sprig,#9ed686,0.818144538909373,0.12230603687397022,136.69250480635634,158,214,134,"[158, 214, 134]",26%,0%,37%,16%,"[26%, 0%, 37%, 16%]",80.32,-29.62,33.52,"[80.32, -29.62, 33.52]",https://www.google.com/search?tbm=isch&q=ppg%20PPG%201224-6%20Celery%20Sprig%20color%20swatch,,,,,,,,,,,,,,,,,,,,,,,,,,,,,,,,,,,,,,,,,,,,
DB,ppg,PPG 1224-7 Green Pear,#79be58,0.7327143405123899,0.15300923097651548,136.56055364246868,121,190,88,"[121, 190, 88]",36%,0%,54%,25%,"[36%, 0%, 54%, 25%]",70.70,-36.57,43.64,"[70.70, -36.57, 43.64]",https://www.google.com/search?tbm=isch&q=ppg%20PPG%201224-7%20Green%20Pear%20color%20swatch,,,,,,,,,,,,,,,,,,,,,,,,,,,,,,,,,,,,,,,,,,,,
DB,ppg,PPG 1225-1 Hint Of Mint,#e3efe1,0.9392740019263137,0.022563873025967067,141.1521466583573,227,239,225,"[227, 239, 225]",5%,0%,6%,6%,"[5%, 0%, 6%, 6%]",93.25,-5.99,5.36,"[93.25, -5.99, 5.36]",https://www.google.com/search?tbm=isch&q=ppg%20PPG%201225-1%20Hint%20Of%20Mint%20color%20swatch,,,,,,,,,,,,,,,,,,,,,,,,,,,,,,,,,,,,,,,,,,,,
DB,ppg,PPG 1225-2 Dewmist Delight,#dceedb,0.9305569829499242,0.03172111270456385,143.79796795321494,220,238,219,"[220, 238, 219]",8%,0%,8%,7%,"[8%, 0%, 8%, 7%]",92.36,-8.73,7.11,"[92.36, -8.73, 7.11]",https://www.google.com/search?tbm=isch&q=ppg%20PPG%201225-2%20Dewmist%20Delight%20color%20swatch,,,,,,,,,,,,,,,,,,,,,,,,,,,,,,,,,,,,,,,,,,,,
DB,ppg,PPG 1225-3 Applemint,#cdeacd,0.9080902502751375,0.04955846117513604,145.1196310917785,205,234,205,"[205, 234, 205]",12%,0%,12%,8%,"[12%, 0%, 12%, 8%]",89.98,-13.87,10.79,"[89.98, -13.87, 10.79]",https://www.google.com/search?tbm=isch&q=ppg%20PPG%201225-3%20Applemint%20color%20swatch,,,,,,,,,,,,,,,,,,,,,,,,,,,,,,,,,,,,,,,,,,,,
DB,ppg,PPG 1225-4 Lime Sorbet,#bee5be,0.8836290939957733,0.06683858704583678,144.96058857110808,190,229,190,"[190, 229, 190]",17%,0%,17%,10%,"[17%, 0%, 17%, 10%]",87.36,-18.67,14.70,"[87.36, -18.67, 14.70]",https://www.google.com/search?tbm=isch&q=ppg%20PPG%201225-4%20Lime%20Sorbet%20color%20swatch,,,,,,,,,,,,,,,,,,,,,,,,,,,,,,,,,,,,,,,,,,,,
DB,ppg,PPG 1225-5 May Apple,#92d599,0.8125354128576286,0.10779343557012455,147.0834660882564,146,213,153,"[146, 213, 153]",31%,0%,28%,16%,"[31%, 0%, 28%, 16%]",79.63,-31.03,22.76,"[79.63, -31.03, 22.76]",https://www.google.com/search?tbm=isch&q=ppg%20PPG%201225-5%20May%20Apple%20color%20swatch,,,,,,,,,,,,,,,,,,,,,,,,,,,,,,,,,,,,,,,,,,,,
DB,ppg,PPG 1225-6 Bermuda Grass,#6bc271,0.7393559597612966,0.14231797740343383,145.41355966611968,107,194,113,"[107, 194, 113]",45%,0%,42%,24%,"[45%, 0%, 42%, 24%]",71.52,-40.13,32.24,"[71.52, -40.13, 32.24]",https://www.google.com/search?tbm=isch&q=ppg%20PPG%201225-6%20Bermuda%20Grass%20color%20swatch,,,,,,,,,,,,,,,,,,,,,,,,,,,,,,,,,,,,,,,,,,,,
DB,ppg,PPG 1225-7 Leap Frog,#41a94f,0.6533958229548075,0.16014526221857162,145.8774402136707,65,169,79,"[65, 169, 79]",62%,0%,53%,34%,"[62%, 0%, 53%, 34%]",61.73,-45.63,36.70,"[61.73, -45.63, 36.70]",https://www.google.com/search?tbm=isch&q=ppg%20PPG%201225-7%20Leap%20Frog%20color%20swatch,,,,,,,,,,,,,,,,,,,,,,,,,,,,,,,,,,,,,,,,,,,,
DB,ppg,PPG 1226-1 Tint Of Green,#dae9dc,0.9191777332103566,0.023618610426367884,149.2829241042595,218,233,220,"[218, 233, 220]",6%,0%,6%,9%,"[6%, 0%, 6%, 9%]",90.94,-6.93,4.55,"[90.94, -6.93, 4.55]",https://www.google.com/search?tbm=isch&q=ppg%20PPG%201226-1%20Tint%20Of%20Green%20color%20swatch,,,,,,,,,,,,,,,,,,,,,,,,,,,,,,,,,,,,,,,,,,,,
DB,ppg,PPG 1226-2 Peppermint Patty,#d1e6d5,0.9046504321804427,0.03196780700303411,151.07862445780285,209,230,213,"[209, 230, 213]",9%,0%,7%,10%,"[9%, 0%, 7%, 10%]",89.37,-9.56,5.83,"[89.37, -9.56, 5.83]",https://www.google.com/search?tbm=isch&q=ppg%20PPG%201226-2%20Peppermint%20Patty%20color%20swatch,,,,,,,,,,,,,,,,,,,,,,,,,,,,,,,,,,,,,,,,,,,,
DB,ppg,PPG 1226-3 Sprite Twist,#b9dcc3,0.862221885819133,0.05043514503339308,154.12522572641387,185,220,195,"[185, 220, 195]",16%,0%,11%,14%,"[16%, 0%, 11%, 14%]",84.69,-15.56,8.31,"[84.69, -15.56, 8.31]",https://www.google.com/search?tbm=isch&q=ppg%20PPG%201226-3%20Sprite%20Twist%20color%20swatch,,,,,,,,,,,,,,,,,,,,,,,,,,,,,,,,,,,,,,,,,,,,
DB,ppg,PPG 1226-4 Heath Green,#9acda9,0.8026684572427891,0.07355561545641494,153.74105671476525,154,205,169,"[154, 205, 169]",25%,0%,18%,20%,"[25%, 0%, 18%, 20%]",78.09,-22.72,12.37,"[78.09, -22.72, 12.37]",https://www.google.com/search?tbm=isch&q=ppg%20PPG%201226-4%20Heath%20Green%20color%20swatch,,,,,,,,,,,,,,,,,,,,,,,,,,,,,,,,,,,,,,,,,,,,
DB,ppg,PPG 1226-5 Elf Shoe,#68b082,0.69711687394349,0.09980169774393778,154.83721838002612,104,176,130,"[104, 176, 130]",41%,0%,26%,31%,"[41%, 0%, 26%, 31%]",66.18,-31.41,16.28,"[66.18, -31.41, 16.28]",https://www.google.com/search?tbm=isch&q=ppg%20PPG%201226-5%20Elf%20Shoe%20color%20swatch,,,,,,,,,,,,,,,,,,,,,,,,,,,,,,,,,,,,,,,,,,,,
DB,ppg,PPG 1226-6 Basil Pesto,#529d6e,0.6345516541971413,0.10383218849525659,154.60126757892453,82,157,110,"[82, 157, 110]",48%,0%,30%,38%,"[48%, 0%, 30%, 38%]",58.97,-32.72,17.17,"[58.97, -32.72, 17.17]",https://www.google.com/search?tbm=isch&q=ppg%20PPG%201226-6%20Basil%20Pesto%20color%20swatch,,,,,,,,,,,,,,,,,,,,,,,,,,,,,,,,,,,,,,,,,,,,
DB,ppg,PPG 1226-7 Blarney Stone,#027944,0.5063062824667193,0.12438591463591922,155.0669446561509,2,121,68,"[2, 121, 68]",98%,0%,44%,53%,"[98%, 0%, 44%, 53%]",44.33,-40.03,20.62,"[44.33, -40.03, 20.62]",https://www.google.com/search?tbm=isch&q=ppg%20PPG%201226-7%20Blarney%20Stone%20color%20swatch,,,,,,,,,,,,,,,,,,,,,,,,,,,,,,,,,,,,,,,,,,,,
DB,ppg,PPG 1227-1 Sea Mist,#dbeee0,0.9311663766577691,0.02745056855363971,153.7938928243491,219,238,224,"[219, 238, 224]",8%,0%,6%,7%,"[8%, 0%, 6%, 7%]",92.39,-8.41,4.56,"[92.39, -8.41, 4.56]",https://www.google.com/search?tbm=isch&q=ppg%20PPG%201227-1%20Sea%20Mist%20color%20swatch,,,,,,,,,,,,,,,,,,,,,,,,,,,,,,,,,,,,,,,,,,,,
DB,ppg,PPG 1227-2 Sweet Pea,#c4ead5,0.9040886290653503,0.04882674864209165,161.05016869757878,196,234,213,"[196, 234, 213]",16%,0%,9%,8%,"[16%, 0%, 9%, 8%]",89.53,-15.85,5.92,"[89.53, -15.85, 5.92]",https://www.google.com/search?tbm=isch&q=ppg%20PPG%201227-2%20Sweet%20Pea%20color%20swatch,,,,,,,,,,,,,,,,,,,,,,,,,,,,,,,,,,,,,,,,,,,,
DB,ppg,PPG 1227-3 Mountain Mint,#a7e0c2,0.8592704404631936,0.07182733882857657,161.42824338183436,167,224,194,"[167, 224, 194]",25%,0%,13%,12%,"[25%, 0%, 13%, 12%]",84.64,-23.51,8.57,"[84.64, -23.51, 8.57]",https://www.google.com/search?tbm=isch&q=ppg%20PPG%201227-3%20Mountain%20Mint%20color%20swatch,,,,,,,,,,,,,,,,,,,,,,,,,,,,,,,,,,,,,,,,,,,,
DB,ppg,PPG 1227-4 Crystal Gem,#79d0a7,0.7912414175416317,0.10375987995029881,162.33052250221226,121,208,167,"[121, 208, 167]",42%,0%,20%,18%,"[42%, 0%, 20%, 18%]",77.17,-34.51,11.84,"[77.17, -34.51, 11.84]",https://www.google.com/search?tbm=isch&q=ppg%20PPG%201227-4%20Crystal%20Gem%20color%20swatch,,,,,,,,,,,,,,,,,,,,,,,,,,,,,,,,,,,,,,,,,,,,
DB,ppg,PPG 1227-5 Aragon Green,#47ba87,0.7100318856761957,0.1289197933413949,161.02712330656937,71,186,135,"[71, 186, 135]",62%,0%,27%,27%,"[62%, 0%, 27%, 27%]",68.07,-43.03,15.93,"[68.07, -43.03, 15.93]",https://www.google.com/search?tbm=isch&q=ppg%20PPG%201227-5%20Aragon%20Green%20color%20swatch,,,,,,,,,,,,,,,,,,,,,,,,,,,,,,,,,,,,,,,,,,,,
DB,ppg,PPG 1227-6 Beanstalk,#31aa74,0.6584141978152475,0.1333320228726652,159.42790583434282,49,170,116,"[49, 170, 116]",71%,0%,32%,33%,"[71%, 0%, 32%, 33%]",62.13,-44.21,17.96,"[62.13, -44.21, 17.96]",https://www.google.com/search?tbm=isch&q=ppg%20PPG%201227-6%20Beanstalk%20color%20swatch,,,,,,,,,,,,,,,,,,,,,,,,,,,,,,,,,,,,,,,,,,,,
DB,ppg,PPG 1227-7 Green Gloss,#00955e,0.5903001703959252,0.13662114088426103,158.6192762189961,0,149,94,"[0, 149, 94]",100%,0%,37%,42%,"[100%, 0%, 37%, 42%]",54.26,-45.33,19.26,"[54.26, -45.33, 19.26]",https://www.google.com/search?tbm=isch&q=ppg%20PPG%201227-7%20Green%20Gloss%20color%20swatch,,,,,,,,,,,,,,,,,,,,,,,,,,,,,,,,,,,,,,,,,,,,
DB,ppg,PPG 1228-1 Maggie's Magic,#ddeee2,0.9331446251658925,0.024091396444715415,155.05478576378334,221,238,226,"[221, 238, 226]",7%,0%,5%,7%,"[7%, 0%, 5%, 7%]",92.57,-7.46,3.81,"[92.57, -7.46, 3.81]",https://www.google.com/search?tbm=isch&q=ppg%20PPG%201228-1%20Maggie's%20Magic%20color%20swatch,,,,,,,,,,,,,,,,,,,,,,,,,,,,,,,,,,,,,,,,,,,,
DB,ppg,PPG 1228-2 Jade Spell,#c1e5d5,0.8915373772490776,0.04356951716813252,166.645562755137,193,229,213,"[193, 229, 213]",16%,0%,7%,10%,"[16%, 0%, 7%, 10%]",88.00,-14.53,3.71,"[88.00, -14.53, 3.71]",https://www.google.com/search?tbm=isch&q=ppg%20PPG%201228-2%20Jade%20Spell%20color%20swatch,,,,,,,,,,,,,,,,,,,,,,,,,,,,,,,,,,,,,,,,,,,,
DB,ppg,PPG 1228-3 Flowering Cactus,#a2d4bd,0.8284104371755718,0.06126830742801641,165.0266967908815,162,212,189,"[162, 212, 189]",24%,0%,11%,17%,"[24%, 0%, 11%, 17%]",80.92,-20.40,5.87,"[80.92, -20.40, 5.87]",https://www.google.com/search?tbm=isch&q=ppg%20PPG%201228-3%20Flowering%20Cactus%20color%20swatch,,,,,,,,,,,,,,,,,,,,,,,,,,,,,,,,,,,,,,,,,,,,
DB,ppg,PPG 1228-4 Green Balloon,#80c4a9,0.7671467485356325,0.07959057562279082,167.31803096686178,128,196,169,"[128, 196, 169]",35%,0%,14%,23%,"[35%, 0%, 14%, 23%]",74.05,-26.95,6.45,"[74.05, -26.95, 6.45]",https://www.google.com/search?tbm=isch&q=ppg%20PPG%201228-4%20Green%20Balloon%20color%20swatch,,,,,,,,,,,,,,,,,,,,,,,,,,,,,,,,,,,,,,,,,,,,
DB,ppg,PPG 1228-5 Laurel Wreath,#52a786,0.6658057869467519,0.09730652353907905,165.8353157426842,82,167,134,"[82, 167, 134]",51%,0%,20%,35%,"[51%, 0%, 20%, 35%]",62.53,-33.09,8.87,"[62.53, -33.09, 8.87]",https://www.google.com/search?tbm=isch&q=ppg%20PPG%201228-5%20Laurel%20Wreath%20color%20swatch,,,,,,,,,,,,,,,,,,,,,,,,,,,,,,,,,,,,,,,,,,,,
DB,ppg,PPG 1228-6 Leprechaun,#29906d,0.5859492508735828,0.10772000901243735,165.85614850967033,41,144,109,"[41, 144, 109]",72%,0%,24%,44%,"[72%, 0%, 24%, 44%]",53.40,-37.00,9.84,"[53.40, -37.00, 9.84]",https://www.google.com/search?tbm=isch&q=ppg%20PPG%201228-6%20Leprechaun%20color%20swatch,,,,,,,,,,,,,,,,,,,,,,,,,,,,,,,,,,,,,,,,,,,,
DB,ppg,PPG 1228-7 Ivy League,#007958,0.5108044691347672,0.1060707871874154,165.94975304728973,0,121,88,"[0, 121, 88]",100%,0%,27%,53%,"[100%, 0%, 27%, 53%]",44.66,-36.69,9.65,"[44.66, -36.69, 9.65]",https://www.google.com/search?tbm=isch&q=ppg%20PPG%201228-7%20Ivy%20League%20color%20swatch,,,,,,,,,,,,,,,,,,,,,,,,,,,,,,,,,,,,,,,,,,,,
DB,ppg,PPG 1229-1 Wintergreen,#d4ede3,0.9249973312493099,0.029528188798539058,169.61496523172832,212,237,227,"[212, 237, 227]",11%,0%,4%,7%,"[11%, 0%, 4%, 7%]",91.69,-9.92,1.94,"[91.69, -9.92, 1.94]",https://www.google.com/search?tbm=isch&q=ppg%20PPG%201229-1%20Wintergreen%20color%20swatch,,,,,,,,,,,,,,,,,,,,,,,,,,,,,,,,,,,,,,,,,,,,
DB,ppg,PPG 1229-2 Wintergreen Mint,#bde8d8,0.8961157437854897,0.04968262607624695,170.50310959517742,189,232,216,"[189, 232, 216]",19%,0%,7%,9%,"[19%, 0%, 7%, 9%]",88.61,-16.81,2.97,"[88.61, -16.81, 2.97]",https://www.google.com/search?tbm=isch&q=ppg%20PPG%201229-2%20Wintergreen%20Mint%20color%20swatch,,,,,,,,,,,,,,,,,,,,,,,,,,,,,,,,,,,,,,,,,,,,
DB,ppg,PPG 1229-3 Almost Aqua,#98ddc5,0.8448387780226795,0.07733160652050615,170.64350096980297,152,221,197,"[152, 221, 197]",31%,0%,11%,13%,"[31%, 0%, 11%, 13%]",83.02,-26.40,4.56,"[83.02, -26.40, 4.56]",https://www.google.com/search?tbm=isch&q=ppg%20PPG%201229-3%20Almost%20Aqua%20color%20swatch,,,,,,,,,,,,,,,,,,,,,,,,,,,,,,,,,,,,,,,,,,,,
DB,ppg,PPG 1229-4 Tropical Tide,#5ecaae,0.7675129824617732,0.1084321057902289,173.88059557158613,94,202,174,"[94, 202, 174]",53%,0%,14%,21%,"[53%, 0%, 14%, 21%]",74.44,-37.70,4.09,"[74.44, -37.70, 4.09]",https://www.google.com/search?tbm=isch&q=ppg%20PPG%201229-4%20Tropical%20Tide%20color%20swatch,,,,,,,,,,,,,,,,,,,,,,,,,,,,,,,,,,,,,,,,,,,,
DB,ppg,PPG 1229-5 Aloha,#1db394,0.6864897329594675,0.12560039292633296,173.7899613271743,29,179,148,"[29, 179, 148]",84%,0%,17%,30%,"[84%, 0%, 17%, 30%]",65.27,-44.15,4.83,"[65.27, -44.15, 4.83]",https://www.google.com/search?tbm=isch&q=ppg%20PPG%201229-5%20Aloha%20color%20swatch,,,,,,,,,,,,,,,,,,,,,,,,,,,,,,,,,,,,,,,,,,,,
DB,ppg,PPG 1229-6 Congo Green,#00a483,0.6400643649168724,0.12447813463261342,171.70027217341294,0,164,131,"[0, 164, 131]",100%,0%,20%,36%,"[100%, 0%, 20%, 36%]",59.88,-43.74,6.52,"[59.88, -43.74, 6.52]",https://www.google.com/search?tbm=isch&q=ppg%20PPG%201229-6%20Congo%20Green%20color%20swatch,,,,,,,,,,,,,,,,,,,,,,,,,,,,,,,,,,,,,,,,,,,,
DB,ppg,PPG 1229-7 Carolina Green,#008b6d,0.5666162280822113,0.11145936210160291,170.59471660393285,0,139,109,"[0, 139, 109]",100%,0%,22%,45%,"[100%, 0%, 22%, 45%]",51.19,-39.09,6.67,"[51.19, -39.09, 6.67]",https://www.google.com/search?tbm=isch&q=ppg%20PPG%201229-7%20Carolina%20Green%20color%20swatch,,,,,,,,,,,,,,,,,,,,,,,,,,,,,,,,,,,,,,,,,,,,
DB,ppg,PPG 1230-1 Tropical Dream,#d9eae5,0.9229716236115435,0.019230305615610902,176.31105573727837,217,234,229,"[217, 234, 229]",7%,0%,2%,8%,"[7%, 0%, 2%, 8%]",91.31,-6.53,0.41,"[91.31, -6.53, 0.41]",https://www.google.com/search?tbm=isch&q=ppg%20PPG%201230-1%20Tropical%20Dream%20color%20swatch,,,,,,,,,,,,,,,,,,,,,,,,,,,,,,,,,,,,,,,,,,,,
DB,ppg,PPG 1230-2 Serendipity,#bde1d8,0.8812772216722994,0.03971963229016445,178.4727638107613,189,225,216,"[189, 225, 216]",16%,0%,4%,12%,"[16%, 0%, 4%, 12%]",86.73,-13.56,0.28,"[86.73, -13.56, 0.28]",https://www.google.com/search?tbm=isch&q=ppg%20PPG%201230-2%20Serendipity%20color%20swatch,,,,,,,,,,,,,,,,,,,,,,,,,,,,,,,,,,,,,,,,,,,,
DB,ppg,PPG 1230-3 Whirlpool,#a5d8cd,0.8435316102876882,0.05499550011350927,180.15207978300657,165,216,205,"[165, 216, 205]",24%,0%,5%,15%,"[24%, 0%, 5%, 15%]",82.54,-18.84,-0.22,"[82.54, -18.84, -0.22]",https://www.google.com/search?tbm=isch&q=ppg%20PPG%201230-3%20Whirlpool%20color%20swatch,,,,,,,,,,,,,,,,,,,,,,,,,,,,,,,,,,,,,,,,,,,,
DB,ppg,PPG 1230-4 Pale Jade,#77c3b4,0.7633507466983787,0.07906759908070461,180.06254497769862,119,195,180,"[119, 195, 180]",39%,0%,8%,24%,"[39%, 0%, 8%, 24%]",73.54,-27.29,-0.26,"[73.54, -27.29, -0.26]",https://www.google.com/search?tbm=isch&q=ppg%20PPG%201230-4%20Pale%20Jade%20color%20swatch,,,,,,,,,,,,,,,,,,,,,,,,,,,,,,,,,,,,,,,,,,,,
DB,ppg,PPG 1230-5 Jewel Weed,#46a795,0.6656003859306383,0.09513370049638165,179.0484603913642,70,167,149,"[70, 167, 149]",58%,0%,11%,35%,"[58%, 0%, 11%, 35%]",62.41,-33.14,0.34,"[62.41, -33.14, 0.34]",https://www.google.com/search?tbm=isch&q=ppg%20PPG%201230-5%20Jewel%20Weed%20color%20swatch,,,,,,,,,,,,,,,,,,,,,,,,,,,,,,,,,,,,,,,,,,,,
DB,ppg,PPG 1230-6 Miami Jade,#17917f,0.5904495786995432,0.1028132799997504,179.42692499956092,23,145,127,"[23, 145, 127]",84%,0%,12%,43%,"[84%, 0%, 12%, 43%]",53.79,-36.06,0.12,"[53.79, -36.06, 0.12]",https://www.google.com/search?tbm=isch&q=ppg%20PPG%201230-6%20Miami%20Jade%20color%20swatch,,,,,,,,,,,,,,,,,,,,,,,,,,,,,,,,,,,,,,,,,,,,
DB,ppg,PPG 1230-7 Medieval Forest,#007e6b,0.5303385781187737,0.0981874559973551,177.21392582759324,0,126,107,"[0, 126, 107]",100%,0%,15%,51%,"[100%, 0%, 15%, 51%]",46.77,-34.59,1.55,"[46.77, -34.59, 1.55]",https://www.google.com/search?tbm=isch&q=ppg%20PPG%201230-7%20Medieval%20Forest%20color%20swatch,,,,,,,,,,,,,,,,,,,,,,,,,,,,,,,,,,,,,,,,,,,,
DB,ppg,PPG 1231-1 Hallowed Hush,#e2ebe5,0.9315802139870607,0.012486253487529225,156.83052020378466,226,235,229,"[226, 235, 229]",4%,0%,3%,8%,"[4%, 0%, 3%, 8%]",92.23,-3.91,1.84,"[92.23, -3.91, 1.84]",https://www.google.com/search?tbm=isch&q=ppg%20PPG%201231-1%20Hallowed%20Hush%20color%20swatch,,,,,,,,,,,,,,,,,,,,,,,,,,,,,,,,,,,,,,,,,,,,
DB,ppg,PPG 1231-2 Swan Lake,#c5e5e2,0.8978980079995286,0.03383097990796846,189.60529216355053,197,229,226,"[197, 229, 226]",14%,0%,1%,10%,"[14%, 0%, 1%, 10%]",88.54,-11.31,-2.24,"[88.54, -11.31, -2.24]",https://www.google.com/search?tbm=isch&q=ppg%20PPG%201231-2%20Swan%20Lake%20color%20swatch,,,,,,,,,,,,,,,,,,,,,,,,,,,,,,,,,,,,,,,,,,,,
DB,ppg,PPG 1231-3 Minerva,#b5deda,0.8702867712915321,0.0431424356407094,189.0572031826241,181,222,218,"[181, 222, 218]",18%,0%,2%,13%,"[18%, 0%, 2%, 13%]",85.45,-14.47,-2.70,"[85.45, -14.47, -2.70]",https://www.google.com/search?tbm=isch&q=ppg%20PPG%201231-3%20Minerva%20color%20swatch,,,,,,,,,,,,,,,,,,,,,,,,,,,,,,,,,,,,,,,,,,,,
DB,ppg,PPG 1231-4 Tropical Holiday,#8fcdc7,0.804583147413136,0.06389165950319485,188.38115670861964,143,205,199,"[143, 205, 199]",30%,0%,3%,20%,"[30%, 0%, 3%, 20%]",78.07,-21.55,-3.69,"[78.07, -21.55, -3.69]",https://www.google.com/search?tbm=isch&q=ppg%20PPG%201231-4%20Tropical%20Holiday%20color%20swatch,,,,,,,,,,,,,,,,,,,,,,,,,,,,,,,,,,,,,,,,,,,,
DB,ppg,PPG 1231-5 Artesian Well,#5eb2aa,0.7084879577601002,0.08297460058081178,187.4063313088376,94,178,170,"[94, 178, 170]",47%,0%,4%,30%,"[47%, 0%, 4%, 30%]",67.16,-28.22,-4.24,"[67.16, -28.22, -4.24]",https://www.google.com/search?tbm=isch&q=ppg%20PPG%201231-5%20Artesian%20Well%20color%20swatch,,,,,,,,,,,,,,,,,,,,,,,,,,,,,,,,,,,,,,,,,,,,
DB,ppg,PPG 1231-6 Azure Tide,#2b9890,0.618080821222569,0.09595460645584711,187.7588112044906,43,152,144,"[43, 152, 144]",72%,0%,5%,40%,"[72%, 0%, 5%, 40%]",56.82,-32.76,-5.09,"[56.82, -32.76, -5.09]",https://www.google.com/search?tbm=isch&q=ppg%20PPG%201231-6%20Azure%20Tide%20color%20swatch,,,,,,,,,,,,,,,,,,,,,,,,,,,,,,,,,,,,,,,,,,,,
DB,ppg,PPG 1231-7 Romantic Isle,#007c75,0.5282463197444288,0.09190733105221657,187.88732987858907,0,124,117,"[0, 124, 117]",100%,0%,6%,51%,"[100%, 0%, 6%, 51%]",46.35,-31.45,-4.93,"[46.35, -31.45, -4.93]",https://www.google.com/search?tbm=isch&q=ppg%20PPG%201231-7%20Romantic%20Isle%20color%20swatch,,,,,,,,,,,,,,,,,,,,,,,,,,,,,,,,,,,,,,,,,,,,
DB,ppg,PPG 1232-1 Ice Blue,#e1ede6,0.9351330718055487,0.015792289206022953,160.48400285558023,225,237,230,"[225, 237, 230]",5%,0%,3%,7%,"[5%, 0%, 3%, 7%]",92.69,-5.07,1.96,"[92.69, -5.07, 1.96]",https://www.google.com/search?tbm=isch&q=ppg%20PPG%201232-1%20Ice%20Blue%20color%20swatch,,,,,,,,,,,,,,,,,,,,,,,,,,,,,,,,,,,,,,,,,,,,
DB,ppg,PPG 1232-2 Cascade,#d4ede6,0.925837015472564,0.027914099541795533,176.95930952006415,212,237,230,"[212, 237, 230]",11%,0%,3%,7%,"[11%, 0%, 3%, 7%]",91.75,-9.50,0.48,"[91.75, -9.50, 0.48]",https://www.google.com/search?tbm=isch&q=ppg%20PPG%201232-2%20Cascade%20color%20swatch,,,,,,,,,,,,,,,,,,,,,,,,,,,,,,,,,,,,,,,,,,,,
DB,ppg,PPG 1232-3 Silent Ripple,#abe3de,0.8760445032575682,0.05755049246956322,189.29204251329656,171,227,222,"[171, 227, 222]",25%,0%,2%,11%,"[25%, 0%, 2%, 11%]",86.28,-19.31,-3.67,"[86.28, -19.31, -3.67]",https://www.google.com/search?tbm=isch&q=ppg%20PPG%201232-3%20Silent%20Ripple%20color%20swatch,,,,,,,,,,,,,,,,,,,,,,,,,,,,,,,,,,,,,,,,,,,,
DB,ppg,PPG 1232-4 Isle Royale,#80d7cf,0.8220188460277503,0.08525899621855193,188.0875874402551,128,215,207,"[128, 215, 207]",40%,0%,4%,16%,"[40%, 0%, 4%, 16%]",80.35,-28.87,-4.74,"[80.35, -28.87, -4.74]",https://www.google.com/search?tbm=isch&q=ppg%20PPG%201232-4%20Isle%20Royale%20color%20swatch,,,,,,,,,,,,,,,,,,,,,,,,,,,,,,,,,,,,,,,,,,,,
DB,ppg,PPG 1232-5 Tint Of Turquoise,#41bfb5,0.7337650465562493,0.10981708958615073,187.49588125125172,65,191,181,"[65, 191, 181]",66%,0%,5%,25%,"[66%, 0%, 5%, 25%]",70.40,-37.51,-5.64,"[70.40, -37.51, -5.64]",https://www.google.com/search?tbm=isch&q=ppg%20PPG%201232-5%20Tint%20Of%20Turquoise%20color%20swatch,,,,,,,,,,,,,,,,,,,,,,,,,,,,,,,,,,,,,,,,,,,,
DB,ppg,PPG 1232-6 Grecian Isle,#00a49b,0.6475325719456774,0.11265199488240958,187.90869011496977,0,164,155,"[0, 164, 155]",100%,0%,5%,36%,"[100%, 0%, 5%, 36%]",60.43,-38.54,-6.06,"[60.43, -38.54, -6.06]",https://www.google.com/search?tbm=isch&q=ppg%20PPG%201232-6%20Grecian%20Isle%20color%20swatch,,,,,,,,,,,,,,,,,,,,,,,,,,,,,,,,,,,,,,,,,,,,
DB,ppg,PPG 1232-7 Torrid Turquoise,#00938b,0.5976226534309772,0.10392204723179224,188.02474611630475,0,147,139,"[0, 147, 139]",100%,0%,5%,42%,"[100%, 0%, 5%, 42%]",54.53,-35.54,-5.67,"[54.53, -35.54, -5.67]",https://www.google.com/search?tbm=isch&q=ppg%20PPG%201232-7%20Torrid%20Turquoise%20color%20swatch,,,,,,,,,,,,,,,,,,,,,,,,,,,,,,,,,,,,,,,,,,,,
DB,ppg,PPG 1233-1 Free Spirit,#deeeed,0.9369364610163571,0.016986815045723375,192.24121655612987,222,238,237,"[222, 238, 237]",7%,0%,0%,7%,"[7%, 0%, 0%, 7%]",92.87,-5.61,-1.42,"[92.87, -5.61, -1.42]",https://www.google.com/search?tbm=isch&q=ppg%20PPG%201233-1%20Free%20Spirit%20color%20swatch,,,,,,,,,,,,,,,,,,,,,,,,,,,,,,,,,,,,,,,,,,,,
DB,ppg,PPG 1233-2 Seaspray,#d2ebea,0.9214985479036405,0.026345786360052362,193.70629682637252,210,235,234,"[210, 235, 234]",11%,0%,0%,8%,"[11%, 0%, 0%, 8%]",91.18,-8.65,-2.44,"[91.18, -8.65, -2.44]",https://www.google.com/search?tbm=isch&q=ppg%20PPG%201233-2%20Seaspray%20color%20swatch,,,,,,,,,,,,,,,,,,,,,,,,,,,,,,,,,,,,,,,,,,,,
DB,ppg,PPG 1233-3 Pale Seafoam,#c3e7e8,0.9025153515295089,0.03757822099879993,198.530433138254,195,231,232,"[195, 231, 232]",16%,0%,0%,9%,"[16%, 0%, 0%, 9%]",89.07,-12.00,-4.61,"[89.07, -12.00, -4.61]",https://www.google.com/search?tbm=isch&q=ppg%20PPG%201233-3%20Pale%20Seafoam%20color%20swatch,,,,,,,,,,,,,,,,,,,,,,,,,,,,,,,,,,,,,,,,,,,,
DB,ppg,PPG 1233-4 Seascape Green,#b5e4e4,0.8860501933090624,0.04846143495311626,196.2748611294271,181,228,228,"[181, 228, 228]",21%,0%,0%,11%,"[21%, 0%, 0%, 11%]",87.29,-15.70,-5.25,"[87.29, -15.70, -5.25]",https://www.google.com/search?tbm=isch&q=ppg%20PPG%201233-4%20Seascape%20Green%20color%20swatch,,,,,,,,,,,,,,,,,,,,,,,,,,,,,,,,,,,,,,,,,,,,
DB,ppg,PPG 1233-5 Tropical Splash,#70cbce,0.7869513349576693,0.08727493777158969,198.29910788914378,112,203,206,"[112, 203, 206]",46%,1%,0%,19%,"[46%, 1%, 0%, 19%]",76.17,-27.83,-10.44,"[76.17, -27.83, -10.44]",https://www.google.com/search?tbm=isch&q=ppg%20PPG%201233-5%20Tropical%20Splash%20color%20swatch,,,,,,,,,,,,,,,,,,,,,,,,,,,,,,,,,,,,,,,,,,,,
DB,ppg,PPG 1233-6 Montego Bay,#3fbabd,0.7237362915269683,0.10601657321908271,197.4045742763683,63,186,189,"[63, 186, 189]",67%,2%,0%,26%,"[67%, 2%, 0%, 26%]",69.03,-34.02,-12.02,"[69.03, -34.02, -12.02]",https://www.google.com/search?tbm=isch&q=ppg%20PPG%201233-6%20Montego%20Bay%20color%20swatch,,,,,,,,,,,,,,,,,,,,,,,,,,,,,,,,,,,,,,,,,,,,
DB,ppg,PPG 1233-7 Riviera Paradise,#009a9e,0.6227875259465929,0.10592858251615958,198.0306263978365,0,154,158,"[0, 154, 158]",100%,3%,0%,38%,"[100%, 3%, 0%, 38%]",57.31,-33.78,-12.36,"[57.31, -33.78, -12.36]",https://www.google.com/search?tbm=isch&q=ppg%20PPG%201233-7%20Riviera%20Paradise%20color%20swatch,,,,,,,,,,,,,,,,,,,,,,,,,,,,,,,,,,,,,,,,,,,,
DB,ppg,PPG 1234-1 Aqua Tint,#e5f1ee,0.9483215105045032,0.013311049188114822,179.31199599482397,229,241,238,"[229, 241, 238]",5%,0%,1%,5%,"[5%, 0%, 1%, 5%]",94.17,-4.52,0.02,"[94.17, -4.52, 0.02]",https://www.google.com/search?tbm=isch&q=ppg%20PPG%201234-1%20Aqua%20Tint%20color%20swatch,,,,,,,,,,,,,,,,,,,,,,,,,,,,,,,,,,,,,,,,,,,,
DB,ppg,PPG 1234-2 Plateau,#d3e7e5,0.9125747660306516,0.021375004205724447,189.4536342033764,211,231,229,"[211, 231, 229]",9%,0%,1%,9%,"[9%, 0%, 1%, 9%]",90.10,-7.14,-1.40,"[90.10, -7.14, -1.40]",https://www.google.com/search?tbm=isch&q=ppg%20PPG%201234-2%20Plateau%20color%20swatch,,,,,,,,,,,,,,,,,,,,,,,,,,,,,,,,,,,,,,,,,,,,
DB,ppg,PPG 1234-3 Aqua Whisper,#bfdfdf,0.8804556948607628,0.03371555517736488,196.50548040142758,191,223,223,"[191, 223, 223]",14%,0%,0%,13%,"[14%, 0%, 0%, 13%]",86.49,-10.90,-3.72,"[86.49, -10.90, -3.72]",https://www.google.com/search?tbm=isch&q=ppg%20PPG%201234-3%20Aqua%20Whisper%20color%20swatch,,,,,,,,,,,,,,,,,,,,,,,,,,,,,,,,,,,,,,,,,,,,
DB,ppg,PPG 1234-4 Fling Green,#8ecfd0,0.8113306240917022,0.06582438553797859,197.126531175384,142,207,208,"[142, 207, 208]",32%,0%,0%,18%,"[32%, 0%, 0%, 18%]",78.79,-21.20,-7.45,"[78.79, -21.20, -7.45]",https://www.google.com/search?tbm=isch&q=ppg%20PPG%201234-4%20Fling%20Green%20color%20swatch,,,,,,,,,,,,,,,,,,,,,,,,,,,,,,,,,,,,,,,,,,,,
DB,ppg,PPG 1234-5 Biscay Bay,#4fb3b3,0.7080715721013339,0.0927675783502041,195.24608943253907,79,179,179,"[79, 179, 179]",56%,0%,0%,30%,"[56%, 0%, 0%, 30%]",67.12,-30.27,-9.32,"[67.12, -30.27, -9.32]",https://www.google.com/search?tbm=isch&q=ppg%20PPG%201234-5%20Biscay%20Bay%20color%20swatch,,,,,,,,,,,,,,,,,,,,,,,,,,,,,,,,,,,,,,,,,,,,
DB,ppg,PPG 1234-6 Sea Fantasy,#1a9597,0.6096467531550134,0.09875981103786137,196.6196739795547,26,149,151,"[26, 149, 151]",83%,1%,0%,41%,"[83%, 1%, 0%, 41%]",55.74,-31.89,-10.69,"[55.74, -31.89, -10.69]",https://www.google.com/search?tbm=isch&q=ppg%20PPG%201234-6%20Sea%20Fantasy%20color%20swatch,,,,,,,,,,,,,,,,,,,,,,,,,,,,,,,,,,,,,,,,,,,,
DB,ppg,PPG 1234-7 Hypnotic Sea,#00787f,0.5212773301994846,0.08868680450649609,201.932061113646,0,120,127,"[0, 120, 127]",100%,6%,0%,50%,"[100%, 6%, 0%, 50%]",45.29,-27.18,-12.39,"[45.29, -27.18, -12.39]",https://www.google.com/search?tbm=isch&q=ppg%20PPG%201234-7%20Hypnotic%20Sea%20color%20swatch,,,,,,,,,,,,,,,,,,,,,,,,,,,,,,,,,,,,,,,,,,,,
DB,ppg,PPG 1235-1 Kiss Me Kate,#e8efec,0.9459911080707143,0.008437665279525688,168.50345389885365,232,239,236,"[232, 239, 236]",3%,0%,1%,6%,"[3%, 0%, 1%, 6%]",93.85,-2.81,0.61,"[93.85, -2.81, 0.61]",https://www.google.com/search?tbm=isch&q=ppg%20PPG%201235-1%20Kiss%20Me%20Kate%20color%20swatch,,,,,,,,,,,,,,,,,,,,,,,,,,,,,,,,,,,,,,,,,,,,
DB,ppg,PPG 1235-2 Blue Phlox,#d2e6e8,0.9107021789901208,0.021412377954025376,203.95929071710702,210,230,232,"[210, 230, 232]",9%,1%,0%,9%,"[9%, 1%, 0%, 9%]",89.84,-6.57,-3.35,"[89.84, -6.57, -3.35]",https://www.google.com/search?tbm=isch&q=ppg%20PPG%201235-2%20Blue%20Phlox%20color%20swatch,,,,,,,,,,,,,,,,,,,,,,,,,,,,,,,,,,,,,,,,,,,,
DB,ppg,PPG 1235-3 Galactica,#c4dde2,0.8806170617612128,0.027472915390386463,211.01288967196967,196,221,226,"[196, 221, 226]",13%,2%,0%,11%,"[13%, 2%, 0%, 11%]",86.37,-7.84,-5.41,"[86.37, -7.84, -5.41]",https://www.google.com/search?tbm=isch&q=ppg%20PPG%201235-3%20Galactica%20color%20swatch,,,,,,,,,,,,,,,,,,,,,,,,,,,,,,,,,,,,,,,,,,,,
DB,ppg,PPG 1235-4 Idyllic Isle,#94c8d2,0.7998900650787434,0.055777084059440714,210.71841872611162,148,200,210,"[148, 200, 210]",30%,5%,0%,18%,"[30%, 5%, 0%, 18%]",77.22,-15.78,-10.78,"[77.22, -15.78, -10.78]",https://www.google.com/search?tbm=isch&q=ppg%20PPG%201235-4%20Idyllic%20Isle%20color%20swatch,,,,,,,,,,,,,,,,,,,,,,,,,,,,,,,,,,,,,,,,,,,,
DB,ppg,PPG 1235-5 Blue Calypso,#55a7b6,0.682599525367534,0.08263111995520243,210.9377157883406,85,167,182,"[85, 167, 182]",53%,8%,0%,29%,"[53%, 8%, 0%, 29%]",63.80,-22.89,-15.87,"[63.80, -22.89, -15.87]",https://www.google.com/search?tbm=isch&q=ppg%20PPG%201235-5%20Blue%20Calypso%20color%20swatch,,,,,,,,,,,,,,,,,,,,,,,,,,,,,,,,,,,,,,,,,,,,
DB,ppg,PPG 1235-6 Safe Harbor,#1e8ea1,0.596364211571505,0.09715733467401924,212.31230697310446,30,142,161,"[30, 142, 161]",81%,12%,0%,37%,"[81%, 12%, 0%, 37%]",53.86,-25.89,-19.21,"[53.86, -25.89, -19.21]",https://www.google.com/search?tbm=isch&q=ppg%20PPG%201235-6%20Safe%20Harbor%20color%20swatch,,,,,,,,,,,,,,,,,,,,,,,,,,,,,,,,,,,,,,,,,,,,
DB,ppg,PPG 1235-7 Bimini Blue,#007a91,0.5343998583992154,0.09546789451024244,217.03883210502363,0,122,145,"[0, 122, 145]",100%,16%,0%,43%,"[100%, 16%, 0%, 43%]",46.54,-23.11,-21.11,"[46.54, -23.11, -21.11]",https://www.google.com/search?tbm=isch&q=ppg%20PPG%201235-7%20Bimini%20Blue%20color%20swatch,,,,,,,,,,,,,,,,,,,,,,,,,,,,,,,,,,,,,,,,,,,,
DB,ppg,PPG 1236-1 Breathless,#deeced,0.9329133449909353,0.014937532301512658,201.93786807152537,222,236,237,"[222, 236, 237]",6%,0%,0%,7%,"[6%, 0%, 0%, 7%]",92.36,-4.66,-2.16,"[92.36, -4.66, -2.16]",https://www.google.com/search?tbm=isch&q=ppg%20PPG%201236-1%20Breathless%20color%20swatch,,,,,,,,,,,,,,,,,,,,,,,,,,,,,,,,,,,,,,,,,,,,
DB,ppg,PPG 1236-2 Enchanted Evening,#d3e9ec,0.9187007967706432,0.02362457956896394,206.54958903306647,211,233,236,"[211, 233, 236]",11%,1%,0%,7%,"[11%, 1%, 0%, 7%]",90.78,-7.08,-4.06,"[90.78, -7.08, -4.06]",https://www.google.com/search?tbm=isch&q=ppg%20PPG%201236-2%20Enchanted%20Evening%20color%20swatch,,,,,,,,,,,,,,,,,,,,,,,,,,,,,,,,,,,,,,,,,,,,
DB,ppg,PPG 1236-3 Surf's Up,#c6e4eb,0.8992002398896921,0.033007217039242656,213.3221256131926,198,228,235,"[198, 228, 235]",16%,3%,0%,8%,"[16%, 3%, 0%, 8%]",88.55,-9.14,-6.91,"[88.55, -9.14, -6.91]",https://www.google.com/search?tbm=isch&q=ppg%20PPG%201236-3%20Surf's%20Up%20color%20swatch,,,,,,,,,,,,,,,,,,,,,,,,,,,,,,,,,,,,,,,,,,,,
DB,ppg,PPG 1236-4 Ocean Cruise,#9cd4e1,0.8357562340088259,0.0601801002826445,213.60061516363282,156,212,225,"[156, 212, 225]",31%,6%,0%,12%,"[31%, 6%, 0%, 12%]",81.38,-16.37,-12.56,"[81.38, -16.37, -12.56]",https://www.google.com/search?tbm=isch&q=ppg%20PPG%201236-4%20Ocean%20Cruise%20color%20swatch,,,,,,,,,,,,,,,,,,,,,,,,,,,,,,,,,,,,,,,,,,,,
DB,ppg,PPG 1236-5 High Dive,#59b9cc,0.7350548634559111,0.09396994395736585,212.36615363102544,89,185,204,"[89, 185, 204]",56%,9%,0%,20%,"[56%, 9%, 0%, 20%]",69.94,-25.42,-18.74,"[69.94, -25.42, -18.74]",https://www.google.com/search?tbm=isch&q=ppg%20PPG%201236-5%20High%20Dive%20color%20swatch,,,,,,,,,,,,,,,,,,,,,,,,,,,,,,,,,,,,,,,,,,,,
DB,ppg,PPG 1236-6 Jamaican Sea,#26a5ba,0.6656452075836754,0.10765733090857979,211.7904644421027,38,165,186,"[38, 165, 186]",80%,11%,0%,27%,"[80%, 11%, 0%, 27%]",61.98,-28.94,-20.99,"[61.98, -28.94, -20.99]",https://www.google.com/search?tbm=isch&q=ppg%20PPG%201236-6%20Jamaican%20Sea%20color%20swatch,,,,,,,,,,,,,,,,,,,,,,,,,,,,,,,,,,,,,,,,,,,,
DB,ppg,PPG 1236-7 Mediterranean Blue,#0090a8,0.601286099269982,0.10620057159801037,214.96179305898067,0,144,168,"[0, 144, 168]",100%,14%,0%,34%,"[100%, 14%, 0%, 34%]",54.41,-26.81,-22.39,"[54.41, -26.81, -22.39]",https://www.google.com/search?tbm=isch&q=ppg%20PPG%201236-7%20Mediterranean%20Blue%20color%20swatch,,,,,,,,,,,,,,,,,,,,,,,,,,,,,,,,,,,,,,,,,,,,
DB,ppg,PPG 1237-1 Bashful,#e3eded,0.9385765352554681,0.010642836183097944,196.81147568842005,227,237,237,"[227, 237, 237]",4%,0%,0%,7%,"[4%, 0%, 0%, 7%]",92.99,-3.44,-1.20,"[92.99, -3.44, -1.20]",https://www.google.com/search?tbm=isch&q=ppg%20PPG%201237-1%20Bashful%20color%20swatch,,,,,,,,,,,,,,,,,,,,,,,,,,,,,,,,,,,,,,,,,,,,
DB,ppg,PPG 1237-2 Diamond Blue,#cfe4ee,0.9063242973186875,0.02620183039394285,227.88486113750264,207,228,238,"[207, 228, 238]",13%,4%,0%,7%,"[13%, 4%, 0%, 7%]",89.24,-5.73,-7.37,"[89.24, -5.73, -7.37]",https://www.google.com/search?tbm=isch&q=ppg%20PPG%201237-2%20Diamond%20Blue%20color%20swatch,,,,,,,,,,,,,,,,,,,,,,,,,,,,,,,,,,,,,,,,,,,,
DB,ppg,PPG 1237-3 Ariel,#aed7ea,0.8560774076448247,0.05046606754940818,227.7515791527984,174,215,234,"[174, 215, 234]",26%,8%,0%,8%,"[26%, 8%, 0%, 8%]",83.51,-10.75,-14.03,"[83.51, -10.75, -14.03]",https://www.google.com/search?tbm=isch&q=ppg%20PPG%201237-3%20Ariel%20color%20swatch,,,,,,,,,,,,,,,,,,,,,,,,,,,,,,,,,,,,,,,,,,,,
DB,ppg,PPG 1237-4 Horizon Haze,#80c1e2,0.7791806975983007,0.08118025267345935,231.23795246081409,128,193,226,"[128, 193, 226]",43%,15%,0%,11%,"[43%, 15%, 0%, 11%]",74.60,-15.05,-23.42,"[74.60, -15.05, -23.42]",https://www.google.com/search?tbm=isch&q=ppg%20PPG%201237-4%20Horizon%20Haze%20color%20swatch,,,,,,,,,,,,,,,,,,,,,,,,,,,,,,,,,,,,,,,,,,,,
DB,ppg,PPG 1237-5 Mystic Blue,#48a8d0,0.6908396324637814,0.10664625859706756,228.74542318247939,72,168,208,"[72, 168, 208]",65%,19%,0%,18%,"[65%, 19%, 0%, 18%]",64.43,-19.87,-29.35,"[64.43, -19.87, -29.35]",https://www.google.com/search?tbm=isch&q=ppg%20PPG%201237-5%20Mystic%20Blue%20color%20swatch,,,,,,,,,,,,,,,,,,,,,,,,,,,,,,,,,,,,,,,,,,,,
DB,ppg,PPG 1237-6 Bellflower,#1993be,0.6212076065263876,0.11659375000522522,228.7511114067106,25,147,190,"[25, 147, 190]",87%,23%,0%,25%,"[87%, 23%, 0%, 25%]",56.34,-20.73,-31.87,"[56.34, -20.73, -31.87]",https://www.google.com/search?tbm=isch&q=ppg%20PPG%201237-6%20Bellflower%20color%20swatch,,,,,,,,,,,,,,,,,,,,,,,,,,,,,,,,,,,,,,,,,,,,
DB,ppg,PPG 1237-7 Neptune,#007dac,0.5554602472662395,0.1158700530365901,233.75547207565933,0,125,172,"[0, 125, 172]",100%,27%,0%,33%,"[100%, 27%, 0%, 33%]",48.51,-16.54,-33.77,"[48.51, -16.54, -33.77]",https://www.google.com/search?tbm=isch&q=ppg%20PPG%201237-7%20Neptune%20color%20swatch,,,,,,,,,,,,,,,,,,,,,,,,,,,,,,,,,,,,,,,,,,,,
DB,ppg,PPG 1238-1 Airy,#dae6e9,0.9167684710790811,0.013475000308502625,214.26419741224026,218,230,233,"[218, 230, 233]",6%,1%,0%,9%,"[6%, 1%, 0%, 9%]",90.44,-3.72,-2.91,"[90.44, -3.72, -2.91]",https://www.google.com/search?tbm=isch&q=ppg%20PPG%201238-1%20Airy%20color%20swatch,,,,,,,,,,,,,,,,,,,,,,,,,,,,,,,,,,,,,,,,,,,,
DB,ppg,PPG 1238-2 Goddess,#d0e1e8,0.8991061536728666,0.020566519166883235,224.2669172546457,208,225,232,"[208, 225, 232]",10%,3%,0%,9%,"[10%, 3%, 0%, 9%]",88.40,-4.85,-5.46,"[88.40, -4.85, -5.46]",https://www.google.com/search?tbm=isch&q=ppg%20PPG%201238-2%20Goddess%20color%20swatch,,,,,,,,,,,,,,,,,,,,,,,,,,,,,,,,,,,,,,,,,,,,
DB,ppg,PPG 1238-3 Flemish Blue,#add0e0,0.837326946612607,0.04338413765111831,227.2703025564731,173,208,224,"[173, 208, 224]",23%,7%,0%,12%,"[23%, 7%, 0%, 12%]",81.31,-9.41,-12.00,"[81.31, -9.41, -12.00]",https://www.google.com/search?tbm=isch&q=ppg%20PPG%201238-3%20Flemish%20Blue%20color%20swatch,,,,,,,,,,,,,,,,,,,,,,,,,,,,,,,,,,,,,,,,,,,,
DB,ppg,PPG 1238-4 Harbor Sky,#7eb6d0,0.7468409181117192,0.06926337723821492,228.6276408356116,126,182,208,"[126, 182, 208]",39%,12%,0%,18%,"[39%, 12%, 0%, 18%]",70.87,-13.96,-19.31,"[70.87, -13.96, -19.31]",https://www.google.com/search?tbm=isch&q=ppg%20PPG%201238-4%20Harbor%20Sky%20color%20swatch,,,,,,,,,,,,,,,,,,,,,,,,,,,,,,,,,,,,,,,,,,,,
DB,ppg,PPG 1238-5 Hush-a-bye,#5397b7,0.6442958936731985,0.08393777003821119,230.32034992204387,83,151,183,"[83, 151, 183]",55%,17%,0%,28%,"[55%, 17%, 0%, 28%]",58.96,-15.42,-23.76,"[58.96, -15.42, -23.76]",https://www.google.com/search?tbm=isch&q=ppg%20PPG%201238-5%20Hush-a-bye%20color%20swatch,,,,,,,,,,,,,,,,,,,,,,,,,,,,,,,,,,,,,,,,,,,,
DB,ppg,PPG 1238-6 Blue Paisley,#2282a8,0.5702504935256641,0.10259355881104328,229.86030044302686,34,130,168,"[34, 130, 168]",80%,23%,0%,34%,"[80%, 23%, 0%, 34%]",50.37,-17.80,-28.54,"[50.37, -17.80, -28.54]",https://www.google.com/search?tbm=isch&q=ppg%20PPG%201238-6%20Blue%20Paisley%20color%20swatch,,,,,,,,,,,,,,,,,,,,,,,,,,,,,,,,,,,,,,,,,,,,
DB,ppg,PPG 1238-7 Port Au Prince,#006a93,0.4940833872202893,0.10344645923932357,234.03340222084887,0,106,147,"[0, 106, 147]",100%,28%,0%,42%,"[100%, 28%, 0%, 42%]",41.38,-14.57,-30.25,"[41.38, -14.57, -30.25]",https://www.google.com/search?tbm=isch&q=ppg%20PPG%201238-7%20Port%20Au%20Prince%20color%20swatch,,,,,,,,,,,,,,,,,,,,,,,,,,,,,,,,,,,,,,,,,,,,
DB,ppg,PPG 1239-1 Wavecrest,#d6e1e4,0.9022847045924828,0.01251809626303344,215.7283422653619,214,225,228,"[214, 225, 228]",6%,1%,0%,11%,"[6%, 1%, 0%, 11%]",88.75,-3.39,-2.80,"[88.75, -3.39, -2.80]",https://www.google.com/search?tbm=isch&q=ppg%20PPG%201239-1%20Wavecrest%20color%20swatch,,,,,,,,,,,,,,,,,,,,,,,,,,,,,,,,,,,,,,,,,,,,
DB,ppg,PPG 1239-2 Duck's Egg Blue,#ccdfe8,0.8921790421405116,0.023794409872438416,227.71570603452312,204,223,232,"[204, 223, 232]",12%,4%,0%,9%,"[12%, 4%, 0%, 9%]",87.59,-5.23,-6.68,"[87.59, -5.23, -6.68]",https://www.google.com/search?tbm=isch&q=ppg%20PPG%201239-2%20Duck's%20Egg%20Blue%20color%20swatch,,,,,,,,,,,,,,,,,,,,,,,,,,,,,,,,,,,,,,,,,,,,
DB,ppg,PPG 1239-3 Windsor Way,#9fc9e4,0.814953467412467,0.058564651352207946,236.62589829235287,159,201,228,"[159, 201, 228]",30%,12%,0%,11%,"[30%, 12%, 0%, 11%]",78.63,-9.67,-18.22,"[78.63, -9.67, -18.22]",https://www.google.com/search?tbm=isch&q=ppg%20PPG%201239-3%20Windsor%20Way%20color%20swatch,,,,,,,,,,,,,,,,,,,,,,,,,,,,,,,,,,,,,,,,,,,,
DB,ppg,PPG 1239-4 Salem Blue,#66a9d3,0.706549458393315,0.09198162090597813,237.52517991469085,102,169,211,"[102, 169, 211]",52%,20%,0%,17%,"[52%, 20%, 0%, 17%]",66.02,-13.25,-28.45,"[66.02, -13.25, -28.45]",https://www.google.com/search?tbm=isch&q=ppg%20PPG%201239-4%20Salem%20Blue%20color%20swatch,,,,,,,,,,,,,,,,,,,,,,,,,,,,,,,,,,,,,,,,,,,,
DB,ppg,PPG 1239-5 Quiet Night,#3e8fbc,0.6193626165780742,0.10364395997605814,236.24171780115182,62,143,188,"[62, 143, 188]",67%,24%,0%,26%,"[67%, 24%, 0%, 26%]",55.90,-14.56,-31.35,"[55.90, -14.56, -31.35]",https://www.google.com/search?tbm=isch&q=ppg%20PPG%201239-5%20Quiet%20Night%20color%20swatch,,,,,,,,,,,,,,,,,,,,,,,,,,,,,,,,,,,,,,,,,,,,
DB,ppg,PPG 1239-6 North Sea,#1d78ab,0.5461649848308366,0.11317654067590528,239.41152964201888,29,120,171,"[29, 120, 171]",83%,30%,0%,33%,"[83%, 30%, 0%, 33%]",47.24,-12.37,-35.14,"[47.24, -12.37, -35.14]",https://www.google.com/search?tbm=isch&q=ppg%20PPG%201239-6%20North%20Sea%20color%20swatch,,,,,,,,,,,,,,,,,,,,,,,,,,,,,,,,,,,,,,,,,,,,
DB,ppg,PPG 1239-7 Rave Regatta,#00619d,0.47746105968297525,0.12266455696545442,245.957305128004,0,97,157,"[0, 97, 157]",100%,38%,0%,38%,"[100%, 38%, 0%, 38%]",38.92,-6.39,-40.05,"[38.92, -6.39, -40.05]",https://www.google.com/search?tbm=isch&q=ppg%20PPG%201239-7%20Rave%20Regatta%20color%20swatch,,,,,,,,,,,,,,,,,,,,,,,,,,,,,,,,,,,,,,,,,,,,
DB,ppg,PPG 1240-1 Ocean Breeze,#d3e5eb,0.9102750441850462,0.02085907790963739,219.64150086181917,211,229,235,"[211, 229, 235]",10%,3%,0%,8%,"[10%, 3%, 0%, 8%]",89.72,-5.32,-5.08,"[89.72, -5.32, -5.08]",https://www.google.com/search?tbm=isch&q=ppg%20PPG%201240-1%20Ocean%20Breeze%20color%20swatch,,,,,,,,,,,,,,,,,,,,,,,,,,,,,,,,,,,,,,,,,,,,
DB,ppg,PPG 1240-2 Niagara Falls,#cbe3ee,0.9014948274202838,0.02960440996338768,226.99775785063707,203,227,238,"[203, 227, 238]",15%,5%,0%,7%,"[15%, 5%, 0%, 7%]",88.70,-6.57,-8.20,"[88.70, -6.57, -8.20]",https://www.google.com/search?tbm=isch&q=ppg%20PPG%201240-2%20Niagara%20Falls%20color%20swatch,,,,,,,,,,,,,,,,,,,,,,,,,,,,,,,,,,,,,,,,,,,,
DB,ppg,PPG 1240-3 Songbird,#a3d1eb,0.8369154058074647,0.0603555769063362,233.17388840798276,163,209,235,"[163, 209, 235]",31%,11%,0%,8%,"[31%, 11%, 0%, 8%]",81.23,-11.05,-18.02,"[81.23, -11.05, -18.02]",https://www.google.com/search?tbm=isch&q=ppg%20PPG%201240-3%20Songbird%20color%20swatch,,,,,,,,,,,,,,,,,,,,,,,,,,,,,,,,,,,,,,,,,,,,
DB,ppg,PPG 1240-4 Xavier Blue,#6ab4e0,0.7387182249519679,0.09766622639254172,236.25365319693742,106,180,224,"[106, 180, 224]",53%,20%,0%,12%,"[53%, 20%, 0%, 12%]",69.78,-14.71,-29.77,"[69.78, -14.71, -29.77]",https://www.google.com/search?tbm=isch&q=ppg%20PPG%201240-4%20Xavier%20Blue%20color%20swatch,,,,,,,,,,,,,,,,,,,,,,,,,,,,,,,,,,,,,,,,,,,,
DB,ppg,PPG 1240-5 Sorcerer,#3398ce,0.6461468208457719,0.12119963649831118,236.77928161875423,51,152,206,"[51, 152, 206]",75%,26%,0%,19%,"[75%, 26%, 0%, 19%]",58.96,-15.91,-36.73,"[58.96, -15.91, -36.73]",https://www.google.com/search?tbm=isch&q=ppg%20PPG%201240-5%20Sorcerer%20color%20swatch,,,,,,,,,,,,,,,,,,,,,,,,,,,,,,,,,,,,,,,,,,,,
DB,ppg,PPG 1240-6 Newport Blue,#1c8ac9,0.6056805093075784,0.13240830536399736,240.91025285335718,28,138,201,"[28, 138, 201]",86%,31%,0%,21%,"[86%, 31%, 0%, 21%]",54.05,-12.77,-41.64,"[54.05, -12.77, -41.64]",https://www.google.com/search?tbm=isch&q=ppg%20PPG%201240-6%20Newport%20Blue%20color%20swatch,,,,,,,,,,,,,,,,,,,,,,,,,,,,,,,,,,,,,,,,,,,,
DB,ppg,PPG 1240-7 Cobalt Glaze,#0072b5,0.5337482986753578,0.1348488038922004,245.17684246869158,0,114,181,"[0, 114, 181]",100%,37%,0%,29%,"[100%, 37%, 0%, 29%]",45.45,-7.88,-43.79,"[45.45, -7.88, -43.79]",https://www.google.com/search?tbm=isch&q=ppg%20PPG%201240-7%20Cobalt%20Glaze%20color%20swatch,,,,,,,,,,,,,,,,,,,,,,,,,,,,,,,,,,,,,,,,,,,,
DB,ppg,PPG 1241-1 First Light,#d9e6ee,0.9175227210122195,0.017671364353456856,234.47164919263025,217,230,238,"[217, 230, 238]",9%,3%,0%,7%,"[9%, 3%, 0%, 7%]",90.48,-3.34,-5.46,"[90.48, -3.34, -5.46]",https://www.google.com/search?tbm=isch&q=ppg%20PPG%201241-1%20First%20Light%20color%20swatch,,,,,,,,,,,,,,,,,,,,,,,,,,,,,,,,,,,,,,,,,,,,
DB,ppg,PPG 1241-2 Blue Booties,#c8ddee,0.8871676579844358,0.03248070097276554,242.37131523347625,200,221,238,"[200, 221, 238]",16%,7%,0%,7%,"[16%, 7%, 0%, 7%]",86.93,-4.67,-10.83,"[86.93, -4.67, -10.83]",https://www.google.com/search?tbm=isch&q=ppg%20PPG%201241-2%20Blue%20Booties%20color%20swatch,,,,,,,,,,,,,,,,,,,,,,,,,,,,,,,,,,,,,,,,,,,,
DB,ppg,PPG 1241-3 Sweet Dreams,#9bc7ea,0.8104526076289735,0.06804558977970913,242.63366476593933,155,199,234,"[155, 199, 234]",34%,15%,0%,8%,"[34%, 15%, 0%, 8%]",78.01,-8.77,-22.39,"[78.01, -8.77, -22.39]",https://www.google.com/search?tbm=isch&q=ppg%20PPG%201241-3%20Sweet%20Dreams%20color%20swatch,,,,,,,,,,,,,,,,,,,,,,,,,,,,,,,,,,,,,,,,,,,,
DB,ppg,PPG 1241-4 Windjammer,#62a5df,0.7011259228225852,0.10962379064758386,246.28425288972676,98,165,223,"[98, 165, 223]",56%,26%,0%,13%,"[56%, 26%, 0%, 13%]",65.09,-9.34,-36.47,"[65.09, -9.34, -36.47]",https://www.google.com/search?tbm=isch&q=ppg%20PPG%201241-4%20Windjammer%20color%20swatch,,,,,,,,,,,,,,,,,,,,,,,,,,,,,,,,,,,,,,,,,,,,
DB,ppg,PPG 1241-5 Magical Merlin,#3d8ed0,0.6268756557124097,0.12695156881827677,246.39493495474585,61,142,208,"[61, 142, 208]",71%,32%,0%,18%,"[71%, 32%, 0%, 18%]",56.34,-8.73,-41.91,"[56.34, -8.73, -41.91]",https://www.google.com/search?tbm=isch&q=ppg%20PPG%201241-5%20Magical%20Merlin%20color%20swatch,,,,,,,,,,,,,,,,,,,,,,,,,,,,,,,,,,,,,,,,,,,,
DB,ppg,PPG 1241-6 Electric Blue,#1e80c7,0.5813634162609528,0.13837103839821682,246.2091135287351,30,128,199,"[30, 128, 199]",85%,36%,0%,22%,"[85%, 36%, 0%, 22%]",50.95,-7.94,-45.38,"[50.95, -7.94, -45.38]",https://www.google.com/search?tbm=isch&q=ppg%20PPG%201241-6%20Electric%20Blue%20color%20swatch,,,,,,,,,,,,,,,,,,,,,,,,,,,,,,,,,,,,,,,,,,,,
DB,ppg,PPG 1241-7 Cobalt Stone,#0264ae,0.49611609857294087,0.1406136576518553,250.28579367750785,2,100,174,"[2, 100, 174]",99%,43%,0%,32%,"[99%, 43%, 0%, 32%]",40.76,-2.24,-47.16,"[40.76, -2.24, -47.16]",https://www.google.com/search?tbm=isch&q=ppg%20PPG%201241-7%20Cobalt%20Stone%20color%20swatch,,,,,,,,,,,,,,,,,,,,,,,,,,,,,,,,,,,,,,,,,,,,
DB,ppg,PPG 1242-1 First Frost,#dae3e9,0.910747874947593,0.012668915273298222,236.58730268619797,218,227,233,"[218, 227, 233]",6%,3%,0%,9%,"[6%, 3%, 0%, 9%]",89.68,-2.28,-4.02,"[89.68, -2.28, -4.02]",https://www.google.com/search?tbm=isch&q=ppg%20PPG%201242-1%20First%20Frost%20color%20swatch,,,,,,,,,,,,,,,,,,,,,,,,,,,,,,,,,,,,,,,,,,,,
DB,ppg,PPG 1242-2 Touch Of Blue,#c2d7e9,0.8690903150872483,0.03366512029004747,243.98843929500742,194,215,233,"[194, 215, 233]",17%,8%,0%,9%,"[17%, 8%, 0%, 9%]",84.82,-4.52,-11.38,"[84.82, -4.52, -11.38]",https://www.google.com/search?tbm=isch&q=ppg%20PPG%201242-2%20Touch%20Of%20Blue%20color%20swatch,,,,,,,,,,,,,,,,,,,,,,,,,,,,,,,,,,,,,,,,,,,,
DB,ppg,PPG 1242-3 Viva La Bleu,#97bee2,0.7858320468498865,0.0663703320593256,246.59693376276437,151,190,226,"[151, 190, 226]",33%,16%,0%,11%,"[33%, 16%, 0%, 11%]",75.08,-7.06,-22.54,"[75.08, -7.06, -22.54]",https://www.google.com/search?tbm=isch&q=ppg%20PPG%201242-3%20Viva%20La%20Bleu%20color%20swatch,,,,,,,,,,,,,,,,,,,,,,,,,,,,,,,,,,,,,,,,,,,,
DB,ppg,PPG 1242-4 Overcast,#73a3d0,0.698621211553574,0.0841072142036237,247.51289805001943,115,163,208,"[115, 163, 208]",45%,22%,0%,18%,"[45%, 22%, 0%, 18%]",64.88,-7.55,-28.47,"[64.88, -7.55, -28.47]",https://www.google.com/search?tbm=isch&q=ppg%20PPG%201242-4%20Overcast%20color%20swatch,,,,,,,,,,,,,,,,,,,,,,,,,,,,,,,,,,,,,,,,,,,,
DB,ppg,PPG 1242-5 King Triton,#3c85be,0.5961554719087625,0.11351660528418551,245.02064862367422,60,133,190,"[60, 133, 190]",68%,30%,0%,25%,"[68%, 30%, 0%, 25%]",52.88,-9.22,-37.16,"[52.88, -9.22, -37.16]",https://www.google.com/search?tbm=isch&q=ppg%20PPG%201242-5%20King%20Triton%20color%20swatch,,,,,,,,,,,,,,,,,,,,,,,,,,,,,,,,,,,,,,,,,,,,
DB,ppg,PPG 1242-6 Planetarium,#1c70ad,0.5277402919317065,0.1225943756850637,245.8425979568883,28,112,173,"[28, 112, 173]",84%,35%,0%,32%,"[84%, 35%, 0%, 32%]",44.81,-7.56,-40.12,"[44.81, -7.56, -40.12]",https://www.google.com/search?tbm=isch&q=ppg%20PPG%201242-6%20Planetarium%20color%20swatch,,,,,,,,,,,,,,,,,,,,,,,,,,,,,,,,,,,,,,,,,,,,
DB,ppg,PPG 1242-7 Suddenly Sapphire,#1a5897,0.45590437993757876,0.11978623523532346,252.54613722963893,26,88,151,"[26, 88, 151]",83%,42%,0%,41%,"[83%, 42%, 0%, 41%]",36.18,-1.21,-40.79,"[36.18, -1.21, -40.79]",https://www.google.com/search?tbm=isch&q=ppg%20PPG%201242-7%20Suddenly%20Sapphire%20color%20swatch,,,,,,,,,,,,,,,,,,,,,,,,,,,,,,,,,,,,,,,,,,,,
DB,ppg,PPG 1243-1 Sweet Illusion,#e0e8ec,0.9260877034039198,0.010144750937526386,228.80848355800651,224,232,236,"[224, 232, 236]",5%,2%,0%,7%,"[5%, 2%, 0%, 7%]",91.47,-2.21,-2.91,"[91.47, -2.21, -2.91]",https://www.google.com/search?tbm=isch&q=ppg%20PPG%201243-1%20Sweet%20Illusion%20color%20swatch,,,,,,,,,,,,,,,,,,,,,,,,,,,,,,,,,,,,,,,,,,,,
DB,ppg,PPG 1243-2 Haunting Hue,#d3e0ec,0.9004800256515237,0.021576247124093877,245.85542152400717,211,224,236,"[211, 224, 236]",11%,5%,0%,7%,"[11%, 5%, 0%, 7%]",88.45,-2.77,-7.44,"[88.45, -2.77, -7.44]",https://www.google.com/search?tbm=isch&q=ppg%20PPG%201243-2%20Haunting%20Hue%20color%20swatch,,,,,,,,,,,,,,,,,,,,,,,,,,,,,,,,,,,,,,,,,,,,
DB,ppg,PPG 1243-3 Baby Bunting,#abcaea,0.8269143628621213,0.056132695653974767,249.32838888291099,171,202,234,"[171, 202, 234]",27%,14%,0%,8%,"[27%, 14%, 0%, 8%]",79.83,-5.38,-19.52,"[79.83, -5.38, -19.52]",https://www.google.com/search?tbm=isch&q=ppg%20PPG%201243-3%20Baby%20Bunting%20color%20swatch,,,,,,,,,,,,,,,,,,,,,,,,,,,,,,,,,,,,,,,,,,,,
DB,ppg,PPG 1243-4 Victoria Blue,#7daee1,0.7356300908365094,0.09092327312678673,250.11454226150772,125,174,225,"[125, 174, 225]",44%,23%,0%,12%,"[44%, 23%, 0%, 12%]",69.09,-6.69,-31.27,"[69.09, -6.69, -31.27]",https://www.google.com/search?tbm=isch&q=ppg%20PPG%201243-4%20Victoria%20Blue%20color%20swatch,,,,,,,,,,,,,,,,,,,,,,,,,,,,,,,,,,,,,,,,,,,,
DB,ppg,PPG 1243-5 Blue Dart,#518fd1,0.6374343641505377,0.11882746566514059,251.5012277461244,81,143,209,"[81, 143, 209]",61%,32%,0%,18%,"[61%, 32%, 0%, 18%]",57.45,-5.22,-40.67,"[57.45, -5.22, -40.67]",https://www.google.com/search?tbm=isch&q=ppg%20PPG%201243-5%20Blue%20Dart%20color%20swatch,,,,,,,,,,,,,,,,,,,,,,,,,,,,,,,,,,,,,,,,,,,,
DB,ppg,PPG 1243-6 Royal Plume,#3c7ac2,0.5731016092062748,0.12869849399545558,253.82605229947217,60,122,194,"[60, 122, 194]",69%,37%,0%,24%,"[69%, 37%, 0%, 24%]",49.77,-2.13,-44.33,"[49.77, -2.13, -44.33]",https://www.google.com/search?tbm=isch&q=ppg%20PPG%201243-6%20Royal%20Plume%20color%20swatch,,,,,,,,,,,,,,,,,,,,,,,,,,,,,,,,,,,,,,,,,,,,
DB,ppg,PPG 1243-7 Rainbow Bright,#2863ad,0.5004350855920179,0.13279341154310675,255.77254050739907,40,99,173,"[40, 99, 173]",77%,43%,0%,32%,"[77%, 43%, 0%, 32%]",41.14,1.32,-45.92,"[41.14, 1.32, -45.92]",https://www.google.com/search?tbm=isch&q=ppg%20PPG%201243-7%20Rainbow%20Bright%20color%20swatch,,,,,,,,,,,,,,,,,,,,,,,,,,,,,,,,,,,,,,,,,,,,
DB,ppg,PPG 1244-1 Abyss,#dfe6ea,0.9207684892600985,0.00927136743881324,232.29037276096972,223,230,234,"[223, 230, 234]",5%,2%,0%,8%,"[5%, 2%, 0%, 8%]",90.84,-1.87,-2.80,"[90.84, -1.87, -2.80]",https://www.google.com/search?tbm=isch&q=ppg%20PPG%201244-1%20Abyss%20color%20swatch,,,,,,,,,,,,,,,,,,,,,,,,,,,,,,,,,,,,,,,,,,,,
DB,ppg,PPG 1244-2 Blue Silk,#d0dce8,0.8889888661219836,0.02096465660305891,248.0517234678091,208,220,232,"[208, 220, 232]",10%,5%,0%,9%,"[10%, 5%, 0%, 9%]",87.11,-2.44,-7.35,"[87.11, -2.44, -7.35]",https://www.google.com/search?tbm=isch&q=ppg%20PPG%201244-2%20Blue%20Silk%20color%20swatch,,,,,,,,,,,,,,,,,,,,,,,,,,,,,,,,,,,,,,,,,,,,
DB,ppg,PPG 1244-3 Valor,#a3bcdb,0.7868551980654674,0.052080608378348346,253.93625091594402,163,188,219,"[163, 188, 219]",26%,14%,0%,14%,"[26%, 14%, 0%, 14%]",75.14,-3.64,-18.59,"[75.14, -3.64, -18.59]",https://www.google.com/search?tbm=isch&q=ppg%20PPG%201244-3%20Valor%20color%20swatch,,,,,,,,,,,,,,,,,,,,,,,,,,,,,,,,,,,,,,,,,,,,
DB,ppg,PPG 1244-4 Boudoir Blue,#7ea3d2,0.7059752728252873,0.08037801155088975,254.69836690429395,126,163,210,"[126, 163, 210]",40%,22%,0%,18%,"[40%, 22%, 0%, 18%]",65.60,-4.02,-28.40,"[65.60, -4.02, -28.40]",https://www.google.com/search?tbm=isch&q=ppg%20PPG%201244-4%20Boudoir%20Blue%20color%20swatch,,,,,,,,,,,,,,,,,,,,,,,,,,,,,,,,,,,,,,,,,,,,
DB,ppg,PPG 1244-5 Blueberry Popover,#5488c0,0.6143822887603384,0.10218424665405182,251.44217957487672,84,136,192,"[84, 136, 192]",56%,29%,0%,25%,"[56%, 29%, 0%, 25%]",54.88,-5.24,-35.09,"[54.88, -5.24, -35.09]",https://www.google.com/search?tbm=isch&q=ppg%20PPG%201244-5%20Blueberry%20Popover%20color%20swatch,,,,,,,,,,,,,,,,,,,,,,,,,,,,,,,,,,,,,,,,,,,,
DB,ppg,PPG 1244-6 Nocturne Shade,#356fad,0.532849423540823,0.11518793261350493,252.13937542990834,53,111,173,"[53, 111, 173]",69%,36%,0%,32%,"[69%, 36%, 0%, 32%]",45.25,-3.40,-39.37,"[45.25, -3.40, -39.37]",https://www.google.com/search?tbm=isch&q=ppg%20PPG%201244-6%20Nocturne%20Shade%20color%20swatch,,,,,,,,,,,,,,,,,,,,,,,,,,,,,,,,,,,,,,,,,,,,
DB,ppg,PPG 1244-7 Florentine Lapis,#1c5798,0.4547426538323586,0.12172068211394811,253.8868924475571,28,87,152,"[28, 87, 152]",82%,43%,0%,40%,"[82%, 43%, 0%, 40%]",35.97,-0.03,-41.72,"[35.97, -0.03, -41.72]",https://www.google.com/search?tbm=isch&q=ppg%20PPG%201244-7%20Florentine%20Lapis%20color%20swatch,,,,,,,,,,,,,,,,,,,,,,,,,,,,,,,,,,,,,,,,,,,,
DB,ppg,PPG 1245-1 Orchid Whisper,#dde0e8,0.9067261689682327,0.011307959150178173,269.5915441233949,221,224,232,"[221, 224, 232]",5%,3%,0%,9%,"[5%, 3%, 0%, 9%]",89.12,0.06,-4.28,"[89.12, 0.06, -4.28]",https://www.google.com/search?tbm=isch&q=ppg%20PPG%201245-1%20Orchid%20Whisper%20color%20swatch,,,,,,,,,,,,,,,,,,,,,,,,,,,,,,,,,,,,,,,,,,,,
DB,ppg,PPG 1245-2 Pale Lilac,#dadee9,0.900769594313259,0.015567691038559523,270.00831059005213,218,222,233,"[218, 222, 233]",6%,5%,0%,9%,"[6%, 5%, 0%, 9%]",88.40,0.14,-5.88,"[88.40, 0.14, -5.88]",https://www.google.com/search?tbm=isch&q=ppg%20PPG%201245-2%20Pale%20Lilac%20color%20swatch,,,,,,,,,,,,,,,,,,,,,,,,,,,,,,,,,,,,,,,,,,,,
DB,ppg,PPG 1245-3 Sweet Emily,#cbd1e1,0.8609141648647503,0.023032950778917743,269.4365815206595,203,209,225,"[203, 209, 225]",10%,7%,0%,12%,"[10%, 7%, 0%, 12%]",83.74,0.19,-8.66,"[83.74, 0.19, -8.66]",https://www.google.com/search?tbm=isch&q=ppg%20PPG%201245-3%20Sweet%20Emily%20color%20swatch,,,,,,,,,,,,,,,,,,,,,,,,,,,,,,,,,,,,,,,,,,,,
DB,ppg,PPG 1245-4 Lilac Sachet,#abb6d7,0.7786728568286783,0.0486417437866724,270.73117740340376,171,182,215,"[171, 182, 215]",20%,15%,0%,16%,"[20%, 15%, 0%, 16%]",74.01,1.29,-18.05,"[74.01, 1.29, -18.05]",https://www.google.com/search?tbm=isch&q=ppg%20PPG%201245-4%20Lilac%20Sachet%20color%20swatch,,,,,,,,,,,,,,,,,,,,,,,,,,,,,,,,,,,,,,,,,,,,
DB,ppg,PPG 1245-5 Blue Hyacinth,#8394c5,0.6716306728752063,0.07551421607491793,269.5165286852455,131,148,197,"[131, 148, 197]",34%,25%,0%,23%,"[34%, 25%, 0%, 23%]",61.36,2.65,-27.63,"[61.36, 2.65, -27.63]",https://www.google.com/search?tbm=isch&q=ppg%20PPG%201245-5%20Blue%20Hyacinth%20color%20swatch,,,,,,,,,,,,,,,,,,,,,,,,,,,,,,,,,,,,,,,,,,,,
DB,ppg,PPG 1245-6 King's Robe,#6274ab,0.5676797603264201,0.08807160545622805,269.62631712553457,98,116,171,"[98, 116, 171]",43%,32%,0%,33%,"[43%, 32%, 0%, 33%]",49.14,4.34,-31.92,"[49.14, 4.34, -31.92]",https://www.google.com/search?tbm=isch&q=ppg%20PPG%201245-6%20King's%20Robe%20color%20swatch,,,,,,,,,,,,,,,,,,,,,,,,,,,,,,,,,,,,,,,,,,,,
DB,ppg,PPG 1245-7 Crushed Velvet,#445397,0.4641118068422975,0.11150117732376953,272.04590653509695,68,83,151,"[68, 83, 151]",55%,45%,0%,41%,"[55%, 45%, 0%, 41%]",36.67,10.03,-39.86,"[36.67, 10.03, -39.86]",https://www.google.com/search?tbm=isch&q=ppg%20PPG%201245-7%20Crushed%20Velvet%20color%20swatch,,,,,,,,,,,,,,,,,,,,,,,,,,,,,,,,,,,,,,,,,,,,
DB,ppg,PPG 1246-1 Violet Ice,#dee2ec,0.9126544952306268,0.014215591392128631,268.52209769932824,222,226,236,"[222, 226, 236]",6%,4%,0%,7%,"[6%, 4%, 0%, 7%]",89.79,-0.00,-5.37,"[89.79, -0.00, -5.37]",https://www.google.com/search?tbm=isch&q=ppg%20PPG%201246-1%20Violet%20Ice%20color%20swatch,,,,,,,,,,,,,,,,,,,,,,,,,,,,,,,,,,,,,,,,,,,,
DB,ppg,PPG 1246-2 Weeping Wisteria,#d7ddec,0.8974364704900274,0.02147704143204212,268.4414311172053,215,221,236,"[215, 221, 236]",9%,6%,0%,7%,"[9%, 6%, 0%, 7%]",87.99,0.04,-8.09,"[87.99, 0.04, -8.09]",https://www.google.com/search?tbm=isch&q=ppg%20PPG%201246-2%20Weeping%20Wisteria%20color%20swatch,,,,,,,,,,,,,,,,,,,,,,,,,,,,,,,,,,,,,,,,,,,,
DB,ppg,PPG 1246-3 Globe Thistle,#c9d1e9,0.8620091704133462,0.03434155419051196,271.0115087360109,201,209,233,"[201, 209, 233]",14%,10%,0%,9%,"[14%, 10%, 0%, 9%]",83.78,0.74,-12.85,"[83.78, 0.74, -12.85]",https://www.google.com/search?tbm=isch&q=ppg%20PPG%201246-3%20Globe%20Thistle%20color%20swatch,,,,,,,,,,,,,,,,,,,,,,,,,,,,,,,,,,,,,,,,,,,,
DB,ppg,PPG 1246-4 French Lilac,#adbae3,0.7927799485662357,0.06007489339865201,271.2142370284712,173,186,227,"[173, 186, 227]",24%,18%,0%,11%,"[24%, 18%, 0%, 11%]",75.55,2.00,-22.20,"[75.55, 2.00, -22.20]",https://www.google.com/search?tbm=isch&q=ppg%20PPG%201246-4%20French%20Lilac%20color%20swatch,,,,,,,,,,,,,,,,,,,,,,,,,,,,,,,,,,,,,,,,,,,,
DB,ppg,PPG 1246-5 Mystic Iris,#8596d2,0.6830711874830843,0.09098177764296629,271.6809000777697,133,150,210,"[133, 150, 210]",37%,29%,0%,18%,"[37%, 29%, 0%, 18%]",62.50,4.88,-33.11,"[62.50, 4.88, -33.11]",https://www.google.com/search?tbm=isch&q=ppg%20PPG%201246-5%20Mystic%20Iris%20color%20swatch,,,,,,,,,,,,,,,,,,,,,,,,,,,,,,,,,,,,,,,,,,,,
DB,ppg,PPG 1246-6 Violets Are Blue,#7487c6,0.6342199982174682,0.09763737785641502,270.62176858853127,116,135,198,"[116, 135, 198]",41%,32%,0%,22%,"[41%, 32%, 0%, 22%]",56.76,5.31,-35.39,"[56.76, 5.31, -35.39]",https://www.google.com/search?tbm=isch&q=ppg%20PPG%201246-6%20Violets%20Are%20Blue%20color%20swatch,,,,,,,,,,,,,,,,,,,,,,,,,,,,,,,,,,,,,,,,,,,,
DB,ppg,PPG 1246-7 Blue Calico,#5868ae,0.5366873339230536,0.1112663094466675,272.4320033546679,88,104,174,"[88, 104, 174]",49%,40%,0%,32%,"[49%, 40%, 0%, 32%]",45.17,9.04,-39.93,"[45.17, 9.04, -39.93]",https://www.google.com/search?tbm=isch&q=ppg%20PPG%201246-7%20Blue%20Calico%20color%20swatch,,,,,,,,,,,,,,,,,,,,,,,,,,,,,,,,,,,,,,,,,,,,
DB,ppg,PPG 1247-1 Orchid Mist,#e8e6e8,0.9270585697490317,0.003409440657778094,326.1881678692457,232,230,232,"[232, 230, 232]",0%,1%,0%,9%,"[0%, 1%, 0%, 9%]",91.49,0.97,-0.71,"[91.49, 0.97, -0.71]",https://www.google.com/search?tbm=isch&q=ppg%20PPG%201247-1%20Orchid%20Mist%20color%20swatch,,,,,,,,,,,,,,,,,,,,,,,,,,,,,,,,,,,,,,,,,,,,
DB,ppg,PPG 1247-2 Guardian Angel,#e4e1ea,0.9146970437000905,0.01247790902888231,301.3989204477923,228,225,234,"[228, 225, 234]",3%,4%,0%,8%,"[3%, 4%, 0%, 8%]",89.96,2.27,-4.01,"[89.96, 2.27, -4.01]",https://www.google.com/search?tbm=isch&q=ppg%20PPG%201247-2%20Guardian%20Angel%20color%20swatch,,,,,,,,,,,,,,,,,,,,,,,,,,,,,,,,,,,,,,,,,,,,
DB,ppg,PPG 1247-3 Misty Violet,#dbd7e4,0.8861624832913788,0.018104727013570302,300.1178832367593,219,215,228,"[219, 215, 228]",4%,6%,0%,11%,"[4%, 6%, 0%, 11%]",86.59,3.19,-5.89,"[86.59, 3.19, -5.89]",https://www.google.com/search?tbm=isch&q=ppg%20PPG%201247-3%20Misty%20Violet%20color%20swatch,,,,,,,,,,,,,,,,,,,,,,,,,,,,,,,,,,,,,,,,,,,,
DB,ppg,PPG 1247-4 Purple Dragon,#c6bedd,0.8178665321189478,0.04382999357915403,297.26490061601976,198,190,221,"[198, 190, 221]",10%,14%,0%,13%,"[10%, 14%, 0%, 13%]",78.38,7.35,-14.49,"[78.38, 7.35, -14.49]",https://www.google.com/search?tbm=isch&q=ppg%20PPG%201247-4%20Purple%20Dragon%20color%20swatch,,,,,,,,,,,,,,,,,,,,,,,,,,,,,,,,,,,,,,,,,,,,
DB,ppg,PPG 1247-5 Grape Arbor,#a598c7,0.7073585311719767,0.06901957832390107,297.30495939397383,165,152,199,"[165, 152, 199]",17%,24%,0%,22%,"[17%, 24%, 0%, 22%]",65.23,12.11,-22.55,"[65.23, 12.11, -22.55]",https://www.google.com/search?tbm=isch&q=ppg%20PPG%201247-5%20Grape%20Arbor%20color%20swatch,,,,,,,,,,,,,,,,,,,,,,,,,,,,,,,,,,,,,,,,,,,,
DB,ppg,PPG 1247-6 Purple Rhapsody,#8278ad,0.6022127575758649,0.08012667229057556,292.4899299811716,130,120,173,"[130, 120, 173]",25%,31%,0%,32%,"[25%, 31%, 0%, 32%]",52.91,12.82,-26.99,"[52.91, 12.82, -26.99]",https://www.google.com/search?tbm=isch&q=ppg%20PPG%201247-6%20Purple%20Rhapsody%20color%20swatch,,,,,,,,,,,,,,,,,,,,,,,,,,,,,,,,,,,,,,,,,,,,
DB,ppg,PPG 1247-7 Eggplant,#5a4e88,0.4622507788119763,0.09279542334011893,291.8743898526054,90,78,136,"[90, 78, 136]",34%,43%,0%,47%,"[34%, 43%, 0%, 47%]",36.42,15.91,-31.03,"[36.42, 15.91, -31.03]",https://www.google.com/search?tbm=isch&q=ppg%20PPG%201247-7%20Eggplant%20color%20swatch,,,,,,,,,,,,,,,,,,,,,,,,,,,,,,,,,,,,,,,,,,,,
DB,ppg,PPG 1248-1 Coronation,#edecec,0.9438596307323303,0.0010975520545947067,18.75139838719764,237,236,236,"[237, 236, 236]",0%,0%,0%,7%,"[0%, 0%, 0%, 7%]",93.48,0.35,0.14,"[93.48, 0.35, 0.14]",https://www.google.com/search?tbm=isch&q=ppg%20PPG%201248-1%20Coronation%20color%20swatch,,,,,,,,,,,,,,,,,,,,,,,,,,,,,,,,,,,,,,,,,,,,
DB,ppg,PPG 1248-2 Iris Isle,#e8e5ec,0.9262507252595733,0.009867943501579254,305.5682241102593,232,229,236,"[232, 229, 236]",2%,3%,0%,7%,"[2%, 3%, 0%, 7%]",91.33,1.99,-3.03,"[91.33, 1.99, -3.03]",https://www.google.com/search?tbm=isch&q=ppg%20PPG%201248-2%20Iris%20Isle%20color%20swatch,,,,,,,,,,,,,,,,,,,,,,,,,,,,,,,,,,,,,,,,,,,,
DB,ppg,PPG 1248-3 Velvet Scarf,#e3dfec,0.9105935344365471,0.01798023756755541,300.1321092324904,227,223,236,"[227, 223, 236]",4%,6%,0%,7%,"[4%, 6%, 0%, 7%]",89.43,3.17,-5.85,"[89.43, 3.17, -5.85]",https://www.google.com/search?tbm=isch&q=ppg%20PPG%201248-3%20Velvet%20Scarf%20color%20swatch,,,,,,,,,,,,,,,,,,,,,,,,,,,,,,,,,,,,,,,,,,,,
DB,ppg,PPG 1248-4 Lilac Breeze,#d0c8e6,0.8486114366900581,0.0420684263413428,297.7298662352521,208,200,230,"[208, 200, 230]",10%,13%,0%,10%,"[10%, 13%, 0%, 10%]",81.97,7.12,-13.87,"[81.97, 7.12, -13.87]",https://www.google.com/search?tbm=isch&q=ppg%20PPG%201248-4%20Lilac%20Breeze%20color%20swatch,,,,,,,,,,,,,,,,,,,,,,,,,,,,,,,,,,,,,,,,,,,,
DB,ppg,PPG 1248-5 Puturple,#ada2ce,0.7366086741446743,0.06379342753759916,296.2795847179482,173,162,206,"[173, 162, 206]",16%,21%,0%,19%,"[16%, 21%, 0%, 19%]",68.71,10.76,-21.09,"[68.71, 10.76, -21.09]",https://www.google.com/search?tbm=isch&q=ppg%20PPG%201248-5%20Puturple%20color%20swatch,,,,,,,,,,,,,,,,,,,,,,,,,,,,,,,,,,,,,,,,,,,,
DB,ppg,PPG 1248-6 Magic Carpet,#9488be,0.6573898897444919,0.08014876060651174,294.2974078724146,148,136,190,"[148, 136, 190]",22%,28%,0%,25%,"[22%, 28%, 0%, 25%]",59.31,13.31,-26.70,"[59.31, 13.31, -26.70]",https://www.google.com/search?tbm=isch&q=ppg%20PPG%201248-6%20Magic%20Carpet%20color%20swatch,,,,,,,,,,,,,,,,,,,,,,,,,,,,,,,,,,,,,,,,,,,,
DB,ppg,PPG 1248-7 Reign Over Me,#76679e,0.5502154191711703,0.08540134672488789,296.0219479562877,118,103,158,"[118, 103, 158]",25%,35%,0%,38%,"[25%, 35%, 0%, 38%]",46.75,15.38,-27.88,"[46.75, 15.38, -27.88]",https://www.google.com/search?tbm=isch&q=ppg%20PPG%201248-7%20Reign%20Over%20Me%20color%20swatch,,,,,,,,,,,,,,,,,,,,,,,,,,,,,,,,,,,,,,,,,,,,
DB,ppg,PPG 1249-1 Violet Vogue,#e9e1e8,0.9180505271311591,0.01270201773884488,329.7340014539302,233,225,232,"[233, 225, 232]",0%,3%,0%,9%,"[0%, 3%, 0%, 9%]",90.32,3.73,-2.39,"[90.32, 3.73, -2.39]",https://www.google.com/search?tbm=isch&q=ppg%20PPG%201249-1%20Violet%20Vogue%20color%20swatch,,,,,,,,,,,,,,,,,,,,,,,,,,,,,,,,,,,,,,,,,,,,
DB,ppg,PPG 1249-2 Lavender Vista,#e3d7e5,0.8928726714170974,0.022862049686803863,321.44047332526156,227,215,229,"[227, 215, 229]",1%,6%,0%,10%,"[1%, 6%, 0%, 10%]",87.27,6.12,-5.33,"[87.27, 6.12, -5.33]",https://www.google.com/search?tbm=isch&q=ppg%20PPG%201249-2%20Lavender%20Vista%20color%20swatch,,,,,,,,,,,,,,,,,,,,,,,,,,,,,,,,,,,,,,,,,,,,
DB,ppg,PPG 1249-3 Grape Glimmer,#dccae0,0.8603882422427056,0.03572740174863347,320.1353312099359,220,202,224,"[220, 202, 224]",2%,10%,0%,12%,"[2%, 10%, 0%, 12%]",83.33,9.41,-8.54,"[83.33, 9.41, -8.54]",https://www.google.com/search?tbm=isch&q=ppg%20PPG%201249-3%20Grape%20Glimmer%20color%20swatch,,,,,,,,,,,,,,,,,,,,,,,,,,,,,,,,,,,,,,,,,,,,
DB,ppg,PPG 1249-4 Windsor Purple,#c9afd0,0.7868231664790752,0.054104461971896674,319.0631029838844,201,175,208,"[201, 175, 208]",3%,16%,0%,18%,"[3%, 16%, 0%, 18%]",74.54,14.10,-13.15,"[74.54, 14.10, -13.15]",https://www.google.com/search?tbm=isch&q=ppg%20PPG%201249-4%20Windsor%20Purple%20color%20swatch,,,,,,,,,,,,,,,,,,,,,,,,,,,,,,,,,,,,,,,,,,,,
DB,ppg,PPG 1249-5 Purple Statice,#a885b5,0.6662705456139683,0.07980392816734976,316.7655161653299,168,133,181,"[168, 133, 181]",7%,27%,0%,29%,"[7%, 27%, 0%, 29%]",60.18,20.37,-20.07,"[60.18, 20.37, -20.07]",https://www.google.com/search?tbm=isch&q=ppg%20PPG%201249-5%20Purple%20Statice%20color%20swatch,,,,,,,,,,,,,,,,,,,,,,,,,,,,,,,,,,,,,,,,,,,,
DB,ppg,PPG 1249-6 Grape Popsicle,#9569a3,0.5875160273255773,0.09948962368601304,317.8140866355776,149,105,163,"[149, 105, 163]",9%,36%,0%,36%,"[9%, 36%, 0%, 36%]",50.73,25.96,-24.35,"[50.73, 25.96, -24.35]",https://www.google.com/search?tbm=isch&q=ppg%20PPG%201249-6%20Grape%20Popsicle%20color%20swatch,,,,,,,,,,,,,,,,,,,,,,,,,,,,,,,,,,,,,,,,,,,,
DB,ppg,PPG 1249-7 Cleopatra's Gown,#795088,0.49861007645921207,0.0983726805247347,316.6374863717913,121,80,136,"[121, 80, 136]",11%,41%,0%,47%,"[11%, 41%, 0%, 47%]",40.41,25.48,-24.52,"[40.41, 25.48, -24.52]",https://www.google.com/search?tbm=isch&q=ppg%20PPG%201249-7%20Cleopatra's%20Gown%20color%20swatch,,,,,,,,,,,,,,,,,,,,,,,,,,,,,,,,,,,,,,,,,,,,
DB,ppg,PPG 1250-1 Angora Pink,#ebdfea,0.9163578188186161,0.019564476086442815,328.3913808857633,235,223,234,"[235, 223, 234]",0%,5%,0%,8%,"[0%, 5%, 0%, 8%]",90.03,5.67,-3.83,"[90.03, 5.67, -3.83]",https://www.google.com/search?tbm=isch&q=ppg%20PPG%201250-1%20Angora%20Pink%20color%20swatch,,,,,,,,,,,,,,,,,,,,,,,,,,,,,,,,,,,,,,,,,,,,
DB,ppg,PPG 1250-2 Lilac Frost,#e8deea,0.9120048638385962,0.01931758775894523,320.6669976501223,232,222,234,"[232, 222, 234]",1%,5%,0%,8%,"[1%, 5%, 0%, 8%]",89.54,5.12,-4.59,"[89.54, 5.12, -4.59]",https://www.google.com/search?tbm=isch&q=ppg%20PPG%201250-2%20Lilac%20Frost%20color%20swatch,,,,,,,,,,,,,,,,,,,,,,,,,,,,,,,,,,,,,,,,,,,,
DB,ppg,PPG 1250-3 Syrian Violet,#dfcae4,0.8641965494114335,0.04200107277185242,319.77226731678775,223,202,228,"[223, 202, 228]",2%,11%,0%,11%,"[2%, 11%, 0%, 11%]",83.68,11.02,-10.10,"[83.68, 11.02, -10.10]",https://www.google.com/search?tbm=isch&q=ppg%20PPG%201250-3%20Syrian%20Violet%20color%20swatch,,,,,,,,,,,,,,,,,,,,,,,,,,,,,,,,,,,,,,,,,,,,
DB,ppg,PPG 1250-4 Sea Lavender,#cfb1d8,0.7987692763599475,0.06320929541133725,318.3748037021304,207,177,216,"[207, 177, 216]",4%,18%,0%,15%,"[4%, 18%, 0%, 15%]",75.80,16.35,-15.54,"[75.80, 16.35, -15.54]",https://www.google.com/search?tbm=isch&q=ppg%20PPG%201250-4%20Sea%20Lavender%20color%20swatch,,,,,,,,,,,,,,,,,,,,,,,,,,,,,,,,,,,,,,,,,,,,
DB,ppg,PPG 1250-5 Plum Perfect,#b48ac2,0.69262275783621,0.09264528461771877,317.5488077688352,180,138,194,"[180, 138, 194]",7%,29%,0%,24%,"[7%, 29%, 0%, 24%]",63.05,23.94,-22.91,"[63.05, 23.94, -22.91]",https://www.google.com/search?tbm=isch&q=ppg%20PPG%201250-5%20Plum%20Perfect%20color%20swatch,,,,,,,,,,,,,,,,,,,,,,,,,,,,,,,,,,,,,,,,,,,,
DB,ppg,PPG 1250-6 Bell Heather,#a475b1,0.6312277976461284,0.10218988110081265,318.8146680890368,164,117,177,"[164, 117, 177]",7%,34%,0%,31%,"[7%, 34%, 0%, 31%]",55.76,26.93,-24.56,"[55.76, 26.93, -24.56]",https://www.google.com/search?tbm=isch&q=ppg%20PPG%201250-6%20Bell%20Heather%20color%20swatch,,,,,,,,,,,,,,,,,,,,,,,,,,,,,,,,,,,,,,,,,,,,
DB,ppg,PPG 1250-7 Royal Lilac,#835995,0.5324896299516667,0.10268459502463861,315.28702775339855,131,89,149,"[131, 89, 149]",12%,40%,0%,42%,"[12%, 40%, 0%, 42%]",44.28,26.16,-26.23,"[44.28, 26.16, -26.23]",https://www.google.com/search?tbm=isch&q=ppg%20PPG%201250-7%20Royal%20Lilac%20color%20swatch,,,,,,,,,,,,,,,,,,,,,,,,,,,,,,,,,,,,,,,,,,,,
DB,ppg,PPG 1251-1 Dream Dust,#ebe2e8,0.9215939268588256,0.012575351609837403,337.70597681969434,235,226,232,"[235, 226, 232]",0%,4%,1%,8%,"[0%, 4%, 1%, 8%]",90.73,3.95,-1.77,"[90.73, 3.95, -1.77]",https://www.google.com/search?tbm=isch&q=ppg%20PPG%201251-1%20Dream%20Dust%20color%20swatch,,,,,,,,,,,,,,,,,,,,,,,,,,,,,,,,,,,,,,,,,,,,
DB,ppg,PPG 1251-2 Tiara,#eae0e8,0.916903368240298,0.015173431917190438,332.3875882735838,234,224,232,"[234, 224, 232]",0%,4%,1%,8%,"[0%, 4%, 1%, 8%]",90.15,4.57,-2.63,"[90.15, 4.57, -2.63]",https://www.google.com/search?tbm=isch&q=ppg%20PPG%201251-2%20Tiara%20color%20swatch,,,,,,,,,,,,,,,,,,,,,,,,,,,,,,,,,,,,,,,,,,,,
DB,ppg,PPG 1251-3 Sonora Rose,#e8d2e3,0.8867859220113754,0.03315989691981898,333.6601663400795,232,210,227,"[232, 210, 227]",0%,9%,2%,9%,"[0%, 9%, 2%, 9%]",86.41,10.07,-5.47,"[86.41, 10.07, -5.47]",https://www.google.com/search?tbm=isch&q=ppg%20PPG%201251-3%20Sonora%20Rose%20color%20swatch,,,,,,,,,,,,,,,,,,,,,,,,,,,,,,,,,,,,,,,,,,,,
DB,ppg,PPG 1251-4 Pink Peony,#e1bed9,0.8397264579872215,0.053472390208944356,334.0833375013151,225,190,217,"[225, 190, 217]",0%,16%,4%,12%,"[0%, 16%, 4%, 12%]",80.67,16.25,-8.66,"[80.67, 16.25, -8.66]",https://www.google.com/search?tbm=isch&q=ppg%20PPG%201251-4%20Pink%20Peony%20color%20swatch,,,,,,,,,,,,,,,,,,,,,,,,,,,,,,,,,,,,,,,,,,,,
DB,ppg,PPG 1251-5 Moorland Heather,#cc94be,0.7334831812674362,0.08714536815459653,335.7823984448959,204,148,190,"[204, 148, 190]",0%,27%,7%,20%,"[0%, 27%, 7%, 20%]",67.86,26.65,-13.14,"[67.86, 26.65, -13.14]",https://www.google.com/search?tbm=isch&q=ppg%20PPG%201251-5%20Moorland%20Heather%20color%20swatch,,,,,,,,,,,,,,,,,,,,,,,,,,,,,,,,,,,,,,,,,,,,
DB,ppg,PPG 1251-6 Mulberry Bush,#ad6ea0,0.6219196929299966,0.10391659681266562,334.5966040065035,173,110,160,"[173, 110, 160]",0%,36%,8%,32%,"[0%, 36%, 8%, 32%]",54.67,31.39,-16.31,"[54.67, 31.39, -16.31]",https://www.google.com/search?tbm=isch&q=ppg%20PPG%201251-6%20Mulberry%20Bush%20color%20swatch,,,,,,,,,,,,,,,,,,,,,,,,,,,,,,,,,,,,,,,,,,,,
DB,ppg,PPG 1251-7 Grape Juice,#905284,0.5280806804348984,0.1063481042155396,334.49824570048906,144,82,132,"[144, 82, 132]",0%,43%,8%,44%,"[0%, 43%, 8%, 44%]",43.73,32.02,-16.70,"[43.73, 32.02, -16.70]",https://www.google.com/search?tbm=isch&q=ppg%20PPG%201251-7%20Grape%20Juice%20color%20swatch,,,,,,,,,,,,,,,,,,,,,,,,,,,,,,,,,,,,,,,,,,,,
DB,ppg,PPG 1252-1 Lavender Pearl,#ede5e8,0.9290310053531528,0.009525476193650101,352.59081213413106,237,229,232,"[237, 229, 232]",0%,3%,2%,7%,"[0%, 3%, 2%, 7%]",91.64,3.20,-0.44,"[91.64, 3.20, -0.44]",https://www.google.com/search?tbm=isch&q=ppg%20PPG%201252-1%20Lavender%20Pearl%20color%20swatch,,,,,,,,,,,,,,,,,,,,,,,,,,,,,,,,,,,,,,,,,,,,
DB,ppg,PPG 1252-2 Heaven Sent,#eee1eb,0.9229429135977338,0.019335384466268014,333.5873605707279,238,225,235,"[238, 225, 235]",0%,5%,1%,7%,"[0%, 5%, 1%, 7%]",90.80,5.88,-3.21,"[90.80, 5.88, -3.21]",https://www.google.com/search?tbm=isch&q=ppg%20PPG%201252-2%20Heaven%20Sent%20color%20swatch,,,,,,,,,,,,,,,,,,,,,,,,,,,,,,,,,,,,,,,,,,,,
DB,ppg,PPG 1252-3 Desert Dawn,#eddbe8,0.9096974442430111,0.02613594525284319,335.5579086118844,237,219,232,"[237, 219, 232]",0%,8%,2%,7%,"[0%, 8%, 2%, 7%]",89.17,8.06,-4.02,"[89.17, 8.06, -4.02]",https://www.google.com/search?tbm=isch&q=ppg%20PPG%201252-3%20Desert%20Dawn%20color%20swatch,,,,,,,,,,,,,,,,,,,,,,,,,,,,,,,,,,,,,,,,,,,,
DB,ppg,PPG 1252-4 Sweet Alyssum,#e7c2de,0.8542085125305625,0.055800787990714286,334.6998481266944,231,194,222,"[231, 194, 222]",0%,16%,4%,9%,"[0%, 16%, 4%, 9%]",82.32,17.04,-8.83,"[82.32, 17.04, -8.83]",https://www.google.com/search?tbm=isch&q=ppg%20PPG%201252-4%20Sweet%20Alyssum%20color%20swatch,,,,,,,,,,,,,,,,,,,,,,,,,,,,,,,,,,,,,,,,,,,,
DB,ppg,PPG 1252-5 Chateau Rose,#dba3ce,0.7810655260007746,0.08673879794720357,334.9109626136476,219,163,206,"[219, 163, 206]",0%,26%,6%,14%,"[0%, 26%, 6%, 14%]",73.39,26.39,-13.54,"[73.39, 26.39, -13.54]",https://www.google.com/search?tbm=isch&q=ppg%20PPG%201252-5%20Chateau%20Rose%20color%20swatch,,,,,,,,,,,,,,,,,,,,,,,,,,,,,,,,,,,,,,,,,,,,
DB,ppg,PPG 1252-6 Daphne Rose,#c37cb3,0.6782376243434508,0.11336980299735312,335.4167133421985,195,124,179,"[195, 124, 179]",0%,36%,8%,24%,"[0%, 36%, 8%, 24%]",61.07,34.43,-17.26,"[61.07, 34.43, -17.26]",https://www.google.com/search?tbm=isch&q=ppg%20PPG%201252-6%20Daphne%20Rose%20color%20swatch,,,,,,,,,,,,,,,,,,,,,,,,,,,,,,,,,,,,,,,,,,,,
DB,ppg,PPG 1252-7 Bermuda Onion,#9d5a8f,0.562293218152433,0.1122133515973868,335.14685277266835,157,90,143,"[157, 90, 143]",0%,43%,9%,38%,"[0%, 43%, 9%, 38%]",47.62,33.92,-17.20,"[47.62, 33.92, -17.20]",https://www.google.com/search?tbm=isch&q=ppg%20PPG%201252-7%20Bermuda%20Onion%20color%20swatch,,,,,,,,,,,,,,,,,,,,,,,,,,,,,,,,,,,,,,,,,,,,
DB,ppg,PPG 10-01 Oceania,#425a65,0.4524457373445951,0.03406798581438976,227.84165899706,66,90,101,"[66, 90, 101]",35%,11%,0%,60%,"[35%, 11%, 0%, 60%]",36.61,-7.13,-9.43,"[36.61, -7.13, -9.43]",https://www.google.com/search?tbm=isch&q=ppg%20PPG%2010-01%20Oceania%20color%20swatch,,,,,,,,,,,,,,,,,,,,,,,,,,,,,,,,,,,,,,,,,,,,
DB,ppg,PPG 10-02 Sorcerer's Spell,#657d85,0.5735501501511958,0.03042471529383514,220.05064316567484,101,125,133,"[101, 125, 133]",24%,6%,0%,48%,"[24%, 6%, 0%, 48%]",50.71,-7.57,-7.39,"[50.71, -7.57, -7.39]",https://www.google.com/search?tbm=isch&q=ppg%20PPG%2010-02%20Sorcerer's%20Spell%20color%20swatch,,,,,,,,,,,,,,,,,,,,,,,,,,,,,,,,,,,,,,,,,,,,
DB,ppg,PPG 10-03 Twilight Stroll,#71898d,0.6126467466924461,0.02813406629895683,208.7225777062738,113,137,141,"[113, 137, 141]",20%,3%,0%,45%,"[20%, 3%, 0%, 45%]",55.30,-8.21,-5.16,"[55.30, -8.21, -5.16]",https://www.google.com/search?tbm=isch&q=ppg%20PPG%2010-03%20Twilight%20Stroll%20color%20swatch,,,,,,,,,,,,,,,,,,,,,,,,,,,,,,,,,,,,,,,,,,,,
DB,ppg,PPG 10-04 Polaris,#a0aead,0.7395435755565701,0.01573967642491363,191.54737549627907,160,174,173,"[160, 174, 173]",8%,0%,1%,32%,"[8%, 0%, 1%, 32%]",69.96,-5.22,-1.24,"[69.96, -5.22, -1.24]",https://www.google.com/search?tbm=isch&q=ppg%20PPG%2010-04%20Polaris%20color%20swatch,,,,,,,,,,,,,,,,,,,,,,,,,,,,,,,,,,,,,,,,,,,,
DB,ppg,PPG 10-05 Oyster White,#e8e5db,0.9214886243198892,0.01380103077031537,92.93603382038424,232,229,219,"[232, 229, 219]",0%,1%,6%,9%,"[0%, 1%, 6%, 9%]",90.97,-0.23,5.28,"[90.97, -0.23, 5.28]",https://www.google.com/search?tbm=isch&q=ppg%20PPG%2010-05%20Oyster%20White%20color%20swatch,,,,,,,,,,,,,,,,,,,,,,,,,,,,,,,,,,,,,,,,,,,,
DB,ppg,PPG 10-06 Thunderbolt,#7c8783,0.6131084435323982,0.014204905183040703,171.97690390728746,124,135,131,"[124, 135, 131]",8%,0%,3%,47%,"[8%, 0%, 3%, 47%]",55.31,-4.79,0.71,"[55.31, -4.79, 0.71]",https://www.google.com/search?tbm=isch&q=ppg%20PPG%2010-06%20Thunderbolt%20color%20swatch,,,,,,,,,,,,,,,,,,,,,,,,,,,,,,,,,,,,,,,,,,,,
DB,ppg,PPG 10-07 Bay Of Fundy,#cdd2c9,0.8573453045995266,0.013407349501691227,130.6818542117844,205,210,201,"[205, 210, 201]",2%,0%,4%,18%,"[2%, 0%, 4%, 18%]",83.61,-2.98,3.86,"[83.61, -2.98, 3.86]",https://www.google.com/search?tbm=isch&q=ppg%20PPG%2010-07%20Bay%20Of%20Fundy%20color%20swatch,,,,,,,,,,,,,,,,,,,,,,,,,,,,,,,,,,,,,,,,,,,,
DB,ppg,PPG 10-08 Gale Force,#bfc8c3,0.8243497414707008,0.012030988966843207,161.83729767672457,191,200,195,"[191, 200, 195]",4%,0%,3%,22%,"[4%, 0%, 3%, 22%]",79.79,-3.89,1.39,"[79.79, -3.89, 1.39]",https://www.google.com/search?tbm=isch&q=ppg%20PPG%2010-08%20Gale%20Force%20color%20swatch,,,,,,,,,,,,,,,,,,,,,,,,,,,,,,,,,,,,,,,,,,,,
DB,ppg,PPG 10-09 Soothing Sapphire,#48545d,0.4388319499295781,0.021218332673885953,240.42601940214217,72,84,93,"[72, 84, 93]",23%,10%,0%,64%,"[23%, 10%, 0%, 64%]",34.92,-3.21,-6.92,"[34.92, -3.21, -6.92]",https://www.google.com/search?tbm=isch&q=ppg%20PPG%2010-09%20Soothing%20Sapphire%20color%20swatch,,,,,,,,,,,,,,,,,,,,,,,,,,,,,,,,,,,,,,,,,,,,
DB,ppg,PPG 10-10 Hatteras Gray,#5c707e,0.5340560269102356,0.03241165156271507,238.73250566544698,92,112,126,"[92, 112, 126]",27%,11%,0%,51%,"[27%, 11%, 0%, 51%]",45.99,-5.08,-10.35,"[45.99, -5.08, -10.35]",https://www.google.com/search?tbm=isch&q=ppg%20PPG%2010-10%20Hatteras%20Gray%20color%20swatch,,,,,,,,,,,,,,,,,,,,,,,,,,,,,,,,,,,,,,,,,,,,
DB,ppg,PPG 10-11 Seastone,#8398a4,0.6672777458189825,0.029753448197895268,232.90515620383417,131,152,164,"[131, 152, 164]",20%,7%,0%,36%,"[20%, 7%, 0%, 36%]",61.49,-5.69,-8.93,"[61.49, -5.69, -8.93]",https://www.google.com/search?tbm=isch&q=ppg%20PPG%2010-11%20Seastone%20color%20swatch,,,,,,,,,,,,,,,,,,,,,,,,,,,,,,,,,,,,,,,,,,,,
DB,ppg,PPG 10-12 Cool Gray,#c3d0d8,0.8500826531061935,0.01800198868570195,234.50438112024028,195,208,216,"[195, 208, 216]",10%,4%,0%,15%,"[10%, 4%, 0%, 15%]",82.66,-3.39,-5.56,"[82.66, -3.39, -5.56]",https://www.google.com/search?tbm=isch&q=ppg%20PPG%2010-12%20Cool%20Gray%20color%20swatch,,,,,,,,,,,,,,,,,,,,,,,,,,,,,,,,,,,,,,,,,,,,
DB,ppg,PPG 10-13 Foretell,#a3aeb4,0.7439989584335885,0.015089113886802692,231.24208476828824,163,174,180,"[163, 174, 180]",9%,3%,0%,29%,"[9%, 3%, 0%, 29%]",70.36,-3.09,-4.47,"[70.36, -3.09, -4.47]",https://www.google.com/search?tbm=isch&q=ppg%20PPG%2010-13%20Foretell%20color%20swatch,,,,,,,,,,,,,,,,,,,,,,,,,,,,,,,,,,,,,,,,,,,,
DB,ppg,PPG 10-14 Stormy,#b0bcc3,0.788033202468862,0.01660150588368245,233.04914557770758,176,188,195,"[176, 188, 195]",10%,4%,0%,24%,"[10%, 4%, 0%, 24%]",75.46,-3.25,-5.04,"[75.46, -3.25, -5.04]",https://www.google.com/search?tbm=isch&q=ppg%20PPG%2010-14%20Stormy%20color%20swatch,,,,,,,,,,,,,,,,,,,,,,,,,,,,,,,,,,,,,,,,,,,,
DB,ppg,PPG 10-15 Quest,#bdc1c1,0.8077703722758398,0.004433669781280018,196.7333077836222,189,193,193,"[189, 193, 193]",2%,0%,0%,24%,"[2%, 0%, 0%, 24%]",77.75,-1.43,-0.50,"[77.75, -1.43, -0.50]",https://www.google.com/search?tbm=isch&q=ppg%20PPG%2010-15%20Quest%20color%20swatch,,,,,,,,,,,,,,,,,,,,,,,,,,,,,,,,,,,,,,,,,,,,
DB,ppg,PPG 10-16 Artifact,#69808b,0.5855305901935594,0.031541904723854576,228.44158747533095,105,128,139,"[105, 128, 139]",24%,8%,0%,45%,"[24%, 8%, 0%, 45%]",52.04,-6.65,-8.87,"[52.04, -6.65, -8.87]",https://www.google.com/search?tbm=isch&q=ppg%20PPG%2010-16%20Artifact%20color%20swatch,,,,,,,,,,,,,,,,,,,,,,,,,,,,,,,,,,,,,,,,,,,,
DB,ppg,PPG 10-17 Blue Opal,#bbc6d9,0.82401193466707,0.029259660055345457,261.4714873614373,187,198,217,"[187, 198, 217]",14%,9%,0%,15%,"[14%, 9%, 0%, 15%]",79.47,-1.04,-10.86,"[79.47, -1.04, -10.86]",https://www.google.com/search?tbm=isch&q=ppg%20PPG%2010-17%20Blue%20Opal%20color%20swatch,,,,,,,,,,,,,,,,,,,,,,,,,,,,,,,,,,,,,,,,,,,,
DB,ppg,PPG 10-18 Debonaire,#cbd0dd,0.8576412368532907,0.01874521300231934,269.0909174526365,203,208,221,"[203, 208, 221]",8%,6%,0%,13%,"[8%, 6%, 0%, 13%]",83.38,0.09,-7.06,"[83.38, 0.09, -7.06]",https://www.google.com/search?tbm=isch&q=ppg%20PPG%2010-18%20Debonaire%20color%20swatch,,,,,,,,,,,,,,,,,,,,,,,,,,,,,,,,,,,,,,,,,,,,
DB,ppg,PPG 10-19 Favorite Flannel,#70777e,0.5656763945591039,0.013692889311917847,248.0581736673305,112,119,126,"[112, 119, 126]",11%,6%,0%,51%,"[11%, 6%, 0%, 51%]",49.61,-1.59,-4.80,"[49.61, -1.59, -4.80]",https://www.google.com/search?tbm=isch&q=ppg%20PPG%2010-19%20Favorite%20Flannel%20color%20swatch,,,,,,,,,,,,,,,,,,,,,,,,,,,,,,,,,,,,,,,,,,,,
DB,ppg,PPG 10-20 Coast Of Maine,#939da9,0.6918492508804165,0.020992374898250385,252.93569232922096,147,157,169,"[147, 157, 169]",13%,7%,0%,34%,"[13%, 7%, 0%, 34%]",64.22,-1.82,-7.56,"[64.22, -1.82, -7.56]",https://www.google.com/search?tbm=isch&q=ppg%20PPG%2010-20%20Coast%20Of%20Maine%20color%20swatch,,,,,,,,,,,,,,,,,,,,,,,,,,,,,,,,,,,,,,,,,,,,
DB,ppg,PPG 10-21 Acceleration,#808ea1,0.6419748489170888,0.032806571179908726,256.0574422717393,128,142,161,"[128, 142, 161]",20%,12%,0%,37%,"[20%, 12%, 0%, 37%]",58.37,-2.04,-11.89,"[58.37, -2.04, -11.89]",https://www.google.com/search?tbm=isch&q=ppg%20PPG%2010-21%20Acceleration%20color%20swatch,,,,,,,,,,,,,,,,,,,,,,,,,,,,,,,,,,,,,,,,,,,,
DB,ppg,PPG 10-22 License To Dream,#667486,0.553894179649808,0.03269985497613963,254.7858095106434,102,116,134,"[102, 116, 134]",24%,13%,0%,47%,"[24%, 13%, 0%, 47%]",48.16,-2.20,-11.75,"[48.16, -2.20, -11.75]",https://www.google.com/search?tbm=isch&q=ppg%20PPG%2010-22%20License%20To%20Dream%20color%20swatch,,,,,,,,,,,,,,,,,,,,,,,,,,,,,,,,,,,,,,,,,,,,
DB,ppg,PPG 10-23 Aster Petal,#d4dae2,0.886112511124618,0.012734083304785438,255.51483013295763,212,218,226,"[212, 218, 226]",6%,4%,0%,11%,"[6%, 4%, 0%, 11%]",86.76,-0.98,-4.67,"[86.76, -0.98, -4.67]",https://www.google.com/search?tbm=isch&q=ppg%20PPG%2010-23%20Aster%20Petal%20color%20swatch,,,,,,,,,,,,,,,,,,,,,,,,,,,,,,,,,,,,,,,,,,,,
DB,ppg,PPG 10-24 Inevitable,#9daab9,0.7326175034322768,0.026188317783228405,251.9610841040901,157,170,185,"[157, 170, 185]",15%,8%,0%,27%,"[15%, 8%, 0%, 27%]",68.94,-2.37,-9.36,"[68.94, -2.37, -9.36]",https://www.google.com/search?tbm=isch&q=ppg%20PPG%2010-24%20Inevitable%20color%20swatch,,,,,,,,,,,,,,,,,,,,,,,,,,,,,,,,,,,,,,,,,,,,
DB,ppg,PPG 10-25 Winter's Breath,#d4dddd,0.8906759442436755,0.009707914651446253,196.81198941257833,212,221,221,"[212, 221, 221]",4%,0%,0%,13%,"[4%, 0%, 0%, 13%]",87.42,-3.13,-1.10,"[87.42, -3.13, -1.10]",https://www.google.com/search?tbm=isch&q=ppg%20PPG%2010-25%20Winter's%20Breath%20color%20swatch,,,,,,,,,,,,,,,,,,,,,,,,,,,,,,,,,,,,,,,,,,,,
DB,ppg,PPG 10-26 Simply Elegant,#cedde7,0.8892426159347945,0.021199462638405303,236.75542112192352,206,221,231,"[206, 221, 231]",11%,4%,0%,9%,"[11%, 4%, 0%, 9%]",87.20,-3.74,-6.72,"[87.20, -3.74, -6.72]",https://www.google.com/search?tbm=isch&q=ppg%20PPG%2010-26%20Simply%20Elegant%20color%20swatch,,,,,,,,,,,,,,,,,,,,,,,,,,,,,,,,,,,,,,,,,,,,
DB,ppg,PPG 10-27 Tradewinds,#cfdce0,0.8858217320421067,0.015052309539869128,217.98223322032186,207,220,224,"[207, 220, 224]",8%,2%,0%,12%,"[8%, 2%, 0%, 12%]",86.85,-3.95,-3.54,"[86.85, -3.95, -3.54]",https://www.google.com/search?tbm=isch&q=ppg%20PPG%2010-27%20Tradewinds%20color%20swatch,,,,,,,,,,,,,,,,,,,,,,,,,,,,,,,,,,,,,,,,,,,,
DB,ppg,PPG 10-28 Peace,#a2b2bd,0.7546364777536972,0.023826221849625902,237.7366408096409,162,178,189,"[162, 178, 189]",14%,6%,0%,26%,"[14%, 6%, 0%, 26%]",71.58,-4.04,-7.61,"[71.58, -4.04, -7.61]",https://www.google.com/search?tbm=isch&q=ppg%20PPG%2010-28%20Peace%20color%20swatch,,,,,,,,,,,,,,,,,,,,,,,,,,,,,,,,,,,,,,,,,,,,
DB,ppg,PPG 10-29 Dusty Aqua,#a2b5ab,0.7555199105958637,0.02534048676872136,162.85347939092935,162,181,171,"[162, 181, 171]",10%,0%,6%,29%,"[10%, 0%, 6%, 29%]",71.98,-8.28,2.77,"[71.98, -8.28, 2.77]",https://www.google.com/search?tbm=isch&q=ppg%20PPG%2010-29%20Dusty%20Aqua%20color%20swatch,,,,,,,,,,,,,,,,,,,,,,,,,,,,,,,,,,,,,,,,,,,,
DB,ppg,PPG 10-30 Niagara Mist,#bcc8ba,0.819552869260541,0.023335472163265095,141.15469549510203,188,200,186,"[188, 200, 186]",6%,0%,7%,22%,"[6%, 0%, 7%, 22%]",79.37,-6.19,5.55,"[79.37, -6.19, 5.55]",https://www.google.com/search?tbm=isch&q=ppg%20PPG%2010-30%20Niagara%20Mist%20color%20swatch,,,,,,,,,,,,,,,,,,,,,,,,,,,,,,,,,,,,,,,,,,,,
DB,ppg,PPG 10-31 White Clover,#c4d1c6,0.8476203224583473,0.020624896678397994,149.96979639041808,196,209,198,"[196, 209, 198]",6%,0%,5%,18%,"[6%, 0%, 5%, 18%]",82.60,-6.09,3.89,"[82.60, -6.09, 3.89]",https://www.google.com/search?tbm=isch&q=ppg%20PPG%2010-31%20White%20Clover%20color%20swatch,,,,,,,,,,,,,,,,,,,,,,,,,,,,,,,,,,,,,,,,,,,,
DB,ppg,PPG 10-32 Blue Tang,#2a4b6e,0.4045294201460411,0.07095484364538014,251.24503109592115,42,75,110,"[42, 75, 110]",62%,32%,0%,57%,"[62%, 32%, 0%, 57%]",30.65,-3.50,-24.30,"[30.65, -3.50, -24.30]",https://www.google.com/search?tbm=isch&q=ppg%20PPG%2010-32%20Blue%20Tang%20color%20swatch,,,,,,,,,,,,,,,,,,,,,,,,,,,,,,,,,,,,,,,,,,,,
DB,ppg,PPG 11-01 Demeter,#ecda9e,0.8889687687251036,0.07962726286025427,93.36488693867182,236,218,158,"[236, 218, 158]",0%,8%,33%,7%,"[0%, 8%, 33%, 7%]",87.48,0.03,31.99,"[87.48, 0.03, 31.99]",https://www.google.com/search?tbm=isch&q=ppg%20PPG%2011-01%20Demeter%20color%20swatch,,,,,,,,,,,,,,,,,,,,,,,,,,,,,,,,,,,,,,,,,,,,
DB,ppg,PPG 11-02 Tainted Gold,#ead795,0.8795890974675463,0.08684415400784065,93.93913506185379,234,215,149,"[234, 215, 149]",0%,8%,36%,8%,"[0%, 8%, 36%, 8%]",86.43,-0.07,35.13,"[86.43, -0.07, 35.13]",https://www.google.com/search?tbm=isch&q=ppg%20PPG%2011-02%20Tainted%20Gold%20color%20swatch,,,,,,,,,,,,,,,,,,,,,,,,,,,,,,,,,,,,,,,,,,,,
DB,ppg,PPG 11-03 Grassroots,#d8c475,0.8199498147436921,0.10196097309559175,95.57717017300047,216,196,117,"[216, 196, 117]",0%,9%,46%,15%,"[0%, 9%, 46%, 15%]",79.57,-0.46,42.16,"[79.57, -0.46, 42.16]",https://www.google.com/search?tbm=isch&q=ppg%20PPG%2011-03%20Grassroots%20color%20swatch,,,,,,,,,,,,,,,,,,,,,,,,,,,,,,,,,,,,,,,,,,,,
DB,ppg,PPG 11-04 Country Style,#ccbf88,0.8022728585258146,0.07389348037237696,96.42012861876117,204,191,136,"[204, 191, 136]",0%,6%,33%,20%,"[0%, 6%, 33%, 20%]",77.45,-1.31,29.57,"[77.45, -1.31, 29.57]",https://www.google.com/search?tbm=isch&q=ppg%20PPG%2011-04%20Country%20Style%20color%20swatch,,,,,,,,,,,,,,,,,,,,,,,,,,,,,,,,,,,,,,,,,,,,
DB,ppg,PPG 11-05 Old Times Sake,#b1a26a,0.7119836283741016,0.07666169338701141,94.9003108811554,177,162,106,"[177, 162, 106]",0%,8%,40%,31%,"[0%, 8%, 40%, 31%]",66.94,-0.34,31.22,"[66.94, -0.34, 31.22]",https://www.google.com/search?tbm=isch&q=ppg%20PPG%2011-05%20Old%20Times%20Sake%20color%20swatch,,,,,,,,,,,,,,,,,,,,,,,,,,,,,,,,,,,,,,,,,,,,
DB,ppg,PPG 11-06 Safari Scene,#9d8a50,0.6374023358756605,0.08062114827220378,91.81894232205502,157,138,80,"[157, 138, 80]",0%,12%,49%,38%,"[0%, 12%, 49%, 38%]",58.23,1.55,33.64,"[58.23, 1.55, 33.64]",https://www.google.com/search?tbm=isch&q=ppg%20PPG%2011-06%20Safari%20Scene%20color%20swatch,,,,,,,,,,,,,,,,,,,,,,,,,,,,,,,,,,,,,,,,,,,,
DB,ppg,PPG 11-07 Gobbledygook,#8e824e,0.6050522035088006,0.072606954573908,96.72543321833814,142,130,78,"[142, 130, 78]",0%,8%,45%,44%,"[0%, 8%, 45%, 44%]",54.54,-0.92,29.80,"[54.54, -0.92, 29.80]",https://www.google.com/search?tbm=isch&q=ppg%20PPG%2011-07%20Gobbledygook%20color%20swatch,,,,,,,,,,,,,,,,,,,,,,,,,,,,,,,,,,,,,,,,,,,,
DB,ppg,PPG 11-08 Olive Orchard,#6e6a4c,0.519767228314209,0.0446763317365201,101.3831941759372,110,106,76,"[110, 106, 76]",0%,4%,31%,57%,"[0%, 4%, 31%, 57%]",44.58,-2.21,17.51,"[44.58, -2.21, 17.51]",https://www.google.com/search?tbm=isch&q=ppg%20PPG%2011-08%20Olive%20Orchard%20color%20swatch,,,,,,,,,,,,,,,,,,,,,,,,,,,,,,,,,,,,,,,,,,,,
DB,ppg,PPG 11-09 Misty Moor,#dad7ad,0.8709201964070364,0.055698403096702764,104.08672242306017,218,215,173,"[218, 215, 173]",0%,1%,21%,15%,"[0%, 1%, 21%, 15%]",85.43,-3.96,21.23,"[85.43, -3.96, 21.23]",https://www.google.com/search?tbm=isch&q=ppg%20PPG%2011-09%20Misty%20Moor%20color%20swatch,,,,,,,,,,,,,,,,,,,,,,,,,,,,,,,,,,,,,,,,,,,,
DB,ppg,PPG 11-10 In The Dale,#c8cda0,0.8329730954625686,0.06046139276760951,112.85002113126541,200,205,160,"[200, 205, 160]",2%,0%,22%,20%,"[2%, 0%, 22%, 20%]",81.15,-7.32,21.92,"[81.15, -7.32, 21.92]",https://www.google.com/search?tbm=isch&q=ppg%20PPG%2011-10%20In%20The%20Dale%20color%20swatch,,,,,,,,,,,,,,,,,,,,,,,,,,,,,,,,,,,,,,,,,,,,
DB,ppg,PPG 11-11 Totally Tickled,#e4eab7,0.9198247638916534,0.06688745474557606,113.15472696116962,228,234,183,"[228, 234, 183]",3%,0%,22%,8%,"[3%, 0%, 22%, 8%]",91.29,-8.21,24.19,"[91.29, -8.21, 24.19]",https://www.google.com/search?tbm=isch&q=ppg%20PPG%2011-11%20Totally%20Tickled%20color%20swatch,,,,,,,,,,,,,,,,,,,,,,,,,,,,,,,,,,,,,,,,,,,,
DB,ppg,PPG 11-12 Secret Scribbles,#b7ad6e,0.7414279205173928,0.08372258276730413,100.3454808655988,183,173,110,"[183, 173, 110]",0%,5%,40%,28%,"[0%, 5%, 40%, 28%]",70.48,-3.08,33.71,"[70.48, -3.08, 33.71]",https://www.google.com/search?tbm=isch&q=ppg%20PPG%2011-12%20Secret%20Scribbles%20color%20swatch,,,,,,,,,,,,,,,,,,,,,,,,,,,,,,,,,,,,,,,,,,,,
DB,ppg,PPG 11-13 Sparrow Song,#acb17e,0.7436260215026503,0.06947672273753469,112.6306398542626,172,177,126,"[172, 177, 126]",3%,0%,29%,31%,"[3%, 0%, 29%, 31%]",70.85,-8.05,25.58,"[70.85, -8.05, 25.58]",https://www.google.com/search?tbm=isch&q=ppg%20PPG%2011-13%20Sparrow%20Song%20color%20swatch,,,,,,,,,,,,,,,,,,,,,,,,,,,,,,,,,,,,,,,,,,,,
DB,ppg,PPG 11-14 Leafy Romaine,#949b64,0.6702141677233527,0.07602612011830265,114.37757290488463,148,155,100,"[148, 155, 100]",5%,0%,35%,39%,"[5%, 0%, 35%, 39%]",62.39,-9.32,27.99,"[62.39, -9.32, 27.99]",https://www.google.com/search?tbm=isch&q=ppg%20PPG%2011-14%20Leafy%20Romaine%20color%20swatch,,,,,,,,,,,,,,,,,,,,,,,,,,,,,,,,,,,,,,,,,,,,
DB,ppg,PPG 11-15 Wistful Walk,#848947,0.6107207912376271,0.08930832430036138,112.56320437114675,132,137,71,"[132, 137, 71]",4%,0%,48%,46%,"[4%, 0%, 48%, 46%]",55.53,-9.44,34.42,"[55.53, -9.44, 34.42]",https://www.google.com/search?tbm=isch&q=ppg%20PPG%2011-15%20Wistful%20Walk%20color%20swatch,,,,,,,,,,,,,,,,,,,,,,,,,,,,,,,,,,,,,,,,,,,,
DB,ppg,PPG 11-16 Spinach Salad,#708054,0.5751841058206031,0.06662110244213446,124.67956437406133,112,128,84,"[112, 128, 84]",13%,0%,34%,50%,"[13%, 0%, 34%, 50%]",51.40,-12.11,21.90,"[51.40, -12.11, 21.90]",https://www.google.com/search?tbm=isch&q=ppg%20PPG%2011-16%20Spinach%20Salad%20color%20swatch,,,,,,,,,,,,,,,,,,,,,,,,,,,,,,,,,,,,,,,,,,,,
DB,ppg,PPG 11-17 Mossy Gold,#9c9273,0.6604159302966052,0.04528761444140516,92.28610518676851,156,146,115,"[156, 146, 115]",0%,6%,26%,39%,"[0%, 6%, 26%, 39%]",60.82,0.06,17.92,"[60.82, 0.06, 17.92]",https://www.google.com/search?tbm=isch&q=ppg%20PPG%2011-17%20Mossy%20Gold%20color%20swatch,,,,,,,,,,,,,,,,,,,,,,,,,,,,,,,,,,,,,,,,,,,,
DB,ppg,PPG 11-18 Foggy Beach,#b0a584,0.7226445509446727,0.04734801645633927,91.78754040478299,176,165,132,"[176, 165, 132]",0%,6%,25%,31%,"[0%, 6%, 25%, 31%]",68.04,0.17,18.70,"[68.04, 0.17, 18.70]",https://www.google.com/search?tbm=isch&q=ppg%20PPG%2011-18%20Foggy%20Beach%20color%20swatch,,,,,,,,,,,,,,,,,,,,,,,,,,,,,,,,,,,,,,,,,,,,
DB,ppg,PPG 11-19 Distant Valley,#c2b79a,0.78092352758166,0.04157826513175565,89.70141162218874,194,183,154,"[194, 183, 154]",0%,6%,21%,24%,"[0%, 6%, 21%, 24%]",74.77,0.54,16.30,"[74.77, 0.54, 16.30]",https://www.google.com/search?tbm=isch&q=ppg%20PPG%2011-19%20Distant%20Valley%20color%20swatch,,,,,,,,,,,,,,,,,,,,,,,,,,,,,,,,,,,,,,,,,,,,
DB,ppg,PPG 11-20 Scottish Moor,#adaa96,0.7349374348677233,0.028225389504169158,100.02522405350652,173,170,150,"[173, 170, 150]",0%,2%,13%,32%,"[0%, 2%, 13%, 32%]",69.44,-1.49,10.77,"[69.44, -1.49, 10.77]",https://www.google.com/search?tbm=isch&q=ppg%20PPG%2011-20%20Scottish%20Moor%20color%20swatch,,,,,,,,,,,,,,,,,,,,,,,,,,,,,,,,,,,,,,,,,,,,
DB,ppg,PPG 11-21 Breezeway,#d6dbc0,0.8803579068160395,0.03659684394966213,115.63991592368478,214,219,192,"[214, 219, 192]",2%,0%,12%,14%,"[2%, 0%, 12%, 14%]",86.47,-5.22,12.74,"[86.47, -5.22, 12.74]",https://www.google.com/search?tbm=isch&q=ppg%20PPG%2011-21%20Breezeway%20color%20swatch,,,,,,,,,,,,,,,,,,,,,,,,,,,,,,,,,,,,,,,,,,,,
DB,ppg,PPG 11-22 Northern Landscape,#c5c1a3,0.8062279880753346,0.04102553731449922,100.97175367485914,197,193,163,"[197, 193, 163]",0%,2%,17%,23%,"[0%, 2%, 17%, 23%]",77.80,-2.28,15.72,"[77.80, -2.28, 15.72]",https://www.google.com/search?tbm=isch&q=ppg%20PPG%2011-22%20Northern%20Landscape%20color%20swatch,,,,,,,,,,,,,,,,,,,,,,,,,,,,,,,,,,,,,,,,,,,,
DB,ppg,PPG 11-23 Edamame,#9ca389,0.7025823758893218,0.037632458462254895,119.59244894337388,156,163,137,"[156, 163, 137]",4%,0%,16%,36%,"[4%, 0%, 16%, 36%]",65.88,-6.11,12.69,"[65.88, -6.11, 12.69]",https://www.google.com/search?tbm=isch&q=ppg%20PPG%2011-23%20Edamame%20color%20swatch,,,,,,,,,,,,,,,,,,,,,,,,,,,,,,,,,,,,,,,,,,,,
DB,ppg,PPG 11-24 Smokey Sage,#808677,0.610575041452511,0.023229687882737184,124.85438718084868,128,134,119,"[128, 134, 119]",4%,0%,11%,47%,"[4%, 0%, 11%, 47%]",55.08,-4.46,7.32,"[55.08, -4.46, 7.32]",https://www.google.com/search?tbm=isch&q=ppg%20PPG%2011-24%20Smokey%20Sage%20color%20swatch,,,,,,,,,,,,,,,,,,,,,,,,,,,,,,,,,,,,,,,,,,,,
DB,ppg,PPG 11-25 Plunge Pool,#656457,0.5001642175846608,0.020075548894007658,103.46643168340728,101,100,87,"[101, 100, 87]",0%,1%,14%,60%,"[0%, 1%, 14%, 60%]",42.17,-1.46,7.57,"[42.17, -1.46, 7.57]",https://www.google.com/search?tbm=isch&q=ppg%20PPG%2011-25%20Plunge%20Pool%20color%20swatch,,,,,,,,,,,,,,,,,,,,,,,,,,,,,,,,,,,,,,,,,,,,
DB,ppg,PPG 11-26 Wilderness,#838463,0.6035812776938696,0.0475615903235525,109.17158913800733,131,132,99,"[131, 132, 99]",1%,0%,25%,48%,"[1%, 0%, 25%, 48%]",54.39,-4.67,17.78,"[54.39, -4.67, 17.78]",https://www.google.com/search?tbm=isch&q=ppg%20PPG%2011-26%20Wilderness%20color%20swatch,,,,,,,,,,,,,,,,,,,,,,,,,,,,,,,,,,,,,,,,,,,,
DB,ppg,PPG 11-27 Safari,#d0c6a1,0.8252560691012337,0.050855185025880455,94.66867193160721,208,198,161,"[208, 198, 161]",0%,5%,23%,18%,"[0%, 5%, 23%, 18%]",80.00,-0.75,19.96,"[80.00, -0.75, 19.96]",https://www.google.com/search?tbm=isch&q=ppg%20PPG%2011-27%20Safari%20color%20swatch,,,,,,,,,,,,,,,,,,,,,,,,,,,,,,,,,,,,,,,,,,,,
DB,ppg,PPG 11-28 Only Oregano,#89876a,0.6172060780938174,0.04181078947784353,104.25905441330758,137,135,106,"[137, 135, 106]",0%,1%,23%,46%,"[0%, 1%, 23%, 46%]",55.90,-2.98,15.96,"[55.90, -2.98, 15.96]",https://www.google.com/search?tbm=isch&q=ppg%20PPG%2011-28%20Only%20Oregano%20color%20swatch,,,,,,,,,,,,,,,,,,,,,,,,,,,,,,,,,,,,,,,,,,,,
DB,ppg,PPG 11-29 Green Gray Mist,#afa984,0.7302212981210688,0.05135105507942231,99.83333309207785,175,169,132,"[175, 169, 132]",0%,3%,25%,31%,"[0%, 3%, 25%, 31%]",69.03,-2.25,20.01,"[69.03, -2.25, 20.01]",https://www.google.com/search?tbm=isch&q=ppg%20PPG%2011-29%20Green%20Gray%20Mist%20color%20swatch,,,,,,,,,,,,,,,,,,,,,,,,,,,,,,,,,,,,,,,,,,,,
DB,ppg,PPG 11-30 Lively Ivy,#b3ae87,0.7449227589085756,0.053641256717657446,101.47750865741682,179,174,135,"[179, 174, 135]",0%,3%,25%,30%,"[0%, 3%, 25%, 30%]",70.76,-2.87,20.80,"[70.76, -2.87, 20.80]",https://www.google.com/search?tbm=isch&q=ppg%20PPG%2011-30%20Lively%20Ivy%20color%20swatch,,,,,,,,,,,,,,,,,,,,,,,,,,,,,,,,,,,,,,,,,,,,
DB,ppg,PPG 11-31 Thimbleberry Leaf,#afa97d,0.7287225037939229,0.06038385649382028,101.20415939587099,175,169,125,"[175, 169, 125]",0%,3%,29%,31%,"[0%, 3%, 29%, 31%]",68.91,-2.97,23.62,"[68.91, -2.97, 23.62]",https://www.google.com/search?tbm=isch&q=ppg%20PPG%2011-31%20Thimbleberry%20Leaf%20color%20swatch,,,,,,,,,,,,,,,,,,,,,,,,,,,,,,,,,,,,,,,,,,,,
DB,ppg,PPG 11-32 Tapenade,#9c9369,0.6604256030305808,0.05919363949608644,97.47859886749364,156,147,105,"[156, 147, 105]",0%,6%,33%,39%,"[0%, 6%, 33%, 39%]",60.93,-1.47,23.58,"[60.93, -1.47, 23.58]",https://www.google.com/search?tbm=isch&q=ppg%20PPG%2011-32%20Tapenade%20color%20swatch,,,,,,,,,,,,,,,,,,,,,,,,,,,,,,,,,,,,,,,,,,,,
DB,ppg,PPG 12-01 Corn Silk,#f9e4ae,0.9230374573806338,0.07309839297609888,89.26338696512335,249,228,174,"[249, 228, 174]",0%,8%,30%,2%,"[0%, 8%, 30%, 2%]",91.35,1.65,29.21,"[91.35, 1.65, 29.21]",https://www.google.com/search?tbm=isch&q=ppg%20PPG%2012-01%20Corn%20Silk%20color%20swatch,,,,,,,,,,,,,,,,,,,,,,,,,,,,,,,,,,,,,,,,,,,,
DB,ppg,PPG 12-02 Cordon Bleu,#f0ddbb,0.90433865434293,0.049474404267627205,82.13972740467523,240,221,187,"[240, 221, 187]",0%,8%,22%,6%,"[0%, 8%, 22%, 6%]",89.03,2.88,19.26,"[89.03, 2.88, 19.26]",https://www.google.com/search?tbm=isch&q=ppg%20PPG%2012-02%20Cordon%20Bleu%20color%20swatch,,,,,,,,,,,,,,,,,,,,,,,,,,,,,,,,,,,,,,,,,,,,
DB,ppg,PPG 12-03 Sun Salutation,#e7c26f,0.8289918761591507,0.11054121293933675,85.9455455483112,231,194,111,"[231, 194, 111]",0%,16%,52%,9%,"[0%, 16%, 52%, 9%]",80.41,6.25,46.51,"[80.41, 6.25, 46.51]",https://www.google.com/search?tbm=isch&q=ppg%20PPG%2012-03%20Sun%20Salutation%20color%20swatch,,,,,,,,,,,,,,,,,,,,,,,,,,,,,,,,,,,,,,,,,,,,
DB,ppg,PPG 12-04 Bulletin Board,#d4b57f,0.7875610977776216,0.07921763430806769,81.00125317747882,212,181,127,"[212, 181, 127]",0%,15%,40%,17%,"[0%, 15%, 40%, 17%]",75.49,6.12,31.90,"[75.49, 6.12, 31.90]",https://www.google.com/search?tbm=isch&q=ppg%20PPG%2012-04%20Bulletin%20Board%20color%20swatch,,,,,,,,,,,,,,,,,,,,,,,,,,,,,,,,,,,,,,,,,,,,
DB,ppg,PPG 12-05 Winter Wheat,#f5e4bf,0.9232170021577233,0.05188141399290217,86.23079136051678,245,228,191,"[245, 228, 191]",0%,7%,22%,4%,"[0%, 7%, 22%, 4%]",91.28,1.79,20.35,"[91.28, 1.79, 20.35]",https://www.google.com/search?tbm=isch&q=ppg%20PPG%2012-05%20Winter%20Wheat%20color%20swatch,,,,,,,,,,,,,,,,,,,,,,,,,,,,,,,,,,,,,,,,,,,,
DB,ppg,PPG 12-06 Lira,#e2c28d,0.8291315634873073,0.07804392168551579,79.90502287624867,226,194,141,"[226, 194, 141]",0%,14%,38%,11%,"[0%, 14%, 38%, 11%]",80.30,6.39,31.14,"[80.30, 6.39, 31.14]",https://www.google.com/search?tbm=isch&q=ppg%20PPG%2012-06%20Lira%20color%20swatch,,,,,,,,,,,,,,,,,,,,,,,,,,,,,,,,,,,,,,,,,,,,
DB,ppg,PPG 12-07 Waves Of Grain,#efd7ab,0.8882007199036828,0.06339433422437829,82.55935570024712,239,215,171,"[239, 215, 171]",0%,10%,28%,6%,"[0%, 10%, 28%, 6%]",87.19,3.82,25.00,"[87.19, 3.82, 25.00]",https://www.google.com/search?tbm=isch&q=ppg%20PPG%2012-07%20Waves%20Of%20Grain%20color%20swatch,,,,,,,,,,,,,,,,,,,,,,,,,,,,,,,,,,,,,,,,,,,,
DB,ppg,PPG 12-08 Bold Butterscotch,#e6b570,0.8027584390226773,0.10374280976057598,74.87027271395556,230,181,112,"[230, 181, 112]",0%,21%,51%,10%,"[0%, 21%, 51%, 10%]",77.11,12.37,42.05,"[77.11, 12.37, 42.05]",https://www.google.com/search?tbm=isch&q=ppg%20PPG%2012-08%20Bold%20Butterscotch%20color%20swatch,,,,,,,,,,,,,,,,,,,,,,,,,,,,,,,,,,,,,,,,,,,,
DB,ppg,PPG 12-09 Rice Cake,#f1e7ce,0.9293142088571615,0.03480218619334366,88.75945537756297,241,231,206,"[241, 231, 206]",0%,4%,15%,5%,"[0%, 4%, 15%, 5%]",91.95,0.49,13.51,"[91.95, 0.49, 13.51]",https://www.google.com/search?tbm=isch&q=ppg%20PPG%2012-09%20Rice%20Cake%20color%20swatch,,,,,,,,,,,,,,,,,,,,,,,,,,,,,,,,,,,,,,,,,,,,
DB,ppg,PPG 12-10 Millet,#f0debb,0.9063057309301258,0.050153387718028776,83.94182410818178,240,222,187,"[240, 222, 187]",0%,7%,22%,6%,"[0%, 7%, 22%, 6%]",89.28,2.40,19.61,"[89.28, 2.40, 19.61]",https://www.google.com/search?tbm=isch&q=ppg%20PPG%2012-10%20Millet%20color%20swatch,,,,,,,,,,,,,,,,,,,,,,,,,,,,,,,,,,,,,,,,,,,,
DB,ppg,PPG 12-11 Antique Cream,#e5ca9e,0.8510117293559442,0.06541163755778817,79.76621191222199,229,202,158,"[229, 202, 158]",0%,12%,31%,10%,"[0%, 12%, 31%, 10%]",82.83,5.11,25.72,"[82.83, 5.11, 25.72]",https://www.google.com/search?tbm=isch&q=ppg%20PPG%2012-11%20Antique%20Cream%20color%20swatch,,,,,,,,,,,,,,,,,,,,,,,,,,,,,,,,,,,,,,,,,,,,
DB,ppg,PPG 12-12 True Blonde,#dcc49b,0.8303901408550609,0.06083946269254956,80.92702849360592,220,196,155,"[220, 196, 155]",0%,11%,30%,14%,"[0%, 11%, 30%, 14%]",80.45,4.28,23.94,"[80.45, 4.28, 23.94]",https://www.google.com/search?tbm=isch&q=ppg%20PPG%2012-12%20True%20Blonde%20color%20swatch,,,,,,,,,,,,,,,,,,,,,,,,,,,,,,,,,,,,,,,,,,,,
DB,ppg,PPG 12-13 Camel Tan,#e8dbc4,0.8957906167330999,0.03390198172445622,81.96496926530074,232,219,196,"[232, 219, 196]",0%,6%,16%,9%,"[0%, 6%, 16%, 9%]",88.01,1.85,13.05,"[88.01, 1.85, 13.05]",https://www.google.com/search?tbm=isch&q=ppg%20PPG%2012-13%20Camel%20Tan%20color%20swatch,,,,,,,,,,,,,,,,,,,,,,,,,,,,,,,,,,,,,,,,,,,,
DB,ppg,PPG 12-14 Craftsman Gold,#d3b78b,0.7929135974040226,0.06682398889339251,78.77654621177771,211,183,139,"[211, 183, 139]",0%,13%,34%,17%,"[0%, 13%, 34%, 17%]",76.07,5.73,26.35,"[76.07, 5.73, 26.35]",https://www.google.com/search?tbm=isch&q=ppg%20PPG%2012-14%20Craftsman%20Gold%20color%20swatch,,,,,,,,,,,,,,,,,,,,,,,,,,,,,,,,,,,,,,,,,,,,
DB,ppg,PPG 12-15 Hearth,#e1cca6,0.853110797293851,0.055653374651308186,82.31733376715954,225,204,166,"[225, 204, 166]",0%,9%,26%,12%,"[0%, 9%, 26%, 12%]",83.10,3.34,21.84,"[83.10, 3.34, 21.84]",https://www.google.com/search?tbm=isch&q=ppg%20PPG%2012-15%20Hearth%20color%20swatch,,,,,,,,,,,,,,,,,,,,,,,,,,,,,,,,,,,,,,,,,,,,
DB,ppg,PPG 12-16 Desert Camel,#c2ae88,0.7584044954182979,0.056474024574424686,83.32240329306137,194,174,136,"[194, 174, 136]",0%,10%,30%,24%,"[0%, 10%, 30%, 24%]",72.12,3.20,22.36,"[72.12, 3.20, 22.36]",https://www.google.com/search?tbm=isch&q=ppg%20PPG%2012-16%20Desert%20Camel%20color%20swatch,,,,,,,,,,,,,,,,,,,,,,,,,,,,,,,,,,,,,,,,,,,,
DB,ppg,PPG 12-17 Tuscan Sun,#efd7a7,0.8873781953634392,0.06790491153212089,84.41015457085933,239,215,167,"[239, 215, 167]",0%,10%,30%,6%,"[0%, 10%, 30%, 6%]",87.13,3.45,26.98,"[87.13, 3.45, 26.98]",https://www.google.com/search?tbm=isch&q=ppg%20PPG%2012-17%20Tuscan%20Sun%20color%20swatch,,,,,,,,,,,,,,,,,,,,,,,,,,,,,,,,,,,,,,,,,,,,
DB,ppg,PPG 12-18 Hayloft,#e0c796,0.8389463885007261,0.0701594585631137,83.91337908515737,224,199,150,"[224, 199, 150]",0%,11%,33%,12%,"[0%, 11%, 33%, 12%]",81.50,3.90,28.01,"[81.50, 3.90, 28.01]",https://www.google.com/search?tbm=isch&q=ppg%20PPG%2012-18%20Hayloft%20color%20swatch,,,,,,,,,,,,,,,,,,,,,,,,,,,,,,,,,,,,,,,,,,,,
DB,ppg,PPG 12-19 Antiquity,#c1a87c,0.7427471608605011,0.06599542775396718,81.43095513182573,193,168,124,"[193, 168, 124]",0%,13%,36%,24%,"[0%, 13%, 36%, 24%]",70.29,4.73,26.33,"[70.29, 4.73, 26.33]",https://www.google.com/search?tbm=isch&q=ppg%20PPG%2012-19%20Antiquity%20color%20swatch,,,,,,,,,,,,,,,,,,,,,,,,,,,,,,,,,,,,,,,,,,,,
DB,ppg,PPG 12-20 Canvas Satchel,#ccb88d,0.7889228943856545,0.06188235955615105,85.89144246981459,204,184,141,"[204, 184, 141]",0%,10%,31%,20%,"[0%, 10%, 31%, 20%]",75.71,2.63,24.67,"[75.71, 2.63, 24.67]",https://www.google.com/search?tbm=isch&q=ppg%20PPG%2012-20%20Canvas%20Satchel%20color%20swatch,,,,,,,,,,,,,,,,,,,,,,,,,,,,,,,,,,,,,,,,,,,,
DB,ppg,PPG 12-21 Foothills,#e1cfa5,0.858879268562447,0.058966592355858424,87.53077474456177,225,207,165,"[225, 207, 165]",0%,8%,27%,12%,"[0%, 8%, 27%, 12%]",83.84,1.77,23.36,"[83.84, 1.77, 23.36]",https://www.google.com/search?tbm=isch&q=ppg%20PPG%2012-21%20Foothills%20color%20swatch,,,,,,,,,,,,,,,,,,,,,,,,,,,,,,,,,,,,,,,,,,,,
DB,ppg,PPG 12-22 Appalachian Trail,#cfb989,0.7928630355365534,0.06842338408237468,86.12817760891414,207,185,137,"[207, 185, 137]",0%,11%,34%,19%,"[0%, 11%, 34%, 19%]",76.18,2.96,27.46,"[76.18, 2.96, 27.46]",https://www.google.com/search?tbm=isch&q=ppg%20PPG%2012-22%20Appalachian%20Trail%20color%20swatch,,,,,,,,,,,,,,,,,,,,,,,,,,,,,,,,,,,,,,,,,,,,
DB,ppg,PPG 12-23 Turning Oakleaf,#ede1a8,0.9057513700284462,0.07466490686379254,97.61789821502362,237,225,168,"[237, 225, 168]",0%,5%,29%,7%,"[0%, 5%, 29%, 7%]",89.48,-2.05,29.56,"[89.48, -2.05, 29.56]",https://www.google.com/search?tbm=isch&q=ppg%20PPG%2012-23%20Turning%20Oakleaf%20color%20swatch,,,,,,,,,,,,,,,,,,,,,,,,,,,,,,,,,,,,,,,,,,,,
DB,ppg,PPG 12-24 Gathering Field,#ab8f55,0.6627358623786158,0.08358288220910015,84.41821697664545,171,143,85,"[171, 143, 85]",0%,16%,50%,33%,"[0%, 16%, 50%, 33%]",61.05,5.33,34.80,"[61.05, 5.33, 34.80]",https://www.google.com/search?tbm=isch&q=ppg%20PPG%2012-24%20Gathering%20Field%20color%20swatch,,,,,,,,,,,,,,,,,,,,,,,,,,,,,,,,,,,,,,,,,,,,
DB,ppg,PPG 12-25 To The Rescue,#f4e4c6,0.9239773619011821,0.043240041948814416,83.20029004166167,244,228,198,"[244, 228, 198]",0%,7%,19%,4%,"[0%, 7%, 19%, 4%]",91.31,2.15,16.79,"[91.31, 2.15, 16.79]",https://www.google.com/search?tbm=isch&q=ppg%20PPG%2012-25%20To%20The%20Rescue%20color%20swatch,,,,,,,,,,,,,,,,,,,,,,,,,,,,,,,,,,,,,,,,,,,,
DB,ppg,PPG 12-26 Assateague Sand,#e1d0b2,0.8637686327697754,0.04435265806652737,81.84710101520926,225,208,178,"[225, 208, 178]",0%,8%,21%,12%,"[0%, 8%, 21%, 12%]",84.31,2.62,17.22,"[84.31, 2.62, 17.22]",https://www.google.com/search?tbm=isch&q=ppg%20PPG%2012-26%20Assateague%20Sand%20color%20swatch,,,,,,,,,,,,,,,,,,,,,,,,,,,,,,,,,,,,,,,,,,,,
DB,ppg,PPG 12-27 Soleil,#f0e5c7,0.9228777516467799,0.04133220739820102,90.23361376175654,240,229,199,"[240, 229, 199]",0%,5%,17%,6%,"[0%, 5%, 17%, 6%]",91.24,0.30,16.12,"[91.24, 0.30, 16.12]",https://www.google.com/search?tbm=isch&q=ppg%20PPG%2012-27%20Soleil%20color%20swatch,,,,,,,,,,,,,,,,,,,,,,,,,,,,,,,,,,,,,,,,,,,,
DB,ppg,PPG 12-28 At The Beach,#e7d9b9,0.888372657408345,0.04516613372134792,87.17295581706497,231,217,185,"[231, 217, 185]",0%,6%,20%,9%,"[0%, 6%, 20%, 9%]",87.22,1.23,17.67,"[87.22, 1.23, 17.67]",https://www.google.com/search?tbm=isch&q=ppg%20PPG%2012-28%20At%20The%20Beach%20color%20swatch,,,,,,,,,,,,,,,,,,,,,,,,,,,,,,,,,,,,,,,,,,,,
DB,ppg,PPG 12-29 Ivory Beauty,#e2d0ad,0.8634865283333867,0.050665978643775214,83.92646434511471,226,208,173,"[226, 208, 173]",0%,8%,23%,11%,"[0%, 8%, 23%, 11%]",84.32,2.47,19.85,"[84.32, 2.47, 19.85]",https://www.google.com/search?tbm=isch&q=ppg%20PPG%2012-29%20Ivory%20Beauty%20color%20swatch,,,,,,,,,,,,,,,,,,,,,,,,,,,,,,,,,,,,,,,,,,,,
DB,ppg,PPG 12-30 Baguette,#ceba97,0.7969090617981605,0.05245796607825255,81.55550818786048,206,186,151,"[206, 186, 151]",0%,10%,27%,19%,"[0%, 10%, 27%, 19%]",76.56,3.39,20.56,"[76.56, 3.39, 20.56]",https://www.google.com/search?tbm=isch&q=ppg%20PPG%2012-30%20Baguette%20color%20swatch,,,,,,,,,,,,,,,,,,,,,,,,,,,,,,,,,,,,,,,,,,,,
DB,ppg,PPG 12-31 Neutral Beige,#dfcca6,0.851363036115112,0.054766651347244295,84.49093697701414,223,204,166,"[223, 204, 166]",0%,9%,26%,13%,"[0%, 9%, 26%, 13%]",82.92,2.57,21.56,"[82.92, 2.57, 21.56]",https://www.google.com/search?tbm=isch&q=ppg%20PPG%2012-31%20Neutral%20Beige%20color%20swatch,,,,,,,,,,,,,,,,,,,,,,,,,,,,,,,,,,,,,,,,,,,,
DB,ppg,PPG 12-32 Sandcastle Symphony,#e8d7b8,0.8850188424674773,0.04528249724469263,82.57659494851839,232,215,184,"[232, 215, 184]",0%,7%,21%,9%,"[0%, 7%, 21%, 9%]",86.79,2.47,17.61,"[86.79, 2.47, 17.61]",https://www.google.com/search?tbm=isch&q=ppg%20PPG%2012-32%20Sandcastle%20Symphony%20color%20swatch,,,,,,,,,,,,,,,,,,,,,,,,,,,,,,,,,,,,,,,,,,,,
DB,ppg,PPG 13-01 Pomegranate Punch,#91575d,0.5241217693090713,0.07715259165593678,13.388417490515394,145,87,93,"[145, 87, 93]",0%,40%,36%,43%,"[0%, 40%, 36%, 43%]",43.94,25.18,7.31,"[43.94, 25.18, 7.31]",https://www.google.com/search?tbm=isch&q=ppg%20PPG%2013-01%20Pomegranate%20Punch%20color%20swatch,,,,,,,,,,,,,,,,,,,,,,,,,,,,,,,,,,,,,,,,,,,,
DB,ppg,PPG 13-02 Cherokee Red,#824e4a,0.4827559438723756,0.07111785521994636,24.77817281279215,130,78,74,"[130, 78, 74]",0%,40%,43%,49%,"[0%, 40%, 43%, 49%]",39.32,22.15,12.18,"[39.32, 22.15, 12.18]",https://www.google.com/search?tbm=isch&q=ppg%20PPG%2013-02%20Cherokee%20Red%20color%20swatch,,,,,,,,,,,,,,,,,,,,,,,,,,,,,,,,,,,,,,,,,,,,
DB,ppg,PPG 13-03 Burgundy Wine,#6c403e,0.4232944233202417,0.06194760353932546,22.82665163417778,108,64,62,"[108, 64, 62]",0%,41%,43%,58%,"[0%, 41%, 43%, 58%]",32.49,19.49,9.80,"[32.49, 19.49, 9.80]",https://www.google.com/search?tbm=isch&q=ppg%20PPG%2013-03%20Burgundy%20Wine%20color%20swatch,,,,,,,,,,,,,,,,,,,,,,,,,,,,,,,,,,,,,,,,,,,,
DB,ppg,PPG 13-04 Merlot,#723f45,0.43173561836838814,0.07136271339809108,12.969298139020395,114,63,69,"[114, 63, 69]",0%,45%,39%,55%,"[0%, 45%, 39%, 55%]",33.28,23.30,6.59,"[33.28, 23.30, 6.59]",https://www.google.com/search?tbm=isch&q=ppg%20PPG%2013-04%20Merlot%20color%20swatch,,,,,,,,,,,,,,,,,,,,,,,,,,,,,,,,,,,,,,,,,,,,
DB,ppg,PPG 13-05 Old Burgundy,#89585d,0.5157751880349644,0.06524490063527504,12.940408413587761,137,88,93,"[137, 88, 93]",0%,36%,32%,46%,"[0%, 36%, 32%, 46%]",43.10,21.34,5.95,"[43.10, 21.34, 5.95]",https://www.google.com/search?tbm=isch&q=ppg%20PPG%2013-05%20Old%20Burgundy%20color%20swatch,,,,,,,,,,,,,,,,,,,,,,,,,,,,,,,,,,,,,,,,,,,,
DB,ppg,PPG 13-06 Chianti,#72494a,0.4521737778146564,0.05630021654950192,17.935847335242897,114,73,74,"[114, 73, 74]",0%,36%,35%,55%,"[0%, 36%, 35%, 55%]",35.86,18.10,7.02,"[35.86, 18.10, 7.02]",https://www.google.com/search?tbm=isch&q=ppg%20PPG%2013-06%20Chianti%20color%20swatch,,,,,,,,,,,,,,,,,,,,,,,,,,,,,,,,,,,,,,,,,,,,
DB,ppg,PPG 13-07 Enchanting Eggplant,#604344,0.41538089934938704,0.04037652557109829,16.67608762764729,96,67,68,"[96, 67, 68]",0%,30%,29%,62%,"[0%, 30%, 29%, 62%]",31.75,13.05,4.65,"[31.75, 13.05, 4.65]",https://www.google.com/search?tbm=isch&q=ppg%20PPG%2013-07%20Enchanting%20Eggplant%20color%20swatch,,,,,,,,,,,,,,,,,,,,,,,,,,,,,,,,,,,,,,,,,,,,
DB,ppg,PPG 13-08 Positively Purple,#6b4d5f,0.45856713252062625,0.04837449942857219,342.51225546363867,107,77,95,"[107, 77, 95]",0%,28%,11%,58%,"[0%, 28%, 11%, 58%]",36.53,15.40,-5.33,"[36.53, 15.40, -5.33]",https://www.google.com/search?tbm=isch&q=ppg%20PPG%2013-08%20Positively%20Purple%20color%20swatch,,,,,,,,,,,,,,,,,,,,,,,,,,,,,,,,,,,,,,,,,,,,
DB,ppg,PPG 13-09 Crushed Tomatoes,#a34747,0.5179510150605438,0.12249804573795263,22.299474182179665,163,71,71,"[163, 71, 71]",0%,56%,56%,36%,"[0%, 56%, 56%, 36%]",42.84,38.87,19.76,"[42.84, 38.87, 19.76]",https://www.google.com/search?tbm=isch&q=ppg%20PPG%2013-09%20Crushed%20Tomatoes%20color%20swatch,,,,,,,,,,,,,,,,,,,,,,,,,,,,,,,,,,,,,,,,,,,,
DB,ppg,PPG 13-10 Candy Apple,#964647,0.4966903292584759,0.10786798437063824,21.009420237805045,150,70,71,"[150, 70, 71]",0%,53%,53%,41%,"[0%, 53%, 53%, 41%]",40.51,34.37,16.25,"[40.51, 34.37, 16.25]",https://www.google.com/search?tbm=isch&q=ppg%20PPG%2013-10%20Candy%20Apple%20color%20swatch,,,,,,,,,,,,,,,,,,,,,,,,,,,,,,,,,,,,,,,,,,,,
DB,ppg,PPG 13-11 Madeira Red,#943e4d,0.4830904496807825,0.11640520815945068,11.78196961116845,148,62,77,"[148, 62, 77]",0%,58%,48%,42%,"[0%, 58%, 48%, 42%]",38.71,37.96,10.03,"[38.71, 37.96, 10.03]",https://www.google.com/search?tbm=isch&q=ppg%20PPG%2013-11%20Madeira%20Red%20color%20swatch,,,,,,,,,,,,,,,,,,,,,,,,,,,,,,,,,,,,,,,,,,,,
DB,ppg,PPG 13-12 Crazed Cranberry,#8f4347,0.48144919056613816,0.10312829033134906,18.494319375417092,143,67,71,"[143, 67, 71]",0%,53%,50%,44%,"[0%, 53%, 50%, 44%]",38.76,33.14,13.68,"[38.76, 33.14, 13.68]",https://www.google.com/search?tbm=isch&q=ppg%20PPG%2013-12%20Crazed%20Cranberry%20color%20swatch,,,,,,,,,,,,,,,,,,,,,,,,,,,,,,,,,,,,,,,,,,,,
DB,ppg,PPG 13-13 Roasted Pepper,#9c4d52,0.5192469606186968,0.10529767722506882,17.495957322973425,156,77,82,"[156, 77, 82]",0%,51%,47%,39%,"[0%, 51%, 47%, 39%]",43.11,33.94,13.17,"[43.11, 33.94, 13.17]",https://www.google.com/search?tbm=isch&q=ppg%20PPG%2013-13%20Roasted%20Pepper%20color%20swatch,,,,,,,,,,,,,,,,,,,,,,,,,,,,,,,,,,,,,,,,,,,,
DB,ppg,PPG 13-14 Heart's Afire,#a54f5d,0.5382559070183455,0.11395301805137943,11.49751385994989,165,79,93,"[165, 79, 93]",0%,52%,44%,35%,"[0%, 52%, 44%, 35%]",45.14,37.23,9.51,"[45.14, 37.23, 9.51]",https://www.google.com/search?tbm=isch&q=ppg%20PPG%2013-14%20Heart's%20Afire%20color%20swatch,,,,,,,,,,,,,,,,,,,,,,,,,,,,,,,,,,,,,,,,,,,,
DB,ppg,PPG 13-15 Rojo Colonial,#a34a3e,0.5206808322190845,0.12059915320891566,29.581093834476405,163,74,62,"[163, 74, 62]",0%,55%,62%,36%,"[0%, 55%, 62%, 36%]",43.29,36.92,25.74,"[43.29, 36.92, 25.74]",https://www.google.com/search?tbm=isch&q=ppg%20PPG%2013-15%20Rojo%20Colonial%20color%20swatch,,,,,,,,,,,,,,,,,,,,,,,,,,,,,,,,,,,,,,,,,,,,
DB,ppg,PPG 13-16 Blaze,#9d3e3f,0.4940486000236958,0.1272335415808433,22.33686684521456,157,62,63,"[157, 62, 63]",0%,61%,60%,38%,"[0%, 61%, 60%, 38%]",40.01,40.42,20.80,"[40.01, 40.42, 20.80]",https://www.google.com/search?tbm=isch&q=ppg%20PPG%2013-16%20Blaze%20color%20swatch,,,,,,,,,,,,,,,,,,,,,,,,,,,,,,,,,,,,,,,,,,,,
DB,ppg,PPG 13-17 Purple Parlor,#595461,0.45534010924981716,0.02173310887471491,303.02881553265127,89,84,97,"[89, 84, 97]",8%,13%,0%,62%,"[8%, 13%, 0%, 62%]",36.56,4.22,-6.79,"[36.56, 4.22, -6.79]",https://www.google.com/search?tbm=isch&q=ppg%20PPG%2013-17%20Purple%20Parlor%20color%20swatch,,,,,,,,,,,,,,,,,,,,,,,,,,,,,,,,,,,,,,,,,,,,
DB,ppg,PPG 13-18 Pinot Noir,#605258,0.4545072089874106,0.020652904480668886,350.2763671749732,96,82,88,"[96, 82, 88]",0%,15%,8%,62%,"[0%, 15%, 8%, 62%]",36.45,6.84,-1.26,"[36.45, 6.84, -1.26]",https://www.google.com/search?tbm=isch&q=ppg%20PPG%2013-18%20Pinot%20Noir%20color%20swatch,,,,,,,,,,,,,,,,,,,,,,,,,,,,,,,,,,,,,,,,,,,,
DB,ppg,PPG 13-19 Purple Dusk,#7c6b76,0.5474544327550063,0.02686444140734032,339.15912910730503,124,107,118,"[124, 107, 118]",0%,14%,5%,51%,"[0%, 14%, 5%, 51%]",47.14,8.47,-3.53,"[47.14, 8.47, -3.53]",https://www.google.com/search?tbm=isch&q=ppg%20PPG%2013-19%20Purple%20Dusk%20color%20swatch,,,,,,,,,,,,,,,,,,,,,,,,,,,,,,,,,,,,,,,,,,,,
DB,ppg,PPG 13-20 Pageant Pansy,#705c79,0.5051357757710492,0.051126943335402006,315.273754354224,112,92,121,"[112, 92, 121]",7%,24%,0%,53%,"[7%, 24%, 0%, 53%]",41.90,12.74,-13.25,"[41.90, 12.74, -13.25]",https://www.google.com/search?tbm=isch&q=ppg%20PPG%2013-20%20Pageant%20Pansy%20color%20swatch,,,,,,,,,,,,,,,,,,,,,,,,,,,,,,,,,,,,,,,,,,,,
DB,ppg,PPG 13-21 Blackberry,#4a4354,0.396463521081172,0.029565944318447234,303.82222822160804,74,67,84,"[74, 67, 84]",12%,20%,0%,67%,"[12%, 20%, 0%, 67%]",29.63,5.95,-9.09,"[29.63, 5.95, -9.09]",https://www.google.com/search?tbm=isch&q=ppg%20PPG%2013-21%20Blackberry%20color%20swatch,,,,,,,,,,,,,,,,,,,,,,,,,,,,,,,,,,,,,,,,,,,,
DB,ppg,PPG 13-22 Silverado,#6a6472,0.5136343655484643,0.02292751332425725,304.98478295881,106,100,114,"[106, 100, 114]",7%,12%,0%,55%,"[7%, 12%, 0%, 55%]",43.30,4.65,-7.01,"[43.30, 4.65, -7.01]",https://www.google.com/search?tbm=isch&q=ppg%20PPG%2013-22%20Silverado%20color%20swatch,,,,,,,,,,,,,,,,,,,,,,,,,,,,,,,,,,,,,,,,,,,,
DB,ppg,PPG 13-23 Amethyst Haze,#a0a0aa,0.7089001706319511,0.014371251435256485,286.0881586686879,160,160,170,"[160, 160, 170]",6%,6%,0%,33%,"[6%, 6%, 0%, 33%]",66.10,1.47,-5.20,"[66.10, 1.47, -5.20]",https://www.google.com/search?tbm=isch&q=ppg%20PPG%2013-23%20Amethyst%20Haze%20color%20swatch,,,,,,,,,,,,,,,,,,,,,,,,,,,,,,,,,,,,,,,,,,,,
DB,ppg,PPG 13-24 Magic Dust,#817c85,0.5936522135783097,0.014690346001392414,310.50951171509996,129,124,133,"[129, 124, 133]",3%,7%,0%,48%,"[3%, 7%, 0%, 48%]",52.68,3.30,-4.19,"[52.68, 3.30, -4.19]",https://www.google.com/search?tbm=isch&q=ppg%20PPG%2013-24%20Magic%20Dust%20color%20swatch,,,,,,,,,,,,,,,,,,,,,,,,,,,,,,,,,,,,,,,,,,,,
DB,ppg,PPG 13-25 Daring Indigo,#374874,0.40864447750040345,0.07728685186738919,266.9754974047047,55,72,116,"[55, 72, 116]",53%,38%,0%,55%,"[53%, 38%, 0%, 55%]",30.77,3.55,-27.80,"[30.77, 3.55, -27.80]",https://www.google.com/search?tbm=isch&q=ppg%20PPG%2013-25%20Daring%20Indigo%20color%20swatch,,,,,,,,,,,,,,,,,,,,,,,,,,,,,,,,,,,,,,,,,,,,
DB,ppg,PPG 13-26 Blue Lava,#2e5169,0.4191935594051585,0.05715387261462366,240.00827253092848,46,81,105,"[46, 81, 105]",56%,23%,0%,59%,"[56%, 23%, 0%, 59%]",32.62,-7.32,-18.10,"[32.62, -7.32, -18.10]",https://www.google.com/search?tbm=isch&q=ppg%20PPG%2013-26%20Blue%20Lava%20color%20swatch,,,,,,,,,,,,,,,,,,,,,,,,,,,,,,,,,,,,,,,,,,,,
DB,ppg,PPG 13-27 Plymouth Blue,#295266,0.4177510885339607,0.05679162567857701,231.46097350538525,41,82,102,"[41, 82, 102]",60%,20%,0%,60%,"[60%, 20%, 0%, 60%]",32.58,-10.00,-16.30,"[32.58, -10.00, -16.30]",https://www.google.com/search?tbm=isch&q=ppg%20PPG%2013-27%20Plymouth%20Blue%20color%20swatch,,,,,,,,,,,,,,,,,,,,,,,,,,,,,,,,,,,,,,,,,,,,
DB,ppg,PPG 13-28 Caribbean Holiday,#1c6b75,0.4863144520773773,0.074444134733799,207.4681392140476,28,107,117,"[28, 107, 117]",76%,9%,0%,54%,"[76%, 9%, 0%, 54%]",41.02,-21.40,-12.79,"[41.02, -21.40, -12.79]",https://www.google.com/search?tbm=isch&q=ppg%20PPG%2013-28%20Caribbean%20Holiday%20color%20swatch,,,,,,,,,,,,,,,,,,,,,,,,,,,,,,,,,,,,,,,,,,,,
DB,ppg,PPG 13-29 Antique Slate,#455c59,0.4550227574945582,0.028237722388733073,186.32516174261286,69,92,89,"[69, 92, 89]",25%,0%,3%,64%,"[25%, 0%, 3%, 64%]",37.12,-9.57,-1.26,"[37.12, -9.57, -1.26]",https://www.google.com/search?tbm=isch&q=ppg%20PPG%2013-29%20Antique%20Slate%20color%20swatch,,,,,,,,,,,,,,,,,,,,,,,,,,,,,,,,,,,,,,,,,,,,
DB,ppg,PPG 13-30 Sea Glass,#3a5a55,0.4411111567567391,0.03852511672026198,183.66514834615577,58,90,85,"[58, 90, 85]",36%,0%,6%,65%,"[36%, 0%, 6%, 65%]",35.64,-13.19,-1.04,"[35.64, -13.19, -1.04]",https://www.google.com/search?tbm=isch&q=ppg%20PPG%2013-30%20Sea%20Glass%20color%20swatch,,,,,,,,,,,,,,,,,,,,,,,,,,,,,,,,,,,,,,,,,,,,
DB,ppg,PPG 13-31 Still Searching,#4f6450,0.4798123913688314,0.04060717848915058,146.129623367916,79,100,80,"[79, 100, 80]",21%,0%,20%,61%,"[21%, 0%, 20%, 61%]",40.18,-11.52,8.68,"[40.18, -11.52, 8.68]",https://www.google.com/search?tbm=isch&q=ppg%20PPG%2013-31%20Still%20Searching%20color%20swatch,,,,,,,,,,,,,,,,,,,,,,,,,,,,,,,,,,,,,,,,,,,,
DB,ppg,PPG 13-32 Emerald City,#4c6b4e,0.4950499197310351,0.058273370590749184,146.22469543434488,76,107,78,"[76, 107, 78]",29%,0%,27%,58%,"[29%, 0%, 27%, 58%]",42.17,-16.57,12.55,"[42.17, -16.57, 12.55]",https://www.google.com/search?tbm=isch&q=ppg%20PPG%2013-32%20Emerald%20City%20color%20swatch,,,,,,,,,,,,,,,,,,,,,,,,,,,,,,,,,,,,,,,,,,,,
DB,ppg,PPG 14-01 Shadow Taupe,#b4aaa0,0.7435609476104614,0.0182975720675247,67.5439019013665,180,170,160,"[180, 170, 160]",0%,6%,11%,29%,"[0%, 6%, 11%, 29%]",70.25,2.42,6.54,"[70.25, 2.42, 6.54]",https://www.google.com/search?tbm=isch&q=ppg%20PPG%2014-01%20Shadow%20Taupe%20color%20swatch,,,,,,,,,,,,,,,,,,,,,,,,,,,,,,,,,,,,,,,,,,,,
DB,ppg,PPG 14-02 Nut Shell,#9c8f83,0.6580039859775344,0.02340179694504329,65.14416812538241,156,143,131,"[156, 143, 131]",0%,8%,16%,39%,"[0%, 8%, 16%, 39%]",60.31,3.47,8.26,"[60.31, 3.47, 8.26]",https://www.google.com/search?tbm=isch&q=ppg%20PPG%2014-02%20Nut%20Shell%20color%20swatch,,,,,,,,,,,,,,,,,,,,,,,,,,,,,,,,,,,,,,,,,,,,
DB,ppg,PPG 14-03 Seagull,#e0ded8,0.9004832588373656,0.008415870617573382,91.41021853896541,224,222,216,"[224, 222, 216]",0%,1%,4%,12%,"[0%, 1%, 4%, 12%]",88.50,-0.08,3.22,"[88.50, -0.08, 3.22]",https://www.google.com/search?tbm=isch&q=ppg%20PPG%2014-03%20Seagull%20color%20swatch,,,,,,,,,,,,,,,,,,,,,,,,,,,,,,,,,,,,,,,,,,,,
DB,ppg,PPG 14-04 City Street,#bab2ab,0.7681820771493881,0.01348869303690803,63.878847728982635,186,178,171,"[186, 178, 171]",0%,4%,8%,27%,"[0%, 4%, 8%, 27%]",73.10,2.03,4.67,"[73.10, 2.03, 4.67]",https://www.google.com/search?tbm=isch&q=ppg%20PPG%2014-04%20City%20Street%20color%20swatch,,,,,,,,,,,,,,,,,,,,,,,,,,,,,,,,,,,,,,,,,,,,
DB,ppg,PPG 14-05 Dark As Night,#3d4645,0.3856674408627785,0.011870774593071239,188.5020557663214,61,70,69,"[61, 70, 69]",13%,0%,1%,73%,"[13%, 0%, 1%, 73%]",28.88,-3.98,-0.70,"[28.88, -3.98, -0.70]",https://www.google.com/search?tbm=isch&q=ppg%20PPG%2014-05%20Dark%20As%20Night%20color%20swatch,,,,,,,,,,,,,,,,,,,,,,,,,,,,,,,,,,,,,,,,,,,,
DB,ppg,PPG 14-06 Winter Feather,#948e82,0.6483990919775194,0.01886581968868672,84.57374206699751,148,142,130,"[148, 142, 130]",0%,4%,12%,42%,"[0%, 4%, 12%, 42%]",59.28,0.69,7.26,"[59.28, 0.69, 7.26]",https://www.google.com/search?tbm=isch&q=ppg%20PPG%2014-06%20Winter%20Feather%20color%20swatch,,,,,,,,,,,,,,,,,,,,,,,,,,,,,,,,,,,,,,,,,,,,
DB,ppg,PPG 14-07 Scotch Mist,#e0dbcd,0.8915465697439297,0.01964436786326214,90.52100650883017,224,219,205,"[224, 219, 205]",0%,2%,8%,12%,"[0%, 2%, 8%, 12%]",87.52,-0.01,7.56,"[87.52, -0.01, 7.56]",https://www.google.com/search?tbm=isch&q=ppg%20PPG%2014-07%20Scotch%20Mist%20color%20swatch,,,,,,,,,,,,,,,,,,,,,,,,,,,,,,,,,,,,,,,,,,,,
DB,ppg,PPG 14-08 Horseradish,#eeeadd,0.9366223061621584,0.017856288105841008,92.64564699287723,238,234,221,"[238, 234, 221]",0%,2%,7%,7%,"[0%, 2%, 7%, 7%]",92.75,-0.25,6.85,"[92.75, -0.25, 6.85]",https://www.google.com/search?tbm=isch&q=ppg%20PPG%2014-08%20Horseradish%20color%20swatch,,,,,,,,,,,,,,,,,,,,,,,,,,,,,,,,,,,,,,,,,,,,
DB,ppg,PPG 14-09 Rock Cliffs,#c0af92,0.7608690702445445,0.04438646946232069,81.02919515467045,192,175,146,"[192, 175, 146]",0%,9%,24%,25%,"[0%, 9%, 24%, 25%]",72.36,2.92,17.28,"[72.36, 2.92, 17.28]",https://www.google.com/search?tbm=isch&q=ppg%20PPG%2014-09%20Rock%20Cliffs%20color%20swatch,,,,,,,,,,,,,,,,,,,,,,,,,,,,,,,,,,,,,,,,,,,,
DB,ppg,PPG 14-10 Summer Wheat,#d9cdb5,0.8517003744899263,0.03504072383247574,84.56775196089518,217,205,181,"[217, 205, 181]",0%,6%,17%,15%,"[0%, 6%, 17%, 15%]",82.92,1.40,13.59,"[82.92, 1.40, 13.59]",https://www.google.com/search?tbm=isch&q=ppg%20PPG%2014-10%20Summer%20Wheat%20color%20swatch,,,,,,,,,,,,,,,,,,,,,,,,,,,,,,,,,,,,,,,,,,,,
DB,ppg,PPG 14-11 Static,#d5d3c3,0.8640526507165095,0.02177776432142165,100.98977989617708,213,211,195,"[213, 211, 195]",0%,1%,8%,16%,"[0%, 1%, 8%, 16%]",84.39,-1.35,8.22,"[84.39, -1.35, 8.22]",https://www.google.com/search?tbm=isch&q=ppg%20PPG%2014-11%20Static%20color%20swatch,,,,,,,,,,,,,,,,,,,,,,,,,,,,,,,,,,,,,,,,,,,,
DB,ppg,PPG 14-12 Jewel White,#eeeada,0.9358421835734114,0.021706168348644746,95.25420409895895,238,234,218,"[238, 234, 218]",0%,2%,8%,7%,"[0%, 2%, 8%, 7%]",92.69,-0.62,8.31,"[92.69, -0.62, 8.31]",https://www.google.com/search?tbm=isch&q=ppg%20PPG%2014-12%20Jewel%20White%20color%20swatch,,,,,,,,,,,,,,,,,,,,,,,,,,,,,,,,,,,,,,,,,,,,
DB,ppg,PPG 14-13 Oyster Shell,#a0917e,0.6646005139787062,0.03261210195822758,73.70881382953633,160,145,126,"[160, 145, 126]",0%,9%,21%,37%,"[0%, 9%, 21%, 37%]",61.12,3.43,12.27,"[61.12, 3.43, 12.27]",https://www.google.com/search?tbm=isch&q=ppg%20PPG%2014-13%20Oyster%20Shell%20color%20swatch,,,,,,,,,,,,,,,,,,,,,,,,,,,,,,,,,,,,,,,,,,,,
DB,ppg,PPG 14-14 Summer Suede,#c7b8a4,0.7897348434311376,0.032466491282996196,75.13668114677608,199,184,164,"[199, 184, 164]",0%,8%,18%,22%,"[0%, 8%, 18%, 22%]",75.65,3.08,12.24,"[75.65, 3.08, 12.24]",https://www.google.com/search?tbm=isch&q=ppg%20PPG%2014-14%20Summer%20Suede%20color%20swatch,,,,,,,,,,,,,,,,,,,,,,,,,,,,,,,,,,,,,,,,,,,,
DB,ppg,PPG 14-15 French Cream,#eae3d6,0.91779619761468,0.01902989174342038,83.04028271565267,234,227,214,"[234, 227, 214]",0%,3%,9%,8%,"[0%, 3%, 9%, 8%]",90.53,0.82,7.27,"[90.53, 0.82, 7.27]",https://www.google.com/search?tbm=isch&q=ppg%20PPG%2014-15%20French%20Cream%20color%20swatch,,,,,,,,,,,,,,,,,,,,,,,,,,,,,,,,,,,,,,,,,,,,
DB,ppg,PPG 14-16 Winter Mood,#efece2,0.9426711220954443,0.013726069003662763,92.93076621082412,239,236,226,"[239, 236, 226]",0%,1%,5%,6%,"[0%, 1%, 5%, 6%]",93.43,-0.23,5.25,"[93.43, -0.23, 5.25]",https://www.google.com/search?tbm=isch&q=ppg%20PPG%2014-16%20Winter%20Mood%20color%20swatch,,,,,,,,,,,,,,,,,,,,,,,,,,,,,,,,,,,,,,,,,,,,
DB,ppg,PPG 14-17 Armadillo,#d7c8b1,0.8390037895085241,0.035439911636382694,78.62608340270651,215,200,177,"[215, 200, 177]",0%,7%,18%,16%,"[0%, 7%, 18%, 16%]",81.40,2.66,13.55,"[81.40, 2.66, 13.55]",https://www.google.com/search?tbm=isch&q=ppg%20PPG%2014-17%20Armadillo%20color%20swatch,,,,,,,,,,,,,,,,,,,,,,,,,,,,,,,,,,,,,,,,,,,,
DB,ppg,PPG 14-18 Gaia,#d3bc9e,0.8069889402796792,0.048398668735927755,74.35009387540157,211,188,158,"[211, 188, 158]",0%,11%,25%,17%,"[0%, 11%, 25%, 17%]",77.65,5.05,18.40,"[77.65, 5.05, 18.40]",https://www.google.com/search?tbm=isch&q=ppg%20PPG%2014-18%20Gaia%20color%20swatch,,,,,,,,,,,,,,,,,,,,,,,,,,,,,,,,,,,,,,,,,,,,
DB,ppg,PPG 14-19 Alpaca Wool,#e4d5bc,0.8786165947426072,0.03738226971586645,80.59441664732293,228,213,188,"[228, 213, 188]",0%,7%,18%,11%,"[0%, 7%, 18%, 11%]",86.01,2.39,14.39,"[86.01, 2.39, 14.39]",https://www.google.com/search?tbm=isch&q=ppg%20PPG%2014-19%20Alpaca%20Wool%20color%20swatch,,,,,,,,,,,,,,,,,,,,,,,,,,,,,,,,,,,,,,,,,,,,
DB,ppg,PPG 14-20 Purity,#efe9da,0.9346597044413927,0.021008540674876133,88.69266757278501,239,233,218,"[239, 233, 218]",0%,3%,9%,6%,"[0%, 3%, 9%, 6%]",92.52,0.22,8.09,"[92.52, 0.22, 8.09]",https://www.google.com/search?tbm=isch&q=ppg%20PPG%2014-20%20Purity%20color%20swatch,,,,,,,,,,,,,,,,,,,,,,,,,,,,,,,,,,,,,,,,,,,,
DB,ppg,PPG 14-21 Wheat Sheaf,#dfd4c4,0.8744486492624637,0.024848883224679593,77.4308377400991,223,212,196,"[223, 212, 196]",0%,5%,12%,13%,"[0%, 5%, 12%, 13%]",85.49,1.94,9.39,"[85.49, 1.94, 9.39]",https://www.google.com/search?tbm=isch&q=ppg%20PPG%2014-21%20Wheat%20Sheaf%20color%20swatch,,,,,,,,,,,,,,,,,,,,,,,,,,,,,,,,,,,,,,,,,,,,
DB,ppg,PPG 14-22 Bone White,#e4d9c5,0.888766082851099,0.029456158153906214,82.57555767211716,228,217,197,"[228, 217, 197]",0%,5%,14%,11%,"[0%, 5%, 14%, 11%]",87.19,1.46,11.33,"[87.19, 1.46, 11.33]",https://www.google.com/search?tbm=isch&q=ppg%20PPG%2014-22%20Bone%20White%20color%20swatch,,,,,,,,,,,,,,,,,,,,,,,,,,,,,,,,,,,,,,,,,,,,
DB,ppg,PPG 14-23 Edelweiss,#eee8d9,0.9316351380491988,0.021024633245170465,88.6931856900897,238,232,217,"[238, 232, 217]",0%,3%,9%,7%,"[0%, 3%, 9%, 7%]",92.17,0.22,8.09,"[92.17, 0.22, 8.09]",https://www.google.com/search?tbm=isch&q=ppg%20PPG%2014-23%20Edelweiss%20color%20swatch,,,,,,,,,,,,,,,,,,,,,,,,,,,,,,,,,,,,,,,,,,,,
DB,ppg,PPG 14-24 Dogwood Blossom,#e9e6dd,0.924790315935558,0.012504811231035022,91.4679312245351,233,230,221,"[233, 230, 221]",0%,1%,5%,9%,"[0%, 1%, 5%, 9%]",91.34,-0.11,4.79,"[91.34, -0.11, 4.79]",https://www.google.com/search?tbm=isch&q=ppg%20PPG%2014-24%20Dogwood%20Blossom%20color%20swatch,,,,,,,,,,,,,,,,,,,,,,,,,,,,,,,,,,,,,,,,,,,,
DB,ppg,PPG 14-25 Fisherman's Net,#d3d1be,0.857103144684708,0.025813267167008044,101.98377232869825,211,209,190,"[211, 209, 190]",0%,1%,10%,17%,"[0%, 1%, 10%, 17%]",83.61,-1.72,9.73,"[83.61, -1.72, 9.73]",https://www.google.com/search?tbm=isch&q=ppg%20PPG%2014-25%20Fisherman's%20Net%20color%20swatch,,,,,,,,,,,,,,,,,,,,,,,,,,,,,,,,,,,,,,,,,,,,
DB,ppg,PPG 14-26 Hideaway,#c8c0aa,0.8083776399777708,0.031410821458247994,90.34140504539141,200,192,170,"[200, 192, 170]",0%,4%,15%,22%,"[0%, 4%, 15%, 22%]",77.92,0.16,12.20,"[77.92, 0.16, 12.20]",https://www.google.com/search?tbm=isch&q=ppg%20PPG%2014-26%20Hideaway%20color%20swatch,,,,,,,,,,,,,,,,,,,,,,,,,,,,,,,,,,,,,,,,,,,,
DB,ppg,PPG 14-27 True Khaki,#b8ae98,0.7532030131287378,0.03264900741413252,86.45111969571121,184,174,152,"[184, 174, 152]",0%,5%,17%,28%,"[0%, 5%, 17%, 28%]",71.50,0.96,12.71,"[71.50, 0.96, 12.71]",https://www.google.com/search?tbm=isch&q=ppg%20PPG%2014-27%20True%20Khaki%20color%20swatch,,,,,,,,,,,,,,,,,,,,,,,,,,,,,,,,,,,,,,,,,,,,
DB,ppg,PPG 14-28 Aldabra,#aaa492,0.718696993210445,0.02631924946502607,91.66128464523734,170,164,146,"[170, 164, 146]",0%,4%,14%,33%,"[0%, 4%, 14%, 33%]",67.50,-0.09,10.20,"[67.50, -0.09, 10.20]",https://www.google.com/search?tbm=isch&q=ppg%20PPG%2014-28%20Aldabra%20color%20swatch,,,,,,,,,,,,,,,,,,,,,,,,,,,,,,,,,,,,,,,,,,,,
DB,ppg,PPG 14-29 Moth Gray,#d1c9ba,0.8382430873199492,0.02236541006081099,83.2415672887825,209,201,186,"[209, 201, 186]",0%,4%,11%,18%,"[0%, 4%, 11%, 18%]",81.31,0.98,8.58,"[81.31, 0.98, 8.58]",https://www.google.com/search?tbm=isch&q=ppg%20PPG%2014-29%20Moth%20Gray%20color%20swatch,,,,,,,,,,,,,,,,,,,,,,,,,,,,,,,,,,,,,,,,,,,,
DB,ppg,PPG 14-30 Gray Beige,#dad1c6,0.864875930931487,0.018037180661051568,73.04863477358236,218,209,198,"[218, 209, 198]",0%,4%,9%,15%,"[0%, 4%, 9%, 15%]",84.35,1.82,6.65,"[84.35, 1.82, 6.65]",https://www.google.com/search?tbm=isch&q=ppg%20PPG%2014-30%20Gray%20Beige%20color%20swatch,,,,,,,,,,,,,,,,,,,,,,,,,,,,,,,,,,,,,,,,,,,,
DB,ppg,PPG 14-31 Paraffin,#e5e1d8,0.910388735021848,0.012889800185762463,86.79134531843442,229,225,216,"[229, 225, 216]",0%,2%,6%,10%,"[0%, 2%, 6%, 10%]",89.66,0.25,4.93,"[89.66, 0.25, 4.93]",https://www.google.com/search?tbm=isch&q=ppg%20PPG%2014-31%20Paraffin%20color%20swatch,,,,,,,,,,,,,,,,,,,,,,,,,,,,,,,,,,,,,,,,,,,,
DB,ppg,PPG 14-32 Ostrich Feather,#cec7b8,0.8311979466390931,0.021977323022422467,85.92818694967576,206,199,184,"[206, 199, 184]",0%,3%,11%,19%,"[0%, 3%, 11%, 19%]",80.51,0.61,8.46,"[80.51, 0.61, 8.46]",https://www.google.com/search?tbm=isch&q=ppg%20PPG%2014-32%20Ostrich%20Feather%20color%20swatch,,,,,,,,,,,,,,,,,,,,,,,,,,,,,,,,,,,,,,,,,,,,
DB,ppg,PPG 15-01 Maison De Campagne,#bb9b7d,0.7108308919660303,0.05649145576195195,64.87120093825297,187,155,125,"[187, 155, 125]",0%,17%,33%,27%,"[0%, 17%, 33%, 27%]",66.37,9.06,20.47,"[66.37, 9.06, 20.47]",https://www.google.com/search?tbm=isch&q=ppg%20PPG%2015-01%20Maison%20De%20Campagne%20color%20swatch,,,,,,,,,,,,,,,,,,,,,,,,,,,,,,,,,,,,,,,,,,,,
DB,ppg,PPG 15-02 Apple Butter,#996f45,0.5748586786529338,0.07865635392306566,65.16026578887471,153,111,69,"[153, 111, 69]",0%,27%,55%,40%,"[0%, 27%, 55%, 40%]",50.50,13.52,30.11,"[50.50, 13.52, 30.11]",https://www.google.com/search?tbm=isch&q=ppg%20PPG%2015-02%20Apple%20Butter%20color%20swatch,,,,,,,,,,,,,,,,,,,,,,,,,,,,,,,,,,,,,,,,,,,,
DB,ppg,PPG 15-03 Bronco Brown,#ae8661,0.6495411951953611,0.07100307282952487,63.82384901911968,174,134,97,"[174, 134, 97]",0%,23%,44%,32%,"[0%, 23%, 44%, 32%]",59.19,12.25,26.13,"[59.19, 12.25, 26.13]",https://www.google.com/search?tbm=isch&q=ppg%20PPG%2015-03%20Bronco%20Brown%20color%20swatch,,,,,,,,,,,,,,,,,,,,,,,,,,,,,,,,,,,,,,,,,,,,
DB,ppg,PPG 15-04 Yosemite Trailhead,#c7a98d,0.7540666304021053,0.05220092153362141,64.93332089438718,199,169,141,"[199, 169, 141]",0%,15%,29%,22%,"[0%, 15%, 29%, 22%]",71.40,8.23,18.79,"[71.40, 8.23, 18.79]",https://www.google.com/search?tbm=isch&q=ppg%20PPG%2015-04%20Yosemite%20Trailhead%20color%20swatch,,,,,,,,,,,,,,,,,,,,,,,,,,,,,,,,,,,,,,,,,,,,
DB,ppg,PPG 15-05 Macaroon Cream,#efebde,0.939643203012273,0.017842620092033027,92.644844562527,239,235,222,"[239, 235, 222]",0%,2%,7%,6%,"[0%, 2%, 7%, 6%]",93.10,-0.25,6.84,"[93.10, -0.25, 6.84]",https://www.google.com/search?tbm=isch&q=ppg%20PPG%2015-05%20Macaroon%20Cream%20color%20swatch,,,,,,,,,,,,,,,,,,,,,,,,,,,,,,,,,,,,,,,,,,,,
DB,ppg,PPG 15-06 White Chip,#f5f0e2,0.9552353385501188,0.019325992486749374,90.50677983815604,245,240,226,"[245, 240, 226]",0%,2%,8%,4%,"[0%, 2%, 8%, 4%]",94.91,-0.02,7.43,"[94.91, -0.02, 7.43]",https://www.google.com/search?tbm=isch&q=ppg%20PPG%2015-06%20White%20Chip%20color%20swatch,,,,,,,,,,,,,,,,,,,,,,,,,,,,,,,,,,,,,,,,,,,,
DB,ppg,PPG 15-07 York Ivory,#e5caa2,0.8518456033886359,0.0610427394416127,77.48424050797888,229,202,162,"[229, 202, 162]",0%,12%,29%,10%,"[0%, 12%, 29%, 10%]",82.90,5.48,23.72,"[82.90, 5.48, 23.72]",https://www.google.com/search?tbm=isch&q=ppg%20PPG%2015-07%20York%20Ivory%20color%20swatch,,,,,,,,,,,,,,,,,,,,,,,,,,,,,,,,,,,,,,,,,,,,
DB,ppg,PPG 15-08 Burnt Ivory,#cca571,0.7453873319298424,0.08248205699054925,73.97693841073749,204,165,113,"[204, 165, 113]",0%,19%,45%,20%,"[0%, 19%, 45%, 20%]",70.46,9.87,32.63,"[70.46, 9.87, 32.63]",https://www.google.com/search?tbm=isch&q=ppg%20PPG%2015-08%20Burnt%20Ivory%20color%20swatch,,,,,,,,,,,,,,,,,,,,,,,,,,,,,,,,,,,,,,,,,,,,
DB,ppg,PPG 15-09 Antelope,#baa589,0.7328551899500273,0.04591053977308363,74.8934081964764,186,165,137,"[186, 165, 137]",0%,11%,26%,27%,"[0%, 11%, 26%, 27%]",69.05,4.69,17.53,"[69.05, 4.69, 17.53]",https://www.google.com/search?tbm=isch&q=ppg%20PPG%2015-09%20Antelope%20color%20swatch,,,,,,,,,,,,,,,,,,,,,,,,,,,,,,,,,,,,,,,,,,,,
DB,ppg,PPG 15-10 Petaluma Dust,#ae9676,0.686410865445496,0.052956544133389856,74.68072987337735,174,150,118,"[174, 150, 118]",0%,14%,32%,32%,"[0%, 14%, 32%, 32%]",63.66,5.67,20.42,"[63.66, 5.67, 20.42]",https://www.google.com/search?tbm=isch&q=ppg%20PPG%2015-10%20Petaluma%20Dust%20color%20swatch,,,,,,,,,,,,,,,,,,,,,,,,,,,,,,,,,,,,,,,,,,,,
DB,ppg,PPG 15-11 Rabbit,#c8ac89,0.7601375894458664,0.057692150773959464,72.97498865685048,200,172,137,"[200, 172, 137]",0%,14%,32%,22%,"[0%, 14%, 32%, 22%]",72.19,6.71,22.03,"[72.19, 6.71, 22.03]",https://www.google.com/search?tbm=isch&q=ppg%20PPG%2015-11%20Rabbit%20color%20swatch,,,,,,,,,,,,,,,,,,,,,,,,,,,,,,,,,,,,,,,,,,,,
DB,ppg,PPG 15-12 Kangaroo,#c4ad92,0.7604340650011537,0.045784087333364816,71.51275694879297,196,173,146,"[196, 173, 146]",0%,12%,26%,23%,"[0%, 12%, 26%, 23%]",72.22,5.51,17.15,"[72.22, 5.51, 17.15]",https://www.google.com/search?tbm=isch&q=ppg%20PPG%2015-12%20Kangaroo%20color%20swatch,,,,,,,,,,,,,,,,,,,,,,,,,,,,,,,,,,,,,,,,,,,,
DB,ppg,PPG 15-13 Chocolate Truffle,#6f5746,0.4765684188688929,0.04127534514526979,56.84625264350956,111,87,70,"[111, 87, 70]",0%,22%,37%,56%,"[0%, 22%, 37%, 56%]",39.14,8.29,13.88,"[39.14, 8.29, 13.88]",https://www.google.com/search?tbm=isch&q=ppg%20PPG%2015-13%20Chocolate%20Truffle%20color%20swatch,,,,,,,,,,,,,,,,,,,,,,,,,,,,,,,,,,,,,,,,,,,,
DB,ppg,PPG 15-14 Leather,#98754e,0.5875222949217412,0.06989673332118572,68.7962155315106,152,117,78,"[152, 117, 78]",0%,23%,49%,40%,"[0%, 23%, 49%, 40%]",52.06,10.44,27.02,"[52.06, 10.44, 27.02]",https://www.google.com/search?tbm=isch&q=ppg%20PPG%2015-14%20Leather%20color%20swatch,,,,,,,,,,,,,,,,,,,,,,,,,,,,,,,,,,,,,,,,,,,,
DB,ppg,PPG 15-15 Coffee Kiss,#b19576,0.6872839484192818,0.054707025273912475,69.5686131273697,177,149,118,"[177, 149, 118]",0%,16%,33%,31%,"[0%, 16%, 33%, 31%]",63.69,7.43,20.53,"[63.69, 7.43, 20.53]",https://www.google.com/search?tbm=isch&q=ppg%20PPG%2015-15%20Coffee%20Kiss%20color%20swatch,,,,,,,,,,,,,,,,,,,,,,,,,,,,,,,,,,,,,,,,,,,,
DB,ppg,PPG 15-16 Best Beige,#c6b49c,0.7787794606787485,0.03896514339760372,75.04512668844626,198,180,156,"[198, 180, 156]",0%,9%,21%,22%,"[0%, 9%, 21%, 22%]",74.38,3.81,14.76,"[74.38, 3.81, 14.76]",https://www.google.com/search?tbm=isch&q=ppg%20PPG%2015-16%20Best%20Beige%20color%20swatch,,,,,,,,,,,,,,,,,,,,,,,,,,,,,,,,,,,,,,,,,,,,
DB,ppg,PPG 15-17 Elephant Gray,#8d847f,0.6197715404218824,0.013253756967354209,51.23845915482531,141,132,127,"[141, 132, 127]",0%,6%,10%,45%,"[0%, 6%, 10%, 45%]",55.84,2.83,4.00,"[55.84, 2.83, 4.00]",https://www.google.com/search?tbm=isch&q=ppg%20PPG%2015-17%20Elephant%20Gray%20color%20swatch,,,,,,,,,,,,,,,,,,,,,,,,,,,,,,,,,,,,,,,,,,,,
DB,ppg,PPG 15-18 Introspective,#6d6053,0.4976536910634714,0.02616166528212822,67.16299729116156,109,96,83,"[109, 96, 83]",0%,12%,24%,57%,"[0%, 12%, 24%, 57%]",41.71,3.71,9.48,"[41.71, 3.71, 9.48]",https://www.google.com/search?tbm=isch&q=ppg%20PPG%2015-18%20Introspective%20color%20swatch,,,,,,,,,,,,,,,,,,,,,,,,,,,,,,,,,,,,,,,,,,,,
DB,ppg,PPG 15-19 Rapid Rock,#a39281,0.6702518617143715,0.03179226922954091,67.23884105444904,163,146,129,"[163, 146, 129]",0%,10%,21%,36%,"[0%, 10%, 21%, 36%]",61.73,4.45,11.49,"[61.73, 4.45, 11.49]",https://www.google.com/search?tbm=isch&q=ppg%20PPG%2015-19%20Rapid%20Rock%20color%20swatch,,,,,,,,,,,,,,,,,,,,,,,,,,,,,,,,,,,,,,,,,,,,
DB,ppg,PPG 15-20 Ghost Ship,#887b6e,0.5909322284305258,0.025114073844581183,67.3088712674433,136,123,110,"[136, 123, 110]",0%,10%,19%,47%,"[0%, 10%, 19%, 47%]",52.53,3.48,9.05,"[52.53, 3.48, 9.05]",https://www.google.com/search?tbm=isch&q=ppg%20PPG%2015-20%20Ghost%20Ship%20color%20swatch,,,,,,,,,,,,,,,,,,,,,,,,,,,,,,,,,,,,,,,,,,,,
DB,ppg,PPG 15-21 Curlew,#766859,0.5261733327233032,0.028914571774577864,69.06445656281403,118,104,89,"[118, 104, 89]",0%,12%,25%,54%,"[0%, 12%, 25%, 54%]",45.03,3.82,10.63,"[45.03, 3.82, 10.63]",https://www.google.com/search?tbm=isch&q=ppg%20PPG%2015-21%20Curlew%20color%20swatch,,,,,,,,,,,,,,,,,,,,,,,,,,,,,,,,,,,,,,,,,,,,
DB,ppg,PPG 15-22 Pumpernickel,#625141,0.44753157438674834,0.03379644967092324,65.05752306703255,98,81,65,"[98, 81, 65]",0%,17%,34%,62%,"[0%, 17%, 34%, 62%]",35.86,5.36,12.23,"[35.86, 5.36, 12.23]",https://www.google.com/search?tbm=isch&q=ppg%20PPG%2015-22%20Pumpernickel%20color%20swatch,,,,,,,,,,,,,,,,,,,,,,,,,,,,,,,,,,,,,,,,,,,,
DB,ppg,PPG 15-23 Chestnut,#624e45,0.4418586521024944,0.030743637490594455,45.52389032878858,98,78,69,"[98, 78, 69]",0%,20%,30%,62%,"[0%, 20%, 30%, 62%]",35.08,7.56,8.70,"[35.08, 7.56, 8.70]",https://www.google.com/search?tbm=isch&q=ppg%20PPG%2015-23%20Chestnut%20color%20swatch,,,,,,,,,,,,,,,,,,,,,,,,,,,,,,,,,,,,,,,,,,,,
DB,ppg,PPG 15-24 French Toast,#544642,0.4072959662916901,0.02037800198467266,36.51550490060606,84,70,66,"[84, 70, 66]",0%,17%,21%,67%,"[0%, 17%, 21%, 67%]",31.10,5.61,4.76,"[31.10, 5.61, 4.76]",https://www.google.com/search?tbm=isch&q=ppg%20PPG%2015-24%20French%20Toast%20color%20swatch,,,,,,,,,,,,,,,,,,,,,,,,,,,,,,,,,,,,,,,,,,,,
DB,ppg,PPG 15-25 Stonington,#c8bcab,0.8004854558273972,0.027119493183564672,76.73985366568189,200,188,171,"[200, 188, 171]",0%,6%,15%,22%,"[0%, 6%, 15%, 22%]",76.90,2.27,10.25,"[76.90, 2.27, 10.25]",https://www.google.com/search?tbm=isch&q=ppg%20PPG%2015-25%20Stonington%20color%20swatch,,,,,,,,,,,,,,,,,,,,,,,,,,,,,,,,,,,,,,,,,,,,
DB,ppg,PPG 15-26 Toasted Almond,#dacfba,0.857782129034614,0.03090702779612814,83.6110597613295,218,207,186,"[218, 207, 186]",0%,5%,15%,15%,"[0%, 5%, 15%, 15%]",83.60,1.37,11.93,"[83.60, 1.37, 11.93]",https://www.google.com/search?tbm=isch&q=ppg%20PPG%2015-26%20Toasted%20Almond%20color%20swatch,,,,,,,,,,,,,,,,,,,,,,,,,,,,,,,,,,,,,,,,,,,,
DB,ppg,PPG 15-27 Botany Beige,#e5dac8,0.8923288076851624,0.027056675148579394,80.2278056037124,229,218,200,"[229, 218, 200]",0%,5%,13%,10%,"[0%, 5%, 13%, 10%]",87.58,1.69,10.33,"[87.58, 1.69, 10.33]",https://www.google.com/search?tbm=isch&q=ppg%20PPG%2015-27%20Botany%20Beige%20color%20swatch,,,,,,,,,,,,,,,,,,,,,,,,,,,,,,,,,,,,,,,,,,,,
DB,ppg,PPG 15-28 Great Gray,#cbc1b4,0.8155030713449255,0.021196360807974754,74.6157573953825,203,193,180,"[203, 193, 180]",0%,5%,11%,20%,"[0%, 5%, 11%, 20%]",78.63,1.98,7.90,"[78.63, 1.98, 7.90]",https://www.google.com/search?tbm=isch&q=ppg%20PPG%2015-28%20Great%20Gray%20color%20swatch,,,,,,,,,,,,,,,,,,,,,,,,,,,,,,,,,,,,,,,,,,,,
DB,ppg,PPG 15-29 El Capitan,#b7a696,0.7353349162439835,0.03005955678748116,65.61938847881243,183,166,150,"[183, 166, 150]",0%,9%,18%,28%,"[0%, 9%, 18%, 28%]",69.27,4.42,10.69,"[69.27, 4.42, 10.69]",https://www.google.com/search?tbm=isch&q=ppg%20PPG%2015-29%20El%20Capitan%20color%20swatch,,,,,,,,,,,,,,,,,,,,,,,,,,,,,,,,,,,,,,,,,,,,
DB,ppg,PPG 15-30 Roasted Chestnut,#9d8c7c,0.650764856025314,0.030959759486835072,65.52171296093172,157,140,124,"[157, 140, 124]",0%,11%,21%,38%,"[0%, 11%, 21%, 38%]",59.46,4.62,11.04,"[59.46, 4.62, 11.04]",https://www.google.com/search?tbm=isch&q=ppg%20PPG%2015-30%20Roasted%20Chestnut%20color%20swatch,,,,,,,,,,,,,,,,,,,,,,,,,,,,,,,,,,,,,,,,,,,,
DB,ppg,PPG 15-31 Beige Tellin,#c6b092,0.7683335866693675,0.04828507402618848,75.47743704517416,198,176,146,"[198, 176, 146]",0%,11%,26%,22%,"[0%, 11%, 26%, 22%]",73.18,4.77,18.49,"[73.18, 4.77, 18.49]",https://www.google.com/search?tbm=isch&q=ppg%20PPG%2015-31%20Beige%20Tellin%20color%20swatch,,,,,,,,,,,,,,,,,,,,,,,,,,,,,,,,,,,,,,,,,,,,
DB,ppg,PPG 15-32 Portabella,#8b7867,0.5855742862242198,0.03452799620311047,63.904300884805195,139,120,103,"[139, 120, 103]",0%,14%,26%,45%,"[0%, 14%, 26%, 45%]",51.87,5.54,12.24,"[51.87, 5.54, 12.24]",https://www.google.com/search?tbm=isch&q=ppg%20PPG%2015-32%20Portabella%20color%20swatch,,,,,,,,,,,,,,,,,,,,,,,,,,,,,,,,,,,,,,,,,,,,
DB,ppg,PPG 16-01 Sombrero Tan,#d1ac99,0.7723848370241547,0.05094738473271011,48.7030031672989,209,172,153,"[209, 172, 153]",0%,18%,27%,18%,"[0%, 18%, 27%, 18%]",73.35,11.84,15.15,"[73.35, 11.84, 15.15]",https://www.google.com/search?tbm=isch&q=ppg%20PPG%2016-01%20Sombrero%20Tan%20color%20swatch,,,,,,,,,,,,,,,,,,,,,,,,,,,,,,,,,,,,,,,,,,,,
DB,ppg,PPG 16-02 Summer Spice,#c79c7c,0.7247043877695799,0.06781292077605505,58.079363720284334,199,156,124,"[199, 156, 124]",0%,22%,38%,22%,"[0%, 22%, 38%, 22%]",67.85,13.33,23.25,"[67.85, 13.33, 23.25]",https://www.google.com/search?tbm=isch&q=ppg%20PPG%2016-02%20Summer%20Spice%20color%20swatch,,,,,,,,,,,,,,,,,,,,,,,,,,,,,,,,,,,,,,,,,,,,
DB,ppg,PPG 16-03 Burning Sand,#c58f68,0.6935371991676371,0.08466658727586968,56.653434957117895,197,143,104,"[197, 143, 104]",0%,27%,47%,23%,"[0%, 27%, 47%, 23%]",64.12,17.67,29.23,"[64.12, 17.67, 29.23]",https://www.google.com/search?tbm=isch&q=ppg%20PPG%2016-03%20Burning%20Sand%20color%20swatch,,,,,,,,,,,,,,,,,,,,,,,,,,,,,,,,,,,,,,,,,,,,
DB,ppg,PPG 16-04 Capuccino,#b78565,0.6582080483147792,0.07639189708395262,53.59245561448364,183,133,101,"[183, 133, 101]",0%,27%,45%,28%,"[0%, 27%, 45%, 28%]",60.02,16.87,25.22,"[60.02, 16.87, 25.22]",https://www.google.com/search?tbm=isch&q=ppg%20PPG%2016-04%20Capuccino%20color%20swatch,,,,,,,,,,,,,,,,,,,,,,,,,,,,,,,,,,,,,,,,,,,,
DB,ppg,PPG 16-05 Caramel Sugar,#b88a74,0.6721420313503169,0.06480853024393302,46.698372701921244,184,138,116,"[184, 138, 116]",0%,25%,37%,28%,"[0%, 25%, 37%, 28%]",61.61,15.90,19.01,"[61.61, 15.90, 19.01]",https://www.google.com/search?tbm=isch&q=ppg%20PPG%2016-05%20Caramel%20Sugar%20color%20swatch,,,,,,,,,,,,,,,,,,,,,,,,,,,,,,,,,,,,,,,,,,,,
DB,ppg,PPG 16-06 Red Rock Falls,#a27253,0.5937843165416313,0.07533867600912178,53.609597135407284,162,114,83,"[162, 114, 83]",0%,30%,49%,36%,"[0%, 30%, 49%, 36%]",52.54,16.78,25.11,"[52.54, 16.78, 25.11]",https://www.google.com/search?tbm=isch&q=ppg%20PPG%2016-06%20Red%20Rock%20Falls%20color%20swatch,,,,,,,,,,,,,,,,,,,,,,,,,,,,,,,,,,,,,,,,,,,,
DB,ppg,PPG 16-07 Southern Wood,#9d6f59,0.5832812944714039,0.06726396793482155,46.51320919095235,157,111,89,"[157, 111, 89]",0%,29%,43%,38%,"[0%, 29%, 43%, 38%]",51.27,16.74,19.92,"[51.27, 16.74, 19.92]",https://www.google.com/search?tbm=isch&q=ppg%20PPG%2016-07%20Southern%20Wood%20color%20swatch,,,,,,,,,,,,,,,,,,,,,,,,,,,,,,,,,,,,,,,,,,,,
DB,ppg,PPG 16-08 Antique Mahogany,#784c42,0.4637568448619713,0.06251654726214016,33.447307225195004,120,76,66,"[120, 76, 66]",0%,37%,45%,53%,"[0%, 37%, 45%, 53%]",37.28,18.25,14.09,"[37.28, 18.25, 14.09]",https://www.google.com/search?tbm=isch&q=ppg%20PPG%2016-08%20Antique%20Mahogany%20color%20swatch,,,,,,,,,,,,,,,,,,,,,,,,,,,,,,,,,,,,,,,,,,,,
DB,ppg,PPG 16-09 Linen Tint,#f1e2c6,0.9175529359342384,0.040512846587226,83.11365924904857,241,226,198,"[241, 226, 198]",0%,6%,18%,5%,"[0%, 6%, 18%, 5%]",90.56,2.01,15.70,"[90.56, 2.01, 15.70]",https://www.google.com/search?tbm=isch&q=ppg%20PPG%2016-09%20Linen%20Tint%20color%20swatch,,,,,,,,,,,,,,,,,,,,,,,,,,,,,,,,,,,,,,,,,,,,
DB,ppg,PPG 16-10 Hummus,#d9bc86,0.8075327181790097,0.07794699781461006,82.61565731740649,217,188,134,"[217, 188, 134]",0%,13%,38%,15%,"[0%, 13%, 38%, 15%]",77.84,5.20,31.39,"[77.84, 5.20, 31.39]",https://www.google.com/search?tbm=isch&q=ppg%20PPG%2016-10%20Hummus%20color%20swatch,,,,,,,,,,,,,,,,,,,,,,,,,,,,,,,,,,,,,,,,,,,,
DB,ppg,PPG 16-11 Apollo Gold,#e2b46c,0.7961911797637693,0.10475774055111028,77.55496156723348,226,180,108,"[226, 180, 108]",0%,20%,52%,11%,"[0%, 20%, 52%, 11%]",76.41,10.99,43.09,"[76.41, 10.99, 43.09]",https://www.google.com/search?tbm=isch&q=ppg%20PPG%2016-11%20Apollo%20Gold%20color%20swatch,,,,,,,,,,,,,,,,,,,,,,,,,,,,,,,,,,,,,,,,,,,,
DB,ppg,PPG 16-12 Italian Saffron,#cd9647,0.7110611602145874,0.11615911237122763,73.76363591963252,205,150,71,"[205, 150, 71]",0%,27%,65%,20%,"[0%, 27%, 65%, 20%]",66.39,15.49,49.00,"[66.39, 15.49, 49.00]",https://www.google.com/search?tbm=isch&q=ppg%20PPG%2016-12%20Italian%20Saffron%20color%20swatch,,,,,,,,,,,,,,,,,,,,,,,,,,,,,,,,,,,,,,,,,,,,
DB,ppg,PPG 16-13 Pumpkin Spice,#ac854e,0.6421227010273276,0.08682990527286712,74.6889073274038,172,133,78,"[172, 133, 78]",0%,23%,55%,33%,"[0%, 23%, 55%, 33%]",58.47,10.57,35.41,"[58.47, 10.57, 35.41]",https://www.google.com/search?tbm=isch&q=ppg%20PPG%2016-13%20Pumpkin%20Spice%20color%20swatch,,,,,,,,,,,,,,,,,,,,,,,,,,,,,,,,,,,,,,,,,,,,
DB,ppg,PPG 16-14 Bran Muffin,#cc9859,0.7160929375062749,0.10172484749794912,70.2795072014128,204,152,89,"[204, 152, 89]",0%,25%,56%,20%,"[0%, 25%, 56%, 20%]",66.94,14.95,40.76,"[66.94, 14.95, 40.76]",https://www.google.com/search?tbm=isch&q=ppg%20PPG%2016-14%20Bran%20Muffin%20color%20swatch,,,,,,,,,,,,,,,,,,,,,,,,,,,,,,,,,,,,,,,,,,,,
DB,ppg,PPG 16-15 Brown Basket,#ac7b44,0.6206672538235594,0.09427183556528457,67.72067521451817,172,123,68,"[172, 123, 68]",0%,28%,60%,33%,"[0%, 28%, 60%, 33%]",55.82,15.31,37.54,"[55.82, 15.31, 37.54]",https://www.google.com/search?tbm=isch&q=ppg%20PPG%2016-15%20Brown%20Basket%20color%20swatch,,,,,,,,,,,,,,,,,,,,,,,,,,,,,,,,,,,,,,,,,,,,
DB,ppg,PPG 16-16 Treasure Hunt,#a9805d,0.6313437185464508,0.07055523650853865,61.502452175865415,169,128,93,"[169, 128, 93]",0%,24%,45%,34%,"[0%, 24%, 45%, 34%]",57.04,13.00,25.46,"[57.04, 13.00, 25.46]",https://www.google.com/search?tbm=isch&q=ppg%20PPG%2016-16%20Treasure%20Hunt%20color%20swatch,,,,,,,,,,,,,,,,,,,,,,,,,,,,,,,,,,,,,,,,,,,,
DB,ppg,PPG 16-17 Tudor Beige,#bc946d,0.6945610237567685,0.07186633698740469,65.46122540311092,188,148,109,"[188, 148, 109]",0%,21%,42%,26%,"[0%, 21%, 42%, 26%]",64.44,11.71,26.68,"[64.44, 11.71, 26.68]",https://www.google.com/search?tbm=isch&q=ppg%20PPG%2016-17%20Tudor%20Beige%20color%20swatch,,,,,,,,,,,,,,,,,,,,,,,,,,,,,,,,,,,,,,,,,,,,
DB,ppg,PPG 16-18 Covered Wagon,#cda885,0.7561548894131722,0.06450408601795354,65.01057954878581,205,168,133,"[205, 168, 133]",0%,18%,35%,20%,"[0%, 18%, 35%, 20%]",71.61,10.39,23.51,"[71.61, 10.39, 23.51]",https://www.google.com/search?tbm=isch&q=ppg%20PPG%2016-18%20Covered%20Wagon%20color%20swatch,,,,,,,,,,,,,,,,,,,,,,,,,,,,,,,,,,,,,,,,,,,,
DB,ppg,PPG 16-19 Broomstick,#c68b5a,0.6846706091118184,0.09710651136520966,59.86217453620469,198,139,90,"[198, 139, 90]",0%,30%,55%,22%,"[0%, 30%, 55%, 22%]",63.09,19.24,35.47,"[63.09, 19.24, 35.47]",https://www.google.com/search?tbm=isch&q=ppg%20PPG%2016-19%20Broomstick%20color%20swatch,,,,,,,,,,,,,,,,,,,,,,,,,,,,,,,,,,,,,,,,,,,,
DB,ppg,PPG 16-20 Bronze Eucalyptus,#ae703b,0.6007073431432436,0.10444281864569425,59.282420082499016,174,112,59,"[174, 112, 59]",0%,36%,66%,32%,"[0%, 36%, 66%, 32%]",53.28,21.60,39.42,"[53.28, 21.60, 39.42]",https://www.google.com/search?tbm=isch&q=ppg%20PPG%2016-20%20Bronze%20Eucalyptus%20color%20swatch,,,,,,,,,,,,,,,,,,,,,,,,,,,,,,,,,,,,,,,,,,,,
DB,ppg,PPG 16-21 Fresh Praline,#b07447,0.6123454593529863,0.09704175374982625,56.58263886603743,176,116,71,"[176, 116, 71]",0%,34%,60%,31%,"[0%, 34%, 60%, 31%]",54.62,20.94,34.73,"[54.62, 20.94, 34.73]",https://www.google.com/search?tbm=isch&q=ppg%20PPG%2016-21%20Fresh%20Praline%20color%20swatch,,,,,,,,,,,,,,,,,,,,,,,,,,,,,,,,,,,,,,,,,,,,
DB,ppg,PPG 16-22 Chaparral,#a76c40,0.585099587433721,0.09606180815240654,56.226520858764616,167,108,64,"[167, 108, 64]",0%,35%,62%,35%,"[0%, 35%, 62%, 35%]",51.45,20.97,34.45,"[51.45, 20.97, 34.45]",https://www.google.com/search?tbm=isch&q=ppg%20PPG%2016-22%20Chaparral%20color%20swatch,,,,,,,,,,,,,,,,,,,,,,,,,,,,,,,,,,,,,,,,,,,,
DB,ppg,PPG 16-23 Tampico Brown,#835842,0.5015891807396824,0.06624595294715237,47.84845718488896,131,88,66,"[131, 88, 66]",0%,33%,50%,49%,"[0%, 33%, 50%, 49%]",41.81,16.32,20.32,"[41.81, 16.32, 20.32]",https://www.google.com/search?tbm=isch&q=ppg%20PPG%2016-23%20Tampico%20Brown%20color%20swatch,,,,,,,,,,,,,,,,,,,,,,,,,,,,,,,,,,,,,,,,,,,,
DB,ppg,PPG 16-24 Racy Raisin,#574642,0.4106466303956869,0.02438506296202233,33.482994704961925,87,70,66,"[87, 70, 66]",0%,20%,24%,66%,"[0%, 20%, 24%, 66%]",31.44,6.97,5.30,"[31.44, 6.97, 5.30]",https://www.google.com/search?tbm=isch&q=ppg%20PPG%2016-24%20Racy%20Raisin%20color%20swatch,,,,,,,,,,,,,,,,,,,,,,,,,,,,,,,,,,,,,,,,,,,,
DB,ppg,PPG 16-25 Maple Granola,#e8cbb4,0.8605441724308193,0.045192747522300354,60.57612250479423,232,203,180,"[232, 203, 180]",0%,13%,22%,9%,"[0%, 13%, 22%, 9%]",83.72,7.94,15.47,"[83.72, 7.94, 15.47]",https://www.google.com/search?tbm=isch&q=ppg%20PPG%2016-25%20Maple%20Granola%20color%20swatch,,,,,,,,,,,,,,,,,,,,,,,,,,,,,,,,,,,,,,,,,,,,
DB,ppg,PPG 16-26 Clay Fire,#d8a686,0.7635770320389769,0.07372823535119179,53.93906021710927,216,166,134,"[216, 166, 134]",0%,23%,38%,15%,"[0%, 23%, 38%, 15%]",72.27,15.91,24.09,"[72.27, 15.91, 24.09]",https://www.google.com/search?tbm=isch&q=ppg%20PPG%2016-26%20Clay%20Fire%20color%20swatch,,,,,,,,,,,,,,,,,,,,,,,,,,,,,,,,,,,,,,,,,,,,
DB,ppg,PPG 16-27 Copper Trail,#c18978,0.6810185559831365,0.07355067958778257,37.592099650645025,193,137,120,"[193, 137, 120]",0%,29%,38%,24%,"[0%, 29%, 38%, 24%]",62.46,20.45,18.12,"[62.46, 20.45, 18.12]",https://www.google.com/search?tbm=isch&q=ppg%20PPG%2016-27%20Copper%20Trail%20color%20swatch,,,,,,,,,,,,,,,,,,,,,,,,,,,,,,,,,,,,,,,,,,,,
DB,ppg,PPG 16-28 Crushed Cinnamon,#b7735e,0.623147472793872,0.09205265615670176,37.925388537899266,183,115,94,"[183, 115, 94]",0%,37%,49%,28%,"[0%, 37%, 49%, 28%]",55.59,25.86,23.43,"[55.59, 25.86, 23.43]",https://www.google.com/search?tbm=isch&q=ppg%20PPG%2016-28%20Crushed%20Cinnamon%20color%20swatch,,,,,,,,,,,,,,,,,,,,,,,,,,,,,,,,,,,,,,,,,,,,
DB,ppg,PPG 16-29 Hunt Club Red,#9a5247,0.5221460857476298,0.09812268091788083,29.866227306351107,154,82,71,"[154, 82, 71]",0%,47%,54%,40%,"[0%, 47%, 54%, 40%]",43.69,29.78,20.52,"[43.69, 29.78, 20.52]",https://www.google.com/search?tbm=isch&q=ppg%20PPG%2016-29%20Hunt%20Club%20Red%20color%20swatch,,,,,,,,,,,,,,,,,,,,,,,,,,,,,,,,,,,,,,,,,,,,
DB,ppg,PPG 16-30 Muted Copper,#9b6046,0.5483055638210841,0.08632185771634429,44.317903149004565,155,96,70,"[155, 96, 70]",0%,38%,55%,39%,"[0%, 38%, 55%, 39%]",47.04,22.64,25.38,"[47.04, 22.64, 25.38]",https://www.google.com/search?tbm=isch&q=ppg%20PPG%2016-30%20Muted%20Copper%20color%20swatch,,,,,,,,,,,,,,,,,,,,,,,,,,,,,,,,,,,,,,,,,,,,
DB,ppg,PPG 16-31 Rich Clay,#a15c49,0.5495328368152012,0.09557261364961166,36.252525420511006,161,92,73,"[161, 92, 73]",0%,43%,55%,37%,"[0%, 43%, 55%, 37%]",46.98,27.51,23.78,"[46.98, 27.51, 23.78]",https://www.google.com/search?tbm=isch&q=ppg%20PPG%2016-31%20Rich%20Clay%20color%20swatch,,,,,,,,,,,,,,,,,,,,,,,,,,,,,,,,,,,,,,,,,,,,
DB,ppg,PPG 16-32 Red Clay,#89483e,0.47885903890852616,0.0905402176722041,29.941507796710653,137,72,62,"[137, 72, 62]",0%,47%,55%,46%,"[0%, 47%, 55%, 46%]",38.73,27.47,18.99,"[38.73, 27.47, 18.99]",https://www.google.com/search?tbm=isch&q=ppg%20PPG%2016-32%20Red%20Clay%20color%20swatch,,,,,,,,,,,,,,,,,,,,,,,,,,,,,,,,,,,,,,,,,,,,
DB,ppg,PPG 17-01 Suenos,#96addc,0.747011324526152,0.07285052223291363,264.365510637938,150,173,220,"[150, 173, 220]",32%,21%,0%,14%,"[32%, 21%, 0%, 14%]",70.23,0.06,-26.64,"[70.23, 0.06, -26.64]",https://www.google.com/search?tbm=isch&q=ppg%20PPG%2017-01%20Suenos%20color%20swatch,,,,,,,,,,,,,,,,,,,,,,,,,,,,,,,,,,,,,,,,,,,,
DB,ppg,PPG 17-02 Cenote,#5072b1,0.5550337717444359,0.10608061431765722,261.9562290790286,80,114,177,"[80, 114, 177]",55%,36%,0%,31%,"[55%, 36%, 0%, 31%]",47.64,1.97,-37.83,"[47.64, 1.97, -37.83]",https://www.google.com/search?tbm=isch&q=ppg%20PPG%2017-02%20Cenote%20color%20swatch,,,,,,,,,,,,,,,,,,,,,,,,,,,,,,,,,,,,,,,,,,,,
DB,ppg,PPG 17-03 Hacienda Talavera,#314a76,0.4107312876346938,0.08037230636155943,261.07357247154914,49,74,118,"[49, 74, 118]",58%,37%,0%,54%,"[58%, 37%, 0%, 54%]",31.09,1.22,-28.58,"[31.09, 1.22, -28.58]",https://www.google.com/search?tbm=isch&q=ppg%20PPG%2017-03%20Hacienda%20Talavera%20color%20swatch,,,,,,,,,,,,,,,,,,,,,,,,,,,,,,,,,,,,,,,,,,,,
DB,ppg,PPG 17-04 Kimono,#6d86b6,0.6196657180178555,0.07862323771164063,263.0285085608725,109,134,182,"[109, 134, 182]",40%,26%,0%,29%,"[40%, 26%, 0%, 29%]",55.41,0.22,-28.47,"[55.41, 0.22, -28.47]",https://www.google.com/search?tbm=isch&q=ppg%20PPG%2017-04%20Kimono%20color%20swatch,,,,,,,,,,,,,,,,,,,,,,,,,,,,,,,,,,,,,,,,,,,,
DB,ppg,PPG 17-05 Blue Calico,#5868ae,0.5366873339230536,0.1112663094466675,272.4320033546679,88,104,174,"[88, 104, 174]",49%,40%,0%,32%,"[49%, 40%, 0%, 32%]",45.17,9.04,-39.93,"[45.17, 9.04, -39.93]",https://www.google.com/search?tbm=isch&q=ppg%20PPG%2017-05%20Blue%20Calico%20color%20swatch,,,,,,,,,,,,,,,,,,,,,,,,,,,,,,,,,,,,,,,,,,,,
DB,ppg,PPG 17-06 Magical Moment,#7e84b5,0.627208249792329,0.0740611534247056,278.6384110433421,126,132,181,"[126, 132, 181]",30%,27%,0%,29%,"[30%, 27%, 0%, 29%]",56.07,6.44,-26.75,"[56.07, 6.44, -26.75]",https://www.google.com/search?tbm=isch&q=ppg%20PPG%2017-06%20Magical%20Moment%20color%20swatch,,,,,,,,,,,,,,,,,,,,,,,,,,,,,,,,,,,,,,,,,,,,
DB,ppg,PPG 17-07 Crowning Glory,#816d95,0.5684662398974665,0.06462023166607235,307.2106868025784,129,109,149,"[129, 109, 149]",13%,27%,0%,42%,"[13%, 27%, 0%, 42%]",49.09,14.22,-18.89,"[49.09, 14.22, -18.89]",https://www.google.com/search?tbm=isch&q=ppg%20PPG%2017-07%20Crowning%20Glory%20color%20swatch,,,,,,,,,,,,,,,,,,,,,,,,,,,,,,,,,,,,,,,,,,,,
DB,ppg,PPG 17-08 Heather Glen,#b08aae,0.680900603035175,0.06777720337103098,328.030264215178,176,138,174,"[176, 138, 174]",0%,22%,1%,31%,"[0%, 22%, 1%, 31%]",62.04,19.54,-13.24,"[62.04, 19.54, -13.24]",https://www.google.com/search?tbm=isch&q=ppg%20PPG%2017-08%20Heather%20Glen%20color%20swatch,,,,,,,,,,,,,,,,,,,,,,,,,,,,,,,,,,,,,,,,,,,,
DB,ppg,PPG 17-09 Florentine Pink,#c86e94,0.6505337447451212,0.12162392217920698,354.2863129093299,200,110,148,"[200, 110, 148]",0%,45%,26%,22%,"[0%, 45%, 26%, 22%]",57.87,39.71,-4.15,"[57.87, 39.71, -4.15]",https://www.google.com/search?tbm=isch&q=ppg%20PPG%2017-09%20Florentine%20Pink%20color%20swatch,,,,,,,,,,,,,,,,,,,,,,,,,,,,,,,,,,,,,,,,,,,,
DB,ppg,PPG 17-10 Tutti Frutti,#c25a88,0.6087817533569648,0.14211930552634824,354.40110964232474,194,90,136,"[194, 90, 136]",0%,54%,30%,24%,"[0%, 54%, 30%, 24%]",52.76,46.10,-4.72,"[52.76, 46.10, -4.72]",https://www.google.com/search?tbm=isch&q=ppg%20PPG%2017-10%20Tutti%20Frutti%20color%20swatch,,,,,,,,,,,,,,,,,,,,,,,,,,,,,,,,,,,,,,,,,,,,
DB,ppg,PPG 17-11 Cerise,#a54976,0.5373720891349415,0.13154076947056198,351.8853920325471,165,73,118,"[165, 73, 118]",0%,56%,28%,35%,"[0%, 56%, 28%, 35%]",44.59,42.36,-6.54,"[44.59, 42.36, -6.54]",https://www.google.com/search?tbm=isch&q=ppg%20PPG%2017-11%20Cerise%20color%20swatch,,,,,,,,,,,,,,,,,,,,,,,,,,,,,,,,,,,,,,,,,,,,
DB,ppg,PPG 17-12 Granada,#a24041,0.5052141699872233,0.13049417823632548,22.379526295933033,162,64,65,"[162, 64, 65]",0%,60%,60%,36%,"[0%, 60%, 60%, 36%]",41.27,41.45,21.39,"[41.27, 41.45, 21.39]",https://www.google.com/search?tbm=isch&q=ppg%20PPG%2017-12%20Granada%20color%20swatch,,,,,,,,,,,,,,,,,,,,,,,,,,,,,,,,,,,,,,,,,,,,
DB,ppg,PPG 17-13 Burnt Red,#c6494c,0.5764613161707763,0.15980571206856764,22.24021736127105,198,73,76,"[198, 73, 76]",0%,63%,62%,22%,"[0%, 63%, 62%, 22%]",49.23,50.84,26.32,"[49.23, 50.84, 26.32]",https://www.google.com/search?tbm=isch&q=ppg%20PPG%2017-13%20Burnt%20Red%20color%20swatch,,,,,,,,,,,,,,,,,,,,,,,,,,,,,,,,,,,,,,,,,,,,
DB,ppg,PPG 17-14 Bleeding Heart,#e66a77,0.6768920597183887,0.1541739692702374,15.701460777357966,230,106,119,"[230, 106, 119]",0%,54%,48%,10%,"[0%, 54%, 48%, 10%]",60.83,49.93,17.51,"[60.83, 49.93, 17.51]",https://www.google.com/search?tbm=isch&q=ppg%20PPG%2017-14%20Bleeding%20Heart%20color%20swatch,,,,,,,,,,,,,,,,,,,,,,,,,,,,,,,,,,,,,,,,,,,,
DB,ppg,PPG 17-15 Rustic Pottery,#df745b,0.676370374091619,0.13906361088436375,34.29521110204354,223,116,91,"[223, 116, 91]",0%,48%,59%,13%,"[0%, 48%, 59%, 13%]",61.29,41.02,33.65,"[61.29, 41.02, 33.65]",https://www.google.com/search?tbm=isch&q=ppg%20PPG%2017-15%20Rustic%20Pottery%20color%20swatch,,,,,,,,,,,,,,,,,,,,,,,,,,,,,,,,,,,,,,,,,,,,
DB,ppg,PPG 17-16 Candy Corn,#d9624e,0.6390288543406757,0.15390885982044877,31.386516027756898,217,98,78,"[217, 98, 78]",0%,55%,64%,15%,"[0%, 55%, 64%, 15%]",56.74,46.68,35.13,"[56.74, 46.68, 35.13]",https://www.google.com/search?tbm=isch&q=ppg%20PPG%2017-16%20Candy%20Corn%20color%20swatch,,,,,,,,,,,,,,,,,,,,,,,,,,,,,,,,,,,,,,,,,,,,
DB,ppg,PPG 17-17 Mariposa,#fcd766,0.8891637060771496,0.13734435566883002,91.25261901766237,252,215,102,"[252, 215, 102]",0%,15%,60%,1%,"[0%, 15%, 60%, 1%]",87.57,4.06,59.44,"[87.57, 4.06, 59.44]",https://www.google.com/search?tbm=isch&q=ppg%20PPG%2017-17%20Mariposa%20color%20swatch,,,,,,,,,,,,,,,,,,,,,,,,,,,,,,,,,,,,,,,,,,,,
DB,ppg,PPG 17-18 Sol De Yucatan,#f1c96a,0.8517118582697104,0.12250638187174516,86.82716022444379,241,201,106,"[241, 201, 106]",0%,17%,56%,5%,"[0%, 17%, 56%, 5%]",83.08,6.59,52.28,"[83.08, 6.59, 52.28]",https://www.google.com/search?tbm=isch&q=ppg%20PPG%2017-18%20Sol%20De%20Yucatan%20color%20swatch,,,,,,,,,,,,,,,,,,,,,,,,,,,,,,,,,,,,,,,,,,,,
DB,ppg,PPG 17-19 Oro De Maya,#ebb454,0.8024269771067845,0.1292062954286282,78.96039572318375,235,180,84,"[235, 180, 84]",0%,23%,64%,8%,"[0%, 23%, 64%, 8%]",77.13,13.45,55.63,"[77.13, 13.45, 55.63]",https://www.google.com/search?tbm=isch&q=ppg%20PPG%2017-19%20Oro%20De%20Maya%20color%20swatch,,,,,,,,,,,,,,,,,,,,,,,,,,,,,,,,,,,,,,,,,,,,
DB,ppg,PPG 17-20 Tesoros,#dfb170,0.7879301245564407,0.09849875467586197,75.10533300784545,223,177,112,"[223, 177, 112]",0%,21%,50%,13%,"[0%, 21%, 50%, 13%]",75.40,11.52,39.78,"[75.40, 11.52, 39.78]",https://www.google.com/search?tbm=isch&q=ppg%20PPG%2017-20%20Tesoros%20color%20swatch,,,,,,,,,,,,,,,,,,,,,,,,,,,,,,,,,,,,,,,,,,,,
DB,ppg,PPG 17-21 Sorbete De Melon,#fdae6f,0.8140877455945942,0.1220943527668931,58.49027639472854,253,174,111,"[253, 174, 111]",0%,31%,56%,1%,"[0%, 31%, 56%, 1%]",77.97,25.14,44.30,"[77.97, 25.14, 44.30]",https://www.google.com/search?tbm=isch&q=ppg%20PPG%2017-21%20Sorbete%20De%20Melon%20color%20swatch,,,,,,,,,,,,,,,,,,,,,,,,,,,,,,,,,,,,,,,,,,,,
DB,ppg,PPG 17-22 Dynamo,#ef913e,0.7410946890396821,0.14812051634804527,58.42979761803247,239,145,62,"[239, 145, 62]",0%,39%,74%,6%,"[0%, 39%, 74%, 6%]",69.33,31.86,57.63,"[69.33, 31.86, 57.63]",https://www.google.com/search?tbm=isch&q=ppg%20PPG%2017-22%20Dynamo%20color%20swatch,,,,,,,,,,,,,,,,,,,,,,,,,,,,,,,,,,,,,,,,,,,,
DB,ppg,PPG 17-23 Cazuela,#d07d4d,0.669360410152918,0.1211673831370345,49.618129123679466,208,125,77,"[208, 125, 77]",0%,40%,63%,18%,"[0%, 40%, 63%, 18%]",60.95,29.92,40.15,"[60.95, 29.92, 40.15]",https://www.google.com/search?tbm=isch&q=ppg%20PPG%2017-23%20Cazuela%20color%20swatch,,,,,,,,,,,,,,,,,,,,,,,,,,,,,,,,,,,,,,,,,,,,
DB,ppg,PPG 17-24 Copper Penny,#d67953,0.6711522545590033,0.12749685604934674,42.50322855622801,214,121,83,"[214, 121, 83]",0%,43%,61%,16%,"[0%, 43%, 61%, 16%]",60.95,34.65,37.23,"[60.95, 34.65, 37.23]",https://www.google.com/search?tbm=isch&q=ppg%20PPG%2017-24%20Copper%20Penny%20color%20swatch,,,,,,,,,,,,,,,,,,,,,,,,,,,,,,,,,,,,,,,,,,,,
DB,ppg,PPG 17-25 Got The Giggles,#d5d16b,0.8429361940834639,0.12488489973284521,106.76651225247076,213,209,107,"[213, 209, 107]",0%,2%,50%,16%,"[0%, 2%, 50%, 16%]",82.60,-8.63,50.46,"[82.60, -8.63, 50.46]",https://www.google.com/search?tbm=isch&q=ppg%20PPG%2017-25%20Got%20The%20Giggles%20color%20swatch,,,,,,,,,,,,,,,,,,,,,,,,,,,,,,,,,,,,,,,,,,,,
DB,ppg,PPG 17-26 Willow Herb,#aaac32,0.7207660790209817,0.13975168944755564,110.37369537519061,170,172,50,"[170, 172, 50]",1%,0%,71%,33%,"[1%, 0%, 71%, 33%]",68.54,-11.60,58.55,"[68.54, -11.60, 58.55]",https://www.google.com/search?tbm=isch&q=ppg%20PPG%2017-26%20Willow%20Herb%20color%20swatch,,,,,,,,,,,,,,,,,,,,,,,,,,,,,,,,,,,,,,,,,,,,
DB,ppg,PPG 17-27 Fern Glow,#b6c876,0.8003655285605146,0.10840803801316869,119.02835495381544,182,200,118,"[182, 200, 118]",9%,0%,41%,22%,"[9%, 0%, 41%, 22%]",77.82,-15.90,38.76,"[77.82, -15.90, 38.76]",https://www.google.com/search?tbm=isch&q=ppg%20PPG%2017-27%20Fern%20Glow%20color%20swatch,,,,,,,,,,,,,,,,,,,,,,,,,,,,,,,,,,,,,,,,,,,,
DB,ppg,PPG 17-28 Mexican Jade,#729167,0.6215195393027501,0.07068636016649486,137.6351179255763,114,145,103,"[114, 145, 103]",21%,0%,29%,43%,"[21%, 0%, 29%, 43%]",56.94,-17.54,18.68,"[56.94, -17.54, 18.68]",https://www.google.com/search?tbm=isch&q=ppg%20PPG%2017-28%20Mexican%20Jade%20color%20swatch,,,,,,,,,,,,,,,,,,,,,,,,,,,,,,,,,,,,,,,,,,,,
DB,ppg,PPG 17-29 San Juan Spritz,#97d4c0,0.822718980868133,0.06858380979127059,172.16779553385118,151,212,192,"[151, 212, 192]",29%,0%,9%,17%,"[29%, 0%, 9%, 17%]",80.34,-23.45,3.35,"[80.34, -23.45, 3.35]",https://www.google.com/search?tbm=isch&q=ppg%20PPG%2017-29%20San%20Juan%20Spritz%20color%20swatch,,,,,,,,,,,,,,,,,,,,,,,,,,,,,,,,,,,,,,,,,,,,
DB,ppg,PPG 17-30 Dinner Mint,#bce7d1,0.8914377561090104,0.05386761651952585,162.83805742975233,188,231,209,"[188, 231, 209]",19%,0%,10%,9%,"[19%, 0%, 10%, 9%]",88.13,-17.69,5.92,"[88.13, -17.69, 5.92]",https://www.google.com/search?tbm=isch&q=ppg%20PPG%2017-30%20Dinner%20Mint%20color%20swatch,,,,,,,,,,,,,,,,,,,,,,,,,,,,,,,,,,,,,,,,,,,,
DB,ppg,PPG 17-31 Caribbean Crush,#86c7bf,0.7836465081282107,0.06721200185536613,186.20051392629182,134,199,191,"[134, 199, 191]",33%,0%,4%,22%,"[33%, 0%, 4%, 22%]",75.70,-22.85,-2.93,"[75.70, -22.85, -2.93]",https://www.google.com/search?tbm=isch&q=ppg%20PPG%2017-31%20Caribbean%20Crush%20color%20swatch,,,,,,,,,,,,,,,,,,,,,,,,,,,,,,,,,,,,,,,,,,,,
DB,ppg,PPG 17-32 Teal We Meet Again,#00908d,0.5904294261366577,0.10132850398187597,192.1602322521585,0,144,141,"[0, 144, 141]",100%,0%,2%,44%,"[100%, 0%, 2%, 44%]",53.61,-33.84,-8.17,"[53.61, -33.84, -8.17]",https://www.google.com/search?tbm=isch&q=ppg%20PPG%2017-32%20Teal%20We%20Meet%20Again%20color%20swatch,,,,,,,,,,,,,,,,,,,,,,,,,,,,,,,,,,,,,,,,,,,,
DB,ppg,PPG 18-01 Crumb Cookie,#f2f0e6,0.9539449405147878,0.013464222986004727,97.37723288600802,242,240,230,"[242, 240, 230]",0%,1%,5%,5%,"[0%, 1%, 5%, 5%]",94.75,-0.59,5.11,"[94.75, -0.59, 5.11]",https://www.google.com/search?tbm=isch&q=ppg%20PPG%2018-01%20Crumb%20Cookie%20color%20swatch,,,,,,,,,,,,,,,,,,,,,,,,,,,,,,,,,,,,,,,,,,,,
DB,ppg,PPG 18-02 River Rock,#d8cdc4,0.8547157601975042,0.017445654949386685,61.93550046588422,216,205,196,"[216, 205, 196]",0%,5%,9%,15%,"[0%, 5%, 9%, 15%]",83.12,2.81,5.94,"[83.12, 2.81, 5.94]",https://www.google.com/search?tbm=isch&q=ppg%20PPG%2018-02%20River%20Rock%20color%20swatch,,,,,,,,,,,,,,,,,,,,,,,,,,,,,,,,,,,,,,,,,,,,
DB,ppg,PPG 18-03 Grey Mauve,#cab8ab,0.7941528081867711,0.027468794913587318,58.20142442356888,202,184,171,"[202, 184, 171]",0%,9%,15%,21%,"[0%, 9%, 15%, 21%]",76.05,5.03,9.08,"[76.05, 5.03, 9.08]",https://www.google.com/search?tbm=isch&q=ppg%20PPG%2018-03%20Grey%20Mauve%20color%20swatch,,,,,,,,,,,,,,,,,,,,,,,,,,,,,,,,,,,,,,,,,,,,
DB,ppg,PPG 18-04 Luxurious,#c3b8b7,0.7914013247580838,0.012632933035057005,23.843661537899266,195,184,183,"[195, 184, 183]",0%,6%,6%,24%,"[0%, 6%, 6%, 24%]",75.68,3.90,1.99,"[75.68, 3.90, 1.99]",https://www.google.com/search?tbm=isch&q=ppg%20PPG%2018-04%20Luxurious%20color%20swatch,,,,,,,,,,,,,,,,,,,,,,,,,,,,,,,,,,,,,,,,,,,,
DB,ppg,PPG 18-05 Awakening,#bb9e9b,0.7242663757807689,0.03478352954345329,24.97732136757486,187,158,155,"[187, 158, 155]",0%,16%,17%,27%,"[0%, 16%, 17%, 27%]",67.69,10.69,5.78,"[67.69, 10.69, 5.78]",https://www.google.com/search?tbm=isch&q=ppg%20PPG%2018-05%20Awakening%20color%20swatch,,,,,,,,,,,,,,,,,,,,,,,,,,,,,,,,,,,,,,,,,,,,
DB,ppg,PPG 18-06 Mexicali Rose,#c49b9e,0.728060397659589,0.049122302152797365,13.454285700063053,196,155,158,"[196, 155, 158]",0%,21%,19%,23%,"[0%, 21%, 19%, 23%]",67.91,16.08,4.58,"[67.91, 16.08, 4.58]",https://www.google.com/search?tbm=isch&q=ppg%20PPG%2018-06%20Mexicali%20Rose%20color%20swatch,,,,,,,,,,,,,,,,,,,,,,,,,,,,,,,,,,,,,,,,,,,,
DB,ppg,PPG 18-07 Luscious Lilac,#af8f9e,0.6840274267861745,0.04359111567397993,348.47611559182974,175,143,158,"[175, 143, 158]",0%,18%,10%,31%,"[0%, 18%, 10%, 31%]",62.76,14.32,-3.16,"[62.76, 14.32, -3.16]",https://www.google.com/search?tbm=isch&q=ppg%20PPG%2018-07%20Luscious%20Lilac%20color%20swatch,,,,,,,,,,,,,,,,,,,,,,,,,,,,,,,,,,,,,,,,,,,,
DB,ppg,PPG 18-08 Smoky Quartz,#a18a8d,0.6551863367588444,0.028137347459361795,9.034360872556874,161,138,141,"[161, 138, 141]",0%,14%,12%,37%,"[0%, 14%, 12%, 37%]",59.68,9.35,1.79,"[59.68, 9.35, 1.79]",https://www.google.com/search?tbm=isch&q=ppg%20PPG%2018-08%20Smoky%20Quartz%20color%20swatch,,,,,,,,,,,,,,,,,,,,,,,,,,,,,,,,,,,,,,,,,,,,
DB,ppg,PPG 18-09 Garlic Clove,#ece9dd,0.9330764070051293,0.016339120413433213,95.18233022949704,236,233,221,"[236, 233, 221]",0%,1%,6%,7%,"[0%, 1%, 6%, 7%]",92.34,-0.48,6.24,"[92.34, -0.48, 6.24]",https://www.google.com/search?tbm=isch&q=ppg%20PPG%2018-09%20Garlic%20Clove%20color%20swatch,,,,,,,,,,,,,,,,,,,,,,,,,,,,,,,,,,,,,,,,,,,,
DB,ppg,PPG 18-10 Lotus Petal,#f2e9dc,0.9375728907942043,0.019928144387235374,77.30059229291567,242,233,220,"[242, 233, 220]",0%,4%,9%,5%,"[0%, 4%, 9%, 5%]",92.80,1.53,7.49,"[92.80, 1.53, 7.49]",https://www.google.com/search?tbm=isch&q=ppg%20PPG%2018-10%20Lotus%20Petal%20color%20swatch,,,,,,,,,,,,,,,,,,,,,,,,,,,,,,,,,,,,,,,,,,,,
DB,ppg,PPG 18-11 Pastel Paper,#f3eae3,0.9421787418869387,0.013598896238566254,60.59217153679543,243,234,227,"[243, 234, 227]",0%,4%,7%,5%,"[0%, 4%, 7%, 5%]",93.27,2.26,4.56,"[93.27, 2.26, 4.56]",https://www.google.com/search?tbm=isch&q=ppg%20PPG%2018-11%20Pastel%20Paper%20color%20swatch,,,,,,,,,,,,,,,,,,,,,,,,,,,,,,,,,,,,,,,,,,,,
DB,ppg,PPG 18-12 Granddad's Girl,#f4e4d9,0.9286703399439239,0.02299029610898334,56.96711698763795,244,228,217,"[244, 228, 217]",0%,7%,11%,4%,"[0%, 7%, 11%, 4%]",91.66,4.30,7.46,"[91.66, 4.30, 7.46]",https://www.google.com/search?tbm=isch&q=ppg%20PPG%2018-12%20Granddad's%20Girl%20color%20swatch,,,,,,,,,,,,,,,,,,,,,,,,,,,,,,,,,,,,,,,,,,,,
DB,ppg,PPG 18-13 Beige Llama,#eedbce,0.9033242539290074,0.027452042213200294,56.75127512938917,238,219,206,"[238, 219, 206]",0%,8%,13%,7%,"[0%, 8%, 13%, 7%]",88.71,5.20,8.91,"[88.71, 5.20, 8.91]",https://www.google.com/search?tbm=isch&q=ppg%20PPG%2018-13%20Beige%20Llama%20color%20swatch,,,,,,,,,,,,,,,,,,,,,,,,,,,,,,,,,,,,,,,,,,,,
DB,ppg,PPG 18-14 Spice Beige,#dfc4b9,0.840116775365411,0.03435395140693395,43.49585293473217,223,196,185,"[223, 196, 185]",0%,12%,17%,13%,"[0%, 12%, 17%, 13%]",81.25,8.56,9.24,"[81.25, 8.56, 9.24]",https://www.google.com/search?tbm=isch&q=ppg%20PPG%2018-14%20Spice%20Beige%20color%20swatch,,,,,,,,,,,,,,,,,,,,,,,,,,,,,,,,,,,,,,,,,,,,
DB,ppg,PPG 18-15 Shrimp Salad,#e3b8a9,0.8167217343851997,0.05422213474093716,40.136692910279464,227,184,169,"[227, 184, 169]",0%,19%,26%,11%,"[0%, 19%, 26%, 11%]",78.38,14.37,13.82,"[78.38, 14.37, 13.82]",https://www.google.com/search?tbm=isch&q=ppg%20PPG%2018-15%20Shrimp%20Salad%20color%20swatch,,,,,,,,,,,,,,,,,,,,,,,,,,,,,,,,,,,,,,,,,,,,
DB,ppg,PPG 18-16 Salmon Eggs,#c59687,0.7134975620166752,0.06098533117577077,38.44588496852941,197,150,135,"[197, 150, 135]",0%,24%,31%,23%,"[0%, 24%, 31%, 23%]",66.33,16.65,15.14,"[66.33, 16.65, 15.14]",https://www.google.com/search?tbm=isch&q=ppg%20PPG%2018-16%20Salmon%20Eggs%20color%20swatch,,,,,,,,,,,,,,,,,,,,,,,,,,,,,,,,,,,,,,,,,,,,
DB,ppg,PPG 18-17 Just Blush,#ece2e3,0.920969549142736,0.010996226653929901,10.513874908736284,236,226,227,"[236, 226, 227]",0%,4%,4%,7%,"[0%, 4%, 4%, 7%]",90.71,3.65,0.80,"[90.71, 3.65, 0.80]",https://www.google.com/search?tbm=isch&q=ppg%20PPG%2018-17%20Just%20Blush%20color%20swatch,,,,,,,,,,,,,,,,,,,,,,,,,,,,,,,,,,,,,,,,,,,,
DB,ppg,PPG 18-18 Rose Blush,#ead7d9,0.8951572697241387,0.021202490374329225,10.336410863503886,234,215,217,"[234, 215, 217]",0%,8%,7%,8%,"[0%, 8%, 7%, 8%]",87.60,7.03,1.52,"[87.60, 7.03, 1.52]",https://www.google.com/search?tbm=isch&q=ppg%20PPG%2018-18%20Rose%20Blush%20color%20swatch,,,,,,,,,,,,,,,,,,,,,,,,,,,,,,,,,,,,,,,,,,,,
DB,ppg,PPG 18-19 Crushed Roses,#dab7bb,0.8110263889930227,0.040648110215946096,10.291653716934093,218,183,187,"[218, 183, 187]",0%,16%,14%,15%,"[0%, 16%, 14%, 15%]",77.61,13.45,2.93,"[77.61, 13.45, 2.93]",https://www.google.com/search?tbm=isch&q=ppg%20PPG%2018-19%20Crushed%20Roses%20color%20swatch,,,,,,,,,,,,,,,,,,,,,,,,,,,,,,,,,,,,,,,,,,,,
DB,ppg,PPG 18-20 Thornberry,#b68190,0.6603008967048419,0.06823017229436329,0.5912704079489117,182,129,144,"[182, 129, 144]",0%,29%,21%,29%,"[0%, 29%, 21%, 29%]",59.74,22.72,0.52,"[59.74, 22.72, 0.52]",https://www.google.com/search?tbm=isch&q=ppg%20PPG%2018-20%20Thornberry%20color%20swatch,,,,,,,,,,,,,,,,,,,,,,,,,,,,,,,,,,,,,,,,,,,,
DB,ppg,PPG 18-21 Moody Mauve,#a37379,0.6060060008788786,0.0611620874872128,10.790028841384128,163,115,121,"[163, 115, 121]",0%,29%,26%,36%,"[0%, 29%, 26%, 36%]",53.60,20.14,4.66,"[53.60, 20.14, 4.66]",https://www.google.com/search?tbm=isch&q=ppg%20PPG%2018-21%20Moody%20Mauve%20color%20swatch,,,,,,,,,,,,,,,,,,,,,,,,,,,,,,,,,,,,,,,,,,,,
DB,ppg,PPG 18-22 Make Mine Mauve,#a0666b,0.5742495509213985,0.07517387691352168,14.083305212132643,160,102,107,"[160, 102, 107]",0%,36%,33%,37%,"[0%, 36%, 33%, 37%]",49.78,24.50,7.44,"[49.78, 24.50, 7.44]",https://www.google.com/search?tbm=isch&q=ppg%20PPG%2018-22%20Make%20Mine%20Mauve%20color%20swatch,,,,,,,,,,,,,,,,,,,,,,,,,,,,,,,,,,,,,,,,,,,,
DB,ppg,PPG 18-23 Berries And Cream,#9c6071,0.5602536029022804,0.0807920858479785,1.6970950295919351,156,96,113,"[156, 96, 113]",0%,38%,28%,39%,"[0%, 38%, 28%, 39%]",47.99,26.75,1.24,"[47.99, 26.75, 1.24]",https://www.google.com/search?tbm=isch&q=ppg%20PPG%2018-23%20Berries%20And%20Cream%20color%20swatch,,,,,,,,,,,,,,,,,,,,,,,,,,,,,,,,,,,,,,,,,,,,
DB,ppg,PPG 18-24 Purple Cabbage,#7c3f55,0.4510727930694269,0.0882780520643383,358.3270402769663,124,63,85,"[124, 63, 85]",0%,49%,31%,51%,"[0%, 49%, 31%, 51%]",35.20,28.97,-0.63,"[35.20, 28.97, -0.63]",https://www.google.com/search?tbm=isch&q=ppg%20PPG%2018-24%20Purple%20Cabbage%20color%20swatch,,,,,,,,,,,,,,,,,,,,,,,,,,,,,,,,,,,,,,,,,,,,
DB,ppg,PPG 18-25 Belleek,#f4e5d2,0.9288306811074307,0.03016050344493148,73.88291682491871,244,229,210,"[244, 229, 210]",0%,6%,14%,4%,"[0%, 6%, 14%, 4%]",91.78,3.00,11.24,"[91.78, 3.00, 11.24]",https://www.google.com/search?tbm=isch&q=ppg%20PPG%2018-25%20Belleek%20color%20swatch,,,,,,,,,,,,,,,,,,,,,,,,,,,,,,,,,,,,,,,,,,,,
DB,ppg,PPG 18-26 Peach Brick,#e5ccbd,0.8620338853846807,0.03488468509677701,53.0215228716562,229,204,189,"[229, 204, 189]",0%,11%,17%,10%,"[0%, 11%, 17%, 10%]",83.86,7.29,10.88,"[83.86, 7.29, 10.88]",https://www.google.com/search?tbm=isch&q=ppg%20PPG%2018-26%20Peach%20Brick%20color%20swatch,,,,,,,,,,,,,,,,,,,,,,,,,,,,,,,,,,,,,,,,,,,,
DB,ppg,PPG 18-27 Peach Beauty,#e7c3ab,0.8420334655449436,0.05253755065466898,55.57115463736636,231,195,171,"[231, 195, 171]",0%,16%,26%,9%,"[0%, 16%, 26%, 9%]",81.50,10.60,17.13,"[81.50, 10.60, 17.13]",https://www.google.com/search?tbm=isch&q=ppg%20PPG%2018-27%20Peach%20Beauty%20color%20swatch,,,,,,,,,,,,,,,,,,,,,,,,,,,,,,,,,,,,,,,,,,,,
DB,ppg,PPG 18-28 Adorable,#e3beb0,0.829897788870236,0.04687953109564047,41.81294604602999,227,190,176,"[227, 190, 176]",0%,16%,22%,11%,"[0%, 16%, 22%, 11%]",79.98,12.09,12.30,"[79.98, 12.09, 12.30]",https://www.google.com/search?tbm=isch&q=ppg%20PPG%2018-28%20Adorable%20color%20swatch,,,,,,,,,,,,,,,,,,,,,,,,,,,,,,,,,,,,,,,,,,,,
DB,ppg,PPG 18-29 Emberglo,#c67976,0.6575938392589136,0.09705928979317405,22.449927973867887,198,121,118,"[198, 121, 118]",0%,39%,40%,22%,"[0%, 39%, 40%, 22%]",59.32,30.61,15.12,"[59.32, 30.61, 15.12]",https://www.google.com/search?tbm=isch&q=ppg%20PPG%2018-29%20Emberglo%20color%20swatch,,,,,,,,,,,,,,,,,,,,,,,,,,,,,,,,,,,,,,,,,,,,
DB,ppg,PPG 18-30 Lush Rose,#be727c,0.6372212635697647,0.09651412589413576,11.684054958199454,190,114,124,"[190, 114, 124]",0%,40%,35%,25%,"[0%, 40%, 35%, 25%]",56.82,31.62,8.04,"[56.82, 31.62, 8.04]",https://www.google.com/search?tbm=isch&q=ppg%20PPG%2018-30%20Lush%20Rose%20color%20swatch,,,,,,,,,,,,,,,,,,,,,,,,,,,,,,,,,,,,,,,,,,,,
DB,ppg,PPG 18-31 Raspberry Ripple,#b2656c,0.5956119776382647,0.09928415171636576,14.72338441198093,178,101,108,"[178, 101, 108]",0%,43%,39%,30%,"[0%, 43%, 39%, 30%]",52.00,32.27,10.37,"[52.00, 32.27, 10.37]",https://www.google.com/search?tbm=isch&q=ppg%20PPG%2018-31%20Raspberry%20Ripple%20color%20swatch,,,,,,,,,,,,,,,,,,,,,,,,,,,,,,,,,,,,,,,,,,,,
DB,ppg,PPG 18-32 Indian Paintbrush,#ab5959,0.5615760713831262,0.10749689203252308,21.070006835302706,171,89,89,"[171, 89, 89]",0%,48%,48%,33%,"[0%, 48%, 48%, 33%]",48.04,34.20,16.05,"[48.04, 34.20, 16.05]",https://www.google.com/search?tbm=isch&q=ppg%20PPG%2018-32%20Indian%20Paintbrush%20color%20swatch,,,,,,,,,,,,,,,,,,,,,,,,,,,,,,,,,,,,,,,,,,,,
DB,ppg,PPG FLLW144 Wright Autumn Green,#8d8752,0.6159313429333959,0.07310123005965201,102.68245575809505,141,135,82,"[141, 135, 82]",0%,4%,42%,45%,"[0%, 4%, 42%, 45%]",55.89,-3.65,29.30,"[55.89, -3.65, 29.30]",https://www.google.com/search?tbm=isch&q=ppg%20PPG%20FLLW144%20Wright%20Autumn%20Green%20color%20swatch,,,,,,,,,,,,,,,,,,,,,,,,,,,,,,,,,,,,,,,,,,,,
DB,ppg,PPG FLLW287 Wright Tanager Red,#c6494c,0.5764613161707763,0.15980571206856764,22.24021736127105,198,73,76,"[198, 73, 76]",0%,63%,62%,22%,"[0%, 63%, 62%, 22%]",49.23,50.84,26.32,"[49.23, 50.84, 26.32]",https://www.google.com/search?tbm=isch&q=ppg%20PPG%20FLLW287%20Wright%20Tanager%20Red%20color%20swatch,,,,,,,,,,,,,,,,,,,,,,,,,,,,,,,,,,,,,,,,,,,,
DB,ppg,PPG FLLW321 Wright Mustard,#d8ad39,0.7667080862689799,0.1374701863856406,87.62163884526996,216,173,57,"[216, 173, 57]",0%,20%,74%,15%,"[0%, 20%, 74%, 15%]",73.21,7.92,62.18,"[73.21, 7.92, 62.18]",https://www.google.com/search?tbm=isch&q=ppg%20PPG%20FLLW321%20Wright%20Mustard%20color%20swatch,,,,,,,,,,,,,,,,,,,,,,,,,,,,,,,,,,,,,,,,,,,,
DB,ppg,PPG FLLW325 Wright Ochre,#cc8149,0.6708999659914301,0.11734862779830837,55.82072678046808,204,129,73,"[204, 129, 73]",0%,37%,64%,20%,"[0%, 37%, 64%, 20%]",61.29,26.03,42.43,"[61.29, 26.03, 42.43]",https://www.google.com/search?tbm=isch&q=ppg%20PPG%20FLLW325%20Wright%20Ochre%20color%20swatch,,,,,,,,,,,,,,,,,,,,,,,,,,,,,,,,,,,,,,,,,,,,
DB,ppg,PPG FLLW36 Wright Midnight,#404149,0.37737452785099257,0.0136129262389836,280.0867688532188,64,65,73,"[64, 65, 73]",12%,11%,0%,71%,"[12%, 11%, 0%, 71%]",27.67,0.99,-5.02,"[27.67, 0.99, -5.02]",https://www.google.com/search?tbm=isch&q=ppg%20PPG%20FLLW36%20Wright%20Midnight%20color%20swatch,,,,,,,,,,,,,,,,,,,,,,,,,,,,,,,,,,,,,,,,,,,,
DB,ppg,PPG FLLW370 Wright Deep Rust,#ae6456,0.5834643530537086,0.09876968790847303,31.638478417182284,174,100,86,"[174, 100, 86]",0%,43%,51%,32%,"[0%, 43%, 51%, 32%]",50.83,29.50,21.57,"[50.83, 29.50, 21.57]",https://www.google.com/search?tbm=isch&q=ppg%20PPG%20FLLW370%20Wright%20Deep%20Rust%20color%20swatch,,,,,,,,,,,,,,,,,,,,,,,,,,,,,,,,,,,,,,,,,,,,
DB,ppg,PPG FLLW396 Wright Spring Green,#96af54,0.715008745921146,0.12132634359419195,122.21929954671901,150,175,84,"[150, 175, 84]",14%,0%,52%,31%,"[14%, 0%, 52%, 31%]",68.06,-19.52,43.02,"[68.06, -19.52, 43.02]",https://www.google.com/search?tbm=isch&q=ppg%20PPG%20FLLW396%20Wright%20Spring%20Green%20color%20swatch,,,,,,,,,,,,,,,,,,,,,,,,,,,,,,,,,,,,,,,,,,,,
DB,ppg,PPG FLLW514 Wright Bluebird,#356fad,0.532849423540823,0.11518793261350493,252.13937542990834,53,111,173,"[53, 111, 173]",69%,36%,0%,32%,"[69%, 36%, 0%, 32%]",45.25,-3.40,-39.37,"[45.25, -3.40, -39.37]",https://www.google.com/search?tbm=isch&q=ppg%20PPG%20FLLW514%20Wright%20Bluebird%20color%20swatch,,,,,,,,,,,,,,,,,,,,,,,,,,,,,,,,,,,,,,,,,,,,
DB,ppg,PPG FLLW518 Wright Turquoise,#1e8ea1,0.596364211571505,0.09715733467401924,212.31230697310446,30,142,161,"[30, 142, 161]",81%,12%,0%,37%,"[81%, 12%, 0%, 37%]",53.86,-25.89,-19.21,"[53.86, -25.89, -19.21]",https://www.google.com/search?tbm=isch&q=ppg%20PPG%20FLLW518%20Wright%20Turquoise%20color%20swatch,,,,,,,,,,,,,,,,,,,,,,,,,,,,,,,,,,,,,,,,,,,,
DB,ppg,PPG FLLW539 Wright Pottery Red,#d78775,0.7023158500631076,0.1025834320717547,33.40547765020699,215,135,117,"[215, 135, 117]",0%,37%,46%,16%,"[0%, 37%, 46%, 16%]",64.62,30.05,23.24,"[64.62, 30.05, 23.24]",https://www.google.com/search?tbm=isch&q=ppg%20PPG%20FLLW539%20Wright%20Pottery%20Red%20color%20swatch,,,,,,,,,,,,,,,,,,,,,,,,,,,,,,,,,,,,,,,,,,,,
DB,ppg,PPG FLLW568 Wright Gold,#d1a96b,0.7573398682929788,0.09255916735357496,77.60724812099005,209,169,107,"[209, 169, 107]",0%,19%,49%,18%,"[0%, 19%, 49%, 18%]",71.91,9.46,37.67,"[71.91, 9.46, 37.67]",https://www.google.com/search?tbm=isch&q=ppg%20PPG%20FLLW568%20Wright%20Gold%20color%20swatch,,,,,,,,,,,,,,,,,,,,,,,,,,,,,,,,,,,,,,,,,,,,
DB,ppg,PPG FLLW570 Wright Sun Tan,#d29b6f,0.7318684578929848,0.08846981610467948,59.4636739736884,210,155,111,"[210, 155, 111]",0%,26%,47%,18%,"[0%, 26%, 47%, 18%]",68.61,17.32,31.51,"[68.61, 17.32, 31.51]",https://www.google.com/search?tbm=isch&q=ppg%20PPG%20FLLW570%20Wright%20Sun%20Tan%20color%20swatch,,,,,,,,,,,,,,,,,,,,,,,,,,,,,,,,,,,,,,,,,,,,
DB,ppg,PPG FLLW577 Wright Raspberry,#a54f5d,0.5382559070183455,0.11395301805137943,11.49751385994989,165,79,93,"[165, 79, 93]",0%,52%,44%,35%,"[0%, 52%, 44%, 35%]",45.14,37.23,9.51,"[45.14, 37.23, 9.51]",https://www.google.com/search?tbm=isch&q=ppg%20PPG%20FLLW577%20Wright%20Raspberry%20color%20swatch,,,,,,,,,,,,,,,,,,,,,,,,,,,,,,,,,,,,,,,,,,,,
DB,ppg,PPG FLLW618 Wright Quiet Green,#76846b,0.594671392172194,0.040508567491278596,131.44224678980527,118,132,107,"[118, 132, 107]",11%,0%,19%,48%,"[11%, 0%, 19%, 48%]",53.45,-8.97,11.76,"[53.45, -8.97, 11.76]",https://www.google.com/search?tbm=isch&q=ppg%20PPG%20FLLW618%20Wright%20Quiet%20Green%20color%20swatch,,,,,,,,,,,,,,,,,,,,,,,,,,,,,,,,,,,,,,,,,,,,
DB,ppg,PPG FLLW620 Wright Green Olive,#9da073,0.6917930153613027,0.06236059101077442,111.09419122639451,157,160,115,"[157, 160, 115]",2%,0%,28%,37%,"[2%, 0%, 28%, 37%]",64.76,-6.69,23.18,"[64.76, -6.69, 23.18]",https://www.google.com/search?tbm=isch&q=ppg%20PPG%20FLLW620%20Wright%20Green%20Olive%20color%20swatch,,,,,,,,,,,,,,,,,,,,,,,,,,,,,,,,,,,,,,,,,,,,
DB,ppg,PPG FLLW623 Wright Oak Bark,#957d6f,0.6081956415592868,0.03631984005531967,52.02505107894768,149,125,111,"[149, 125, 111]",0%,16%,26%,42%,"[0%, 16%, 26%, 42%]",54.40,7.89,11.30,"[54.40, 7.89, 11.30]",https://www.google.com/search?tbm=isch&q=ppg%20PPG%20FLLW623%20Wright%20Oak%20Bark%20color%20swatch,,,,,,,,,,,,,,,,,,,,,,,,,,,,,,,,,,,,,,,,,,,,
DB,ppg,PPG FLLW68 Wright Cherokee Red Taliesin West,#91493e,0.4921956011981987,0.09956001416427099,30.073498316856615,145,73,62,"[145, 73, 62]",0%,50%,57%,43%,"[0%, 50%, 57%, 43%]",40.20,30.25,21.15,"[40.20, 30.25, 21.15]",https://www.google.com/search?tbm=isch&q=ppg%20PPG%20FLLW68%20Wright%20Cherokee%20Red%20Taliesin%20West%20color%20swatch,,,,,,,,,,,,,,,,,,,,,,,,,,,,,,,,,,,,,,,,,,,,
DB,ppg,PPG FLLW705 Wright Old Rose,#c07281,0.6411054337283794,0.09966301998345937,7.865134973773877,192,114,129,"[192, 114, 129]",0%,41%,33%,25%,"[0%, 41%, 33%, 25%]",57.20,32.86,5.71,"[57.20, 32.86, 5.71]",https://www.google.com/search?tbm=isch&q=ppg%20PPG%20FLLW705%20Wright%20Old%20Rose%20color%20swatch,,,,,,,,,,,,,,,,,,,,,,,,,,,,,,,,,,,,,,,,,,,,
DB,ppg,PPG FLLW724 Wright Pale Mustard,#bbac7d,0.7456600005349535,0.06553323945306802,92.46148132625262,187,172,125,"[187, 172, 125]",0%,8%,33%,27%,"[0%, 8%, 33%, 27%]",70.78,0.36,26.32,"[70.78, 0.36, 26.32]",https://www.google.com/search?tbm=isch&q=ppg%20PPG%20FLLW724%20Wright%20Pale%20Mustard%20color%20swatch,,,,,,,,,,,,,,,,,,,,,,,,,,,,,,,,,,,,,,,,,,,,
DB,ppg,PPG FLLW726 Wright Dark Eggshell,#c8ac89,0.7601375894458664,0.057692150773959464,72.97498865685048,200,172,137,"[200, 172, 137]",0%,14%,32%,22%,"[0%, 14%, 32%, 22%]",72.19,6.71,22.03,"[72.19, 6.71, 22.03]",https://www.google.com/search?tbm=isch&q=ppg%20PPG%20FLLW726%20Wright%20Dark%20Eggshell%20color%20swatch,,,,,,,,,,,,,,,,,,,,,,,,,,,,,,,,,,,,,,,,,,,,
DB,ppg,PPG FLLW741 Wright Echo Blue,#6d9a9b,0.6542136638636927,0.048647511774845685,197.741247840921,109,154,155,"[109, 154, 155]",30%,1%,0%,39%,"[30%, 1%, 0%, 39%]",60.39,-15.60,-5.69,"[60.39, -15.60, -5.69]",https://www.google.com/search?tbm=isch&q=ppg%20PPG%20FLLW741%20Wright%20Echo%20Blue%20color%20swatch,,,,,,,,,,,,,,,,,,,,,,,,,,,,,,,,,,,,,,,,,,,,
DB,ppg,PPG FLLW742 Wright Egyptian Blue,#6d9185,0.6260087001784619,0.04401438691365457,172.31202474030988,109,145,133,"[109, 145, 133]",25%,0%,8%,43%,"[25%, 0%, 8%, 43%]",57.19,-15.01,2.11,"[57.19, -15.01, 2.11]",https://www.google.com/search?tbm=isch&q=ppg%20PPG%20FLLW742%20Wright%20Egyptian%20Blue%20color%20swatch,,,,,,,,,,,,,,,,,,,,,,,,,,,,,,,,,,,,,,,,,,,,
DB,ppg,PPG FLLW771 Wright Murasaki,#9b8c9f,0.6594828653291616,0.03261920809129288,319.13555716734004,155,140,159,"[155, 140, 159]",3%,12%,0%,38%,"[3%, 12%, 0%, 38%]",60.06,8.49,-7.95,"[60.06, 8.49, -7.95]",https://www.google.com/search?tbm=isch&q=ppg%20PPG%20FLLW771%20Wright%20Murasaki%20color%20swatch,,,,,,,,,,,,,,,,,,,,,,,,,,,,,,,,,,,,,,,,,,,,
DB,ppg,PPG FLLW785 Wright Cornfield Tan,#f9e8a5,0.9292378063323514,0.08688768495782685,95.58424375510248,249,232,165,"[249, 232, 165]",0%,7%,34%,2%,"[0%, 7%, 34%, 2%]",92.22,-1.06,34.88,"[92.22, -1.06, 34.88]",https://www.google.com/search?tbm=isch&q=ppg%20PPG%20FLLW785%20Wright%20Cornfield%20Tan%20color%20swatch,,,,,,,,,,,,,,,,,,,,,,,,,,,,,,,,,,,,,,,,,,,,
DB,ppg,PPG FLLW792 Wright Flesh Pink,#f7b1a6,0.8233453942704606,0.08404472794864769,29.009817384157373,247,177,166,"[247, 177, 166]",0%,28%,33%,3%,"[0%, 28%, 33%, 3%]",78.77,25.27,16.35,"[78.77, 25.27, 16.35]",https://www.google.com/search?tbm=isch&q=ppg%20PPG%20FLLW792%20Wright%20Flesh%20Pink%20color%20swatch,,,,,,,,,,,,,,,,,,,,,,,,,,,,,,,,,,,,,,,,,,,,
DB,ppg,PPG FLLW840 Wright Grey Tan,#cdba99,0.7964620159806933,0.04964322736165939,81.41161189719662,205,186,153,"[205, 186, 153]",0%,9%,25%,20%,"[0%, 9%, 25%, 20%]",76.51,3.21,19.40,"[76.51, 3.21, 19.40]",https://www.google.com/search?tbm=isch&q=ppg%20PPG%20FLLW840%20Wright%20Grey%20Tan%20color%20swatch,,,,,,,,,,,,,,,,,,,,,,,,,,,,,,,,,,,,,,,,,,,,
DB,ppg,PPG FLLW858 Wright Stone Grey,#bda496,0.7367885386024504,0.03555269687711607,51.10222360222582,189,164,150,"[189, 164, 150]",0%,13%,21%,26%,"[0%, 13%, 21%, 26%]",69.32,7.79,10.85,"[69.32, 7.79, 10.85]",https://www.google.com/search?tbm=isch&q=ppg%20PPG%20FLLW858%20Wright%20Stone%20Grey%20color%20swatch,,,,,,,,,,,,,,,,,,,,,,,,,,,,,,,,,,,,,,,,,,,,
DB,ppg,PPG FLLW864 Wright Sky Blue,#96afb7,0.7375969172080594,0.029908995124119618,219.03166116134707,150,175,183,"[150, 175, 183]",18%,4%,0%,28%,"[18%, 4%, 0%, 28%]",69.75,-7.62,-7.14,"[69.75, -7.62, -7.14]",https://www.google.com/search?tbm=isch&q=ppg%20PPG%20FLLW864%20Wright%20Sky%20Blue%20color%20swatch,,,,,,,,,,,,,,,,,,,,,,,,,,,,,,,,,,,,,,,,,,,,
DB,ppg,PPG FLLW872 Wright Soft Grey,#acadad,0.7468167341709809,0.0011225251364536423,195.91271559396148,172,173,173,"[172, 173, 173]",1%,0%,0%,32%,"[1%, 0%, 0%, 32%]",70.64,-0.36,-0.12,"[70.64, -0.36, -0.12]",https://www.google.com/search?tbm=isch&q=ppg%20PPG%20FLLW872%20Wright%20Soft%20Grey%20color%20swatch,,,,,,,,,,,,,,,,,,,,,,,,,,,,,,,,,,,,,,,,,,,,
DB,ppg,PPG FLLW892 Wright Blue Mist,#93c0c5,0.7774056143510174,0.048020367584182586,204.65927245770354,147,192,197,"[147, 192, 197]",25%,3%,0%,23%,"[25%, 3%, 0%, 23%]",74.61,-14.55,-7.64,"[74.61, -14.55, -7.64]",https://www.google.com/search?tbm=isch&q=ppg%20PPG%20FLLW892%20Wright%20Blue%20Mist%20color%20swatch,,,,,,,,,,,,,,,,,,,,,,,,,,,,,,,,,,,,,,,,,,,,
DB,ppg,PPG FLLW917 Wright Lemon White,#e3dec6,0.8981703783488378,0.03247357300714084,97.29879525869023,227,222,198,"[227, 222, 198]",0%,2%,13%,11%,"[0%, 2%, 13%, 11%]",88.39,-1.21,12.47,"[88.39, -1.21, 12.47]",https://www.google.com/search?tbm=isch&q=ppg%20PPG%20FLLW917%20Wright%20Lemon%20White%20color%20swatch,,,,,,,,,,,,,,,,,,,,,,,,,,,,,,,,,,,,,,,,,,,,
DB,ppg,PPG FLLW918 Wright Pearl Gray,#dacfba,0.857782129034614,0.03090702779612814,83.6110597613295,218,207,186,"[218, 207, 186]",0%,5%,15%,15%,"[0%, 5%, 15%, 15%]",83.60,1.37,11.93,"[83.60, 1.37, 11.93]",https://www.google.com/search?tbm=isch&q=ppg%20PPG%20FLLW918%20Wright%20Pearl%20Gray%20color%20swatch,,,,,,,,,,,,,,,,,,,,,,,,,,,,,,,,,,,,,,,,,,,,
DB,ppg,PPG FLLW943 Wright Shell Pink,#ecc9ca,0.8659430798661194,0.039680985028169705,16.034333572537093,236,201,202,"[236, 201, 202]",0%,15%,14%,7%,"[0%, 15%, 14%, 7%]",84.03,12.86,4.34,"[84.03, 12.86, 4.34]",https://www.google.com/search?tbm=isch&q=ppg%20PPG%20FLLW943%20Wright%20Shell%20Pink%20color%20swatch,,,,,,,,,,,,,,,,,,,,,,,,,,,,,,,,,,,,,,,,,,,,
DB,ppg,PPG FLLW961 Wright Cloud White,#d2d4d1,0.8675240723228883,0.004627797763602364,134.48922793836078,210,212,209,"[210, 212, 209]",1%,0%,1%,17%,"[1%, 0%, 1%, 17%]",84.69,-1.11,1.25,"[84.69, -1.11, 1.25]",https://www.google.com/search?tbm=isch&q=ppg%20PPG%20FLLW961%20Wright%20Cloud%20White%20color%20swatch,,,,,,,,,,,,,,,,,,,,,,,,,,,,,,,,,,,,,,,,,,,,
DB,ppg,PPG FLLW994 Wright Pearl White,#f5e8d9,0.9372706988265103,0.024533158702788067,71.46152480759031,245,232,217,"[245, 232, 217]",0%,5%,11%,4%,"[0%, 5%, 11%, 4%]",92.74,2.73,9.00,"[92.74, 2.73, 9.00]",https://www.google.com/search?tbm=isch&q=ppg%20PPG%20FLLW994%20Wright%20Pearl%20White%20color%20swatch,,,,,,,,,,,,,,,,,,,,,,,,,,,,,,,,,,,,,,,,,,,,
DB,ppg,PPG FLLW999 Wright Oyster Shell,#e6e0cc,0.9060699642480757,0.02750005242727112,93.09224803896552,230,224,204,"[230, 224, 204]",0%,3%,11%,10%,"[0%, 3%, 11%, 10%]",89.25,-0.38,10.61,"[89.25, -0.38, 10.61]",https://www.google.com/search?tbm=isch&q=ppg%20PPG%20FLLW999%20Wright%20Oyster%20Shell%20color%20swatch,,,,,,,,,,,,,,,,,,,,,,,,,,,,,,,,,,,,,,,,,,,,