Type,Adjective,Noun,HEX,OKLCH_L,OKLCH_C,OKLCH_H,RGB_R,RGB_G,RGB_B,RGB,CMYK_C,CMYK_M,CMYK_Y,CMYK_K,CMYK,CIE_L,CIE_A,CIE_B,CIE_LAB,ERP_Code,Note,Tags,Sheen,Profile,Visual_Pattern,Tactile_Texture,Material,Illuminant,Observer,Measurement_Method,Measurement_Date,Measurement_Device,R400 nm,R410 nm,R420 nm,R430 nm,R440 nm,R450 nm,R460 nm,R470 nm,R480 nm,R490 nm,R500 nm,R510 nm,R520 nm,R530 nm,R540 nm,R550 nm,R560 nm,R570 nm,R580 nm,R590 nm,R600 nm,R610 nm,R620 nm,R630 nm,R640 nm,R650 nm,R660 nm,R670 nm,R680 nm,R690 nm,R700 nm,Spectral
DB,sherwinwilliams,Sherwin Williams 1 Mulberry Silk,#94766C,0.5918967520776758,0.04076703595123503,39.247365669997066,148,118,108,"[148, 118, 108]",0%,20%,27%,42%,"[0%, 20%, 27%, 42%]",52.38,10.94,10.21,"[52.38, 10.94, 10.21]",https://www.google.com/search?tbm=isch&q=sherwinWilliams%20Sherwin%20Williams%201%20Mulberry%20Silk%20color%20swatch,,,,,,,,,,,,,,,,,,,,,,,,,,,,,,,,,,,,,,,,,,,,
DB,sherwinwilliams,Sherwin Williams 2 Chelsea Mauve,#BEAC9F,0.7561763095757565,0.027782814304057917,58.16029403164822,190,172,159,"[190, 172, 159]",0%,9%,16%,25%,"[0%, 9%, 16%, 25%]",71.65,5.11,9.19,"[71.65, 5.11, 9.19]",https://www.google.com/search?tbm=isch&q=sherwinWilliams%20Sherwin%20Williams%202%20Chelsea%20Mauve%20color%20swatch,,,,,,,,,,,,,,,,,,,,,,,,,,,,,,,,,,,,,,,,,,,,
DB,sherwinwilliams,Sherwin Williams 3 Cabbage Rose,#C59F91,0.7333324305249653,0.0496123473499694,41.20477931975205,197,159,145,"[197, 159, 145]",0%,19%,26%,23%,"[0%, 19%, 26%, 23%]",68.75,12.97,12.94,"[68.75, 12.97, 12.94]",https://www.google.com/search?tbm=isch&q=sherwinWilliams%20Sherwin%20Williams%203%20Cabbage%20Rose%20color%20swatch,,,,,,,,,,,,,,,,,,,,,,,,,,,,,,,,,,,,,,,,,,,,
DB,sherwinwilliams,Sherwin Williams 4 Rose Brocade,#996C6E,0.5780335904557264,0.057719578265153504,16.061057070347488,153,108,110,"[153, 108, 110]",0%,29%,28%,40%,"[0%, 29%, 28%, 40%]",50.43,18.70,6.42,"[50.43, 18.70, 6.42]",https://www.google.com/search?tbm=isch&q=sherwinWilliams%20Sherwin%20Williams%204%20Rose%20Brocade%20color%20swatch,,,,,,,,,,,,,,,,,,,,,,,,,,,,,,,,,,,,,,,,,,,,
DB,sherwinwilliams,Sherwin Williams 5 Deepest Mauve,#6D595A,0.48426349953044173,0.026336290908271574,14.70959279905901,109,89,90,"[109, 89, 90]",0%,18%,17%,57%,"[0%, 18%, 17%, 57%]",39.89,8.58,2.66,"[39.89, 8.58, 2.66]",https://www.google.com/search?tbm=isch&q=sherwinWilliams%20Sherwin%20Williams%205%20Deepest%20Mauve%20color%20swatch,,,,,,,,,,,,,,,,,,,,,,,,,,,,,,,,,,,,,,,,,,,,
DB,sherwinwilliams,Sherwin Williams 6 Toile Red,#8B534E,0.5049761380523522,0.07587913675911202,25.573148760657602,139,83,78,"[139, 83, 78]",0%,40%,44%,45%,"[0%, 40%, 44%, 45%]",41.86,23.53,13.41,"[41.86, 23.53, 13.41]",https://www.google.com/search?tbm=isch&q=sherwinWilliams%20Sherwin%20Williams%206%20Toile%20Red%20color%20swatch,,,,,,,,,,,,,,,,,,,,,,,,,,,,,,,,,,,,,,,,,,,,
DB,sherwinwilliams,Sherwin Williams 7 Decorous Amber,#AC7559,0.612500788568059,0.08049907404353374,47.74174738118165,172,117,89,"[172, 117, 89]",0%,32%,48%,33%,"[0%, 32%, 48%, 33%]",54.59,19.86,24.64,"[54.59, 19.86, 24.64]",https://www.google.com/search?tbm=isch&q=sherwinWilliams%20Sherwin%20Williams%207%20Decorous%20Amber%20color%20swatch,,,,,,,,,,,,,,,,,,,,,,,,,,,,,,,,,,,,,,,,,,,,
DB,sherwinwilliams,Sherwin Williams 8 Cajun Red,#8D422F,0.47195343061766165,0.10685905841145235,35.3300677919467,141,66,47,"[141, 66, 47]",0%,53%,67%,45%,"[0%, 53%, 67%, 45%]",37.85,31.43,27.11,"[37.85, 31.43, 27.11]",https://www.google.com/search?tbm=isch&q=sherwinWilliams%20Sherwin%20Williams%208%20Cajun%20Red%20color%20swatch,,,,,,,,,,,,,,,,,,,,,,,,,,,,,,,,,,,,,,,,,,,,
DB,sherwinwilliams,Sherwin Williams 9 Eastlake Gold,#C28E61,0.6870510079824651,0.0875601136428375,61.45271879094139,194,142,97,"[194, 142, 97]",0%,27%,50%,24%,"[0%, 27%, 50%, 24%]",63.44,16.45,32.04,"[63.44, 16.45, 32.04]",https://www.google.com/search?tbm=isch&q=sherwinWilliams%20Sherwin%20Williams%209%20Eastlake%20Gold%20color%20swatch,,,,,,,,,,,,,,,,,,,,,,,,,,,,,,,,,,,,,,,,,,,,
DB,sherwinwilliams,Sherwin Williams 10 Wickerwork,#C19E80,0.72342101126275,0.05879918075148476,62.2880516131832,193,158,128,"[193, 158, 128]",0%,18%,34%,24%,"[0%, 18%, 34%, 24%]",67.79,10.22,20.86,"[67.79, 10.22, 20.86]",https://www.google.com/search?tbm=isch&q=sherwinWilliams%20Sherwin%20Williams%2010%20Wickerwork%20color%20swatch,,,,,,,,,,,,,,,,,,,,,,,,,,,,,,,,,,,,,,,,,,,,
DB,sherwinwilliams,Sherwin Williams 11 Crewel Tan,#CBB99B,0.7931112390152386,0.04565499544530004,80.50445619913768,203,185,155,"[203, 185, 155]",0%,9%,24%,20%,"[0%, 9%, 24%, 20%]",76.10,3.13,17.74,"[76.10, 3.13, 17.74]",https://www.google.com/search?tbm=isch&q=sherwinWilliams%20Sherwin%20Williams%2011%20Crewel%20Tan%20color%20swatch,,,,,,,,,,,,,,,,,,,,,,,,,,,,,,,,,,,,,,,,,,,,
DB,sherwinwilliams,Sherwin Williams 12 Empire Gold,#C19F6E,0.7218388117048201,0.07669815665945484,76.15695517940378,193,159,110,"[193, 159, 110]",0%,18%,43%,24%,"[0%, 18%, 43%, 24%]",67.77,8.16,30.53,"[67.77, 8.16, 30.53]",https://www.google.com/search?tbm=isch&q=sherwinWilliams%20Sherwin%20Williams%2012%20Empire%20Gold%20color%20swatch,,,,,,,,,,,,,,,,,,,,,,,,,,,,,,,,,,,,,,,,,,,,
DB,sherwinwilliams,Sherwin Williams 13 Majolica Green,#AEB08F,0.7467964635731109,0.04563565163148373,110.30841096751999,174,176,143,"[174, 176, 143]",1%,0%,19%,31%,"[1%, 0%, 19%, 31%]",71.01,-4.95,16.74,"[71.01, -4.95, 16.74]",https://www.google.com/search?tbm=isch&q=sherwinWilliams%20Sherwin%20Williams%2013%20Majolica%20Green%20color%20swatch,,,,,,,,,,,,,,,,,,,,,,,,,,,,,,,,,,,,,,,,,,,,
DB,sherwinwilliams,Sherwin Williams 14 Sheraton Sage,#8F8666,0.6195012055930534,0.04684839988481647,94.23707839484348,143,134,102,"[143, 134, 102]",0%,6%,29%,44%,"[0%, 6%, 29%, 44%]",56.10,-0.40,18.59,"[56.10, -0.40, 18.59]",https://www.google.com/search?tbm=isch&q=sherwinWilliams%20Sherwin%20Williams%2014%20Sheraton%20Sage%20color%20swatch,,,,,,,,,,,,,,,,,,,,,,,,,,,,,,,,,,,,,,,,,,,,
DB,sherwinwilliams,Sherwin Williams 15 Gallery Green,#708672,0.5966200850528408,0.039353893575385976,147.56348951817165,112,134,114,"[112, 134, 114]",16%,0%,15%,47%,"[16%, 0%, 15%, 47%]",53.72,-11.36,8.04,"[53.72, -11.36, 8.04]",https://www.google.com/search?tbm=isch&q=sherwinWilliams%20Sherwin%20Williams%2015%20Gallery%20Green%20color%20swatch,,,,,,,,,,,,,,,,,,,,,,,,,,,,,,,,,,,,,,,,,,,,
DB,sherwinwilliams,Sherwin Williams 16 Billiard Green,#45584D,0.4408581033327067,0.029539518366270702,159.521859030418,69,88,77,"[69, 88, 77]",22%,0%,12%,65%,"[22%, 0%, 12%, 65%]",35.54,-9.52,3.88,"[35.54, -9.52, 3.88]",https://www.google.com/search?tbm=isch&q=sherwinWilliams%20Sherwin%20Williams%2016%20Billiard%20Green%20color%20swatch,,,,,,,,,,,,,,,,,,,,,,,,,,,,,,,,,,,,,,,,,,,,
DB,sherwinwilliams,Sherwin Williams 17 Calico,#8CA49C,0.6978183228979435,0.02921900169841313,173.30815648469923,140,164,156,"[140, 164, 156]",15%,0%,5%,36%,"[15%, 0%, 5%, 36%]",65.33,-9.92,1.20,"[65.33, -9.92, 1.20]",https://www.google.com/search?tbm=isch&q=sherwinWilliams%20Sherwin%20Williams%2017%20Calico%20color%20swatch,,,,,,,,,,,,,,,,,,,,,,,,,,,,,,,,,,,,,,,,,,,,
DB,sherwinwilliams,Sherwin Williams 18 Teal Stencil,#627F7B,0.5727459333332335,0.03381223910072647,185.89387723547543,98,127,123,"[98, 127, 123]",23%,0%,3%,50%,"[23%, 0%, 3%, 50%]",50.84,-11.46,-1.41,"[50.84, -11.46, -1.41]",https://www.google.com/search?tbm=isch&q=sherwinWilliams%20Sherwin%20Williams%2018%20Teal%20Stencil%20color%20swatch,,,,,,,,,,,,,,,,,,,,,,,,,,,,,,,,,,,,,,,,,,,,
DB,sherwinwilliams,Sherwin Williams 19 Festoon Aqua,#A0BBB8,0.7709222595211676,0.029728781204046418,188.37709663344424,160,187,184,"[160, 187, 184]",14%,0%,2%,27%,"[14%, 0%, 2%, 27%]",73.77,-9.98,-1.73,"[73.77, -9.98, -1.73]",https://www.google.com/search?tbm=isch&q=sherwinWilliams%20Sherwin%20Williams%2019%20Festoon%20Aqua%20color%20swatch,,,,,,,,,,,,,,,,,,,,,,,,,,,,,,,,,,,,,,,,,,,,
DB,sherwinwilliams,Sherwin Williams 20 Peacock Plume,#739694,0.646345741198756,0.03891399203550063,191.8748408135491,115,150,148,"[115, 150, 148]",23%,0%,1%,41%,"[23%, 0%, 1%, 41%]",59.41,-12.91,-3.13,"[59.41, -12.91, -3.13]",https://www.google.com/search?tbm=isch&q=sherwinWilliams%20Sherwin%20Williams%2020%20Peacock%20Plume%20color%20swatch,,,,,,,,,,,,,,,,,,,,,,,,,,,,,,,,,,,,,,,,,,,,
DB,sherwinwilliams,Sherwin Williams 21 Queen Anne Lilac,#C0B6B4,0.7839548196600763,0.01176893539526421,31.075163518088743,192,182,180,"[192, 182, 180]",0%,5%,6%,25%,"[0%, 5%, 6%, 25%]",74.84,3.40,2.36,"[74.84, 3.40, 2.36]",https://www.google.com/search?tbm=isch&q=sherwinWilliams%20Sherwin%20Williams%2021%20Queen%20Anne%20Lilac%20color%20swatch,,,,,,,,,,,,,,,,,,,,,,,,,,,,,,,,,,,,,,,,,,,,
DB,sherwinwilliams,Sherwin Williams 22 Patchwork Plum,#7E696A,0.5413209146273836,0.02682565655242101,14.771163575642333,126,105,106,"[126, 105, 106]",0%,17%,16%,51%,"[0%, 17%, 16%, 51%]",46.50,8.74,2.72,"[46.50, 8.74, 2.72]",https://www.google.com/search?tbm=isch&q=sherwinWilliams%20Sherwin%20Williams%2022%20Patchwork%20Plum%20color%20swatch,,,,,,,,,,,,,,,,,,,,,,,,,,,,,,,,,,,,,,,,,,,,
DB,sherwinwilliams,Sherwin Williams 23 Pewter Tankard,#A39B90,0.6931221598696369,0.018358636073988317,76.05314776745706,163,155,144,"[163, 155, 144]",0%,5%,12%,36%,"[0%, 5%, 12%, 36%]",64.43,1.57,6.89,"[64.43, 1.57, 6.89]",https://www.google.com/search?tbm=isch&q=sherwinWilliams%20Sherwin%20Williams%2023%20Pewter%20Tankard%20color%20swatch,,,,,,,,,,,,,,,,,,,,,,,,,,,,,,,,,,,,,,,,,,,,
DB,sherwinwilliams,Sherwin Williams 24 Curio Gray,#988977,0.63843182682055,0.03173592927882728,72.25780167942963,152,137,119,"[152, 137, 119]",0%,10%,22%,40%,"[0%, 10%, 22%, 40%]",58.07,3.60,11.86,"[58.07, 3.60, 11.86]",https://www.google.com/search?tbm=isch&q=sherwinWilliams%20Sherwin%20Williams%2024%20Curio%20Gray%20color%20swatch,,,,,,,,,,,,,,,,,,,,,,,,,,,,,,,,,,,,,,,,,,,,
DB,sherwinwilliams,Sherwin Williams 25 Rosedust,#CC8D84,0.7035421337135012,0.07864449538637634,28.239979545258166,204,141,132,"[204, 141, 132]",0%,31%,35%,20%,"[0%, 31%, 35%, 20%]",64.91,23.83,14.99,"[64.91, 23.83, 14.99]",https://www.google.com/search?tbm=isch&q=sherwinWilliams%20Sherwin%20Williams%2025%20Rosedust%20color%20swatch,,,,,,,,,,,,,,,,,,,,,,,,,,,,,,,,,,,,,,,,,,,,
DB,sherwinwilliams,Sherwin Williams 26 Rachel Pink,#E8B9AE,0.8246808180199773,0.05681540516653702,33.427517473565956,232,185,174,"[232, 185, 174]",0%,20%,25%,9%,"[0%, 20%, 25%, 9%]",79.21,16.29,12.39,"[79.21, 16.29, 12.39]",https://www.google.com/search?tbm=isch&q=sherwinWilliams%20Sherwin%20Williams%2026%20Rachel%20Pink%20color%20swatch,,,,,,,,,,,,,,,,,,,,,,,,,,,,,,,,,,,,,,,,,,,,
DB,sherwinwilliams,Sherwin Williams 27 Aristocrat Peach,#ECCEB9,0.8711317513523461,0.04417044501003645,57.08501869517215,236,206,185,"[236, 206, 185]",0%,13%,22%,7%,"[0%, 13%, 22%, 7%]",84.92,8.49,14.56,"[84.92, 8.49, 14.56]",https://www.google.com/search?tbm=isch&q=sherwinWilliams%20Sherwin%20Williams%2027%20Aristocrat%20Peach%20color%20swatch,,,,,,,,,,,,,,,,,,,,,,,,,,,,,,,,,,,,,,,,,,,,
DB,sherwinwilliams,Sherwin Williams 28 Caen Stone,#ECD0B1,0.8731452246636323,0.051879247549344816,69.91371898382454,236,208,177,"[236, 208, 177]",0%,12%,25%,7%,"[0%, 12%, 25%, 7%]",85.27,6.68,19.23,"[85.27, 6.68, 19.23]",https://www.google.com/search?tbm=isch&q=sherwinWilliams%20Sherwin%20Williams%2028%20Caen%20Stone%20color%20swatch,,,,,,,,,,,,,,,,,,,,,,,,,,,,,,,,,,,,,,,,,,,,
DB,sherwinwilliams,Sherwin Williams 29 Acanthus,#CDCDB4,0.8416010389701278,0.0338227011178275,107.10482720940615,205,205,180,"[205, 205, 180]",0%,0%,12%,20%,"[0%, 0%, 12%, 20%]",81.90,-3.19,12.51,"[81.90, -3.19, 12.51]",https://www.google.com/search?tbm=isch&q=sherwinWilliams%20Sherwin%20Williams%2029%20Acanthus%20color%20swatch,,,,,,,,,,,,,,,,,,,,,,,,,,,,,,,,,,,,,,,,,,,,
DB,sherwinwilliams,Sherwin Williams 30 Colonial Yellow,#EFC488,0.8444622568647032,0.09107764047637856,75.26822332859626,239,196,136,"[239, 196, 136]",0%,18%,43%,6%,"[0%, 18%, 43%, 6%]",81.98,10.18,36.16,"[81.98, 10.18, 36.16]",https://www.google.com/search?tbm=isch&q=sherwinWilliams%20Sherwin%20Williams%2030%20Colonial%20Yellow%20color%20swatch,,,,,,,,,,,,,,,,,,,,,,,,,,,,,,,,,,,,,,,,,,,,
DB,sherwinwilliams,Sherwin Williams 31 Dutch Tile Blue,#9AABAB,0.7279767608466928,0.01904146385116461,196.74152762121446,154,171,171,"[154, 171, 171]",10%,0%,0%,33%,"[10%, 0%, 0%, 33%]",68.64,-6.15,-2.13,"[68.64, -6.15, -2.13]",https://www.google.com/search?tbm=isch&q=sherwinWilliams%20Sherwin%20Williams%2031%20Dutch%20Tile%20Blue%20color%20swatch,,,,,,,,,,,,,,,,,,,,,,,,,,,,,,,,,,,,,,,,,,,,
DB,sherwinwilliams,Sherwin Williams 32 Needlepoint Navy,#546670,0.4990576080841937,0.02701867547280775,232.35501597995267,84,102,112,"[84, 102, 112]",25%,9%,0%,56%,"[25%, 9%, 0%, 56%]",41.97,-5.18,-8.03,"[41.97, -5.18, -8.03]",https://www.google.com/search?tbm=isch&q=sherwinWilliams%20Sherwin%20Williams%2032%20Needlepoint%20Navy%20color%20swatch,,,,,,,,,,,,,,,,,,,,,,,,,,,,,,,,,,,,,,,,,,,,
DB,sherwinwilliams,Sherwin Williams 33 Rembrandt Ruby,#974F49,0.5132340766123421,0.0973746626777226,25.969613885167632,151,79,73,"[151, 79, 73]",0%,48%,52%,41%,"[0%, 48%, 52%, 41%]",42.60,30.26,17.81,"[42.60, 30.26, 17.81]",https://www.google.com/search?tbm=isch&q=sherwinWilliams%20Sherwin%20Williams%2033%20Rembrandt%20Ruby%20color%20swatch,,,,,,,,,,,,,,,,,,,,,,,,,,,,,,,,,,,,,,,,,,,,
DB,sherwinwilliams,Sherwin Williams 34 Roycroft Rose,#C08F80,0.6931337263648067,0.06384652874199392,37.707341086087126,192,143,128,"[192, 143, 128]",0%,26%,33%,25%,"[0%, 26%, 33%, 25%]",63.94,17.62,15.64,"[63.94, 17.62, 15.64]",https://www.google.com/search?tbm=isch&q=sherwinWilliams%20Sherwin%20Williams%2034%20Roycroft%20Rose%20color%20swatch,,,,,,,,,,,,,,,,,,,,,,,,,,,,,,,,,,,,,,,,,,,,
DB,sherwinwilliams,Sherwin Williams 35 Indian White,#EEDAC3,0.8986221465078491,0.037867296761932824,71.19508391854811,238,218,195,"[238, 218, 195]",0%,8%,18%,7%,"[0%, 8%, 18%, 7%]",88.25,4.44,13.99,"[88.25, 4.44, 13.99]",https://www.google.com/search?tbm=isch&q=sherwinWilliams%20Sherwin%20Williams%2035%20Indian%20White%20color%20swatch,,,,,,,,,,,,,,,,,,,,,,,,,,,,,,,,,,,,,,,,,,,,
DB,sherwinwilliams,Sherwin Williams 36 Buckram Binding,#D9C3A6,0.8281425934330411,0.046382373521733404,74.6838122553525,217,195,166,"[217, 195, 166]",0%,10%,24%,15%,"[0%, 10%, 24%, 15%]",80.11,4.71,17.62,"[80.11, 4.71, 17.62]",https://www.google.com/search?tbm=isch&q=sherwinWilliams%20Sherwin%20Williams%2036%20Buckram%20Binding%20color%20swatch,,,,,,,,,,,,,,,,,,,,,,,,,,,,,,,,,,,,,,,,,,,,
DB,sherwinwilliams,Sherwin Williams 37 Morris Room Grey,#ADA193,0.7152957244143975,0.02432904245512688,71.68014768632793,173,161,147,"[173, 161, 147]",0%,7%,15%,32%,"[0%, 7%, 15%, 32%]",66.99,2.73,8.97,"[66.99, 2.73, 8.97]",https://www.google.com/search?tbm=isch&q=sherwinWilliams%20Sherwin%20Williams%2037%20Morris%20Room%20Grey%20color%20swatch,,,,,,,,,,,,,,,,,,,,,,,,,,,,,,,,,,,,,,,,,,,,
DB,sherwinwilliams,Sherwin Williams 38 Library Pewter,#7F7263,0.5597304174206816,0.02770956040985295,71.19320769818495,127,114,99,"[127, 114, 99]",0%,10%,22%,50%,"[0%, 10%, 22%, 50%]",48.94,3.30,10.29,"[48.94, 3.30, 10.29]",https://www.google.com/search?tbm=isch&q=sherwinWilliams%20Sherwin%20Williams%2038%20Library%20Pewter%20color%20swatch,,,,,,,,,,,,,,,,,,,,,,,,,,,,,,,,,,,,,,,,,,,,
DB,sherwinwilliams,Sherwin Williams 39 Portrait Tone,#C4957A,0.707555097822321,0.06835728482559555,51.13787519124293,196,149,122,"[196, 149, 122]",0%,24%,38%,23%,"[0%, 24%, 38%, 23%]",65.75,15.57,21.49,"[65.75, 15.57, 21.49]",https://www.google.com/search?tbm=isch&q=sherwinWilliams%20Sherwin%20Williams%2039%20Portrait%20Tone%20color%20swatch,,,,,,,,,,,,,,,,,,,,,,,,,,,,,,,,,,,,,,,,,,,,
DB,sherwinwilliams,Sherwin Williams 40 Roycroft Adobe,#A76251,0.5696943531812491,0.09391455451525596,34.69505343987976,167,98,81,"[167, 98, 81]",0%,41%,51%,35%,"[0%, 41%, 51%, 35%]",49.32,27.34,22.29,"[49.32, 27.34, 22.29]",https://www.google.com/search?tbm=isch&q=sherwinWilliams%20Sherwin%20Williams%2040%20Roycroft%20Adobe%20color%20swatch,,,,,,,,,,,,,,,,,,,,,,,,,,,,,,,,,,,,,,,,,,,,
DB,sherwinwilliams,Sherwin Williams 41 Dard Hunter Green,#3A4A3F,0.39158717736171433,0.027488898458587797,154.92984516474257,58,74,63,"[58, 74, 63]",22%,0%,15%,71%,"[22%, 0%, 15%, 71%]",29.79,-8.56,4.40,"[29.79, -8.56, 4.40]",https://www.google.com/search?tbm=isch&q=sherwinWilliams%20Sherwin%20Williams%2041%20Dard%20Hunter%20Green%20color%20swatch,,,,,,,,,,,,,,,,,,,,,,,,,,,,,,,,,,,,,,,,,,,,
DB,sherwinwilliams,Sherwin Williams 42 Ruskin Room Green,#ACA17D,0.7090798755939771,0.0513197424618645,93.09397410027282,172,161,125,"[172, 161, 125]",0%,6%,27%,33%,"[0%, 6%, 27%, 33%]",66.50,-0.13,20.35,"[66.50, -0.13, 20.35]",https://www.google.com/search?tbm=isch&q=sherwinWilliams%20Sherwin%20Williams%2042%20Ruskin%20Room%20Green%20color%20swatch,,,,,,,,,,,,,,,,,,,,,,,,,,,,,,,,,,,,,,,,,,,,
DB,sherwinwilliams,Sherwin Williams 43 Peristyle Brass,#AE905E,0.669321828975245,0.07618997398784855,79.66270493520346,174,144,94,"[174, 144, 94]",0%,17%,46%,32%,"[0%, 17%, 46%, 32%]",61.73,6.74,30.96,"[61.73, 6.74, 30.96]",https://www.google.com/search?tbm=isch&q=sherwinWilliams%20Sherwin%20Williams%2043%20Peristyle%20Brass%20color%20swatch,,,,,,,,,,,,,,,,,,,,,,,,,,,,,,,,,,,,,,,,,,,,
DB,sherwinwilliams,Sherwin Williams 44 Hubbard Squash,#E9BF8C,0.8297201779853518,0.08203686862682996,71.73047750555406,233,191,140,"[233, 191, 140]",0%,18%,40%,9%,"[0%, 18%, 40%, 9%]",80.22,10.58,31.71,"[80.22, 10.58, 31.71]",https://www.google.com/search?tbm=isch&q=sherwinWilliams%20Sherwin%20Williams%2044%20Hubbard%20Squash%20color%20swatch,,,,,,,,,,,,,,,,,,,,,,,,,,,,,,,,,,,,,,,,,,,,
DB,sherwinwilliams,Sherwin Williams 45 Antiquarian Brown,#946644,0.5507293638694083,0.07661739679417448,56.82636331588304,148,102,68,"[148, 102, 68]",0%,31%,54%,42%,"[0%, 31%, 54%, 42%]",47.58,16.18,26.93,"[47.58, 16.18, 26.93]",https://www.google.com/search?tbm=isch&q=sherwinWilliams%20Sherwin%20Williams%2045%20Antiquarian%20Brown%20color%20swatch,,,,,,,,,,,,,,,,,,,,,,,,,,,,,,,,,,,,,,,,,,,,
DB,sherwinwilliams,Sherwin Williams 46 White Hyacinth,#F3E5D1,0.9277538170263842,0.0306588255740379,76.96417218566643,243,229,209,"[243, 229, 209]",0%,6%,14%,5%,"[0%, 6%, 14%, 5%]",91.67,2.52,11.59,"[91.67, 2.52, 11.59]",https://www.google.com/search?tbm=isch&q=sherwinWilliams%20Sherwin%20Williams%2046%20White%20Hyacinth%20color%20swatch,,,,,,,,,,,,,,,,,,,,,,,,,,,,,,,,,,,,,,,,,,,,
DB,sherwinwilliams,Sherwin Williams 47 Studio Blue Green,#6D817B,0.5853143470896005,0.025028579096299977,175.35351846357037,109,129,123,"[109, 129, 123]",16%,0%,5%,49%,"[16%, 0%, 5%, 49%]",52.22,-8.52,0.69,"[52.22, -8.52, 0.69]",https://www.google.com/search?tbm=isch&q=sherwinWilliams%20Sherwin%20Williams%2047%20Studio%20Blue%20Green%20color%20swatch,,,,,,,,,,,,,,,,,,,,,,,,,,,,,,,,,,,,,,,,,,,,
DB,sherwinwilliams,Sherwin Williams 48 Bunglehouse Blue,#47626F,0.47977658143657875,0.03823114082976025,229.20492556144256,71,98,111,"[71, 98, 111]",36%,12%,0%,56%,"[36%, 12%, 0%, 56%]",39.78,-7.70,-10.79,"[39.78, -7.70, -10.79]",https://www.google.com/search?tbm=isch&q=sherwinWilliams%20Sherwin%20Williams%2048%20Bunglehouse%20Blue%20color%20swatch,,,,,,,,,,,,,,,,,,,,,,,,,,,,,,,,,,,,,,,,,,,,
DB,sherwinwilliams,Sherwin Williams 49 Silver Gray,#B8B2A2,0.7640521034172569,0.02330525748903902,89.83000532865321,184,178,162,"[184, 178, 162]",0%,3%,12%,28%,"[0%, 3%, 12%, 28%]",72.74,0.14,9.01,"[72.74, 0.14, 9.01]",https://www.google.com/search?tbm=isch&q=sherwinWilliams%20Sherwin%20Williams%2049%20Silver%20Gray%20color%20swatch,,,,,,,,,,,,,,,,,,,,,,,,,,,,,,,,,,,,,,,,,,,,
DB,sherwinwilliams,Sherwin Williams 50 Classic Light Buff,#F0EADC,0.937938451761295,0.01971497214089762,87.51548444592152,240,234,220,"[240, 234, 220]",0%,3%,8%,6%,"[0%, 3%, 8%, 6%]",92.89,0.33,7.58,"[92.89, 0.33, 7.58]",https://www.google.com/search?tbm=isch&q=sherwinWilliams%20Sherwin%20Williams%2050%20Classic%20Light%20Buff%20color%20swatch,,,,,,,,,,,,,,,,,,,,,,,,,,,,,,,,,,,,,,,,,,,,
DB,sherwinwilliams,Sherwin Williams 51 Classic Ivory,#F2E0C3,0.9137542971226301,0.043125886357993484,79.78460667097403,242,224,195,"[242, 224, 195]",0%,7%,19%,5%,"[0%, 7%, 19%, 5%]",90.09,3.01,16.61,"[90.09, 3.01, 16.61]",https://www.google.com/search?tbm=isch&q=sherwinWilliams%20Sherwin%20Williams%2051%20Classic%20Ivory%20color%20swatch,,,,,,,,,,,,,,,,,,,,,,,,,,,,,,,,,,,,,,,,,,,,
DB,sherwinwilliams,Sherwin Williams 52 Pearl Gray,#CBCEC5,0.8465196607623771,0.012701463572355754,121.7348540739165,203,206,197,"[203, 206, 197]",1%,0%,4%,19%,"[1%, 0%, 4%, 19%]",82.34,-2.28,4.11,"[82.34, -2.28, 4.11]",https://www.google.com/search?tbm=isch&q=sherwinWilliams%20Sherwin%20Williams%2052%20Pearl%20Gray%20color%20swatch,,,,,,,,,,,,,,,,,,,,,,,,,,,,,,,,,,,,,,,,,,,,
DB,sherwinwilliams,Sherwin Williams 53 Porcelain,#E9E0D5,0.9108085990740161,0.01777832120896453,73.06586355744815,233,224,213,"[233, 224, 213]",0%,4%,9%,9%,"[0%, 4%, 9%, 9%]",89.67,1.79,6.55,"[89.67, 1.79, 6.55]",https://www.google.com/search?tbm=isch&q=sherwinWilliams%20Sherwin%20Williams%2053%20Porcelain%20color%20swatch,,,,,,,,,,,,,,,,,,,,,,,,,,,,,,,,,,,,,,,,,,,,
DB,sherwinwilliams,Sherwin Williams 54 Twilight Gray,#C8BFB5,0.8092030073355196,0.017184889164398393,70.49151340909509,200,191,181,"[200, 191, 181]",0%,4%,9%,22%,"[0%, 4%, 9%, 22%]",77.88,1.98,6.25,"[77.88, 1.98, 6.25]",https://www.google.com/search?tbm=isch&q=sherwinWilliams%20Sherwin%20Williams%2054%20Twilight%20Gray%20color%20swatch,,,,,,,,,,,,,,,,,,,,,,,,,,,,,,,,,,,,,,,,,,,,
DB,sherwinwilliams,Sherwin Williams 55 Light French Gray,#C2C0BB,0.8079620879030367,0.007289362147976644,88.6532659923522,194,192,187,"[194, 192, 187]",0%,1%,4%,24%,"[0%, 1%, 4%, 24%]",77.76,0.05,2.79,"[77.76, 0.05, 2.79]",https://www.google.com/search?tbm=isch&q=sherwinWilliams%20Sherwin%20Williams%2055%20Light%20French%20Gray%20color%20swatch,,,,,,,,,,,,,,,,,,,,,,,,,,,,,,,,,,,,,,,,,,,,
DB,sherwinwilliams,Sherwin Williams 56 Classic Sand,#D6BCAA,0.812549693774922,0.03877679583266125,56.82060855847169,214,188,170,"[214, 188, 170]",0%,12%,21%,16%,"[0%, 12%, 21%, 16%]",78.14,7.48,12.72,"[78.14, 7.48, 12.72]",https://www.google.com/search?tbm=isch&q=sherwinWilliams%20Sherwin%20Williams%2056%20Classic%20Sand%20color%20swatch,,,,,,,,,,,,,,,,,,,,,,,,,,,,,,,,,,,,,,,,,,,,
DB,sherwinwilliams,Sherwin Williams 57 Chinese Red,#9E3E33,0.49346911060644866,0.13040121916755595,29.134534687416533,158,62,51,"[158, 62, 51]",0%,61%,68%,38%,"[0%, 61%, 68%, 38%]",40.02,40.21,28.13,"[40.02, 40.21, 28.13]",https://www.google.com/search?tbm=isch&q=sherwinWilliams%20Sherwin%20Williams%2057%20Chinese%20Red%20color%20swatch,,,,,,,,,,,,,,,,,,,,,,,,,,,,,,,,,,,,,,,,,,,,
DB,sherwinwilliams,Sherwin Williams 58 Jazz Age Coral,#F1BFB1,0.8453941440552539,0.06103713914312628,36.17905912079573,241,191,177,"[241, 191, 177]",0%,21%,27%,5%,"[0%, 21%, 27%, 5%]",81.61,17.01,14.28,"[81.61, 17.01, 14.28]",https://www.google.com/search?tbm=isch&q=sherwinWilliams%20Sherwin%20Williams%2058%20Jazz%20Age%20Coral%20color%20swatch,,,,,,,,,,,,,,,,,,,,,,,,,,,,,,,,,,,,,,,,,,,,
DB,sherwinwilliams,Sherwin Williams 59 Frostwork,#CBD0C2,0.8497970989476699,0.019808988732044164,122.88385825922757,203,208,194,"[203, 208, 194]",2%,0%,7%,18%,"[2%, 0%, 7%, 18%]",82.79,-3.64,6.35,"[82.79, -3.64, 6.35]",https://www.google.com/search?tbm=isch&q=sherwinWilliams%20Sherwin%20Williams%2059%20Frostwork%20color%20swatch,,,,,,,,,,,,,,,,,,,,,,,,,,,,,,,,,,,,,,,,,,,,
DB,sherwinwilliams,Sherwin Williams 60 Alexandrite,#598C74,0.5967659386074818,0.06642612379650695,163.17655054818704,89,140,116,"[89, 140, 116]",36%,0%,17%,45%,"[36%, 0%, 17%, 45%]",54.11,-22.10,7.19,"[54.11, -22.10, 7.19]",https://www.google.com/search?tbm=isch&q=sherwinWilliams%20Sherwin%20Williams%2060%20Alexandrite%20color%20swatch,,,,,,,,,,,,,,,,,,,,,,,,,,,,,,,,,,,,,,,,,,,,
DB,sherwinwilliams,Sherwin Williams 61 Salon Rose,#AB7878,0.6242550210227814,0.06428002869669291,19.040304341815443,171,120,120,"[171, 120, 120]",0%,30%,30%,33%,"[0%, 30%, 30%, 33%]",55.75,20.56,8.42,"[55.75, 20.56, 8.42]",https://www.google.com/search?tbm=isch&q=sherwinWilliams%20Sherwin%20Williams%2061%20Salon%20Rose%20color%20swatch,,,,,,,,,,,,,,,,,,,,,,,,,,,,,,,,,,,,,,,,,,,,
DB,sherwinwilliams,Sherwin Williams 62 Studio Mauve,#C6B9B8,0.7962482766583114,0.014882109951061316,22.809401106749874,198,185,184,"[198, 185, 184]",0%,7%,7%,22%,"[0%, 7%, 7%, 22%]",76.22,4.63,2.25,"[76.22, 4.63, 2.25]",https://www.google.com/search?tbm=isch&q=sherwinWilliams%20Sherwin%20Williams%2062%20Studio%20Mauve%20color%20swatch,,,,,,,,,,,,,,,,,,,,,,,,,,,,,,,,,,,,,,,,,,,,
DB,sherwinwilliams,Sherwin Williams 63 Blue Sky,#ABD1C9,0.8309576208109992,0.0417125121413816,181.01984375974075,171,209,201,"[171, 209, 201]",18%,0%,4%,18%,"[18%, 0%, 4%, 18%]",80.91,-14.24,-0.41,"[80.91, -14.24, -0.41]",https://www.google.com/search?tbm=isch&q=sherwinWilliams%20Sherwin%20Williams%2063%20Blue%20Sky%20color%20swatch,,,,,,,,,,,,,,,,,,,,,,,,,,,,,,,,,,,,,,,,,,,,
DB,sherwinwilliams,Sherwin Williams 64 Blue Peacock,#014E4C,0.3831847319257604,0.06544417619983542,191.79489657055035,1,78,76,"[1, 78, 76]",99%,0%,3%,69%,"[99%, 0%, 3%, 69%]",29.18,-21.90,-5.13,"[29.18, -21.90, -5.13]",https://www.google.com/search?tbm=isch&q=sherwinWilliams%20Sherwin%20Williams%2064%20Blue%20Peacock%20color%20swatch,,,,,,,,,,,,,,,,,,,,,,,,,,,,,,,,,,,,,,,,,,,,
DB,sherwinwilliams,Sherwin Williams 65 Vogue Green,#4B5645,0.4382002473568801,0.030572346329492277,134.53092473478432,75,86,69,"[75, 86, 69]",13%,0%,20%,66%,"[13%, 0%, 20%, 66%]",35.20,-7.21,8.42,"[35.20, -7.21, 8.42]",https://www.google.com/search?tbm=isch&q=sherwinWilliams%20Sherwin%20Williams%2065%20Vogue%20Green%20color%20swatch,,,,,,,,,,,,,,,,,,,,,,,,,,,,,,,,,,,,,,,,,,,,
DB,sherwinwilliams,Sherwin Williams 66 Cascade Green,#ACB19F,0.7512991971714534,0.025793900509375908,119.65350576882457,172,177,159,"[172, 177, 159]",3%,0%,10%,31%,"[3%, 0%, 10%, 31%]",71.42,-4.27,8.61,"[71.42, -4.27, 8.61]",https://www.google.com/search?tbm=isch&q=sherwinWilliams%20Sherwin%20Williams%2066%20Cascade%20Green%20color%20swatch,,,,,,,,,,,,,,,,,,,,,,,,,,,,,,,,,,,,,,,,,,,,
DB,sherwinwilliams,Sherwin Williams 67 Belvedere Cream,#F0CDA0,0.8673072777700765,0.07085948357591115,73.6387425620066,240,205,160,"[240, 205, 160]",0%,15%,33%,6%,"[0%, 15%, 33%, 6%]",84.63,8.09,27.28,"[84.63, 8.09, 27.28]",https://www.google.com/search?tbm=isch&q=sherwinWilliams%20Sherwin%20Williams%2067%20Belvedere%20Cream%20color%20swatch,,,,,,,,,,,,,,,,,,,,,,,,,,,,,,,,,,,,,,,,,,,,
DB,sherwinwilliams,Sherwin Williams 68 Copen Blue,#C2CCC4,0.8351961811723604,0.015476255118349349,151.72543377372256,194,204,196,"[194, 204, 196]",5%,0%,4%,20%,"[5%, 0%, 4%, 20%]",81.09,-4.65,2.75,"[81.09, -4.65, 2.75]",https://www.google.com/search?tbm=isch&q=sherwinWilliams%20Sherwin%20Williams%2068%20Copen%20Blue%20color%20swatch,,,,,,,,,,,,,,,,,,,,,,,,,,,,,,,,,,,,,,,,,,,,
DB,sherwinwilliams,Sherwin Williams 69 Rose Tan,#CD9C85,0.7328646079441778,0.06722193429895434,46.30398410325188,205,156,133,"[205, 156, 133]",0%,24%,35%,20%,"[0%, 24%, 35%, 20%]",68.63,16.55,19.52,"[68.63, 16.55, 19.52]",https://www.google.com/search?tbm=isch&q=sherwinWilliams%20Sherwin%20Williams%2069%20Rose%20Tan%20color%20swatch,,,,,,,,,,,,,,,,,,,,,,,,,,,,,,,,,,,,,,,,,,,,
DB,sherwinwilliams,Sherwin Williams 70 Pink Shadow,#DEC3B9,0.8372716206307402,0.03377947390688862,41.429103944876715,222,195,185,"[222, 195, 185]",0%,12%,17%,13%,"[0%, 12%, 17%, 13%]",80.91,8.68,8.73,"[80.91, 8.68, 8.73]",https://www.google.com/search?tbm=isch&q=sherwinWilliams%20Sherwin%20Williams%2070%20Pink%20Shadow%20color%20swatch,,,,,,,,,,,,,,,,,,,,,,,,,,,,,,,,,,,,,,,,,,,,
DB,sherwinwilliams,Sherwin Williams 71 Orchid,#BC9C9E,0.7221254010655725,0.038122299787549184,13.826956491741669,188,156,158,"[188, 156, 158]",0%,17%,16%,26%,"[0%, 17%, 16%, 26%]",67.35,12.47,3.63,"[67.35, 12.47, 3.63]",https://www.google.com/search?tbm=isch&q=sherwinWilliams%20Sherwin%20Williams%2071%20Orchid%20color%20swatch,,,,,,,,,,,,,,,,,,,,,,,,,,,,,,,,,,,,,,,,,,,,
DB,sherwinwilliams,Sherwin Williams 72 Deep Maroon,#623F45,0.40998915602696906,0.04967235576043082,8.25235180908669,98,63,69,"[98, 63, 69]",0%,36%,30%,62%,"[0%, 36%, 30%, 62%]",30.98,16.42,2.95,"[30.98, 16.42, 2.95]",https://www.google.com/search?tbm=isch&q=sherwinWilliams%20Sherwin%20Williams%2072%20Deep%20Maroon%20color%20swatch,,,,,,,,,,,,,,,,,,,,,,,,,,,,,,,,,,,,,,,,,,,,
DB,sherwinwilliams,Sherwin Williams 73 Chartreuse,#E1D286,0.8591204761527329,0.09758948599698056,98.41609259754807,225,210,134,"[225, 210, 134]",0%,7%,40%,12%,"[0%, 7%, 40%, 12%]",84.17,-2.41,39.60,"[84.17, -2.41, 39.60]",https://www.google.com/search?tbm=isch&q=sherwinWilliams%20Sherwin%20Williams%2073%20Chartreuse%20color%20swatch,,,,,,,,,,,,,,,,,,,,,,,,,,,,,,,,,,,,,,,,,,,,
DB,sherwinwilliams,Sherwin Williams 74 Radiant Lilac,#A489A0,0.6622142217107634,0.04592132610866928,331.04285810384044,164,137,160,"[164, 137, 160]",0%,16%,2%,36%,"[0%, 16%, 2%, 36%]",60.18,13.61,-8.24,"[60.18, 13.61, -8.24]",https://www.google.com/search?tbm=isch&q=sherwinWilliams%20Sherwin%20Williams%2074%20Radiant%20Lilac%20color%20swatch,,,,,,,,,,,,,,,,,,,,,,,,,,,,,,,,,,,,,,,,,,,,
DB,sherwinwilliams,Sherwin Williams 75 Holiday Turquoise,#8AC6BD,0.7829820661091027,0.06308937449440746,184.36947752904018,138,198,189,"[138, 198, 189]",30%,0%,5%,22%,"[30%, 0%, 5%, 22%]",75.59,-21.54,-2.00,"[75.59, -21.54, -2.00]",https://www.google.com/search?tbm=isch&q=sherwinWilliams%20Sherwin%20Williams%2075%20Holiday%20Turquoise%20color%20swatch,,,,,,,,,,,,,,,,,,,,,,,,,,,,,,,,,,,,,,,,,,,,
DB,sherwinwilliams,Sherwin Williams 76 Appleblossom,#DAB5B4,0.8052569443445563,0.042936501771415274,19.90668536538618,218,181,180,"[218, 181, 180]",0%,17%,17%,15%,"[0%, 17%, 17%, 15%]",76.98,13.65,5.78,"[76.98, 13.65, 5.78]",https://www.google.com/search?tbm=isch&q=sherwinWilliams%20Sherwin%20Williams%2076%20Appleblossom%20color%20swatch,,,,,,,,,,,,,,,,,,,,,,,,,,,,,,,,,,,,,,,,,,,,
DB,sherwinwilliams,Sherwin Williams 77 Classic French Gray,#888782,0.6227364369255496,0.0074776856208075,97.41800681697731,136,135,130,"[136, 135, 130]",0%,1%,4%,47%,"[0%, 1%, 4%, 47%]",56.29,-0.33,2.83,"[56.29, -0.33, 2.83]",https://www.google.com/search?tbm=isch&q=sherwinWilliams%20Sherwin%20Williams%2077%20Classic%20French%20Gray%20color%20swatch,,,,,,,,,,,,,,,,,,,,,,,,,,,,,,,,,,,,,,,,,,,,
DB,sherwinwilliams,Sherwin Williams 78 Sunbeam Yellow,#F0D39D,0.878424964303593,0.0768706522388044,82.74748751648008,240,211,157,"[240, 211, 157]",0%,12%,35%,6%,"[0%, 12%, 35%, 6%]",86.07,4.89,30.72,"[86.07, 4.89, 30.72]",https://www.google.com/search?tbm=isch&q=sherwinWilliams%20Sherwin%20Williams%2078%20Sunbeam%20Yellow%20color%20swatch,,,,,,,,,,,,,,,,,,,,,,,,,,,,,,,,,,,,,,,,,,,,
DB,sherwinwilliams,Sherwin Williams 79 Pinky Beige,#C9AA98,0.7605433904758915,0.04426415974967327,51.915183962075616,201,170,152,"[201, 170, 152]",0%,15%,24%,21%,"[0%, 15%, 24%, 21%]",72.04,9.62,13.74,"[72.04, 9.62, 13.74]",https://www.google.com/search?tbm=isch&q=sherwinWilliams%20Sherwin%20Williams%2079%20Pinky%20Beige%20color%20swatch,,,,,,,,,,,,,,,,,,,,,,,,,,,,,,,,,,,,,,,,,,,,
DB,sherwinwilliams,Sherwin Williams 80 Pink Flamingo,#CD717B,0.6543902608821356,0.11595801305673317,13.873353337018216,205,113,123,"[205, 113, 123]",0%,45%,40%,20%,"[0%, 45%, 40%, 20%]",58.62,37.76,11.47,"[58.62, 37.76, 11.47]",https://www.google.com/search?tbm=isch&q=sherwinWilliams%20Sherwin%20Williams%2080%20Pink%20Flamingo%20color%20swatch,,,,,,,,,,,,,,,,,,,,,,,,,,,,,,,,,,,,,,,,,,,,
DB,sherwinwilliams,Sherwin Williams 1015 Skyline Steel,#C6BFB3,0.8069951752140981,0.018355172634401156,81.32242059436845,198,191,179,"[198, 191, 179]",0%,4%,10%,22%,"[0%, 4%, 10%, 22%]",77.67,0.99,7.00,"[77.67, 0.99, 7.00]",https://www.google.com/search?tbm=isch&q=sherwinWilliams%20Sherwin%20Williams%201015%20Skyline%20Steel%20color%20swatch,,,,,,,,,,,,,,,,,,,,,,,,,,,,,,,,,,,,,,,,,,,,
DB,sherwinwilliams,Sherwin Williams 1666 Venetian Yellow,#F6E3A1,0.9160255987029086,0.08632833269192774,93.9530944876737,246,227,161,"[246, 227, 161]",0%,8%,35%,4%,"[0%, 8%, 35%, 4%]",90.66,-0.18,34.79,"[90.66, -0.18, 34.79]",https://www.google.com/search?tbm=isch&q=sherwinWilliams%20Sherwin%20Williams%201666%20Venetian%20Yellow%20color%20swatch,,,,,,,,,,,,,,,,,,,,,,,,,,,,,,,,,,,,,,,,,,,,
DB,sherwinwilliams,Sherwin Williams 1667 Icy Lemonade,#F4E8B2,0.9275372218706515,0.07075384128956667,97.03200720620038,244,232,178,"[244, 232, 178]",0%,5%,27%,4%,"[0%, 5%, 27%, 4%]",91.99,-1.80,27.92,"[91.99, -1.80, 27.92]",https://www.google.com/search?tbm=isch&q=sherwinWilliams%20Sherwin%20Williams%201667%20Icy%20Lemonade%20color%20swatch,,,,,,,,,,,,,,,,,,,,,,,,,,,,,,,,,,,,,,,,,,,,
DB,sherwinwilliams,Sherwin Williams 1668 Pineapple Cream,#F2EAC3,0.9334938007285187,0.05164391757486825,97.67058564196776,242,234,195,"[242, 234, 195]",0%,3%,19%,5%,"[0%, 3%, 19%, 5%]",92.60,-1.78,20.05,"[92.60, -1.78, 20.05]",https://www.google.com/search?tbm=isch&q=sherwinWilliams%20Sherwin%20Williams%201668%20Pineapple%20Cream%20color%20swatch,,,,,,,,,,,,,,,,,,,,,,,,,,,,,,,,,,,,,,,,,,,,
DB,sherwinwilliams,Sherwin Williams 2704 Merlot,#51323B,0.35759850443748464,0.04675457288556291,0.8600565413412369,81,50,59,"[81, 50, 59]",0%,38%,27%,68%,"[0%, 38%, 27%, 68%]",24.90,15.51,0.45,"[24.90, 15.51, 0.45]",https://www.google.com/search?tbm=isch&q=sherwinWilliams%20Sherwin%20Williams%202704%20Merlot%20color%20swatch,,,,,,,,,,,,,,,,,,,,,,,,,,,,,,,,,,,,,,,,,,,,
DB,sherwinwilliams,Sherwin Williams 2735 Rockweed,#443735,0.3501514066463858,0.01893193157103987,28.30537613174789,68,55,53,"[68, 55, 53]",0%,19%,22%,73%,"[0%, 19%, 22%, 73%]",24.45,5.67,3.53,"[24.45, 5.67, 3.53]",https://www.google.com/search?tbm=isch&q=sherwinWilliams%20Sherwin%20Williams%202735%20Rockweed%20color%20swatch,,,,,,,,,,,,,,,,,,,,,,,,,,,,,,,,,,,,,,,,,,,,
DB,sherwinwilliams,Sherwin Williams 2739 Charcoal Blue,#3D4450,0.38497858531838564,0.022472790155923444,261.23998054401545,61,68,80,"[61, 68, 80]",24%,15%,0%,69%,"[24%, 15%, 0%, 69%]",28.56,-0.67,-8.26,"[28.56, -0.67, -8.26]",https://www.google.com/search?tbm=isch&q=sherwinWilliams%20Sherwin%20Williams%202739%20Charcoal%20Blue%20color%20swatch,,,,,,,,,,,,,,,,,,,,,,,,,,,,,,,,,,,,,,,,,,,,
DB,sherwinwilliams,Sherwin Williams 2740 Mineral Gray,#515763,0.45587359110167075,0.02100787009955582,264.3422279130252,81,87,99,"[81, 87, 99]",18%,12%,0%,61%,"[18%, 12%, 0%, 61%]",36.78,-0.33,-7.81,"[36.78, -0.33, -7.81]",https://www.google.com/search?tbm=isch&q=sherwinWilliams%20Sherwin%20Williams%202740%20Mineral%20Gray%20color%20swatch,,,,,,,,,,,,,,,,,,,,,,,,,,,,,,,,,,,,,,,,,,,,
DB,sherwinwilliams,Sherwin Williams 2801 Rookwood Dark Red,#4B2929,0.3249267796290451,0.05101594258302786,20.221384503357058,75,41,41,"[75, 41, 41]",0%,45%,45%,71%,"[0%, 45%, 45%, 71%]",21.17,16.26,7.22,"[21.17, 16.26, 7.22]",https://www.google.com/search?tbm=isch&q=sherwinWilliams%20Sherwin%20Williams%202801%20Rookwood%20Dark%20Red%20color%20swatch,,,,,,,,,,,,,,,,,,,,,,,,,,,,,,,,,,,,,,,,,,,,
DB,sherwinwilliams,Sherwin Williams 2802 Rookwood Red,#622F2D,0.37263596561083195,0.07430254954353789,23.606915701842695,98,47,45,"[98, 47, 45]",0%,52%,54%,62%,"[0%, 52%, 54%, 62%]",26.49,23.39,12.44,"[26.49, 23.39, 12.44]",https://www.google.com/search?tbm=isch&q=sherwinWilliams%20Sherwin%20Williams%202802%20Rookwood%20Red%20color%20swatch,,,,,,,,,,,,,,,,,,,,,,,,,,,,,,,,,,,,,,,,,,,,
DB,sherwinwilliams,Sherwin Williams 2803 Rookwood Terra Cotta,#975840,0.5272088718145006,0.09105598978960801,41.416435342064176,151,88,64,"[151, 88, 64]",0%,42%,58%,41%,"[0%, 42%, 58%, 41%]",44.51,24.88,25.56,"[44.51, 24.88, 25.56]",https://www.google.com/search?tbm=isch&q=sherwinWilliams%20Sherwin%20Williams%202803%20Rookwood%20Terra%20Cotta%20color%20swatch,,,,,,,,,,,,,,,,,,,,,,,,,,,,,,,,,,,,,,,,,,,,
DB,sherwinwilliams,Sherwin Williams 2804 Renwick Rose Beige,#AF8871,0.657924886316257,0.05818238767546004,51.92355456893068,175,136,113,"[175, 136, 113]",0%,22%,35%,31%,"[0%, 22%, 35%, 31%]",60.06,12.97,18.40,"[60.06, 12.97, 18.40]",https://www.google.com/search?tbm=isch&q=sherwinWilliams%20Sherwin%20Williams%202804%20Renwick%20Rose%20Beige%20color%20swatch,,,,,,,,,,,,,,,,,,,,,,,,,,,,,,,,,,,,,,,,,,,,
DB,sherwinwilliams,Sherwin Williams 2805 Renwick Beige,#C3B09D,0.7682409452055962,0.03433198276214555,67.27865647576584,195,176,157,"[195, 176, 157]",0%,10%,19%,24%,"[0%, 10%, 19%, 24%]",73.10,4.78,12.39,"[73.10, 4.78, 12.39]",https://www.google.com/search?tbm=isch&q=sherwinWilliams%20Sherwin%20Williams%202805%20Renwick%20Beige%20color%20swatch,,,,,,,,,,,,,,,,,,,,,,,,,,,,,,,,,,,,,,,,,,,,
DB,sherwinwilliams,Sherwin Williams 2806 Rookwood Brown,#7F614A,0.5170229197852889,0.05200785246473413,58.76280124240344,127,97,74,"[127, 97, 74]",0%,24%,42%,50%,"[0%, 24%, 42%, 50%]",43.81,10.14,18.07,"[43.81, 10.14, 18.07]",https://www.google.com/search?tbm=isch&q=sherwinWilliams%20Sherwin%20Williams%202806%20Rookwood%20Brown%20color%20swatch,,,,,,,,,,,,,,,,,,,,,,,,,,,,,,,,,,,,,,,,,,,,
DB,sherwinwilliams,Sherwin Williams 2807 Rookwood Medium Brown,#6E5241,0.4634148325092833,0.04599790666609311,52.51514723025019,110,82,65,"[110, 82, 65]",0%,25%,41%,57%,"[0%, 25%, 41%, 57%]",37.55,10.23,14.78,"[37.55, 10.23, 14.78]",https://www.google.com/search?tbm=isch&q=sherwinWilliams%20Sherwin%20Williams%202807%20Rookwood%20Medium%20Brown%20color%20swatch,,,,,,,,,,,,,,,,,,,,,,,,,,,,,,,,,,,,,,,,,,,,
DB,sherwinwilliams,Sherwin Williams 2808 Rookwood Dark Brown,#5F4D43,0.43570439033944436,0.029199124572909286,50.66287570589384,95,77,67,"[95, 77, 67]",0%,19%,29%,63%,"[0%, 19%, 29%, 63%]",34.41,6.55,8.95,"[34.41, 6.55, 8.95]",https://www.google.com/search?tbm=isch&q=sherwinWilliams%20Sherwin%20Williams%202808%20Rookwood%20Dark%20Brown%20color%20swatch,,,,,,,,,,,,,,,,,,,,,,,,,,,,,,,,,,,,,,,,,,,,
DB,sherwinwilliams,Sherwin Williams 2809 Rookwood Shutter Green,#303B39,0.34157263949964467,0.01502777477240906,183.1958943005908,48,59,57,"[48, 59, 57]",19%,0%,3%,77%,"[19%, 0%, 3%, 77%]",23.81,-5.11,-0.36,"[23.81, -5.11, -0.36]",https://www.google.com/search?tbm=isch&q=sherwinWilliams%20Sherwin%20Williams%202809%20Rookwood%20Shutter%20Green%20color%20swatch,,,,,,,,,,,,,,,,,,,,,,,,,,,,,,,,,,,,,,,,,,,,
DB,sherwinwilliams,Sherwin Williams 2810 Rookwood Sash Green,#506A67,0.5026489553954278,0.031038887182383616,187.47455777305208,80,106,103,"[80, 106, 103]",25%,0%,3%,58%,"[25%, 0%, 3%, 58%]",42.67,-10.48,-1.62,"[42.67, -10.48, -1.62]",https://www.google.com/search?tbm=isch&q=sherwinWilliams%20Sherwin%20Williams%202810%20Rookwood%20Sash%20Green%20color%20swatch,,,,,,,,,,,,,,,,,,,,,,,,,,,,,,,,,,,,,,,,,,,,
DB,sherwinwilliams,Sherwin Williams 2811 Rookwood Blue Green,#738478,0.5959065855700004,0.0268194381730206,154.7534886409294,115,132,120,"[115, 132, 120]",13%,0%,9%,48%,"[13%, 0%, 9%, 48%]",53.49,-8.30,4.31,"[53.49, -8.30, 4.31]",https://www.google.com/search?tbm=isch&q=sherwinWilliams%20Sherwin%20Williams%202811%20Rookwood%20Blue%20Green%20color%20swatch,,,,,,,,,,,,,,,,,,,,,,,,,,,,,,,,,,,,,,,,,,,,
DB,sherwinwilliams,Sherwin Williams 2812 Rookwood Jade,#979F7F,0.6873040314417881,0.04615641507265029,119.02731198073627,151,159,127,"[151, 159, 127]",5%,0%,20%,38%,"[5%, 0%, 20%, 38%]",64.18,-7.25,15.76,"[64.18, -7.25, 15.76]",https://www.google.com/search?tbm=isch&q=sherwinWilliams%20Sherwin%20Williams%202812%20Rookwood%20Jade%20color%20swatch,,,,,,,,,,,,,,,,,,,,,,,,,,,,,,,,,,,,,,,,,,,,
DB,sherwinwilliams,Sherwin Williams 2813 Downing Straw,#CAAB7D,0.7575880342734687,0.07121014528368272,77.17481923387635,202,171,125,"[202, 171, 125]",0%,15%,38%,21%,"[0%, 15%, 38%, 21%]",71.95,6.94,28.15,"[71.95, 6.94, 28.15]",https://www.google.com/search?tbm=isch&q=sherwinWilliams%20Sherwin%20Williams%202813%20Downing%20Straw%20color%20swatch,,,,,,,,,,,,,,,,,,,,,,,,,,,,,,,,,,,,,,,,,,,,
DB,sherwinwilliams,Sherwin Williams 2814 Rookwood Antique Gold,#A58258,0.6301257972967508,0.0719684696036379,71.00556050905573,165,130,88,"[165, 130, 88]",0%,21%,47%,35%,"[0%, 21%, 47%, 35%]",57.04,9.83,28.10,"[57.04, 9.83, 28.10]",https://www.google.com/search?tbm=isch&q=sherwinWilliams%20Sherwin%20Williams%202814%20Rookwood%20Antique%20Gold%20color%20swatch,,,,,,,,,,,,,,,,,,,,,,,,,,,,,,,,,,,,,,,,,,,,
DB,sherwinwilliams,Sherwin Williams 2815 Renwick Olive,#97896A,0.6343842774304145,0.047052375496655974,86.51391065685766,151,137,106,"[151, 137, 106]",0%,9%,30%,41%,"[0%, 9%, 30%, 41%]",57.74,1.77,18.71,"[57.74, 1.77, 18.71]",https://www.google.com/search?tbm=isch&q=sherwinWilliams%20Sherwin%20Williams%202815%20Renwick%20Olive%20color%20swatch,,,,,,,,,,,,,,,,,,,,,,,,,,,,,,,,,,,,,,,,,,,,
DB,sherwinwilliams,Sherwin Williams 2816 Rookwood Dark Green,#565C4A,0.46395685559838845,0.02918847815746317,122.52392211525745,86,92,74,"[86, 92, 74]",7%,0%,20%,64%,"[7%, 0%, 20%, 64%]",38.12,-5.16,9.57,"[38.12, -5.16, 9.57]",https://www.google.com/search?tbm=isch&q=sherwinWilliams%20Sherwin%20Williams%202816%20Rookwood%20Dark%20Green%20color%20swatch,,,,,,,,,,,,,,,,,,,,,,,,,,,,,,,,,,,,,,,,,,,,
DB,sherwinwilliams,Sherwin Williams 2817 Rookwood Amber,#C08650,0.6667722189705417,0.10025657233568538,62.65364038412508,192,134,80,"[192, 134, 80]",0%,30%,58%,25%,"[0%, 30%, 58%, 25%]",61.05,18.73,38.08,"[61.05, 18.73, 38.08]",https://www.google.com/search?tbm=isch&q=sherwinWilliams%20Sherwin%20Williams%202817%20Rookwood%20Amber%20color%20swatch,,,,,,,,,,,,,,,,,,,,,,,,,,,,,,,,,,,,,,,,,,,,
DB,sherwinwilliams,Sherwin Williams 2818 Renwick Heather,#8B7D7B,0.6017655136373732,0.017511416980910664,27.37702859956903,139,125,123,"[139, 125, 123]",0%,10%,12%,45%,"[0%, 10%, 12%, 45%]",53.65,5.26,3.14,"[53.65, 5.26, 3.14]",https://www.google.com/search?tbm=isch&q=sherwinWilliams%20Sherwin%20Williams%202818%20Renwick%20Heather%20color%20swatch,,,,,,,,,,,,,,,,,,,,,,,,,,,,,,,,,,,,,,,,,,,,
DB,sherwinwilliams,Sherwin Williams 2819 Downing Slate,#777F86,0.592119546250916,0.014325677454893576,244.38960255510324,119,127,134,"[119, 127, 134]",11%,5%,0%,47%,"[11%, 5%, 0%, 47%]",52.69,-1.95,-4.88,"[52.69, -1.95, -4.88]",https://www.google.com/search?tbm=isch&q=sherwinWilliams%20Sherwin%20Williams%202819%20Downing%20Slate%20color%20swatch,,,,,,,,,,,,,,,,,,,,,,,,,,,,,,,,,,,,,,,,,,,,
DB,sherwinwilliams,Sherwin Williams 2820 Downing Earth,#887B67,0.5891106130176854,0.033396439531403074,78.59737228369642,136,123,103,"[136, 123, 103]",0%,10%,24%,47%,"[0%, 10%, 24%, 47%]",52.40,2.65,12.89,"[52.40, 2.65, 12.89]",https://www.google.com/search?tbm=isch&q=sherwinWilliams%20Sherwin%20Williams%202820%20Downing%20Earth%20color%20swatch,,,,,,,,,,,,,,,,,,,,,,,,,,,,,,,,,,,,,,,,,,,,
DB,sherwinwilliams,Sherwin Williams 2821 Downing Stone,#A6A397,0.7145128569090394,0.017381993795454694,95.30476621113144,166,163,151,"[166, 163, 151]",0%,2%,9%,35%,"[0%, 2%, 9%, 35%]",66.99,-0.50,6.66,"[66.99, -0.50, 6.66]",https://www.google.com/search?tbm=isch&q=sherwinWilliams%20Sherwin%20Williams%202821%20Downing%20Stone%20color%20swatch,,,,,,,,,,,,,,,,,,,,,,,,,,,,,,,,,,,,,,,,,,,,
DB,sherwinwilliams,Sherwin Williams 2822 Downing Sand,#CBBCA5,0.8015624884328882,0.03578140222347506,78.61825502462426,203,188,165,"[203, 188, 165]",0%,7%,19%,20%,"[0%, 7%, 19%, 20%]",77.05,2.72,13.70,"[77.05, 2.72, 13.70]",https://www.google.com/search?tbm=isch&q=sherwinWilliams%20Sherwin%20Williams%202822%20Downing%20Sand%20color%20swatch,,,,,,,,,,,,,,,,,,,,,,,,,,,,,,,,,,,,,,,,,,,,
DB,sherwinwilliams,Sherwin Williams 2823 Rookwood Clay,#9A7E64,0.6127335565635983,0.05097289182447041,64.52768448151505,154,126,100,"[154, 126, 100]",0%,18%,35%,40%,"[0%, 18%, 35%, 40%]",54.99,8.31,18.47,"[54.99, 8.31, 18.47]",https://www.google.com/search?tbm=isch&q=sherwinWilliams%20Sherwin%20Williams%202823%20Rookwood%20Clay%20color%20swatch,,,,,,,,,,,,,,,,,,,,,,,,,,,,,,,,,,,,,,,,,,,,
DB,sherwinwilliams,Sherwin Williams 2824 Renwick Golden Oak,#96724C,0.5787520475965332,0.06993014399676808,67.22371177266359,150,114,76,"[150, 114, 76]",0%,24%,49%,41%,"[0%, 24%, 49%, 41%]",51.02,11.05,26.77,"[51.02, 11.05, 26.77]",https://www.google.com/search?tbm=isch&q=sherwinWilliams%20Sherwin%20Williams%202824%20Renwick%20Golden%20Oak%20color%20swatch,,,,,,,,,,,,,,,,,,,,,,,,,,,,,,,,,,,,,,,,,,,,
DB,sherwinwilliams,Sherwin Williams 2826 Colonial Revival Green Stone,#A39B7E,0.6885357660978508,0.041754443083267846,94.42000984627941,163,155,126,"[163, 155, 126]",0%,5%,23%,36%,"[0%, 5%, 23%, 36%]",64.09,-0.57,16.38,"[64.09, -0.57, 16.38]",https://www.google.com/search?tbm=isch&q=sherwinWilliams%20Sherwin%20Williams%202826%20Colonial%20Revival%20Green%20Stone%20color%20swatch,,,,,,,,,,,,,,,,,,,,,,,,,,,,,,,,,,,,,,,,,,,,
DB,sherwinwilliams,Sherwin Williams 2827 Colonial Revival Stone,#A7947C,0.6769400244838636,0.040840812344153266,73.49830944632009,167,148,124,"[167, 148, 124]",0%,11%,26%,35%,"[0%, 11%, 26%, 35%]",62.55,4.46,15.47,"[62.55, 4.46, 15.47]",https://www.google.com/search?tbm=isch&q=sherwinWilliams%20Sherwin%20Williams%202827%20Colonial%20Revival%20Stone%20color%20swatch,,,,,,,,,,,,,,,,,,,,,,,,,,,,,,,,,,,,,,,,,,,,
DB,sherwinwilliams,Sherwin Williams 2828 Colonial Revival Tan,#D3B699,0.7939083119075924,0.05174029982263553,66.96423800687552,211,182,153,"[211, 182, 153]",0%,14%,27%,17%,"[0%, 14%, 27%, 17%]",76.04,7.55,18.87,"[76.04, 7.55, 18.87]",https://www.google.com/search?tbm=isch&q=sherwinWilliams%20Sherwin%20Williams%202828%20Colonial%20Revival%20Tan%20color%20swatch,,,,,,,,,,,,,,,,,,,,,,,,,,,,,,,,,,,,,,,,,,,,
DB,sherwinwilliams,Sherwin Williams 2829 Classical White,#ECE1CB,0.9126635366234256,0.03163891359113733,84.59059658341585,236,225,203,"[236, 225, 203]",0%,5%,14%,7%,"[0%, 5%, 14%, 7%]",89.98,1.21,12.22,"[89.98, 1.21, 12.22]",https://www.google.com/search?tbm=isch&q=sherwinWilliams%20Sherwin%20Williams%202829%20Classical%20White%20color%20swatch,,,,,,,,,,,,,,,,,,,,,,,,,,,,,,,,,,,,,,,,,,,,
DB,sherwinwilliams,Sherwin Williams 2831 Classical Gold,#EBB875,0.8143346454099558,0.10304708264132836,73.1014944828159,235,184,117,"[235, 184, 117]",0%,22%,50%,8%,"[0%, 22%, 50%, 8%]",78.42,13.22,41.26,"[78.42, 13.22, 41.26]",https://www.google.com/search?tbm=isch&q=sherwinWilliams%20Sherwin%20Williams%202831%20Classical%20Gold%20color%20swatch,,,,,,,,,,,,,,,,,,,,,,,,,,,,,,,,,,,,,,,,,,,,
DB,sherwinwilliams,Sherwin Williams 2832 Colonial Revival Gray,#B4B9B9,0.7817919754437119,0.005601344435207487,197.0420495261194,180,185,185,"[180, 185, 185]",3%,0%,0%,27%,"[3%, 0%, 0%, 27%]",74.75,-1.81,-0.64,"[74.75, -1.81, -0.64]",https://www.google.com/search?tbm=isch&q=sherwinWilliams%20Sherwin%20Williams%202832%20Colonial%20Revival%20Gray%20color%20swatch,,,,,,,,,,,,,,,,,,,,,,,,,,,,,,,,,,,,,,,,,,,,
DB,sherwinwilliams,Sherwin Williams 2833 Roycroft Vellum,#E8D9BD,0.890142486227226,0.040757107834657684,83.12072860488115,232,217,189,"[232, 217, 189]",0%,6%,19%,9%,"[0%, 6%, 19%, 9%]",87.38,2.04,15.81,"[87.38, 2.04, 15.81]",https://www.google.com/search?tbm=isch&q=sherwinWilliams%20Sherwin%20Williams%202833%20Roycroft%20Vellum%20color%20swatch,,,,,,,,,,,,,,,,,,,,,,,,,,,,,,,,,,,,,,,,,,,,
DB,sherwinwilliams,Sherwin Williams 2834 Birdseye Maple,#E4C495,0.836458239407604,0.07158714116313548,77.0639320075461,228,196,149,"[228, 196, 149]",0%,14%,35%,11%,"[0%, 14%, 35%, 11%]",81.10,6.87,28.08,"[81.10, 6.87, 28.08]",https://www.google.com/search?tbm=isch&q=sherwinWilliams%20Sherwin%20Williams%202834%20Birdseye%20Maple%20color%20swatch,,,,,,,,,,,,,,,,,,,,,,,,,,,,,,,,,,,,,,,,,,,,
DB,sherwinwilliams,Sherwin Williams 2835 Craftsman Brown,#AE9278,0.6786391227188386,0.0498147061686526,64.71395071111169,174,146,120,"[174, 146, 120]",0%,16%,31%,32%,"[0%, 16%, 31%, 32%]",62.64,7.96,17.95,"[62.64, 7.96, 17.95]",https://www.google.com/search?tbm=isch&q=sherwinWilliams%20Sherwin%20Williams%202835%20Craftsman%20Brown%20color%20swatch,,,,,,,,,,,,,,,,,,,,,,,,,,,,,,,,,,,,,,,,,,,,
DB,sherwinwilliams,Sherwin Williams 2836 Quartersawn Oak,#85695B,0.5445235592409458,0.04186257336587635,47.9323421187799,133,105,91,"[133, 105, 91]",0%,21%,32%,48%,"[0%, 21%, 32%, 48%]",46.95,9.94,12.38,"[46.95, 9.94, 12.38]",https://www.google.com/search?tbm=isch&q=sherwinWilliams%20Sherwin%20Williams%202836%20Quartersawn%20Oak%20color%20swatch,,,,,,,,,,,,,,,,,,,,,,,,,,,,,,,,,,,,,,,,,,,,
DB,sherwinwilliams,Sherwin Williams 2837 Aurora Brown,#6A4238,0.42298031601810365,0.05853804334034211,34.73357954021236,106,66,56,"[106, 66, 56]",0%,38%,47%,58%,"[0%, 38%, 47%, 58%]",32.60,16.91,13.68,"[32.60, 16.91, 13.68]",https://www.google.com/search?tbm=isch&q=sherwinWilliams%20Sherwin%20Williams%202837%20Aurora%20Brown%20color%20swatch,,,,,,,,,,,,,,,,,,,,,,,,,,,,,,,,,,,,,,,,,,,,
DB,sherwinwilliams,Sherwin Williams 2838 Polished Mahogany,#432722,0.30693798683019863,0.04362876749632484,30.72959579544539,67,39,34,"[67, 39, 34]",0%,42%,49%,74%,"[0%, 42%, 49%, 74%]",19.23,13.05,9.13,"[19.23, 13.05, 9.13]",https://www.google.com/search?tbm=isch&q=sherwinWilliams%20Sherwin%20Williams%202838%20Polished%20Mahogany%20color%20swatch,,,,,,,,,,,,,,,,,,,,,,,,,,,,,,,,,,,,,,,,,,,,
DB,sherwinwilliams,Sherwin Williams 2839 Roycroft Copper Red,#7B3728,0.4247847199991243,0.09862229419384944,33.824905975871104,123,55,40,"[123, 55, 40]",0%,55%,67%,52%,"[0%, 55%, 67%, 52%]",32.42,29.37,24.09,"[32.42, 29.37, 24.09]",https://www.google.com/search?tbm=isch&q=sherwinWilliams%20Sherwin%20Williams%202839%20Roycroft%20Copper%20Red%20color%20swatch,,,,,,,,,,,,,,,,,,,,,,,,,,,,,,,,,,,,,,,,,,,,
DB,sherwinwilliams,Sherwin Williams 2840 Hammered Silver,#978A7F,0.6417357482053027,0.022482497061173404,62.67388429907544,151,138,127,"[151, 138, 127]",0%,9%,16%,41%,"[0%, 9%, 16%, 41%]",58.41,3.62,7.77,"[58.41, 3.62, 7.77]",https://www.google.com/search?tbm=isch&q=sherwinWilliams%20Sherwin%20Williams%202840%20Hammered%20Silver%20color%20swatch,,,,,,,,,,,,,,,,,,,,,,,,,,,,,,,,,,,,,,,,,,,,
DB,sherwinwilliams,Sherwin Williams 2841 Weathered Shingle,#937F68,0.6086721695417869,0.04140201384168354,70.83084791261734,147,127,104,"[147, 127, 104]",0%,14%,29%,42%,"[0%, 14%, 29%, 42%]",54.60,5.22,15.53,"[54.60, 5.22, 15.53]",https://www.google.com/search?tbm=isch&q=sherwinWilliams%20Sherwin%20Williams%202841%20Weathered%20Shingle%20color%20swatch,,,,,,,,,,,,,,,,,,,,,,,,,,,,,,,,,,,,,,,,,,,,
DB,sherwinwilliams,Sherwin Williams 2842 Roycroft Suede,#A79473,0.6748844824986532,0.05128486827237092,81.29150260224333,167,148,115,"[167, 148, 115]",0%,11%,31%,35%,"[0%, 11%, 31%, 35%]",62.40,3.54,20.24,"[62.40, 3.54, 20.24]",https://www.google.com/search?tbm=isch&q=sherwinWilliams%20Sherwin%20Williams%202842%20Roycroft%20Suede%20color%20swatch,,,,,,,,,,,,,,,,,,,,,,,,,,,,,,,,,,,,,,,,,,,,
DB,sherwinwilliams,Sherwin Williams 2843 Roycroft Brass,#7A6A51,0.5326855706135792,0.04212356941607734,78.71879945931522,122,106,81,"[122, 106, 81]",0%,13%,34%,52%,"[0%, 13%, 34%, 52%]",45.85,3.57,16.54,"[45.85, 3.57, 16.54]",https://www.google.com/search?tbm=isch&q=sherwinWilliams%20Sherwin%20Williams%202843%20Roycroft%20Brass%20color%20swatch,,,,,,,,,,,,,,,,,,,,,,,,,,,,,,,,,,,,,,,,,,,,
DB,sherwinwilliams,Sherwin Williams 2844 Roycroft Mist Gray,#C2BDB1,0.7990575577246494,0.01752857786862491,88.0174463321033,194,189,177,"[194, 189, 177]",0%,3%,9%,24%,"[0%, 3%, 9%, 24%]",76.77,0.25,6.74,"[76.77, 0.25, 6.74]",https://www.google.com/search?tbm=isch&q=sherwinWilliams%20Sherwin%20Williams%202844%20Roycroft%20Mist%20Gray%20color%20swatch,,,,,,,,,,,,,,,,,,,,,,,,,,,,,,,,,,,,,,,,,,,,
DB,sherwinwilliams,Sherwin Williams 2845 Bunglehouse Gray,#988F7B,0.6522645287703093,0.030646548724933935,86.6573757940892,152,143,123,"[152, 143, 123]",0%,6%,19%,40%,"[0%, 6%, 19%, 40%]",59.78,0.90,11.96,"[59.78, 0.90, 11.96]",https://www.google.com/search?tbm=isch&q=sherwinWilliams%20Sherwin%20Williams%202845%20Bunglehouse%20Gray%20color%20swatch,,,,,,,,,,,,,,,,,,,,,,,,,,,,,,,,,,,,,,,,,,,,
DB,sherwinwilliams,Sherwin Williams 2846 Roycroft Bronze Green,#575449,0.44528067794322485,0.017866079780666566,94.4226901750701,87,84,73,"[87, 84, 73]",0%,3%,16%,66%,"[0%, 3%, 16%, 66%]",35.75,-0.34,6.92,"[35.75, -0.34, 6.92]",https://www.google.com/search?tbm=isch&q=sherwinWilliams%20Sherwin%20Williams%202846%20Roycroft%20Bronze%20Green%20color%20swatch,,,,,,,,,,,,,,,,,,,,,,,,,,,,,,,,,,,,,,,,,,,,
DB,sherwinwilliams,Sherwin Williams 2847 Roycroft Bottle Green,#324038,0.3562912882271326,0.022873291301725295,159.9377016550219,50,64,56,"[50, 64, 56]",22%,0%,13%,75%,"[22%, 0%, 13%, 75%]",25.64,-7.39,2.94,"[25.64, -7.39, 2.94]",https://www.google.com/search?tbm=isch&q=sherwinWilliams%20Sherwin%20Williams%202847%20Roycroft%20Bottle%20Green%20color%20swatch,,,,,,,,,,,,,,,,,,,,,,,,,,,,,,,,,,,,,,,,,,,,
DB,sherwinwilliams,Sherwin Williams 2848 Roycroft Pewter,#616564,0.5028959482486968,0.005216172829940117,179.5684327361762,97,101,100,"[97, 101, 100]",4%,0%,1%,60%,"[4%, 0%, 1%, 60%]",42.40,-1.77,-0.00,"[42.40, -1.77, -0.00]",https://www.google.com/search?tbm=isch&q=sherwinWilliams%20Sherwin%20Williams%202848%20Roycroft%20Pewter%20color%20swatch,,,,,,,,,,,,,,,,,,,,,,,,,,,,,,,,,,,,,,,,,,,,
DB,sherwinwilliams,Sherwin Williams 2849 Westchester Gray,#797978,0.5757815222061221,0.0015078836277771146,106.44686614266482,121,121,120,"[121, 121, 120]",0%,0%,1%,53%,"[0%, 0%, 1%, 53%]",50.80,-0.15,0.55,"[50.80, -0.15, 0.55]",https://www.google.com/search?tbm=isch&q=sherwinWilliams%20Sherwin%20Williams%202849%20Westchester%20Gray%20color%20swatch,,,,,,,,,,,,,,,,,,,,,,,,,,,,,,,,,,,,,,,,,,,,
DB,sherwinwilliams,Sherwin Williams 2850 Chelsea Gray,#B6B7B0,0.7766080075559978,0.00982270315717002,113.21597677012858,182,183,176,"[182, 183, 176]",1%,0%,4%,28%,"[1%, 0%, 4%, 28%]",74.18,-1.32,3.44,"[74.18, -1.32, 3.44]",https://www.google.com/search?tbm=isch&q=sherwinWilliams%20Sherwin%20Williams%202850%20Chelsea%20Gray%20color%20swatch,,,,,,,,,,,,,,,,,,,,,,,,,,,,,,,,,,,,,,,,,,,,
DB,sherwinwilliams,Sherwin Williams 2851 Sage Green Light,#73705E,0.5425910695286844,0.02725660941307605,99.41885515524376,115,112,94,"[115, 112, 94]",0%,3%,18%,55%,"[0%, 3%, 18%, 55%]",47.12,-1.26,10.49,"[47.12, -1.26, 10.49]",https://www.google.com/search?tbm=isch&q=sherwinWilliams%20Sherwin%20Williams%202851%20Sage%20Green%20Light%20color%20swatch,,,,,,,,,,,,,,,,,,,,,,,,,,,,,,,,,,,,,,,,,,,,
DB,sherwinwilliams,Sherwin Williams 2853 New Colonial Yellow,#D9AD7F,0.776667395408506,0.07979768240057385,67.4558595343778,217,173,127,"[217, 173, 127]",0%,20%,41%,15%,"[0%, 20%, 41%, 15%]",73.99,12.17,30.08,"[73.99, 12.17, 30.08]",https://www.google.com/search?tbm=isch&q=sherwinWilliams%20Sherwin%20Williams%202853%20New%20Colonial%20Yellow%20color%20swatch,,,,,,,,,,,,,,,,,,,,,,,,,,,,,,,,,,,,,,,,,,,,
DB,sherwinwilliams,Sherwin Williams 2854 Caribbean Coral,#BE795E,0.6425814063294906,0.09528473458817306,42.067639956292,190,121,94,"[190, 121, 94]",0%,36%,51%,25%,"[0%, 36%, 51%, 25%]",57.89,25.58,26.58,"[57.89, 25.58, 26.58]",https://www.google.com/search?tbm=isch&q=sherwinWilliams%20Sherwin%20Williams%202854%20Caribbean%20Coral%20color%20swatch,,,,,,,,,,,,,,,,,,,,,,,,,,,,,,,,,,,,,,,,,,,,
DB,sherwinwilliams,Sherwin Williams 2855 Sycamore Tan,#9C8A79,0.644839995259509,0.0328754957414397,65.56864108062098,156,138,121,"[156, 138, 121]",0%,12%,22%,39%,"[0%, 12%, 22%, 39%]",58.77,4.92,11.75,"[58.77, 4.92, 11.75]",https://www.google.com/search?tbm=isch&q=sherwinWilliams%20Sherwin%20Williams%202855%20Sycamore%20Tan%20color%20swatch,,,,,,,,,,,,,,,,,,,,,,,,,,,,,,,,,,,,,,,,,,,,
DB,sherwinwilliams,Sherwin Williams 2856 Fairfax Brown,#61463A,0.42022726418245154,0.04215787810200251,45.003613664354475,97,70,58,"[97, 70, 58]",0%,28%,40%,62%,"[0%, 28%, 40%, 62%]",32.50,10.63,12.03,"[32.50, 10.63, 12.03]",https://www.google.com/search?tbm=isch&q=sherwinWilliams%20Sherwin%20Williams%202856%20Fairfax%20Brown%20color%20swatch,,,,,,,,,,,,,,,,,,,,,,,,,,,,,,,,,,,,,,,,,,,,
DB,sherwinwilliams,Sherwin Williams 2857 Peace Yellow,#EECF9E,0.8689739730643866,0.07263554219884477,78.93844751168228,238,207,158,"[238, 207, 158]",0%,13%,34%,7%,"[0%, 13%, 34%, 7%]",84.91,6.15,28.64,"[84.91, 6.15, 28.64]",https://www.google.com/search?tbm=isch&q=sherwinWilliams%20Sherwin%20Williams%202857%20Peace%20Yellow%20color%20swatch,,,,,,,,,,,,,,,,,,,,,,,,,,,,,,,,,,,,,,,,,,,,
DB,sherwinwilliams,Sherwin Williams 2858 Harvest Gold,#D9A06A,0.7480564376689657,0.09773113686405041,63.87214771616101,217,160,106,"[217, 160, 106]",0%,26%,51%,15%,"[0%, 26%, 51%, 15%]",70.53,17.29,36.73,"[70.53, 17.29, 36.73]",https://www.google.com/search?tbm=isch&q=sherwinWilliams%20Sherwin%20Williams%202858%20Harvest%20Gold%20color%20swatch,,,,,,,,,,,,,,,,,,,,,,,,,,,,,,,,,,,,,,,,,,,,
DB,sherwinwilliams,Sherwin Williams 2859 Beige,#DFC8B5,0.846923919687854,0.03666686470428128,61.87068020291065,223,200,181,"[223, 200, 181]",0%,10%,19%,13%,"[0%, 10%, 19%, 13%]",82.18,6.12,12.64,"[82.18, 6.12, 12.64]",https://www.google.com/search?tbm=isch&q=sherwinWilliams%20Sherwin%20Williams%202859%20Beige%20color%20swatch,,,,,,,,,,,,,,,,,,,,,,,,,,,,,,,,,,,,,,,,,,,,
DB,sherwinwilliams,Sherwin Williams 2860 Sage,#B3AE95,0.7481712215690804,0.03513659179693591,97.82661169179676,179,174,149,"[179, 174, 149]",0%,3%,17%,30%,"[0%, 3%, 17%, 30%]",71.01,-1.32,13.57,"[71.01, -1.32, 13.57]",https://www.google.com/search?tbm=isch&q=sherwinWilliams%20Sherwin%20Williams%202860%20Sage%20color%20swatch,,,,,,,,,,,,,,,,,,,,,,,,,,,,,,,,,,,,,,,,,,,,
DB,sherwinwilliams,Sherwin Williams 2861 Avocado,#857C5D,0.5860986524531674,0.045992008871594645,93.81961952903714,133,124,93,"[133, 124, 93]",0%,7%,30%,48%,"[0%, 7%, 30%, 48%]",52.21,-0.24,18.30,"[52.21, -0.24, 18.30]",https://www.google.com/search?tbm=isch&q=sherwinWilliams%20Sherwin%20Williams%202861%20Avocado%20color%20swatch,,,,,,,,,,,,,,,,,,,,,,,,,,,,,,,,,,,,,,,,,,,,
DB,sherwinwilliams,Sherwin Williams 2863 Powder Blue,#89A4AD,0.7011307283853627,0.032769883590018936,219.9839787916759,137,164,173,"[137, 164, 173]",21%,5%,0%,32%,"[21%, 5%, 0%, 32%]",65.52,-8.19,-7.97,"[65.52, -8.19, -7.97]",https://www.google.com/search?tbm=isch&q=sherwinWilliams%20Sherwin%20Williams%202863%20Powder%20Blue%20color%20swatch,,,,,,,,,,,,,,,,,,,,,,,,,,,,,,,,,,,,,,,,,,,,
DB,sherwinwilliams,Sherwin Williams 2865 Classical Yellow,#F8D492,0.8856756245897182,0.09266224978463213,82.13259687398516,248,212,146,"[248, 212, 146]",0%,15%,41%,3%,"[0%, 15%, 41%, 3%]",86.91,6.64,37.56,"[86.91, 6.64, 37.56]",https://www.google.com/search?tbm=isch&q=sherwinWilliams%20Sherwin%20Williams%202865%20Classical%20Yellow%20color%20swatch,,,,,,,,,,,,,,,,,,,,,,,,,,,,,,,,,,,,,,,,,,,,
DB,sherwinwilliams,Sherwin Williams 6000 Snowfall,#E0DEDA,0.9010354104523107,0.0058336004582301565,84.56750031412253,224,222,218,"[224, 222, 218]",0%,1%,3%,12%,"[0%, 1%, 3%, 12%]",88.54,0.18,2.22,"[88.54, 0.18, 2.22]",https://www.google.com/search?tbm=isch&q=sherwinWilliams%20Sherwin%20Williams%206000%20Snowfall%20color%20swatch,,,,,,,,,,,,,,,,,,,,,,,,,,,,,,,,,,,,,,,,,,,,
DB,sherwinwilliams,Sherwin Williams 6001 Grayish,#CFCAC7,0.8421556758627792,0.006956689401304823,53.42914619261336,207,202,199,"[207, 202, 199]",0%,2%,4%,19%,"[0%, 2%, 4%, 19%]",81.67,1.39,2.15,"[81.67, 1.39, 2.15]",https://www.google.com/search?tbm=isch&q=sherwinWilliams%20Sherwin%20Williams%206001%20Grayish%20color%20swatch,,,,,,,,,,,,,,,,,,,,,,,,,,,,,,,,,,,,,,,,,,,,
DB,sherwinwilliams,Sherwin Williams 6002 Essential Gray,#BCB8B6,0.7852709752323894,0.005346081119535702,48.667195807377766,188,184,182,"[188, 184, 182]",0%,2%,3%,26%,"[0%, 2%, 3%, 26%]",75.07,1.19,1.54,"[75.07, 1.19, 1.54]",https://www.google.com/search?tbm=isch&q=sherwinWilliams%20Sherwin%20Williams%206002%20Essential%20Gray%20color%20swatch,,,,,,,,,,,,,,,,,,,,,,,,,,,,,,,,,,,,,,,,,,,,
DB,sherwinwilliams,Sherwin Williams 6003 Proper Gray,#ADA8A5,0.7348576002686512,0.007201066411820362,53.40834870877325,173,168,165,"[173, 168, 165]",0%,3%,5%,32%,"[0%, 3%, 5%, 32%]",69.22,1.45,2.22,"[69.22, 1.45, 2.22]",https://www.google.com/search?tbm=isch&q=sherwinWilliams%20Sherwin%20Williams%206003%20Proper%20Gray%20color%20swatch,,,,,,,,,,,,,,,,,,,,,,,,,,,,,,,,,,,,,,,,,,,,
DB,sherwinwilliams,Sherwin Williams 6004 Mink,#847B77,0.5897346125549614,0.012624779369359662,45.62513926821367,132,123,119,"[132, 123, 119]",0%,7%,10%,48%,"[0%, 7%, 10%, 48%]",52.34,3.00,3.49,"[52.34, 3.00, 3.49]",https://www.google.com/search?tbm=isch&q=sherwinWilliams%20Sherwin%20Williams%206004%20Mink%20color%20swatch,,,,,,,,,,,,,,,,,,,,,,,,,,,,,,,,,,,,,,,,,,,,
DB,sherwinwilliams,Sherwin Williams 6005 Folkstone,#6D6562,0.5132215289127403,0.011238057883389767,41.79810929298151,109,101,98,"[109, 101, 98]",0%,7%,10%,57%,"[0%, 7%, 10%, 57%]",43.47,2.84,2.90,"[43.47, 2.84, 2.90]",https://www.google.com/search?tbm=isch&q=sherwinWilliams%20Sherwin%20Williams%206005%20Folkstone%20color%20swatch,,,,,,,,,,,,,,,,,,,,,,,,,,,,,,,,,,,,,,,,,,,,
DB,sherwinwilliams,Sherwin Williams 6006 Black Bean,#403330,0.33434989943403853,0.019585966245067046,33.18260220764847,64,51,48,"[64, 51, 48]",0%,20%,25%,75%,"[0%, 20%, 25%, 75%]",22.63,5.61,4.22,"[22.63, 5.61, 4.22]",https://www.google.com/search?tbm=isch&q=sherwinWilliams%20Sherwin%20Williams%206006%20Black%20Bean%20color%20swatch,,,,,,,,,,,,,,,,,,,,,,,,,,,,,,,,,,,,,,,,,,,,
DB,sherwinwilliams,Sherwin Williams 6007 Smart White,#E4DBD8,0.8977316584321173,0.010732224346023425,39.43383344054678,228,219,216,"[228, 219, 216]",0%,4%,5%,11%,"[0%, 4%, 5%, 11%]",88.07,2.80,2.63,"[88.07, 2.80, 2.63]",https://www.google.com/search?tbm=isch&q=sherwinWilliams%20Sherwin%20Williams%206007%20Smart%20White%20color%20swatch,,,,,,,,,,,,,,,,,,,,,,,,,,,,,,,,,,,,,,,,,,,,
DB,sherwinwilliams,Sherwin Williams 6008 Individual White,#D4CDCA,0.8530759006530164,0.008836841338617155,44.876653901236295,212,205,202,"[212, 205, 202]",0%,3%,5%,17%,"[0%, 3%, 5%, 17%]",82.91,2.11,2.40,"[82.91, 2.11, 2.40]",https://www.google.com/search?tbm=isch&q=sherwinWilliams%20Sherwin%20Williams%206008%20Individual%20White%20color%20swatch,,,,,,,,,,,,,,,,,,,,,,,,,,,,,,,,,,,,,,,,,,,,
DB,sherwinwilliams,Sherwin Williams 6009 Imagine,#C2B6B6,0.7862289250995277,0.01368693802815618,17.448197714088735,194,182,182,"[194, 182, 182]",0%,6%,6%,24%,"[0%, 6%, 6%, 24%]",75.06,4.40,1.61,"[75.06, 4.40, 1.61]",https://www.google.com/search?tbm=isch&q=sherwinWilliams%20Sherwin%20Williams%206009%20Imagine%20color%20swatch,,,,,,,,,,,,,,,,,,,,,,,,,,,,,,,,,,,,,,,,,,,,
DB,sherwinwilliams,Sherwin Williams 6010 Flexible Gray,#B1A3A1,0.72683913289711,0.01663607958494415,27.329696456212787,177,163,161,"[177, 163, 161]",0%,8%,9%,31%,"[0%, 8%, 9%, 31%]",68.17,5.00,2.98,"[68.17, 5.00, 2.98]",https://www.google.com/search?tbm=isch&q=sherwinWilliams%20Sherwin%20Williams%206010%20Flexible%20Gray%20color%20swatch,,,,,,,,,,,,,,,,,,,,,,,,,,,,,,,,,,,,,,,,,,,,
DB,sherwinwilliams,Sherwin Williams 6011 Chinchilla,#867875,0.5845474520530809,0.01798723291489968,32.0462714504547,134,120,117,"[134, 120, 117]",0%,10%,13%,47%,"[0%, 10%, 13%, 47%]",51.66,5.17,3.72,"[51.66, 5.17, 3.72]",https://www.google.com/search?tbm=isch&q=sherwinWilliams%20Sherwin%20Williams%206011%20Chinchilla%20color%20swatch,,,,,,,,,,,,,,,,,,,,,,,,,,,,,,,,,,,,,,,,,,,,
DB,sherwinwilliams,Sherwin Williams 6012 Browse Brown,#6E615F,0.5043630568329834,0.0170869493986815,28.140617850310434,110,97,95,"[110, 97, 95]",0%,12%,14%,57%,"[0%, 12%, 14%, 57%]",42.36,5.11,3.15,"[42.36, 5.11, 3.15]",https://www.google.com/search?tbm=isch&q=sherwinWilliams%20Sherwin%20Williams%206012%20Browse%20Brown%20color%20swatch,,,,,,,,,,,,,,,,,,,,,,,,,,,,,,,,,,,,,,,,,,,,
DB,sherwinwilliams,Sherwin Williams 6013 Bitter Chocolate,#4D3C3C,0.374542729376532,0.023982867605430426,18.278446222797072,77,60,60,"[77, 60, 60]",0%,22%,22%,70%,"[0%, 22%, 22%, 70%]",27.20,7.69,2.99,"[27.20, 7.69, 2.99]",https://www.google.com/search?tbm=isch&q=sherwinWilliams%20Sherwin%20Williams%206013%20Bitter%20Chocolate%20color%20swatch,,,,,,,,,,,,,,,,,,,,,,,,,,,,,,,,,,,,,,,,,,,,
DB,sherwinwilliams,Sherwin Williams 6015 Vaguely Mauve,#D1C5C4,0.8329474541388742,0.013571950861249276,23.223534788275515,209,197,196,"[209, 197, 196]",0%,6%,6%,18%,"[0%, 6%, 6%, 18%]",80.49,4.21,2.09,"[80.49, 4.21, 2.09]",https://www.google.com/search?tbm=isch&q=sherwinWilliams%20Sherwin%20Williams%206015%20Vaguely%20Mauve%20color%20swatch,,,,,,,,,,,,,,,,,,,,,,,,,,,,,,,,,,,,,,,,,,,,
DB,sherwinwilliams,Sherwin Williams 6016 Chaise Mauve,#C1B2B3,0.7764540898970163,0.01724807338681002,12.89202991984223,193,178,179,"[193, 178, 179]",0%,8%,7%,24%,"[0%, 8%, 7%, 24%]",73.88,5.67,1.53,"[73.88, 5.67, 1.53]",https://www.google.com/search?tbm=isch&q=sherwinWilliams%20Sherwin%20Williams%206016%20Chaise%20Mauve%20color%20swatch,,,,,,,,,,,,,,,,,,,,,,,,,,,,,,,,,,,,,,,,,,,,
DB,sherwinwilliams,Sherwin Williams 6017 Intuitive,#B3A3A5,0.7297829507470887,0.01885057756983727,8.947670228346794,179,163,165,"[179, 163, 165]",0%,9%,8%,30%,"[0%, 9%, 8%, 30%]",68.44,6.28,1.18,"[68.44, 6.28, 1.18]",https://www.google.com/search?tbm=isch&q=sherwinWilliams%20Sherwin%20Williams%206017%20Intuitive%20color%20swatch,,,,,,,,,,,,,,,,,,,,,,,,,,,,,,,,,,,,,,,,,,,,
DB,sherwinwilliams,Sherwin Williams 6018 Enigma,#8B7C7E,0.6005581683005978,0.018634779145951776,8.503369535660227,139,124,126,"[139, 124, 126]",0%,11%,9%,45%,"[0%, 11%, 9%, 45%]",53.45,6.21,1.12,"[53.45, 6.21, 1.12]",https://www.google.com/search?tbm=isch&q=sherwinWilliams%20Sherwin%20Williams%206018%20Enigma%20color%20swatch,,,,,,,,,,,,,,,,,,,,,,,,,,,,,,,,,,,,,,,,,,,,
DB,sherwinwilliams,Sherwin Williams 6019 Poetry Plum,#6F5C5F,0.494463271440581,0.02513223805459081,7.332068058695995,111,92,95,"[111, 92, 95]",0%,17%,14%,56%,"[0%, 17%, 14%, 56%]",41.06,8.38,1.32,"[41.06, 8.38, 1.32]",https://www.google.com/search?tbm=isch&q=sherwinWilliams%20Sherwin%20Williams%206019%20Poetry%20Plum%20color%20swatch,,,,,,,,,,,,,,,,,,,,,,,,,,,,,,,,,,,,,,,,,,,,
DB,sherwinwilliams,Sherwin Williams 6020 Marooned,#4E3132,0.3484305898548988,0.042461719076714644,17.209808095905885,78,49,50,"[78, 49, 50]",0%,37%,36%,69%,"[0%, 37%, 36%, 69%]",23.97,13.69,5.08,"[23.97, 13.69, 5.08]",https://www.google.com/search?tbm=isch&q=sherwinWilliams%20Sherwin%20Williams%206020%20Marooned%20color%20swatch,,,,,,,,,,,,,,,,,,,,,,,,,,,,,,,,,,,,,,,,,,,,
DB,sherwinwilliams,Sherwin Williams 6021 Dreamy White,#E3D9D5,0.8921531788167619,0.012328736109689375,43.26867477067543,227,217,213,"[227, 217, 213]",0%,4%,6%,11%,"[0%, 4%, 6%, 11%]",87.42,3.03,3.26,"[87.42, 3.03, 3.26]",https://www.google.com/search?tbm=isch&q=sherwinWilliams%20Sherwin%20Williams%206021%20Dreamy%20White%20color%20swatch,,,,,,,,,,,,,,,,,,,,,,,,,,,,,,,,,,,,,,,,,,,,
DB,sherwinwilliams,Sherwin Williams 6022 Breathless,#D6C2BE,0.8295991528966783,0.02340796169894832,31.119414588621908,214,194,190,"[214, 194, 190]",0%,9%,11%,16%,"[0%, 9%, 11%, 16%]",80.04,6.79,4.71,"[80.04, 6.79, 4.71]",https://www.google.com/search?tbm=isch&q=sherwinWilliams%20Sherwin%20Williams%206022%20Breathless%20color%20swatch,,,,,,,,,,,,,,,,,,,,,,,,,,,,,,,,,,,,,,,,,,,,
DB,sherwinwilliams,Sherwin Williams 6023 Insightful Rose,#C9B0AB,0.7773284739945532,0.029921289067643034,31.163936851833682,201,176,171,"[201, 176, 171]",0%,12%,15%,21%,"[0%, 12%, 15%, 21%]",73.93,8.70,6.06,"[73.93, 8.70, 6.06]",https://www.google.com/search?tbm=isch&q=sherwinWilliams%20Sherwin%20Williams%206023%20Insightful%20Rose%20color%20swatch,,,,,,,,,,,,,,,,,,,,,,,,,,,,,,,,,,,,,,,,,,,,
DB,sherwinwilliams,Sherwin Williams 6024 Dressy Rose,#B89D9A,0.7191450482189873,0.03241128097502671,25.420340351369475,184,157,154,"[184, 157, 154]",0%,15%,16%,28%,"[0%, 15%, 16%, 28%]",67.12,9.92,5.47,"[67.12, 9.92, 5.47]",https://www.google.com/search?tbm=isch&q=sherwinWilliams%20Sherwin%20Williams%206024%20Dressy%20Rose%20color%20swatch,,,,,,,,,,,,,,,,,,,,,,,,,,,,,,,,,,,,,,,,,,,,
DB,sherwinwilliams,Sherwin Williams 6025 Socialite,#907676,0.5905409956045915,0.03259199691030354,18.114527773088753,144,118,118,"[144, 118, 118]",0%,18%,18%,44%,"[0%, 18%, 18%, 44%]",52.16,10.46,4.02,"[52.16, 10.46, 4.02]",https://www.google.com/search?tbm=isch&q=sherwinWilliams%20Sherwin%20Williams%206025%20Socialite%20color%20swatch,,,,,,,,,,,,,,,,,,,,,,,,,,,,,,,,,,,,,,,,,,,,
DB,sherwinwilliams,Sherwin Williams 6026 River Rouge,#76595D,0.4951153567657014,0.03864615339161679,9.343094588794884,118,89,93,"[118, 89, 93]",0%,25%,21%,54%,"[0%, 25%, 21%, 54%]",40.99,12.79,2.56,"[40.99, 12.79, 2.56]",https://www.google.com/search?tbm=isch&q=sherwinWilliams%20Sherwin%20Williams%206026%20River%20Rouge%20color%20swatch,,,,,,,,,,,,,,,,,,,,,,,,,,,,,,,,,,,,,,,,,,,,
DB,sherwinwilliams,Sherwin Williams 6027 Cordovan,#5F3D3F,0.4001199372070588,0.04807773635440085,15.587814384755063,95,61,63,"[95, 61, 63]",0%,36%,34%,63%,"[0%, 36%, 34%, 63%]",29.89,15.60,5.23,"[29.89, 15.60, 5.23]",https://www.google.com/search?tbm=isch&q=sherwinWilliams%20Sherwin%20Williams%206027%20Cordovan%20color%20swatch,,,,,,,,,,,,,,,,,,,,,,,,,,,,,,,,,,,,,,,,,,,,
DB,sherwinwilliams,Sherwin Williams 6028 Cultured Pearl,#E5DCD6,0.8999602901757743,0.012831120345371592,56.2366302369054,229,220,214,"[229, 220, 214]",0%,4%,7%,10%,"[0%, 4%, 7%, 10%]",88.36,2.41,4.11,"[88.36, 2.41, 4.11]",https://www.google.com/search?tbm=isch&q=sherwinWilliams%20Sherwin%20Williams%206028%20Cultured%20Pearl%20color%20swatch,,,,,,,,,,,,,,,,,,,,,,,,,,,,,,,,,,,,,,,,,,,,
DB,sherwinwilliams,Sherwin Williams 6029 White Truffle,#D7C8C2,0.8434003039997975,0.018833287114530528,43.2003339575424,215,200,194,"[215, 200, 194]",0%,7%,10%,16%,"[0%, 7%, 10%, 16%]",81.73,4.66,5.00,"[81.73, 4.66, 5.00]",https://www.google.com/search?tbm=isch&q=sherwinWilliams%20Sherwin%20Williams%206029%20White%20Truffle%20color%20swatch,,,,,,,,,,,,,,,,,,,,,,,,,,,,,,,,,,,,,,,,,,,,
DB,sherwinwilliams,Sherwin Williams 6030 Artistic Taupe,#C3B1AC,0.7742116211128108,0.021990290892606533,36.02078293687555,195,177,172,"[195, 177, 172]",0%,9%,12%,24%,"[0%, 9%, 12%, 24%]",73.65,6.04,5.03,"[73.65, 6.04, 5.03]",https://www.google.com/search?tbm=isch&q=sherwinWilliams%20Sherwin%20Williams%206030%20Artistic%20Taupe%20color%20swatch,,,,,,,,,,,,,,,,,,,,,,,,,,,,,,,,,,,,,,,,,,,,
DB,sherwinwilliams,Sherwin Williams 6031 Glamour,#B6A09A,0.7232896332339306,0.02742961499783239,35.70796213233774,182,160,154,"[182, 160, 154]",0%,12%,15%,29%,"[0%, 12%, 15%, 29%]",67.70,7.59,6.25,"[67.70, 7.59, 6.25]",https://www.google.com/search?tbm=isch&q=sherwinWilliams%20Sherwin%20Williams%206031%20Glamour%20color%20swatch,,,,,,,,,,,,,,,,,,,,,,,,,,,,,,,,,,,,,,,,,,,,
DB,sherwinwilliams,Sherwin Williams 6032 Dutch Cocoa,#8C706A,0.5705667079490963,0.036831045873735334,32.196503361437294,140,112,106,"[140, 112, 106]",0%,20%,24%,45%,"[0%, 20%, 24%, 45%]",49.89,10.68,7.75,"[49.89, 10.68, 7.75]",https://www.google.com/search?tbm=isch&q=sherwinWilliams%20Sherwin%20Williams%206032%20Dutch%20Cocoa%20color%20swatch,,,,,,,,,,,,,,,,,,,,,,,,,,,,,,,,,,,,,,,,,,,,
DB,sherwinwilliams,Sherwin Williams 6033 Bateau Brown,#7A5F5A,0.5112124799734328,0.03632549024485497,30.434872151639183,122,95,90,"[122, 95, 90]",0%,22%,26%,52%,"[0%, 22%, 26%, 52%]",42.99,10.72,7.29,"[42.99, 10.72, 7.29]",https://www.google.com/search?tbm=isch&q=sherwinWilliams%20Sherwin%20Williams%206033%20Bateau%20Brown%20color%20swatch,,,,,,,,,,,,,,,,,,,,,,,,,,,,,,,,,,,,,,,,,,,,
DB,sherwinwilliams,Sherwin Williams 6034 Arresting Auburn,#5A3532,0.3733547248086999,0.05395500109329949,24.971980216218185,90,53,50,"[90, 53, 50]",0%,41%,44%,65%,"[0%, 41%, 44%, 65%]",26.79,16.78,9.30,"[26.79, 16.78, 9.30]",https://www.google.com/search?tbm=isch&q=sherwinWilliams%20Sherwin%20Williams%206034%20Arresting%20Auburn%20color%20swatch,,,,,,,,,,,,,,,,,,,,,,,,,,,,,,,,,,,,,,,,,,,,
DB,sherwinwilliams,Sherwin Williams 6035 Gauzy White,#E3DBD4,0.8958257642543153,0.01295200520548828,63.905206815413635,227,219,212,"[227, 219, 212]",0%,4%,7%,11%,"[0%, 4%, 7%, 11%]",87.90,1.93,4.48,"[87.90, 1.93, 4.48]",https://www.google.com/search?tbm=isch&q=sherwinWilliams%20Sherwin%20Williams%206035%20Gauzy%20White%20color%20swatch,,,,,,,,,,,,,,,,,,,,,,,,,,,,,,,,,,,,,,,,,,,,
DB,sherwinwilliams,Sherwin Williams 6036 Angora,#D1C5BE,0.8312757943326824,0.01664576039524141,52.5158777355457,209,197,190,"[209, 197, 190]",0%,6%,9%,18%,"[0%, 6%, 9%, 18%]",80.37,3.45,5.11,"[80.37, 3.45, 5.11]",https://www.google.com/search?tbm=isch&q=sherwinWilliams%20Sherwin%20Williams%206036%20Angora%20color%20swatch,,,,,,,,,,,,,,,,,,,,,,,,,,,,,,,,,,,,,,,,,,,,
DB,sherwinwilliams,Sherwin Williams 6037 Temperate Taupe,#BFB1AA,0.7701518645233004,0.018932077233363286,48.46300062237003,191,177,170,"[191, 177, 170]",0%,7%,11%,25%,"[0%, 7%, 11%, 25%]",73.25,4.28,5.49,"[73.25, 4.28, 5.49]",https://www.google.com/search?tbm=isch&q=sherwinWilliams%20Sherwin%20Williams%206037%20Temperate%20Taupe%20color%20swatch,,,,,,,,,,,,,,,,,,,,,,,,,,,,,,,,,,,,,,,,,,,,
DB,sherwinwilliams,Sherwin Williams 6038 Truly Taupe,#AC9E97,0.7092809758647741,0.019343966720931877,48.43372232285884,172,158,151,"[172, 158, 151]",0%,8%,12%,33%,"[0%, 8%, 12%, 33%]",66.19,4.39,5.62,"[66.19, 4.39, 5.62]",https://www.google.com/search?tbm=isch&q=sherwinWilliams%20Sherwin%20Williams%206038%20Truly%20Taupe%20color%20swatch,,,,,,,,,,,,,,,,,,,,,,,,,,,,,,,,,,,,,,,,,,,,
DB,sherwinwilliams,Sherwin Williams 6039 Poised Taupe,#8C7E78,0.6039611912082707,0.019456282538819817,44.682061799005,140,126,120,"[140, 126, 120]",0%,10%,14%,45%,"[0%, 10%, 14%, 45%]",53.95,4.73,5.32,"[53.95, 4.73, 5.32]",https://www.google.com/search?tbm=isch&q=sherwinWilliams%20Sherwin%20Williams%206039%20Poised%20Taupe%20color%20swatch,,,,,,,,,,,,,,,,,,,,,,,,,,,,,,,,,,,,,,,,,,,,
DB,sherwinwilliams,Sherwin Williams 6040 Less Brown,#756761,0.5251832824431504,0.020197420549958243,44.63242777601636,117,103,97,"[117, 103, 97]",0%,12%,17%,54%,"[0%, 12%, 17%, 54%]",44.81,4.94,5.54,"[44.81, 4.94, 5.54]",https://www.google.com/search?tbm=isch&q=sherwinWilliams%20Sherwin%20Williams%206040%20Less%20Brown%20color%20swatch,,,,,,,,,,,,,,,,,,,,,,,,,,,,,,,,,,,,,,,,,,,,
DB,sherwinwilliams,Sherwin Williams 6041 Otter,#56433B,0.4006666454063721,0.029559590229740307,43.99252849107643,86,67,59,"[86, 67, 59]",0%,22%,31%,66%,"[0%, 22%, 31%, 66%]",30.30,7.45,8.16,"[30.30, 7.45, 8.16]",https://www.google.com/search?tbm=isch&q=sherwinWilliams%20Sherwin%20Williams%206041%20Otter%20color%20swatch,,,,,,,,,,,,,,,,,,,,,,,,,,,,,,,,,,,,,,,,,,,,
DB,sherwinwilliams,Sherwin Williams 6042 Hush White,#E5DAD4,0.8954784166938696,0.01464385754732306,50.78759075980781,229,218,212,"[229, 218, 212]",0%,5%,7%,10%,"[0%, 5%, 7%, 10%]",87.82,3.14,4.38,"[87.82, 3.14, 4.38]",https://www.google.com/search?tbm=isch&q=sherwinWilliams%20Sherwin%20Williams%206042%20Hush%20White%20color%20swatch,,,,,,,,,,,,,,,,,,,,,,,,,,,,,,,,,,,,,,,,,,,,
DB,sherwinwilliams,Sherwin Williams 6043 Unfussy Beige,#D6C8C0,0.8420111995938477,0.019243003663685202,51.930809756217684,214,200,192,"[214, 200, 192]",0%,7%,10%,16%,"[0%, 7%, 10%, 16%]",81.60,4.05,5.86,"[81.60, 4.05, 5.86]",https://www.google.com/search?tbm=isch&q=sherwinWilliams%20Sherwin%20Williams%206043%20Unfussy%20Beige%20color%20swatch,,,,,,,,,,,,,,,,,,,,,,,,,,,,,,,,,,,,,,,,,,,,
DB,sherwinwilliams,Sherwin Williams 6044 Doeskin,#C6B3A9,0.7800624074864215,0.026047356277219078,49.66315858533471,198,179,169,"[198, 179, 169]",0%,10%,15%,22%,"[0%, 10%, 15%, 22%]",74.37,5.80,7.73,"[74.37, 5.80, 7.73]",https://www.google.com/search?tbm=isch&q=sherwinWilliams%20Sherwin%20Williams%206044%20Doeskin%20color%20swatch,,,,,,,,,,,,,,,,,,,,,,,,,,,,,,,,,,,,,,,,,,,,
DB,sherwinwilliams,Sherwin Williams 6045 Emerging Taupe,#B8A196,0.7260814948704305,0.031406220359142284,47.176594996314634,184,161,150,"[184, 161, 150]",0%,13%,18%,28%,"[0%, 13%, 18%, 28%]",68.07,7.38,9.01,"[68.07, 7.38, 9.01]",https://www.google.com/search?tbm=isch&q=sherwinWilliams%20Sherwin%20Williams%206045%20Emerging%20Taupe%20color%20swatch,,,,,,,,,,,,,,,,,,,,,,,,,,,,,,,,,,,,,,,,,,,,
DB,sherwinwilliams,Sherwin Williams 6046 Swing Brown,#947569,0.5890658047373987,0.043159071699608496,42.19722064753364,148,117,105,"[148, 117, 105]",0%,21%,29%,42%,"[0%, 21%, 29%, 42%]",52.06,11.17,11.51,"[52.06, 11.17, 11.51]",https://www.google.com/search?tbm=isch&q=sherwinWilliams%20Sherwin%20Williams%206046%20Swing%20Brown%20color%20swatch,,,,,,,,,,,,,,,,,,,,,,,,,,,,,,,,,,,,,,,,,,,,
DB,sherwinwilliams,Sherwin Williams 6047 Hot Cocoa,#806257,0.5233532484689676,0.04276582043648318,41.0626931222244,128,98,87,"[128, 98, 87]",0%,23%,32%,50%,"[0%, 23%, 32%, 50%]",44.43,11.28,11.20,"[44.43, 11.28, 11.20]",https://www.google.com/search?tbm=isch&q=sherwinWilliams%20Sherwin%20Williams%206047%20Hot%20Cocoa%20color%20swatch,,,,,,,,,,,,,,,,,,,,,,,,,,,,,,,,,,,,,,,,,,,,
DB,sherwinwilliams,Sherwin Williams 6048 Terra Brun,#5A382D,0.37821716882778633,0.05233038397940191,38.68335573316233,90,56,45,"[90, 56, 45]",0%,38%,50%,65%,"[0%, 38%, 50%, 65%]",27.49,14.54,13.47,"[27.49, 14.54, 13.47]",https://www.google.com/search?tbm=isch&q=sherwinWilliams%20Sherwin%20Williams%206048%20Terra%20Brun%20color%20swatch,,,,,,,,,,,,,,,,,,,,,,,,,,,,,,,,,,,,,,,,,,,,
DB,sherwinwilliams,Sherwin Williams 6049 Gorgeous White,#E7DBD3,0.898811096373124,0.017129852645422276,56.17057354044283,231,219,211,"[231, 219, 211]",0%,5%,9%,9%,"[0%, 5%, 9%, 9%]",88.21,3.25,5.49,"[88.21, 3.25, 5.49]",https://www.google.com/search?tbm=isch&q=sherwinWilliams%20Sherwin%20Williams%206049%20Gorgeous%20White%20color%20swatch,,,,,,,,,,,,,,,,,,,,,,,,,,,,,,,,,,,,,,,,,,,,
DB,sherwinwilliams,Sherwin Williams 6050 Abalone Shell,#DBC7BD,0.8435099407841706,0.026499358146699053,48.38932546439685,219,199,189,"[219, 199, 189]",0%,9%,14%,14%,"[0%, 9%, 14%, 14%]",81.72,6.03,7.70,"[81.72, 6.03, 7.70]",https://www.google.com/search?tbm=isch&q=sherwinWilliams%20Sherwin%20Williams%206050%20Abalone%20Shell%20color%20swatch,,,,,,,,,,,,,,,,,,,,,,,,,,,,,,,,,,,,,,,,,,,,
DB,sherwinwilliams,Sherwin Williams 6051 Sashay Sand,#CFB4A8,0.7899047549898154,0.03552524288842057,45.41979112442965,207,180,168,"[207, 180, 168]",0%,13%,19%,19%,"[0%, 13%, 19%, 19%]",75.44,8.61,9.91,"[75.44, 8.61, 9.91]",https://www.google.com/search?tbm=isch&q=sherwinWilliams%20Sherwin%20Williams%206051%20Sashay%20Sand%20color%20swatch,,,,,,,,,,,,,,,,,,,,,,,,,,,,,,,,,,,,,,,,,,,,
DB,sherwinwilliams,Sherwin Williams 6052 Sandbank,#C3A497,0.7427151060412458,0.041078799233273997,44.02067217224294,195,164,151,"[195, 164, 151]",0%,16%,23%,24%,"[0%, 16%, 23%, 24%]",69.92,10.24,11.23,"[69.92, 10.24, 11.23]",https://www.google.com/search?tbm=isch&q=sherwinWilliams%20Sherwin%20Williams%206052%20Sandbank%20color%20swatch,,,,,,,,,,,,,,,,,,,,,,,,,,,,,,,,,,,,,,,,,,,,
DB,sherwinwilliams,Sherwin Williams 6053 Reddened Earth,#9C6E63,0.5824573750797862,0.0615191625716466,33.923970438226775,156,110,99,"[156, 110, 99]",0%,29%,37%,39%,"[0%, 29%, 37%, 39%]",51.07,17.74,13.82,"[51.07, 17.74, 13.82]",https://www.google.com/search?tbm=isch&q=sherwinWilliams%20Sherwin%20Williams%206053%20Reddened%20Earth%20color%20swatch,,,,,,,,,,,,,,,,,,,,,,,,,,,,,,,,,,,,,,,,,,,,
DB,sherwinwilliams,Sherwin Williams 6054 Canyon Clay,#85594F,0.5089676558128312,0.06087578222151196,33.32969948773615,133,89,79,"[133, 89, 79]",0%,33%,41%,48%,"[0%, 33%, 41%, 48%]",42.54,17.72,13.56,"[42.54, 17.72, 13.56]",https://www.google.com/search?tbm=isch&q=sherwinWilliams%20Sherwin%20Williams%206054%20Canyon%20Clay%20color%20swatch,,,,,,,,,,,,,,,,,,,,,,,,,,,,,,,,,,,,,,,,,,,,
DB,sherwinwilliams,Sherwin Williams 6055 Fiery Brown,#5D3831,0.3833466357278843,0.054672500621979196,31.3456641685965,93,56,49,"[93, 56, 49]",0%,40%,47%,64%,"[0%, 40%, 47%, 64%]",28.00,16.27,11.66,"[28.00, 16.27, 11.66]",https://www.google.com/search?tbm=isch&q=sherwinWilliams%20Sherwin%20Williams%206055%20Fiery%20Brown%20color%20swatch,,,,,,,,,,,,,,,,,,,,,,,,,,,,,,,,,,,,,,,,,,,,
DB,sherwinwilliams,Sherwin Williams 6056 Polite White,#E9DDD4,0.9046441268871482,0.017975498725121157,59.4611049838515,233,221,212,"[233, 221, 212]",0%,5%,9%,9%,"[0%, 5%, 9%, 9%]",88.90,3.12,5.98,"[88.90, 3.12, 5.98]",https://www.google.com/search?tbm=isch&q=sherwinWilliams%20Sherwin%20Williams%206056%20Polite%20White%20color%20swatch,,,,,,,,,,,,,,,,,,,,,,,,,,,,,,,,,,,,,,,,,,,,
DB,sherwinwilliams,Sherwin Williams 6057 Malted Milk,#DECABD,0.8520102291550397,0.02872853304570808,55.271255894916294,222,202,189,"[222, 202, 189]",0%,9%,15%,13%,"[0%, 9%, 15%, 13%]",82.74,5.66,9.19,"[82.74, 5.66, 9.19]",https://www.google.com/search?tbm=isch&q=sherwinWilliams%20Sherwin%20Williams%206057%20Malted%20Milk%20color%20swatch,,,,,,,,,,,,,,,,,,,,,,,,,,,,,,,,,,,,,,,,,,,,
DB,sherwinwilliams,Sherwin Williams 6058 Likeable Sand,#D1B7A8,0.7976487848544526,0.03653316138865124,51.89954190715014,209,183,168,"[209, 183, 168]",0%,12%,20%,18%,"[0%, 12%, 20%, 18%]",76.38,7.86,11.26,"[76.38, 7.86, 11.26]",https://www.google.com/search?tbm=isch&q=sherwinWilliams%20Sherwin%20Williams%206058%20Likeable%20Sand%20color%20swatch,,,,,,,,,,,,,,,,,,,,,,,,,,,,,,,,,,,,,,,,,,,,
DB,sherwinwilliams,Sherwin Williams 6059 Interface Tan,#C1A392,0.7375597222724328,0.04284956033758574,51.28046356416655,193,163,146,"[193, 163, 146]",0%,16%,24%,24%,"[0%, 16%, 24%, 24%]",69.37,9.43,13.18,"[69.37, 9.43, 13.18]",https://www.google.com/search?tbm=isch&q=sherwinWilliams%20Sherwin%20Williams%206059%20Interface%20Tan%20color%20swatch,,,,,,,,,,,,,,,,,,,,,,,,,,,,,,,,,,,,,,,,,,,,
DB,sherwinwilliams,Sherwin Williams 6060 Moroccan Brown,#9D7868,0.6045787944719685,0.05235147216461467,44.496847399230376,157,120,104,"[157, 120, 104]",0%,24%,34%,38%,"[0%, 24%, 34%, 38%]",53.82,13.20,14.68,"[53.82, 13.20, 14.68]",https://www.google.com/search?tbm=isch&q=sherwinWilliams%20Sherwin%20Williams%206060%20Moroccan%20Brown%20color%20swatch,,,,,,,,,,,,,,,,,,,,,,,,,,,,,,,,,,,,,,,,,,,,
DB,sherwinwilliams,Sherwin Williams 6061 Tanbark,#896656,0.5415239480573036,0.051535199913305824,45.67270382341695,137,102,86,"[137, 102, 86]",0%,26%,37%,46%,"[0%, 26%, 37%, 46%]",46.52,12.83,14.84,"[46.52, 12.83, 14.84]",https://www.google.com/search?tbm=isch&q=sherwinWilliams%20Sherwin%20Williams%206061%20Tanbark%20color%20swatch,,,,,,,,,,,,,,,,,,,,,,,,,,,,,,,,,,,,,,,,,,,,
DB,sherwinwilliams,Sherwin Williams 6062 Rugged Brown,#694336,0.42319427894372463,0.05720187496219618,39.65019451833439,105,67,54,"[105, 67, 54]",0%,36%,49%,59%,"[0%, 36%, 49%, 59%]",32.68,15.71,15.01,"[32.68, 15.71, 15.01]",https://www.google.com/search?tbm=isch&q=sherwinWilliams%20Sherwin%20Williams%206062%20Rugged%20Brown%20color%20swatch,,,,,,,,,,,,,,,,,,,,,,,,,,,,,,,,,,,,,,,,,,,,
DB,sherwinwilliams,Sherwin Williams 6063 Nice White,#E6DDD5,0.9024696588118128,0.01466700065142803,64.32795320860293,230,221,213,"[230, 221, 213]",0%,4%,7%,10%,"[0%, 4%, 7%, 10%]",88.67,2.16,5.09,"[88.67, 2.16, 5.09]",https://www.google.com/search?tbm=isch&q=sherwinWilliams%20Sherwin%20Williams%206063%20Nice%20White%20color%20swatch,,,,,,,,,,,,,,,,,,,,,,,,,,,,,,,,,,,,,,,,,,,,
DB,sherwinwilliams,Sherwin Williams 6064 Reticence,#D9CDC3,0.855276783693734,0.0191688083968899,62.414706762792036,217,205,195,"[217, 205, 195]",0%,6%,10%,15%,"[0%, 6%, 10%, 15%]",83.18,3.05,6.57,"[83.18, 3.05, 6.57]",https://www.google.com/search?tbm=isch&q=sherwinWilliams%20Sherwin%20Williams%206064%20Reticence%20color%20swatch,,,,,,,,,,,,,,,,,,,,,,,,,,,,,,,,,,,,,,,,,,,,
DB,sherwinwilliams,Sherwin Williams 6065 Bona Fide Beige,#CBB9AB,0.7970323980717989,0.028323366510836064,60.27067382393136,203,185,171,"[203, 185, 171]",0%,9%,16%,20%,"[0%, 9%, 16%, 20%]",76.40,4.91,9.57,"[76.40, 4.91, 9.57]",https://www.google.com/search?tbm=isch&q=sherwinWilliams%20Sherwin%20Williams%206065%20Bona%20Fide%20Beige%20color%20swatch,,,,,,,,,,,,,,,,,,,,,,,,,,,,,,,,,,,,,,,,,,,,
DB,sherwinwilliams,Sherwin Williams 6066 Sand Trap,#BBA595,0.736686877036504,0.034299011223513656,58.21462304777765,187,165,149,"[187, 165, 149]",0%,12%,20%,27%,"[0%, 12%, 20%, 27%]",69.36,6.38,11.42,"[69.36, 6.38, 11.42]",https://www.google.com/search?tbm=isch&q=sherwinWilliams%20Sherwin%20Williams%206066%20Sand%20Trap%20color%20swatch,,,,,,,,,,,,,,,,,,,,,,,,,,,,,,,,,,,,,,,,,,,,
DB,sherwinwilliams,Sherwin Williams 6067 Mocha,#967A6A,0.6017129219941696,0.04225884861267701,51.34844456759265,150,122,106,"[150, 122, 106]",0%,19%,29%,41%,"[0%, 19%, 29%, 41%]",53.61,9.39,13.10,"[53.61, 9.39, 13.10]",https://www.google.com/search?tbm=isch&q=sherwinWilliams%20Sherwin%20Williams%206067%20Mocha%20color%20swatch,,,,,,,,,,,,,,,,,,,,,,,,,,,,,,,,,,,,,,,,,,,,
DB,sherwinwilliams,Sherwin Williams 6068 Brevity Brown,#715243,0.4674515196497272,0.04796273461458997,46.90391863767502,113,82,67,"[113, 82, 67]",0%,27%,41%,56%,"[0%, 27%, 41%, 56%]",37.96,11.78,14.17,"[37.96, 11.78, 14.17]",https://www.google.com/search?tbm=isch&q=sherwinWilliams%20Sherwin%20Williams%206068%20Brevity%20Brown%20color%20swatch,,,,,,,,,,,,,,,,,,,,,,,,,,,,,,,,,,,,,,,,,,,,
DB,sherwinwilliams,Sherwin Williams 6069 French Roast,#4F3426,0.3530433545935072,0.04554002377038163,48.19768405860492,79,52,38,"[79, 52, 38]",0%,34%,52%,69%,"[0%, 34%, 52%, 69%]",24.70,11.14,14.02,"[24.70, 11.14, 14.02]",https://www.google.com/search?tbm=isch&q=sherwinWilliams%20Sherwin%20Williams%206069%20French%20Roast%20color%20swatch,,,,,,,,,,,,,,,,,,,,,,,,,,,,,,,,,,,,,,,,,,,,
DB,sherwinwilliams,Sherwin Williams 6070 Heron Plume,#E5E1D8,0.9103867133923856,0.01285687809200496,86.83303017138746,229,225,216,"[229, 225, 216]",0%,2%,6%,10%,"[0%, 2%, 6%, 10%]",89.66,0.24,4.92,"[89.66, 0.24, 4.92]",https://www.google.com/search?tbm=isch&q=sherwinWilliams%20Sherwin%20Williams%206070%20Heron%20Plume%20color%20swatch,,,,,,,,,,,,,,,,,,,,,,,,,,,,,,,,,,,,,,,,,,,,
DB,sherwinwilliams,Sherwin Williams 6071 Popular Gray,#D4CCC3,0.849141725510094,0.015221991849138049,70.86292908723624,212,204,195,"[212, 204, 195]",0%,4%,8%,17%,"[0%, 4%, 8%, 17%]",82.51,1.71,5.54,"[82.51, 1.71, 5.54]",https://www.google.com/search?tbm=isch&q=sherwinWilliams%20Sherwin%20Williams%206071%20Popular%20Gray%20color%20swatch,,,,,,,,,,,,,,,,,,,,,,,,,,,,,,,,,,,,,,,,,,,,
DB,sherwinwilliams,Sherwin Williams 6072 Versatile Gray,#C1B6AB,0.782304061894672,0.019841529636685253,67.53179228003074,193,182,171,"[193, 182, 171]",0%,6%,11%,24%,"[0%, 6%, 11%, 24%]",74.74,2.63,7.09,"[74.74, 2.63, 7.09]",https://www.google.com/search?tbm=isch&q=sherwinWilliams%20Sherwin%20Williams%206072%20Versatile%20Gray%20color%20swatch,,,,,,,,,,,,,,,,,,,,,,,,,,,,,,,,,,,,,,,,,,,,
DB,sherwinwilliams,Sherwin Williams 6073 Perfect Greige,#B7AB9F,0.7479505477594965,0.021879733177037116,67.4835790360707,183,171,159,"[183, 171, 159]",0%,7%,13%,28%,"[0%, 7%, 13%, 28%]",70.75,2.93,7.84,"[70.75, 2.93, 7.84]",https://www.google.com/search?tbm=isch&q=sherwinWilliams%20Sherwin%20Williams%206073%20Perfect%20Greige%20color%20swatch,,,,,,,,,,,,,,,,,,,,,,,,,,,,,,,,,,,,,,,,,,,,
DB,sherwinwilliams,Sherwin Williams 6074 Spalding Gray,#8D7F75,0.606198052763822,0.02273315317929501,57.83932131989803,141,127,117,"[141, 127, 117]",0%,10%,17%,45%,"[0%, 10%, 17%, 45%]",54.26,4.22,7.50,"[54.26, 4.22, 7.50]",https://www.google.com/search?tbm=isch&q=sherwinWilliams%20Sherwin%20Williams%206074%20Spalding%20Gray%20color%20swatch,,,,,,,,,,,,,,,,,,,,,,,,,,,,,,,,,,,,,,,,,,,,
DB,sherwinwilliams,Sherwin Williams 6075 Garret Gray,#756861,0.5273829397055005,0.019805108165825334,50.2006994265447,117,104,97,"[117, 104, 97]",0%,11%,17%,54%,"[0%, 11%, 17%, 54%]",45.09,4.38,5.93,"[45.09, 4.38, 5.93]",https://www.google.com/search?tbm=isch&q=sherwinWilliams%20Sherwin%20Williams%206075%20Garret%20Gray%20color%20swatch,,,,,,,,,,,,,,,,,,,,,,,,,,,,,,,,,,,,,,,,,,,,
DB,sherwinwilliams,Sherwin Williams 6076 Turkish Coffee,#4D3930,0.36411853290279145,0.032385063274952025,45.36689029029054,77,57,48,"[77, 57, 48]",0%,26%,38%,70%,"[0%, 26%, 38%, 70%]",26.05,8.07,9.24,"[26.05, 8.07, 9.24]",https://www.google.com/search?tbm=isch&q=sherwinWilliams%20Sherwin%20Williams%206076%20Turkish%20Coffee%20color%20swatch,,,,,,,,,,,,,,,,,,,,,,,,,,,,,,,,,,,,,,,,,,,,
DB,sherwinwilliams,Sherwin Williams 6077 Everyday White,#E4DCD4,0.8986096758149593,0.013951657739598847,67.64861339283289,228,220,212,"[228, 220, 212]",0%,4%,7%,11%,"[0%, 4%, 7%, 11%]",88.24,1.81,4.97,"[88.24, 1.81, 4.97]",https://www.google.com/search?tbm=isch&q=sherwinWilliams%20Sherwin%20Williams%206077%20Everyday%20White%20color%20swatch,,,,,,,,,,,,,,,,,,,,,,,,,,,,,,,,,,,,,,,,,,,,
DB,sherwinwilliams,Sherwin Williams 6078 Realist Beige,#D3C8BD,0.8386847605103377,0.019503704467699754,67.55741469078907,211,200,189,"[211, 200, 189]",0%,5%,10%,17%,"[0%, 5%, 10%, 17%]",81.28,2.57,6.97,"[81.28, 2.57, 6.97]",https://www.google.com/search?tbm=isch&q=sherwinWilliams%20Sherwin%20Williams%206078%20Realist%20Beige%20color%20swatch,,,,,,,,,,,,,,,,,,,,,,,,,,,,,,,,,,,,,,,,,,,,
DB,sherwinwilliams,Sherwin Williams 6079 Diverse Beige,#C2B4A7,0.7780344094376069,0.024230469432731574,65.36968853188415,194,180,167,"[194, 180, 167]",0%,7%,14%,24%,"[0%, 7%, 14%, 24%]",74.23,3.53,8.55,"[74.23, 3.53, 8.55]",https://www.google.com/search?tbm=isch&q=sherwinWilliams%20Sherwin%20Williams%206079%20Diverse%20Beige%20color%20swatch,,,,,,,,,,,,,,,,,,,,,,,,,,,,,,,,,,,,,,,,,,,,
DB,sherwinwilliams,Sherwin Williams 6080 Utterly Beige,#B5A597,0.7317435947390735,0.027233923121636177,63.597378020586405,181,165,151,"[181, 165, 151]",0%,9%,17%,29%,"[0%, 9%, 17%, 29%]",68.85,4.27,9.50,"[68.85, 4.27, 9.50]",https://www.google.com/search?tbm=isch&q=sherwinWilliams%20Sherwin%20Williams%206080%20Utterly%20Beige%20color%20swatch,,,,,,,,,,,,,,,,,,,,,,,,,,,,,,,,,,,,,,,,,,,,
DB,sherwinwilliams,Sherwin Williams 6081 Down Home,#907865,0.5901227575447433,0.04098953628057344,60.24777547706486,144,120,101,"[144, 120, 101]",0%,17%,30%,44%,"[0%, 17%, 30%, 44%]",52.35,7.42,14.14,"[52.35, 7.42, 14.14]",https://www.google.com/search?tbm=isch&q=sherwinWilliams%20Sherwin%20Williams%206081%20Down%20Home%20color%20swatch,,,,,,,,,,,,,,,,,,,,,,,,,,,,,,,,,,,,,,,,,,,,
DB,sherwinwilliams,Sherwin Williams 6082 Cobble Brown,#7A6455,0.5205280994455064,0.03649532444378566,56.06686492821893,122,100,85,"[122, 100, 85]",0%,18%,30%,52%,"[0%, 18%, 30%, 52%]",44.26,7.34,12.03,"[44.26, 7.34, 12.03]",https://www.google.com/search?tbm=isch&q=sherwinWilliams%20Sherwin%20Williams%206082%20Cobble%20Brown%20color%20swatch,,,,,,,,,,,,,,,,,,,,,,,,,,,,,,,,,,,,,,,,,,,,
DB,sherwinwilliams,Sherwin Williams 6083 Sable,#5F4B3F,0.430147564037456,0.03333467627925783,52.52372149583141,95,75,63,"[95, 75, 63]",0%,21%,34%,63%,"[0%, 21%, 34%, 63%]",33.76,7.28,10.55,"[33.76, 7.28, 10.55]",https://www.google.com/search?tbm=isch&q=sherwinWilliams%20Sherwin%20Williams%206083%20Sable%20color%20swatch,,,,,,,,,,,,,,,,,,,,,,,,,,,,,,,,,,,,,,,,,,,,
DB,sherwinwilliams,Sherwin Williams 6084 Modest White,#E6DDD4,0.9022010962993643,0.015677613598566193,67.62714342597769,230,221,212,"[230, 221, 212]",0%,4%,8%,10%,"[0%, 4%, 8%, 10%]",88.65,2.04,5.58,"[88.65, 2.04, 5.58]",https://www.google.com/search?tbm=isch&q=sherwinWilliams%20Sherwin%20Williams%206084%20Modest%20White%20color%20swatch,,,,,,,,,,,,,,,,,,,,,,,,,,,,,,,,,,,,,,,,,,,,
DB,sherwinwilliams,Sherwin Williams 6085 Simplify Beige,#D6C7B9,0.838165808891357,0.025555653749825855,65.52327381163298,214,199,185,"[214, 199, 185]",0%,7%,14%,16%,"[0%, 7%, 14%, 16%]",81.21,3.70,9.02,"[81.21, 3.70, 9.02]",https://www.google.com/search?tbm=isch&q=sherwinWilliams%20Sherwin%20Williams%206085%20Simplify%20Beige%20color%20swatch,,,,,,,,,,,,,,,,,,,,,,,,,,,,,,,,,,,,,,,,,,,,
DB,sherwinwilliams,Sherwin Williams 6086 Sand Dune,#C5B1A2,0.7733196622660786,0.031203538874226125,59.17177556546915,197,177,162,"[197, 177, 162]",0%,10%,18%,23%,"[0%, 10%, 18%, 23%]",73.63,5.61,10.46,"[73.63, 5.61, 10.46]",https://www.google.com/search?tbm=isch&q=sherwinWilliams%20Sherwin%20Williams%206086%20Sand%20Dune%20color%20swatch,,,,,,,,,,,,,,,,,,,,,,,,,,,,,,,,,,,,,,,,,,,,
DB,sherwinwilliams,Sherwin Williams 6087 Trusty Tan,#B59F8F,0.7174168726726132,0.034529148092869354,58.19157150258832,181,159,143,"[181, 159, 143]",0%,12%,21%,29%,"[0%, 12%, 21%, 29%]",67.13,6.43,11.50,"[67.13, 6.43, 11.50]",https://www.google.com/search?tbm=isch&q=sherwinWilliams%20Sherwin%20Williams%206087%20Trusty%20Tan%20color%20swatch,,,,,,,,,,,,,,,,,,,,,,,,,,,,,,,,,,,,,,,,,,,,
DB,sherwinwilliams,Sherwin Williams 6088 Nuthatch,#8E725F,0.5740024133264033,0.045245381470050854,55.799454632793015,142,114,95,"[142, 114, 95]",0%,20%,33%,44%,"[0%, 20%, 33%, 44%]",50.42,9.23,14.95,"[50.42, 9.23, 14.95]",https://www.google.com/search?tbm=isch&q=sherwinWilliams%20Sherwin%20Williams%206088%20Nuthatch%20color%20swatch,,,,,,,,,,,,,,,,,,,,,,,,,,,,,,,,,,,,,,,,,,,,
DB,sherwinwilliams,Sherwin Williams 6089 Grounded,#785B47,0.49565312480563806,0.048835021967228574,55.901925642925335,120,91,71,"[120, 91, 71]",0%,24%,41%,53%,"[0%, 24%, 41%, 53%]",41.31,10.14,16.38,"[41.31, 10.14, 16.38]",https://www.google.com/search?tbm=isch&q=sherwinWilliams%20Sherwin%20Williams%206089%20Grounded%20color%20swatch,,,,,,,,,,,,,,,,,,,,,,,,,,,,,,,,,,,,,,,,,,,,
DB,sherwinwilliams,Sherwin Williams 6090 Java,#634533,0.41892248233105644,0.0503153237774828,51.86851357496789,99,69,51,"[99, 69, 51]",0%,30%,48%,61%,"[0%, 30%, 48%, 61%]",32.35,11.51,16.27,"[32.35, 11.51, 16.27]",https://www.google.com/search?tbm=isch&q=sherwinWilliams%20Sherwin%20Williams%206090%20Java%20color%20swatch,,,,,,,,,,,,,,,,,,,,,,,,,,,,,,,,,,,,,,,,,,,,
DB,sherwinwilliams,Sherwin Williams 6091 Reliable White,#E8DED3,0.905529129293108,0.01844855361131596,70.22632540993976,232,222,211,"[232, 222, 211]",0%,4%,9%,9%,"[0%, 4%, 9%, 9%]",89.05,2.15,6.70,"[89.05, 2.15, 6.70]",https://www.google.com/search?tbm=isch&q=sherwinWilliams%20Sherwin%20Williams%206091%20Reliable%20White%20color%20swatch,,,,,,,,,,,,,,,,,,,,,,,,,,,,,,,,,,,,,,,,,,,,
DB,sherwinwilliams,Sherwin Williams 6092 Lightweight Beige,#DAC8B8,0.8433237638085154,0.029816391515827077,64.07183258235654,218,200,184,"[218, 200, 184]",0%,8%,16%,15%,"[0%, 8%, 16%, 15%]",81.79,4.58,10.43,"[81.79, 4.58, 10.43]",https://www.google.com/search?tbm=isch&q=sherwinWilliams%20Sherwin%20Williams%206092%20Lightweight%20Beige%20color%20swatch,,,,,,,,,,,,,,,,,,,,,,,,,,,,,,,,,,,,,,,,,,,,
DB,sherwinwilliams,Sherwin Williams 6093 Familiar Beige,#CAB3A0,0.7813349955925277,0.03740526930928047,61.80218792427581,202,179,160,"[202, 179, 160]",0%,11%,21%,21%,"[0%, 11%, 21%, 21%]",74.56,6.30,12.92,"[74.56, 6.30, 12.92]",https://www.google.com/search?tbm=isch&q=sherwinWilliams%20Sherwin%20Williams%206093%20Familiar%20Beige%20color%20swatch,,,,,,,,,,,,,,,,,,,,,,,,,,,,,,,,,,,,,,,,,,,,
DB,sherwinwilliams,Sherwin Williams 6094 Sensational Sand,#BFA38D,0.7344328644687751,0.045154796566933095,60.16609081316909,191,163,141,"[191, 163, 141]",0%,15%,26%,25%,"[0%, 15%, 26%, 25%]",69.09,8.12,15.48,"[69.09, 8.12, 15.48]",https://www.google.com/search?tbm=isch&q=sherwinWilliams%20Sherwin%20Williams%206094%20Sensational%20Sand%20color%20swatch,,,,,,,,,,,,,,,,,,,,,,,,,,,,,,,,,,,,,,,,,,,,
DB,sherwinwilliams,Sherwin Williams 6095 Toasty,#957258,0.5800001497988071,0.05823194943363904,57.894762144414074,149,114,88,"[149, 114, 88]",0%,23%,41%,42%,"[0%, 23%, 41%, 42%]",51.08,11.58,20.03,"[51.08, 11.58, 20.03]",https://www.google.com/search?tbm=isch&q=sherwinWilliams%20Sherwin%20Williams%206095%20Toasty%20color%20swatch,,,,,,,,,,,,,,,,,,,,,,,,,,,,,,,,,,,,,,,,,,,,
DB,sherwinwilliams,Sherwin Williams 6096 Jute Brown,#815D40,0.5089294293375746,0.0634866919124866,59.551996988530334,129,93,64,"[129, 93, 64]",0%,28%,50%,49%,"[0%, 28%, 50%, 49%]",42.83,12.45,22.71,"[42.83, 12.45, 22.71]",https://www.google.com/search?tbm=isch&q=sherwinWilliams%20Sherwin%20Williams%206096%20Jute%20Brown%20color%20swatch,,,,,,,,,,,,,,,,,,,,,,,,,,,,,,,,,,,,,,,,,,,,
DB,sherwinwilliams,Sherwin Williams 6097 Sturdy Brown,#69482C,0.4315866672124247,0.06145052545428762,60.42685197905928,105,72,44,"[105, 72, 44]",0%,31%,58%,59%,"[0%, 31%, 58%, 59%]",33.86,12.02,22.60,"[33.86, 12.02, 22.60]",https://www.google.com/search?tbm=isch&q=sherwinWilliams%20Sherwin%20Williams%206097%20Sturdy%20Brown%20color%20swatch,,,,,,,,,,,,,,,,,,,,,,,,,,,,,,,,,,,,,,,,,,,,
DB,sherwinwilliams,Sherwin Williams 6098 Pacer White,#E5DDD0,0.9003319516705701,0.019561725318193158,80.11345490888414,229,221,208,"[229, 221, 208]",0%,3%,9%,10%,"[0%, 3%, 9%, 10%]",88.49,1.19,7.43,"[88.49, 1.19, 7.43]",https://www.google.com/search?tbm=isch&q=sherwinWilliams%20Sherwin%20Williams%206098%20Pacer%20White%20color%20swatch,,,,,,,,,,,,,,,,,,,,,,,,,,,,,,,,,,,,,,,,,,,,
DB,sherwinwilliams,Sherwin Williams 6099 Sand Dollar,#D7C5B3,0.833507798723783,0.03190282361173261,67.36665206731215,215,197,179,"[215, 197, 179]",0%,8%,17%,16%,"[0%, 8%, 17%, 16%]",80.67,4.37,11.47,"[80.67, 4.37, 11.47]",https://www.google.com/search?tbm=isch&q=sherwinWilliams%20Sherwin%20Williams%206099%20Sand%20Dollar%20color%20swatch,,,,,,,,,,,,,,,,,,,,,,,,,,,,,,,,,,,,,,,,,,,,
DB,sherwinwilliams,Sherwin Williams 6100 Practical Beige,#C9B29C,0.777443364628821,0.0403615622607682,65.91532124897418,201,178,156,"[201, 178, 156]",0%,11%,22%,21%,"[0%, 11%, 22%, 21%]",74.14,5.98,14.48,"[74.14, 5.98, 14.48]",https://www.google.com/search?tbm=isch&q=sherwinWilliams%20Sherwin%20Williams%206100%20Practical%20Beige%20color%20swatch,,,,,,,,,,,,,,,,,,,,,,,,,,,,,,,,,,,,,,,,,,,,
DB,sherwinwilliams,Sherwin Williams 6101 Sands of Time,#BCA38B,0.7311148231996547,0.044560732599405115,65.87615580802895,188,163,139,"[188, 163, 139]",0%,13%,26%,26%,"[0%, 13%, 26%, 26%]",68.76,6.71,16.07,"[68.76, 6.71, 16.07]",https://www.google.com/search?tbm=isch&q=sherwinWilliams%20Sherwin%20Williams%206101%20Sands%20of%20Time%20color%20swatch,,,,,,,,,,,,,,,,,,,,,,,,,,,,,,,,,,,,,,,,,,,,
DB,sherwinwilliams,Sherwin Williams 6102 Portabello,#947A62,0.5977311215847615,0.047529835345968156,64.4305548177511,148,122,98,"[148, 122, 98]",0%,18%,34%,42%,"[0%, 18%, 34%, 42%]",53.26,7.73,17.16,"[53.26, 7.73, 17.16]",https://www.google.com/search?tbm=isch&q=sherwinWilliams%20Sherwin%20Williams%206102%20Portabello%20color%20swatch,,,,,,,,,,,,,,,,,,,,,,,,,,,,,,,,,,,,,,,,,,,,
DB,sherwinwilliams,Sherwin Williams 6103 Tea Chest,#7D644D,0.521853607764569,0.04705680708190566,64.12042384041399,125,100,77,"[125, 100, 77]",0%,20%,38%,51%,"[0%, 20%, 38%, 51%]",44.45,7.84,17.09,"[44.45, 7.84, 17.09]",https://www.google.com/search?tbm=isch&q=sherwinWilliams%20Sherwin%20Williams%206103%20Tea%20Chest%20color%20swatch,,,,,,,,,,,,,,,,,,,,,,,,,,,,,,,,,,,,,,,,,,,,
DB,sherwinwilliams,Sherwin Williams 6104 Kaffee,#65503D,0.4476726218746318,0.04072442729401081,63.628868848612626,101,80,61,"[101, 80, 61]",0%,21%,40%,60%,"[0%, 21%, 40%, 60%]",35.85,6.89,14.73,"[35.85, 6.89, 14.73]",https://www.google.com/search?tbm=isch&q=sherwinWilliams%20Sherwin%20Williams%206104%20Kaffee%20color%20swatch,,,,,,,,,,,,,,,,,,,,,,,,,,,,,,,,,,,,,,,,,,,,
DB,sherwinwilliams,Sherwin Williams 6105 Divine White,#E6DCCD,0.8983840146106178,0.022958604405832875,78.2087016540317,230,220,205,"[230, 220, 205]",0%,4%,11%,10%,"[0%, 4%, 11%, 10%]",88.26,1.67,8.68,"[88.26, 1.67, 8.68]",https://www.google.com/search?tbm=isch&q=sherwinWilliams%20Sherwin%20Williams%206105%20Divine%20White%20color%20swatch,,,,,,,,,,,,,,,,,,,,,,,,,,,,,,,,,,,,,,,,,,,,
DB,sherwinwilliams,Sherwin Williams 6106 Kilim Beige,#D7C5AE,0.8322703213493099,0.03724444532487996,73.99435357538437,215,197,174,"[215, 197, 174]",0%,8%,19%,16%,"[0%, 8%, 19%, 16%]",80.58,3.81,14.00,"[80.58, 3.81, 14.00]",https://www.google.com/search?tbm=isch&q=sherwinWilliams%20Sherwin%20Williams%206106%20Kilim%20Beige%20color%20swatch,,,,,,,,,,,,,,,,,,,,,,,,,,,,,,,,,,,,,,,,,,,,
DB,sherwinwilliams,Sherwin Williams 6107 Nomadic Desert,#C7B198,0.7726541585054154,0.04276887332700818,70.69404454494145,199,177,152,"[199, 177, 152]",0%,11%,24%,22%,"[0%, 11%, 24%, 22%]",73.63,5.28,15.89,"[73.63, 5.28, 15.89]",https://www.google.com/search?tbm=isch&q=sherwinWilliams%20Sherwin%20Williams%206107%20Nomadic%20Desert%20color%20swatch,,,,,,,,,,,,,,,,,,,,,,,,,,,,,,,,,,,,,,,,,,,,
DB,sherwinwilliams,Sherwin Williams 6108 Latte,#BAA185,0.7237731019678669,0.04876307178027956,70.10927757607004,186,161,133,"[186, 161, 133]",0%,13%,28%,27%,"[0%, 13%, 28%, 27%]",67.94,6.33,18.20,"[67.94, 6.33, 18.20]",https://www.google.com/search?tbm=isch&q=sherwinWilliams%20Sherwin%20Williams%206108%20Latte%20color%20swatch,,,,,,,,,,,,,,,,,,,,,,,,,,,,,,,,,,,,,,,,,,,,
DB,sherwinwilliams,Sherwin Williams 6109 Hopsack,#9E8163,0.6228763825741112,0.055586905795478044,67.46886798906786,158,129,99,"[158, 129, 99]",0%,18%,37%,38%,"[0%, 18%, 37%, 38%]",56.19,8.30,20.72,"[56.19, 8.30, 20.72]",https://www.google.com/search?tbm=isch&q=sherwinWilliams%20Sherwin%20Williams%206109%20Hopsack%20color%20swatch,,,,,,,,,,,,,,,,,,,,,,,,,,,,,,,,,,,,,,,,,,,,
DB,sherwinwilliams,Sherwin Williams 6110 Steady Brown,#8A6B4D,0.5510348593183646,0.05869178181520047,65.17593397252335,138,107,77,"[138, 107, 77]",0%,22%,44%,46%,"[0%, 22%, 44%, 46%]",47.81,9.69,21.80,"[47.81, 9.69, 21.80]",https://www.google.com/search?tbm=isch&q=sherwinWilliams%20Sherwin%20Williams%206110%20Steady%20Brown%20color%20swatch,,,,,,,,,,,,,,,,,,,,,,,,,,,,,,,,,,,,,,,,,,,,
DB,sherwinwilliams,Sherwin Williams 6111 Coconut Husk,#70573F,0.47610871928019893,0.04896947330345086,65.03981985742143,112,87,63,"[112, 87, 63]",0%,22%,44%,56%,"[0%, 22%, 44%, 56%]",39.14,8.08,18.11,"[39.14, 8.08, 18.11]",https://www.google.com/search?tbm=isch&q=sherwinWilliams%20Sherwin%20Williams%206111%20Coconut%20Husk%20color%20swatch,,,,,,,,,,,,,,,,,,,,,,,,,,,,,,,,,,,,,,,,,,,,
DB,sherwinwilliams,Sherwin Williams 6112 Biscuit,#EBDDCB,0.9039588940368511,0.028611917257460626,74.28738110770036,235,221,203,"[235, 221, 203]",0%,6%,14%,8%,"[0%, 6%, 14%, 8%]",88.89,2.78,10.68,"[88.89, 2.78, 10.68]",https://www.google.com/search?tbm=isch&q=sherwinWilliams%20Sherwin%20Williams%206112%20Biscuit%20color%20swatch,,,,,,,,,,,,,,,,,,,,,,,,,,,,,,,,,,,,,,,,,,,,
DB,sherwinwilliams,Sherwin Williams 6113 Interactive Cream,#E4CAAD,0.8533716755134412,0.048707701873326126,70.1543071798933,228,202,173,"[228, 202, 173]",0%,11%,24%,11%,"[0%, 11%, 24%, 11%]",82.99,6.18,18.06,"[82.99, 6.18, 18.06]",https://www.google.com/search?tbm=isch&q=sherwinWilliams%20Sherwin%20Williams%206113%20Interactive%20Cream%20color%20swatch,,,,,,,,,,,,,,,,,,,,,,,,,,,,,,,,,,,,,,,,,,,,
DB,sherwinwilliams,Sherwin Williams 6114 Bagel,#D7B593,0.7943680959413656,0.06046321319772504,66.7706710638746,215,181,147,"[215, 181, 147]",0%,16%,32%,16%,"[0%, 16%, 32%, 16%]",76.08,9.05,22.19,"[76.08, 9.05, 22.19]",https://www.google.com/search?tbm=isch&q=sherwinWilliams%20Sherwin%20Williams%206114%20Bagel%20color%20swatch,,,,,,,,,,,,,,,,,,,,,,,,,,,,,,,,,,,,,,,,,,,,
DB,sherwinwilliams,Sherwin Williams 6115 Totally Tan,#CCA683,0.7508037552927264,0.06540649882190616,64.21685912118136,204,166,131,"[204, 166, 131]",0%,19%,36%,20%,"[0%, 19%, 36%, 20%]",70.97,10.82,23.71,"[70.97, 10.82, 23.71]",https://www.google.com/search?tbm=isch&q=sherwinWilliams%20Sherwin%20Williams%206115%20Totally%20Tan%20color%20swatch,,,,,,,,,,,,,,,,,,,,,,,,,,,,,,,,,,,,,,,,,,,,
DB,sherwinwilliams,Sherwin Williams 6116 Tatami Tan,#BA8C64,0.6749386875012705,0.07834200459150932,61.909240267087114,186,140,100,"[186, 140, 100]",0%,25%,46%,27%,"[0%, 25%, 46%, 27%]",62.08,14.36,28.49,"[62.08, 14.36, 28.49]",https://www.google.com/search?tbm=isch&q=sherwinWilliams%20Sherwin%20Williams%206116%20Tatami%20Tan%20color%20swatch,,,,,,,,,,,,,,,,,,,,,,,,,,,,,,,,,,,,,,,,,,,,
DB,sherwinwilliams,Sherwin Williams 6117 Smokey Topaz,#A57955,0.6114150202926563,0.07465791886717485,60.05217889199855,165,121,85,"[165, 121, 85]",0%,27%,48%,35%,"[0%, 27%, 48%, 35%]",54.69,14.43,26.79,"[54.69, 14.43, 26.79]",https://www.google.com/search?tbm=isch&q=sherwinWilliams%20Sherwin%20Williams%206117%20Smokey%20Topaz%20color%20swatch,,,,,,,,,,,,,,,,,,,,,,,,,,,,,,,,,,,,,,,,,,,,
DB,sherwinwilliams,Sherwin Williams 6118 Leather Bound,#8D623D,0.5330570876882851,0.07635591109656477,60.77824905534305,141,98,61,"[141, 98, 61]",0%,30%,57%,45%,"[0%, 30%, 57%, 45%]",45.59,14.83,28.21,"[45.59, 14.83, 28.21]",https://www.google.com/search?tbm=isch&q=sherwinWilliams%20Sherwin%20Williams%206118%20Leather%20Bound%20color%20swatch,,,,,,,,,,,,,,,,,,,,,,,,,,,,,,,,,,,,,,,,,,,,
DB,sherwinwilliams,Sherwin Williams 6119 Antique White,#E8DCC6,0.8982573059292743,0.03219752308201474,82.76363403069178,232,220,198,"[232, 220, 198]",0%,5%,15%,9%,"[0%, 5%, 15%, 9%]",88.30,1.58,12.40,"[88.30, 1.58, 12.40]",https://www.google.com/search?tbm=isch&q=sherwinWilliams%20Sherwin%20Williams%206119%20Antique%20White%20color%20swatch,,,,,,,,,,,,,,,,,,,,,,,,,,,,,,,,,,,,,,,,,,,,
DB,sherwinwilliams,Sherwin Williams 6120 Believable Buff,#DBC7A8,0.83833366509426,0.04731578937391618,78.78195076775813,219,199,168,"[219, 199, 168]",0%,9%,23%,14%,"[0%, 9%, 23%, 14%]",81.33,3.70,18.27,"[81.33, 3.70, 18.27]",https://www.google.com/search?tbm=isch&q=sherwinWilliams%20Sherwin%20Williams%206120%20Believable%20Buff%20color%20swatch,,,,,,,,,,,,,,,,,,,,,,,,,,,,,,,,,,,,,,,,,,,,
DB,sherwinwilliams,Sherwin Williams 6121 Whole Wheat,#CDB592,0.7848192657582833,0.05477564320958952,77.11786197441108,205,181,146,"[205, 181, 146]",0%,12%,29%,20%,"[0%, 12%, 29%, 20%]",75.11,5.01,21.23,"[75.11, 5.01, 21.23]",https://www.google.com/search?tbm=isch&q=sherwinWilliams%20Sherwin%20Williams%206121%20Whole%20Wheat%20color%20swatch,,,,,,,,,,,,,,,,,,,,,,,,,,,,,,,,,,,,,,,,,,,,
DB,sherwinwilliams,Sherwin Williams 6122 Camelback,#C5AA85,0.752418689383054,0.05926735711930741,75.38181301194015,197,170,133,"[197, 170, 133]",0%,14%,32%,23%,"[0%, 14%, 32%, 23%]",71.32,6.14,22.96,"[71.32, 6.14, 22.96]",https://www.google.com/search?tbm=isch&q=sherwinWilliams%20Sherwin%20Williams%206122%20Camelback%20color%20swatch,,,,,,,,,,,,,,,,,,,,,,,,,,,,,,,,,,,,,,,,,,,,
DB,sherwinwilliams,Sherwin Williams 6123 Baguette,#B39167,0.678093205199457,0.07039042166542826,72.08305314146139,179,145,103,"[179, 145, 103]",0%,19%,42%,30%,"[0%, 19%, 42%, 30%]",62.63,9.03,27.38,"[62.63, 9.03, 27.38]",https://www.google.com/search?tbm=isch&q=sherwinWilliams%20Sherwin%20Williams%206123%20Baguette%20color%20swatch,,,,,,,,,,,,,,,,,,,,,,,,,,,,,,,,,,,,,,,,,,,,
DB,sherwinwilliams,Sherwin Williams 6124 Cardboard,#9C7A56,0.6036714170583988,0.06591272096265047,67.64749738933563,156,122,86,"[156, 122, 86]",0%,22%,45%,39%,"[0%, 22%, 45%, 39%]",53.93,10.09,25.03,"[53.93, 10.09, 25.03]",https://www.google.com/search?tbm=isch&q=sherwinWilliams%20Sherwin%20Williams%206124%20Cardboard%20color%20swatch,,,,,,,,,,,,,,,,,,,,,,,,,,,,,,,,,,,,,,,,,,,,
DB,sherwinwilliams,Sherwin Williams 6125 Craft Paper,#8A6645,0.5390715195448043,0.06623815300015902,63.195232728842484,138,102,69,"[138, 102, 69]",0%,26%,50%,46%,"[0%, 26%, 50%, 46%]",46.37,11.82,24.55,"[46.37, 11.82, 24.55]",https://www.google.com/search?tbm=isch&q=sherwinWilliams%20Sherwin%20Williams%206125%20Craft%20Paper%20color%20swatch,,,,,,,,,,,,,,,,,,,,,,,,,,,,,,,,,,,,,,,,,,,,
DB,sherwinwilliams,Sherwin Williams 6126 Navajo White,#E9DCC6,0.8990843187266295,0.03266614173028408,80.98638037681343,233,220,198,"[233, 220, 198]",0%,6%,15%,9%,"[0%, 6%, 15%, 9%]",88.38,1.95,12.54,"[88.38, 1.95, 12.54]",https://www.google.com/search?tbm=isch&q=sherwinWilliams%20Sherwin%20Williams%206126%20Navajo%20White%20color%20swatch,,,,,,,,,,,,,,,,,,,,,,,,,,,,,,,,,,,,,,,,,,,,
DB,sherwinwilliams,Sherwin Williams 6127 Ivoire,#E4CEAC,0.8610260500193259,0.05149976586610715,78.67787013624053,228,206,172,"[228, 206, 172]",0%,10%,25%,11%,"[0%, 10%, 25%, 11%]",83.97,4.11,19.93,"[83.97, 4.11, 19.93]",https://www.google.com/search?tbm=isch&q=sherwinWilliams%20Sherwin%20Williams%206127%20Ivoire%20color%20swatch,,,,,,,,,,,,,,,,,,,,,,,,,,,,,,,,,,,,,,,,,,,,
DB,sherwinwilliams,Sherwin Williams 6128 Blonde,#DCBD92,0.8146301625900698,0.0671409680143308,75.63874765963504,220,189,146,"[220, 189, 146]",0%,14%,34%,14%,"[0%, 14%, 34%, 14%]",78.55,6.93,26.11,"[78.55, 6.93, 26.11]",https://www.google.com/search?tbm=isch&q=sherwinWilliams%20Sherwin%20Williams%206128%20Blonde%20color%20swatch,,,,,,,,,,,,,,,,,,,,,,,,,,,,,,,,,,,,,,,,,,,,
DB,sherwinwilliams,Sherwin Williams 6129 Restrained Gold,#D2B084,0.7766271559951693,0.07069806321167814,73.63597626989451,210,176,132,"[210, 176, 132]",0%,16%,37%,18%,"[0%, 16%, 37%, 18%]",74.10,8.24,27.43,"[74.10, 8.24, 27.43]",https://www.google.com/search?tbm=isch&q=sherwinWilliams%20Sherwin%20Williams%206129%20Restrained%20Gold%20color%20swatch,,,,,,,,,,,,,,,,,,,,,,,,,,,,,,,,,,,,,,,,,,,,
DB,sherwinwilliams,Sherwin Williams 6130 Mannered Gold,#C19763,0.7039275290060165,0.08519068267906202,71.66216872340647,193,151,99,"[193, 151, 99]",0%,22%,49%,24%,"[0%, 22%, 49%, 24%]",65.60,11.48,33.62,"[65.60, 11.48, 33.62]",https://www.google.com/search?tbm=isch&q=sherwinWilliams%20Sherwin%20Williams%206130%20Mannered%20Gold%20color%20swatch,,,,,,,,,,,,,,,,,,,,,,,,,,,,,,,,,,,,,,,,,,,,
DB,sherwinwilliams,Sherwin Williams 6131 Chamois,#AD8451,0.6416410424355897,0.08456292490168299,71.4216183273881,173,132,81,"[173, 132, 81]",0%,24%,53%,32%,"[0%, 24%, 53%, 32%]",58.36,11.72,33.72,"[58.36, 11.72, 33.72]",https://www.google.com/search?tbm=isch&q=sherwinWilliams%20Sherwin%20Williams%206131%20Chamois%20color%20swatch,,,,,,,,,,,,,,,,,,,,,,,,,,,,,,,,,,,,,,,,,,,,
DB,sherwinwilliams,Sherwin Williams 6132 Relic Bronze,#906A3A,0.5524944197266972,0.0808914438023605,71.23391139292102,144,106,58,"[144, 106, 58]",0%,26%,60%,44%,"[0%, 26%, 60%, 44%]",48.00,11.57,32.80,"[48.00, 11.57, 32.80]",https://www.google.com/search?tbm=isch&q=sherwinWilliams%20Sherwin%20Williams%206132%20Relic%20Bronze%20color%20swatch,,,,,,,,,,,,,,,,,,,,,,,,,,,,,,,,,,,,,,,,,,,,
DB,sherwinwilliams,Sherwin Williams 6133 Muslin,#EADFC9,0.9065790700778614,0.03168779518899167,84.59035855883474,234,223,201,"[234, 223, 201]",0%,5%,14%,8%,"[0%, 5%, 14%, 8%]",89.27,1.21,12.24,"[89.27, 1.21, 12.24]",https://www.google.com/search?tbm=isch&q=sherwinWilliams%20Sherwin%20Williams%206133%20Muslin%20color%20swatch,,,,,,,,,,,,,,,,,,,,,,,,,,,,,,,,,,,,,,,,,,,,
DB,sherwinwilliams,Sherwin Williams 6134 Netsuke,#E0CFB0,0.8604526155034216,0.045530839686267775,82.57888387092862,224,207,176,"[224, 207, 176]",0%,8%,21%,12%,"[0%, 8%, 21%, 12%]",83.94,2.51,17.72,"[83.94, 2.51, 17.72]",https://www.google.com/search?tbm=isch&q=sherwinWilliams%20Sherwin%20Williams%206134%20Netsuke%20color%20swatch,,,,,,,,,,,,,,,,,,,,,,,,,,,,,,,,,,,,,,,,,,,,
DB,sherwinwilliams,Sherwin Williams 6135 Ecru,#D0BA94,0.7980482787788338,0.056867719703279224,81.21310398062315,208,186,148,"[208, 186, 148]",0%,11%,29%,18%,"[0%, 11%, 29%, 18%]",76.70,3.88,22.36,"[76.70, 3.88, 22.36]",https://www.google.com/search?tbm=isch&q=sherwinWilliams%20Sherwin%20Williams%206135%20Ecru%20color%20swatch,,,,,,,,,,,,,,,,,,,,,,,,,,,,,,,,,,,,,,,,,,,,
DB,sherwinwilliams,Sherwin Williams 6136 Harmonic Tan,#C6B08A,0.7665657547650285,0.057314893677544256,81.17648650031572,198,176,138,"[198, 176, 138]",0%,11%,30%,22%,"[0%, 11%, 30%, 22%]",73.04,3.97,22.59,"[73.04, 3.97, 22.59]",https://www.google.com/search?tbm=isch&q=sherwinWilliams%20Sherwin%20Williams%206136%20Harmonic%20Tan%20color%20swatch,,,,,,,,,,,,,,,,,,,,,,,,,,,,,,,,,,,,,,,,,,,,
DB,sherwinwilliams,Sherwin Williams 6137 Burlap,#AC9571,0.6813322669415603,0.056852570769163155,78.69847244834068,172,149,113,"[172, 149, 113]",0%,13%,34%,33%,"[0%, 13%, 34%, 33%]",63.12,4.89,22.40,"[63.12, 4.89, 22.40]",https://www.google.com/search?tbm=isch&q=sherwinWilliams%20Sherwin%20Williams%206137%20Burlap%20color%20swatch,,,,,,,,,,,,,,,,,,,,,,,,,,,,,,,,,,,,,,,,,,,,
DB,sherwinwilliams,Sherwin Williams 6138 Artifact,#9A815E,0.6177305742319302,0.05798246181010681,75.66980229410859,154,129,94,"[154, 129, 94]",0%,16%,39%,40%,"[0%, 16%, 39%, 40%]",55.69,6.14,22.77,"[55.69, 6.14, 22.77]",https://www.google.com/search?tbm=isch&q=sherwinWilliams%20Sherwin%20Williams%206138%20Artifact%20color%20swatch,,,,,,,,,,,,,,,,,,,,,,,,,,,,,,,,,,,,,,,,,,,,
DB,sherwinwilliams,Sherwin Williams 6139 Mossy Gold,#7F6743,0.5284726631986398,0.059854545544771265,77.02061551830184,127,103,67,"[127, 103, 67]",0%,19%,47%,50%,"[0%, 19%, 47%, 50%]",45.34,6.18,24.08,"[45.34, 6.18, 24.08]",https://www.google.com/search?tbm=isch&q=sherwinWilliams%20Sherwin%20Williams%206139%20Mossy%20Gold%20color%20swatch,,,,,,,,,,,,,,,,,,,,,,,,,,,,,,,,,,,,,,,,,,,,
DB,sherwinwilliams,Sherwin Williams 6140 Moderate White,#E9DECF,0.9053005344025854,0.02347419424402592,75.84735219164997,233,222,207,"[233, 222, 207]",0%,5%,11%,9%,"[0%, 5%, 11%, 9%]",89.05,2.03,8.80,"[89.05, 2.03, 8.80]",https://www.google.com/search?tbm=isch&q=sherwinWilliams%20Sherwin%20Williams%206140%20Moderate%20White%20color%20swatch,,,,,,,,,,,,,,,,,,,,,,,,,,,,,,,,,,,,,,,,,,,,
DB,sherwinwilliams,Sherwin Williams 6141 Softer Tan,#DACAB2,0.8458102284670176,0.03704629853623161,78.08887048202683,218,202,178,"[218, 202, 178]",0%,7%,18%,15%,"[0%, 7%, 18%, 15%]",82.18,2.92,14.16,"[82.18, 2.92, 14.16]",https://www.google.com/search?tbm=isch&q=sherwinWilliams%20Sherwin%20Williams%206141%20Softer%20Tan%20color%20swatch,,,,,,,,,,,,,,,,,,,,,,,,,,,,,,,,,,,,,,,,,,,,
DB,sherwinwilliams,Sherwin Williams 6142 Macadamia,#CCB79B,0.7899657037595993,0.045138646640441,74.96938228951763,204,183,155,"[204, 183, 155]",0%,10%,24%,20%,"[0%, 10%, 24%, 20%]",75.68,4.52,17.18,"[75.68, 4.52, 17.18]",https://www.google.com/search?tbm=isch&q=sherwinWilliams%20Sherwin%20Williams%206142%20Macadamia%20color%20swatch,,,,,,,,,,,,,,,,,,,,,,,,,,,,,,,,,,,,,,,,,,,,
DB,sherwinwilliams,Sherwin Williams 6143 Basket Beige,#C0A98B,0.7470223265261088,0.04918898970437933,74.27608649554344,192,169,139,"[192, 169, 139]",0%,12%,28%,25%,"[0%, 12%, 28%, 25%]",70.69,5.23,18.77,"[70.69, 5.23, 18.77]",https://www.google.com/search?tbm=isch&q=sherwinWilliams%20Sherwin%20Williams%206143%20Basket%20Beige%20color%20swatch,,,,,,,,,,,,,,,,,,,,,,,,,,,,,,,,,,,,,,,,,,,,
DB,sherwinwilliams,Sherwin Williams 6144 Dapper Tan,#947F65,0.6089668170718017,0.04545401360314466,72.74204671153029,148,127,101,"[148, 127, 101]",0%,14%,32%,42%,"[0%, 14%, 32%, 42%]",54.65,5.33,17.32,"[54.65, 5.33, 17.32]",https://www.google.com/search?tbm=isch&q=sherwinWilliams%20Sherwin%20Williams%206144%20Dapper%20Tan%20color%20swatch,,,,,,,,,,,,,,,,,,,,,,,,,,,,,,,,,,,,,,,,,,,,
DB,sherwinwilliams,Sherwin Williams 6145 Thatch Brown,#867057,0.5594962562331954,0.045905622153884475,70.25184829820512,134,112,87,"[134, 112, 87]",0%,16%,35%,47%,"[0%, 16%, 35%, 47%]",48.88,6.09,17.34,"[48.88, 6.09, 17.34]",https://www.google.com/search?tbm=isch&q=sherwinWilliams%20Sherwin%20Williams%206145%20Thatch%20Brown%20color%20swatch,,,,,,,,,,,,,,,,,,,,,,,,,,,,,,,,,,,,,,,,,,,,
DB,sherwinwilliams,Sherwin Williams 6146 Umber,#6E543C,0.4666276763230213,0.050103927969516855,63.816913531007174,110,84,60,"[110, 84, 60]",0%,24%,45%,57%,"[0%, 24%, 45%, 57%]",38.02,8.62,18.41,"[38.02, 8.62, 18.41]",https://www.google.com/search?tbm=isch&q=sherwinWilliams%20Sherwin%20Williams%206146%20Umber%20color%20swatch,,,,,,,,,,,,,,,,,,,,,,,,,,,,,,,,,,,,,,,,,,,,
DB,sherwinwilliams,Sherwin Williams 6147 Panda White,#EAE2D4,0.9152972660460393,0.020671905577282327,81.77951092319688,234,226,212,"[234, 226, 212]",0%,3%,9%,8%,"[0%, 3%, 9%, 8%]",90.24,1.06,7.89,"[90.24, 1.06, 7.89]",https://www.google.com/search?tbm=isch&q=sherwinWilliams%20Sherwin%20Williams%206147%20Panda%20White%20color%20swatch,,,,,,,,,,,,,,,,,,,,,,,,,,,,,,,,,,,,,,,,,,,,
DB,sherwinwilliams,Sherwin Williams 6148 Wool Skein,#D9CFBA,0.8569461639497169,0.030454157132557235,85.56557597094331,217,207,186,"[217, 207, 186]",0%,5%,14%,15%,"[0%, 5%, 14%, 15%]",83.52,0.99,11.78,"[83.52, 0.99, 11.78]",https://www.google.com/search?tbm=isch&q=sherwinWilliams%20Sherwin%20Williams%206148%20Wool%20Skein%20color%20swatch,,,,,,,,,,,,,,,,,,,,,,,,,,,,,,,,,,,,,,,,,,,,
DB,sherwinwilliams,Sherwin Williams 6149 Relaxed Khaki,#C8BBA3,0.7964457660899045,0.035998583428879606,82.88401900297902,200,187,163,"[200, 187, 163]",0%,7%,19%,22%,"[0%, 7%, 19%, 22%]",76.49,1.84,13.95,"[76.49, 1.84, 13.95]",https://www.google.com/search?tbm=isch&q=sherwinWilliams%20Sherwin%20Williams%206149%20Relaxed%20Khaki%20color%20swatch,,,,,,,,,,,,,,,,,,,,,,,,,,,,,,,,,,,,,,,,,,,,
DB,sherwinwilliams,Sherwin Williams 6150 Universal Khaki,#B8A992,0.7413851285314179,0.036416409953779,78.58293059541637,184,169,146,"[184, 169, 146]",0%,8%,21%,28%,"[0%, 8%, 21%, 28%]",70.07,2.82,13.99,"[70.07, 2.82, 13.99]",https://www.google.com/search?tbm=isch&q=sherwinWilliams%20Sherwin%20Williams%206150%20Universal%20Khaki%20color%20swatch,,,,,,,,,,,,,,,,,,,,,,,,,,,,,,,,,,,,,,,,,,,,
DB,sherwinwilliams,Sherwin Williams 6151 Quiver Tan,#8E7F6A,0.604277042458029,0.035665627693898444,76.21022560912047,142,127,106,"[142, 127, 106]",0%,11%,25%,44%,"[0%, 11%, 25%, 44%]",54.14,3.34,13.67,"[54.14, 3.34, 13.67]",https://www.google.com/search?tbm=isch&q=sherwinWilliams%20Sherwin%20Williams%206151%20Quiver%20Tan%20color%20swatch,,,,,,,,,,,,,,,,,,,,,,,,,,,,,,,,,,,,,,,,,,,,
DB,sherwinwilliams,Sherwin Williams 6152 Superior Bronze,#786957,0.5298824580416219,0.03310300117434325,72.08378667563915,120,105,87,"[120, 105, 87]",0%,13%,27%,53%,"[0%, 13%, 27%, 53%]",45.47,3.90,12.46,"[45.47, 3.90, 12.46]",https://www.google.com/search?tbm=isch&q=sherwinWilliams%20Sherwin%20Williams%206152%20Superior%20Bronze%20color%20swatch,,,,,,,,,,,,,,,,,,,,,,,,,,,,,,,,,,,,,,,,,,,,
DB,sherwinwilliams,Sherwin Williams 6153 Protégé Bronze,#66543E,0.4579985986328402,0.0411705204809642,72.106411627167,102,84,62,"[102, 84, 62]",0%,18%,39%,60%,"[0%, 18%, 39%, 60%]",37.12,5.13,15.82,"[37.12, 5.13, 15.82]",https://www.google.com/search?tbm=isch&q=sherwinWilliams%20Sherwin%20Williams%206153%20Prot%C3%A9g%C3%A9%20Bronze%20color%20swatch,,,,,,,,,,,,,,,,,,,,,,,,,,,,,,,,,,,,,,,,,,,,
DB,sherwinwilliams,Sherwin Williams 6154 Nacre,#E8E2D4,0.9136934638541101,0.019838861373916928,87.51792792450033,232,226,212,"[232, 226, 212]",0%,3%,9%,9%,"[0%, 3%, 9%, 9%]",90.08,0.34,7.63,"[90.08, 0.34, 7.63]",https://www.google.com/search?tbm=isch&q=sherwinWilliams%20Sherwin%20Williams%206154%20Nacre%20color%20swatch,,,,,,,,,,,,,,,,,,,,,,,,,,,,,,,,,,,,,,,,,,,,
DB,sherwinwilliams,Sherwin Williams 6155 Rice Grain,#DBD0B9,0.8603682841818856,0.033291977591904214,85.47932035297788,219,208,185,"[219, 208, 185]",0%,5%,16%,14%,"[0%, 5%, 16%, 14%]",83.92,1.13,12.91,"[83.92, 1.13, 12.91]",https://www.google.com/search?tbm=isch&q=sherwinWilliams%20Sherwin%20Williams%206155%20Rice%20Grain%20color%20swatch,,,,,,,,,,,,,,,,,,,,,,,,,,,,,,,,,,,,,,,,,,,,
DB,sherwinwilliams,Sherwin Williams 6156 Ramie,#CDBDA2,0.8046049101793157,0.040973168475845846,80.8417011269263,205,189,162,"[205, 189, 162]",0%,8%,21%,20%,"[0%, 8%, 21%, 20%]",77.43,2.65,15.86,"[77.43, 2.65, 15.86]",https://www.google.com/search?tbm=isch&q=sherwinWilliams%20Sherwin%20Williams%206156%20Ramie%20color%20swatch,,,,,,,,,,,,,,,,,,,,,,,,,,,,,,,,,,,,,,,,,,,,
DB,sherwinwilliams,Sherwin Williams 6157 Favorite Tan,#C1AE91,0.7594893383198845,0.04546176121597784,78.37180803120538,193,174,145,"[193, 174, 145]",0%,10%,25%,24%,"[0%, 10%, 25%, 24%]",72.18,3.71,17.57,"[72.18, 3.71, 17.57]",https://www.google.com/search?tbm=isch&q=sherwinWilliams%20Sherwin%20Williams%206157%20Favorite%20Tan%20color%20swatch,,,,,,,,,,,,,,,,,,,,,,,,,,,,,,,,,,,,,,,,,,,,
DB,sherwinwilliams,Sherwin Williams 6158 Sawdust,#998970,0.6376574499108157,0.04063152867109086,78.90563948041938,153,137,112,"[153, 137, 112]",0%,10%,27%,40%,"[0%, 10%, 27%, 40%]",58.04,3.23,15.78,"[58.04, 3.23, 15.78]",https://www.google.com/search?tbm=isch&q=sherwinWilliams%20Sherwin%20Williams%206158%20Sawdust%20color%20swatch,,,,,,,,,,,,,,,,,,,,,,,,,,,,,,,,,,,,,,,,,,,,
DB,sherwinwilliams,Sherwin Williams 6159 High Tea,#7E6F59,0.5496332698112131,0.03760754776893294,77.27974758736462,126,111,89,"[126, 111, 89]",0%,12%,29%,51%,"[0%, 12%, 29%, 51%]",47.81,3.39,14.57,"[47.81, 3.39, 14.57]",https://www.google.com/search?tbm=isch&q=sherwinWilliams%20Sherwin%20Williams%206159%20High%20Tea%20color%20swatch,,,,,,,,,,,,,,,,,,,,,,,,,,,,,,,,,,,,,,,,,,,,
DB,sherwinwilliams,Sherwin Williams 6160 Best Bronze,#5D513E,0.44138001117646547,0.033513531515022045,79.0864872315795,93,81,62,"[93, 81, 62]",0%,13%,33%,64%,"[0%, 13%, 33%, 64%]",35.25,2.74,13.14,"[35.25, 2.74, 13.14]",https://www.google.com/search?tbm=isch&q=sherwinWilliams%20Sherwin%20Williams%206160%20Best%20Bronze%20color%20swatch,,,,,,,,,,,,,,,,,,,,,,,,,,,,,,,,,,,,,,,,,,,,
DB,sherwinwilliams,Sherwin Williams 6161 Nonchalant White,#DEDDD1,0.8950143351356689,0.016168260562965803,102.8536233713877,222,221,209,"[222, 221, 209]",0%,0%,6%,13%,"[0%, 0%, 6%, 13%]",87.95,-1.21,6.04,"[87.95, -1.21, 6.04]",https://www.google.com/search?tbm=isch&q=sherwinWilliams%20Sherwin%20Williams%206161%20Nonchalant%20White%20color%20swatch,,,,,,,,,,,,,,,,,,,,,,,,,,,,,,,,,,,,,,,,,,,,
DB,sherwinwilliams,Sherwin Williams 6162 Ancient Marble,#D1CCB9,0.8440522910720641,0.02637316559317146,94.77910115545757,209,204,185,"[209, 204, 185]",0%,2%,11%,18%,"[0%, 2%, 11%, 18%]",82.06,-0.62,10.16,"[82.06, -0.62, 10.16]",https://www.google.com/search?tbm=isch&q=sherwinWilliams%20Sherwin%20Williams%206162%20Ancient%20Marble%20color%20swatch,,,,,,,,,,,,,,,,,,,,,,,,,,,,,,,,,,,,,,,,,,,,
DB,sherwinwilliams,Sherwin Williams 6163 Grassland,#C1BCA7,0.7935579013363577,0.02939689395199409,95.97143114642711,193,188,167,"[193, 188, 167]",0%,3%,13%,24%,"[0%, 3%, 13%, 24%]",76.23,-0.86,11.33,"[76.23, -0.86, 11.33]",https://www.google.com/search?tbm=isch&q=sherwinWilliams%20Sherwin%20Williams%206163%20Grassland%20color%20swatch,,,,,,,,,,,,,,,,,,,,,,,,,,,,,,,,,,,,,,,,,,,,
DB,sherwinwilliams,Sherwin Williams 6164 Svelte Sage,#B2AC96,0.7433750348352719,0.03139978771314796,94.4393851004811,178,172,150,"[178, 172, 150]",0%,3%,16%,30%,"[0%, 3%, 16%, 30%]",70.41,-0.58,12.18,"[70.41, -0.58, 12.18]",https://www.google.com/search?tbm=isch&q=sherwinWilliams%20Sherwin%20Williams%206164%20Svelte%20Sage%20color%20swatch,,,,,,,,,,,,,,,,,,,,,,,,,,,,,,,,,,,,,,,,,,,,
DB,sherwinwilliams,Sherwin Williams 6165 Connected Gray,#898473,0.6128121050945784,0.025571470567099467,93.46755147271938,137,132,115,"[137, 132, 115]",0%,4%,16%,46%,"[0%, 4%, 16%, 46%]",55.22,-0.33,9.93,"[55.22, -0.33, 9.93]",https://www.google.com/search?tbm=isch&q=sherwinWilliams%20Sherwin%20Williams%206165%20Connected%20Gray%20color%20swatch,,,,,,,,,,,,,,,,,,,,,,,,,,,,,,,,,,,,,,,,,,,,
DB,sherwinwilliams,Sherwin Williams 6166 Eclipse,#6B6757,0.5126903491903405,0.024875027885321543,95.52835314566278,107,103,87,"[107, 103, 87]",0%,4%,19%,58%,"[0%, 4%, 19%, 58%]",43.61,-0.58,9.66,"[43.61, -0.58, 9.66]",https://www.google.com/search?tbm=isch&q=sherwinWilliams%20Sherwin%20Williams%206166%20Eclipse%20color%20swatch,,,,,,,,,,,,,,,,,,,,,,,,,,,,,,,,,,,,,,,,,,,,
DB,sherwinwilliams,Sherwin Williams 6167 Garden Gate,#5E5949,0.4639224860854074,0.0256923798123788,92.71460238378336,94,89,73,"[94, 89, 73]",0%,5%,22%,63%,"[0%, 5%, 22%, 63%]",37.94,-0.12,10.07,"[37.94, -0.12, 10.07]",https://www.google.com/search?tbm=isch&q=sherwinWilliams%20Sherwin%20Williams%206167%20Garden%20Gate%20color%20swatch,,,,,,,,,,,,,,,,,,,,,,,,,,,,,,,,,,,,,,,,,,,,
DB,sherwinwilliams,Sherwin Williams 6168 Moderne White,#E2E0D7,0.905763408841748,0.012287618769609349,96.43499417165151,226,224,215,"[226, 224, 215]",0%,1%,5%,11%,"[0%, 1%, 5%, 11%]",89.15,-0.47,4.67,"[89.15, -0.47, 4.67]",https://www.google.com/search?tbm=isch&q=sherwinWilliams%20Sherwin%20Williams%206168%20Moderne%20White%20color%20swatch,,,,,,,,,,,,,,,,,,,,,,,,,,,,,,,,,,,,,,,,,,,,
DB,sherwinwilliams,Sherwin Williams 6169 Sedate Gray,#D1CDBF,0.8476398054931116,0.01956360115227602,93.69470642479251,209,205,191,"[209, 205, 191]",0%,2%,9%,18%,"[0%, 2%, 9%, 18%]",82.44,-0.38,7.51,"[82.44, -0.38, 7.51]",https://www.google.com/search?tbm=isch&q=sherwinWilliams%20Sherwin%20Williams%206169%20Sedate%20Gray%20color%20swatch,,,,,,,,,,,,,,,,,,,,,,,,,,,,,,,,,,,,,,,,,,,,
DB,sherwinwilliams,Sherwin Williams 6170 Techno Gray,#BFB9AA,0.7864868761885109,0.02185036494672352,88.74570404317376,191,185,170,"[191, 185, 170]",0%,3%,11%,25%,"[0%, 3%, 11%, 25%]",75.33,0.25,8.44,"[75.33, 0.25, 8.44]",https://www.google.com/search?tbm=isch&q=sherwinWilliams%20Sherwin%20Williams%206170%20Techno%20Gray%20color%20swatch,,,,,,,,,,,,,,,,,,,,,,,,,,,,,,,,,,,,,,,,,,,,
DB,sherwinwilliams,Sherwin Williams 6171 Chatroom,#B0AB9C,0.7411364144687358,0.021820827484990705,91.63945062077744,176,171,156,"[176, 171, 156]",0%,3%,11%,31%,"[0%, 3%, 11%, 31%]",70.08,-0.12,8.43,"[70.08, -0.12, 8.43]",https://www.google.com/search?tbm=isch&q=sherwinWilliams%20Sherwin%20Williams%206171%20Chatroom%20color%20swatch,,,,,,,,,,,,,,,,,,,,,,,,,,,,,,,,,,,,,,,,,,,,
DB,sherwinwilliams,Sherwin Williams 6172 Hardware,#8B8372,0.6121698695486876,0.026669047317604586,85.79465013010753,139,131,114,"[139, 131, 114]",0%,6%,18%,45%,"[0%, 6%, 18%, 45%]",55.11,0.89,10.37,"[55.11, 0.89, 10.37]",https://www.google.com/search?tbm=isch&q=sherwinWilliams%20Sherwin%20Williams%206172%20Hardware%20color%20swatch,,,,,,,,,,,,,,,,,,,,,,,,,,,,,,,,,,,,,,,,,,,,
DB,sherwinwilliams,Sherwin Williams 6173 Cocoon,#726B5B,0.5295051916986444,0.025717672883309225,87.1880220347677,114,107,91,"[114, 107, 91]",0%,6%,20%,55%,"[0%, 6%, 20%, 55%]",45.52,0.68,10.05,"[45.52, 0.68, 10.05]",https://www.google.com/search?tbm=isch&q=sherwinWilliams%20Sherwin%20Williams%206173%20Cocoon%20color%20swatch,,,,,,,,,,,,,,,,,,,,,,,,,,,,,,,,,,,,,,,,,,,,
DB,sherwinwilliams,Sherwin Williams 6174 Andiron,#424036,0.370216823433292,0.01677277311819123,97.80925397472686,66,64,54,"[66, 64, 54]",0%,3%,18%,74%,"[0%, 3%, 18%, 74%]",27.05,-0.64,6.47,"[27.05, -0.64, 6.47]",https://www.google.com/search?tbm=isch&q=sherwinWilliams%20Sherwin%20Williams%206174%20Andiron%20color%20swatch,,,,,,,,,,,,,,,,,,,,,,,,,,,,,,,,,,,,,,,,,,,,
DB,sherwinwilliams,Sherwin Williams 6175 Sagey,#E2E2D1,0.9081709797517964,0.02270638550918365,106.84330335392559,226,226,209,"[226, 226, 209]",0%,0%,8%,11%,"[0%, 0%, 8%, 11%]",89.54,-2.18,8.35,"[89.54, -2.18, 8.35]",https://www.google.com/search?tbm=isch&q=sherwinWilliams%20Sherwin%20Williams%206175%20Sagey%20color%20swatch,,,,,,,,,,,,,,,,,,,,,,,,,,,,,,,,,,,,,,,,,,,,
DB,sherwinwilliams,Sherwin Williams 6176 Liveable Green,#CECEBD,0.846738793529158,0.023087652120870907,106.88267222350686,206,206,189,"[206, 206, 189]",0%,0%,8%,19%,"[0%, 0%, 8%, 19%]",82.41,-2.21,8.49,"[82.41, -2.21, 8.49]",https://www.google.com/search?tbm=isch&q=sherwinWilliams%20Sherwin%20Williams%206176%20Liveable%20Green%20color%20swatch,,,,,,,,,,,,,,,,,,,,,,,,,,,,,,,,,,,,,,,,,,,,
DB,sherwinwilliams,Sherwin Williams 6177 Softened Green,#BBBCA7,0.7886367138525927,0.028951173634598388,109.26782981662842,187,188,167,"[187, 188, 167]",1%,0%,11%,26%,"[1%, 0%, 11%, 26%]",75.73,-3.11,10.55,"[75.73, -3.11, 10.55]",https://www.google.com/search?tbm=isch&q=sherwinWilliams%20Sherwin%20Williams%206177%20Softened%20Green%20color%20swatch,,,,,,,,,,,,,,,,,,,,,,,,,,,,,,,,,,,,,,,,,,,,
DB,sherwinwilliams,Sherwin Williams 6178 Clary Sage,#ACAD97,0.7407135141081838,0.030745189874943214,109.25254709778329,172,173,151,"[172, 173, 151]",1%,0%,13%,32%,"[1%, 0%, 13%, 32%]",70.18,-3.27,11.23,"[70.18, -3.27, 11.23]",https://www.google.com/search?tbm=isch&q=sherwinWilliams%20Sherwin%20Williams%206178%20Clary%20Sage%20color%20swatch,,,,,,,,,,,,,,,,,,,,,,,,,,,,,,,,,,,,,,,,,,,,
DB,sherwinwilliams,Sherwin Williams 6179 Artichoke,#7F8266,0.5962677068654882,0.040956507781144236,112.61295803221788,127,130,102,"[127, 130, 102]",2%,0%,22%,49%,"[2%, 0%, 22%, 49%]",53.53,-4.93,14.84,"[53.53, -4.93, 14.84]",https://www.google.com/search?tbm=isch&q=sherwinWilliams%20Sherwin%20Williams%206179%20Artichoke%20color%20swatch,,,,,,,,,,,,,,,,,,,,,,,,,,,,,,,,,,,,,,,,,,,,
DB,sherwinwilliams,Sherwin Williams 6180 Oakmoss,#65684C,0.5067704535758121,0.04229608914992929,112.88530412576898,101,104,76,"[101, 104, 76]",3%,0%,27%,59%,"[3%, 0%, 27%, 59%]",43.15,-5.04,15.43,"[43.15, -5.04, 15.43]",https://www.google.com/search?tbm=isch&q=sherwinWilliams%20Sherwin%20Williams%206180%20Oakmoss%20color%20swatch,,,,,,,,,,,,,,,,,,,,,,,,,,,,,,,,,,,,,,,,,,,,
DB,sherwinwilliams,Sherwin Williams 6181 Secret Garden,#4F523A,0.4288603935313668,0.03777170884939689,113.79942226299056,79,82,58,"[79, 82, 58]",4%,0%,29%,68%,"[4%, 0%, 29%, 68%]",34.08,-4.67,13.72,"[34.08, -4.67, 13.72]",https://www.google.com/search?tbm=isch&q=sherwinWilliams%20Sherwin%20Williams%206181%20Secret%20Garden%20color%20swatch,,,,,,,,,,,,,,,,,,,,,,,,,,,,,,,,,,,,,,,,,,,,
DB,sherwinwilliams,Sherwin Williams 6182 Ethereal White,#E3E2D9,0.9110710140328123,0.012116888864702946,101.49594027966253,227,226,217,"[227, 226, 217]",0%,0%,4%,11%,"[0%, 0%, 4%, 11%]",89.77,-0.82,4.54,"[89.77, -0.82, 4.54]",https://www.google.com/search?tbm=isch&q=sherwinWilliams%20Sherwin%20Williams%206182%20Ethereal%20White%20color%20swatch,,,,,,,,,,,,,,,,,,,,,,,,,,,,,,,,,,,,,,,,,,,,
DB,sherwinwilliams,Sherwin Williams 6183 Conservative Gray,#D1D0C6,0.8555913504834305,0.013651617127180162,102.04953672413063,209,208,198,"[209, 208, 198]",0%,0%,5%,18%,"[0%, 0%, 5%, 18%]",83.35,-0.96,5.11,"[83.35, -0.96, 5.11]",https://www.google.com/search?tbm=isch&q=sherwinWilliams%20Sherwin%20Williams%206183%20Conservative%20Gray%20color%20swatch,,,,,,,,,,,,,,,,,,,,,,,,,,,,,,,,,,,,,,,,,,,,
DB,sherwinwilliams,Sherwin Williams 6184 Austere Gray,#BEBFB2,0.8001902639439752,0.017972952784114905,110.36801909226591,190,191,178,"[190, 191, 178]",1%,0%,7%,25%,"[1%, 0%, 7%, 25%]",76.98,-2.10,6.46,"[76.98, -2.10, 6.46]",https://www.google.com/search?tbm=isch&q=sherwinWilliams%20Sherwin%20Williams%206184%20Austere%20Gray%20color%20swatch,,,,,,,,,,,,,,,,,,,,,,,,,,,,,,,,,,,,,,,,,,,,
DB,sherwinwilliams,Sherwin Williams 6185 Escape Gray,#ABAC9F,0.739888300314493,0.01831464416662753,110.41014278046737,171,172,159,"[171, 172, 159]",1%,0%,8%,33%,"[1%, 0%, 8%, 33%]",69.99,-2.13,6.58,"[69.99, -2.13, 6.58]",https://www.google.com/search?tbm=isch&q=sherwinWilliams%20Sherwin%20Williams%206185%20Escape%20Gray%20color%20swatch,,,,,,,,,,,,,,,,,,,,,,,,,,,,,,,,,,,,,,,,,,,,
DB,sherwinwilliams,Sherwin Williams 6186 Dried Thyme,#7B8070,0.5908837414920401,0.024465496096224403,121.27696155277317,123,128,112,"[123, 128, 112]",4%,0%,13%,50%,"[4%, 0%, 13%, 50%]",52.80,-4.23,8.05,"[52.80, -4.23, 8.05]",https://www.google.com/search?tbm=isch&q=sherwinWilliams%20Sherwin%20Williams%206186%20Dried%20Thyme%20color%20swatch,,,,,,,,,,,,,,,,,,,,,,,,,,,,,,,,,,,,,,,,,,,,
DB,sherwinwilliams,Sherwin Williams 6187 Rosemary,#64695C,0.5124158288666383,0.020932836603454838,124.30497375270102,100,105,92,"[100, 105, 92]",5%,0%,12%,59%,"[5%, 0%, 12%, 59%]",43.67,-3.95,6.65,"[43.67, -3.95, 6.65]",https://www.google.com/search?tbm=isch&q=sherwinWilliams%20Sherwin%20Williams%206187%20Rosemary%20color%20swatch,,,,,,,,,,,,,,,,,,,,,,,,,,,,,,,,,,,,,,,,,,,,
DB,sherwinwilliams,Sherwin Williams 6188 Shade‐Grown,#4E5147,0.4289577202805603,0.016536429787564207,120.69084977629734,78,81,71,"[78, 81, 71]",4%,0%,12%,68%,"[4%, 0%, 12%, 68%]",33.93,-2.82,5.47,"[33.93, -2.82, 5.47]",https://www.google.com/search?tbm=isch&q=sherwinWilliams%20Sherwin%20Williams%206188%20Shade%E2%80%90Grown%20color%20swatch,,,,,,,,,,,,,,,,,,,,,,,,,,,,,,,,,,,,,,,,,,,,
DB,sherwinwilliams,Sherwin Williams 6189 Opaline,#DCDFD7,0.8990933542891973,0.011223523703414472,123.47304353976625,220,223,215,"[220, 223, 215]",1%,0%,4%,13%,"[1%, 0%, 4%, 13%]",88.42,-2.11,3.56,"[88.42, -2.11, 3.56]",https://www.google.com/search?tbm=isch&q=sherwinWilliams%20Sherwin%20Williams%206189%20Opaline%20color%20swatch,,,,,,,,,,,,,,,,,,,,,,,,,,,,,,,,,,,,,,,,,,,,
DB,sherwinwilliams,Sherwin Williams 6190 Filmy Green,#D1D3C7,0.8619480065600994,0.016416450289253516,114.41979494452653,209,211,199,"[209, 211, 199]",1%,0%,6%,17%,"[1%, 0%, 6%, 17%]",84.15,-2.30,5.71,"[84.15, -2.30, 5.71]",https://www.google.com/search?tbm=isch&q=sherwinWilliams%20Sherwin%20Williams%206190%20Filmy%20Green%20color%20swatch,,,,,,,,,,,,,,,,,,,,,,,,,,,,,,,,,,,,,,,,,,,,
DB,sherwinwilliams,Sherwin Williams 6191 Contented,#BDC0B3,0.801736339779371,0.018240109469779064,117.37376374040991,189,192,179,"[189, 192, 179]",2%,0%,7%,25%,"[2%, 0%, 7%, 25%]",77.19,-2.83,6.19,"[77.19, -2.83, 6.19]",https://www.google.com/search?tbm=isch&q=sherwinWilliams%20Sherwin%20Williams%206191%20Contented%20color%20swatch,,,,,,,,,,,,,,,,,,,,,,,,,,,,,,,,,,,,,,,,,,,,
DB,sherwinwilliams,Sherwin Williams 6192 Coastal Plain,#9FA694,0.7143654516132378,0.02672002961998769,124.42951832212117,159,166,148,"[159, 166, 148]",4%,0%,11%,35%,"[4%, 0%, 11%, 35%]",67.16,-5.07,8.46,"[67.16, -5.07, 8.46]",https://www.google.com/search?tbm=isch&q=sherwinWilliams%20Sherwin%20Williams%206192%20Coastal%20Plain%20color%20swatch,,,,,,,,,,,,,,,,,,,,,,,,,,,,,,,,,,,,,,,,,,,,
DB,sherwinwilliams,Sherwin Williams 6193 Privilege Green,#7A8775,0.6074290881172609,0.03070949490012844,136.94919244184314,122,135,117,"[122, 135, 117]",10%,0%,13%,47%,"[10%, 0%, 13%, 47%]",54.84,-7.61,8.03,"[54.84, -7.61, 8.03]",https://www.google.com/search?tbm=isch&q=sherwinWilliams%20Sherwin%20Williams%206193%20Privilege%20Green%20color%20swatch,,,,,,,,,,,,,,,,,,,,,,,,,,,,,,,,,,,,,,,,,,,,
DB,sherwinwilliams,Sherwin Williams 6194 Basil,#626E60,0.5237564611260495,0.02602669992007788,141.17000135384671,98,110,96,"[98, 110, 96]",11%,0%,13%,57%,"[11%, 0%, 13%, 57%]",45.09,-6.90,6.23,"[45.09, -6.90, 6.23]",https://www.google.com/search?tbm=isch&q=sherwinWilliams%20Sherwin%20Williams%206194%20Basil%20color%20swatch,,,,,,,,,,,,,,,,,,,,,,,,,,,,,,,,,,,,,,,,,,,,
DB,sherwinwilliams,Sherwin Williams 6195 Rock Garden,#465448,0.42987376670664246,0.02632017714683432,149.19228440925747,70,84,72,"[70, 84, 72]",17%,0%,14%,67%,"[17%, 0%, 14%, 67%]",34.21,-7.74,5.12,"[34.21, -7.74, 5.12]",https://www.google.com/search?tbm=isch&q=sherwinWilliams%20Sherwin%20Williams%206195%20Rock%20Garden%20color%20swatch,,,,,,,,,,,,,,,,,,,,,,,,,,,,,,,,,,,,,,,,,,,,
DB,sherwinwilliams,Sherwin Williams 6196 Frosty White,#DDDDD6,0.8955849694525077,0.00942917390387366,106.58847437007364,221,221,214,"[221, 221, 214]",0%,0%,3%,13%,"[0%, 0%, 3%, 13%]",87.97,-0.92,3.45,"[87.97, -0.92, 3.45]",https://www.google.com/search?tbm=isch&q=sherwinWilliams%20Sherwin%20Williams%206196%20Frosty%20White%20color%20swatch,,,,,,,,,,,,,,,,,,,,,,,,,,,,,,,,,,,,,,,,,,,,
DB,sherwinwilliams,Sherwin Williams 6197 Aloof Gray,#C9C9C0,0.833357463361966,0.012326473631315428,106.66410010531501,201,201,192,"[201, 201, 192]",0%,0%,4%,21%,"[0%, 0%, 4%, 21%]",80.77,-1.20,4.51,"[80.77, -1.20, 4.51]",https://www.google.com/search?tbm=isch&q=sherwinWilliams%20Sherwin%20Williams%206197%20Aloof%20Gray%20color%20swatch,,,,,,,,,,,,,,,,,,,,,,,,,,,,,,,,,,,,,,,,,,,,
DB,sherwinwilliams,Sherwin Williams 6198 Sensible Hue,#B6B5AB,0.7710501945095537,0.01399966252664124,102.08373931064148,182,181,171,"[182, 181, 171]",0%,1%,6%,29%,"[0%, 1%, 6%, 29%]",73.55,-0.98,5.24,"[73.55, -0.98, 5.24]",https://www.google.com/search?tbm=isch&q=sherwinWilliams%20Sherwin%20Williams%206198%20Sensible%20Hue%20color%20swatch,,,,,,,,,,,,,,,,,,,,,,,,,,,,,,,,,,,,,,,,,,,,
DB,sherwinwilliams,Sherwin Williams 6199 Rare Gray,#A6A69B,0.7219708017528981,0.015579338427912119,106.78352632425151,166,166,155,"[166, 166, 155]",0%,0%,7%,35%,"[0%, 0%, 7%, 35%]",67.88,-1.50,5.72,"[67.88, -1.50, 5.72]",https://www.google.com/search?tbm=isch&q=sherwinWilliams%20Sherwin%20Williams%206199%20Rare%20Gray%20color%20swatch,,,,,,,,,,,,,,,,,,,,,,,,,,,,,,,,,,,,,,,,,,,,
DB,sherwinwilliams,Sherwin Williams 6200 Link Gray,#7F7E72,0.5903825154552051,0.017852268652025282,103.04428457713317,127,126,114,"[127, 126, 114]",0%,1%,10%,50%,"[0%, 1%, 10%, 50%]",52.62,-1.30,6.70,"[52.62, -1.30, 6.70]",https://www.google.com/search?tbm=isch&q=sherwinWilliams%20Sherwin%20Williams%206200%20Link%20Gray%20color%20swatch,,,,,,,,,,,,,,,,,,,,,,,,,,,,,,,,,,,,,,,,,,,,
DB,sherwinwilliams,Sherwin Williams 6201 Thunderous,#6D6C62,0.5290935098867239,0.015314100441602498,102.24822577778451,109,108,98,"[109, 108, 98]",0%,1%,10%,57%,"[0%, 1%, 10%, 57%]",45.49,-1.05,5.77,"[45.49, -1.05, 5.77]",https://www.google.com/search?tbm=isch&q=sherwinWilliams%20Sherwin%20Williams%206201%20Thunderous%20color%20swatch,,,,,,,,,,,,,,,,,,,,,,,,,,,,,,,,,,,,,,,,,,,,
DB,sherwinwilliams,Sherwin Williams 6202 Cast Iron,#64645A,0.5001109603385008,0.015469526693743183,106.94612665262468,100,100,90,"[100, 100, 90]",0%,0%,10%,61%,"[0%, 0%, 10%, 61%]",42.14,-1.48,5.70,"[42.14, -1.48, 5.70]",https://www.google.com/search?tbm=isch&q=sherwinWilliams%20Sherwin%20Williams%206202%20Cast%20Iron%20color%20swatch,,,,,,,,,,,,,,,,,,,,,,,,,,,,,,,,,,,,,,,,,,,,
DB,sherwinwilliams,Sherwin Williams 6203 Spare White,#E4E4DD,0.9169184976407899,0.009374739001229756,106.58305687820939,228,228,221,"[228, 228, 221]",0%,0%,3%,11%,"[0%, 0%, 3%, 11%]",90.44,-0.92,3.43,"[90.44, -0.92, 3.43]",https://www.google.com/search?tbm=isch&q=sherwinWilliams%20Sherwin%20Williams%206203%20Spare%20White%20color%20swatch,,,,,,,,,,,,,,,,,,,,,,,,,,,,,,,,,,,,,,,,,,,,
DB,sherwinwilliams,Sherwin Williams 6204 Sea Salt,#CDD2CA,0.8576213282248043,0.012162150977052515,133.3898054992814,205,210,202,"[205, 210, 202]",2%,0%,4%,18%,"[2%, 0%, 4%, 18%]",83.63,-2.85,3.35,"[83.63, -2.85, 3.35]",https://www.google.com/search?tbm=isch&q=sherwinWilliams%20Sherwin%20Williams%206204%20Sea%20Salt%20color%20swatch,,,,,,,,,,,,,,,,,,,,,,,,,,,,,,,,,,,,,,,,,,,,
DB,sherwinwilliams,Sherwin Williams 6205 Comfort Gray,#BEC3BB,0.8109536878374554,0.012332610481765989,133.39662013541175,190,195,187,"[190, 195, 187]",3%,0%,4%,24%,"[3%, 0%, 4%, 24%]",78.22,-2.89,3.40,"[78.22, -2.89, 3.40]",https://www.google.com/search?tbm=isch&q=sherwinWilliams%20Sherwin%20Williams%206205%20Comfort%20Gray%20color%20swatch,,,,,,,,,,,,,,,,,,,,,,,,,,,,,,,,,,,,,,,,,,,,
DB,sherwinwilliams,Sherwin Williams 6206 Oyster Bay,#AEB3A9,0.7598581404757976,0.015084272371228453,128.68351661842325,174,179,169,"[174, 179, 169]",3%,0%,6%,30%,"[3%, 0%, 6%, 30%]",72.32,-3.21,4.48,"[72.32, -3.21, 4.48]",https://www.google.com/search?tbm=isch&q=sherwinWilliams%20Sherwin%20Williams%206206%20Oyster%20Bay%20color%20swatch,,,,,,,,,,,,,,,,,,,,,,,,,,,,,,,,,,,,,,,,,,,,
DB,sherwinwilliams,Sherwin Williams 6207 Retreat,#7A8076,0.5917472771529967,0.016529232575834704,132.5705973517977,122,128,118,"[122, 128, 118]",5%,0%,8%,50%,"[5%, 0%, 8%, 50%]",52.84,-3.80,4.64,"[52.84, -3.80, 4.64]",https://www.google.com/search?tbm=isch&q=sherwinWilliams%20Sherwin%20Williams%206207%20Retreat%20color%20swatch,,,,,,,,,,,,,,,,,,,,,,,,,,,,,,,,,,,,,,,,,,,,
DB,sherwinwilliams,Sherwin Williams 6208 Pewter Green,#5E6259,0.4897406034766001,0.014905664958216226,126.59921738609012,94,98,89,"[94, 98, 89]",4%,0%,9%,62%,"[4%, 0%, 9%, 62%]",40.98,-3.00,4.58,"[40.98, -3.00, 4.58]",https://www.google.com/search?tbm=isch&q=sherwinWilliams%20Sherwin%20Williams%206208%20Pewter%20Green%20color%20swatch,,,,,,,,,,,,,,,,,,,,,,,,,,,,,,,,,,,,,,,,,,,,
DB,sherwinwilliams,Sherwin Williams 6209 Ripe Olive,#44483D,0.39435332594674094,0.01878827059786405,123.540146934743,68,72,61,"[68, 72, 61]",6%,0%,15%,72%,"[6%, 0%, 15%, 72%]",29.95,-3.46,6.04,"[29.95, -3.46, 6.04]",https://www.google.com/search?tbm=isch&q=sherwinWilliams%20Sherwin%20Williams%206209%20Ripe%20Olive%20color%20swatch,,,,,,,,,,,,,,,,,,,,,,,,,,,,,,,,,,,,,,,,,,,,
DB,sherwinwilliams,Sherwin Williams 6210 Window Pane,#D7DFD8,0.8955572537918968,0.012758927143375174,149.23410786466235,215,223,216,"[215, 223, 216]",4%,0%,3%,13%,"[4%, 0%, 3%, 13%]",88.06,-3.74,2.45,"[88.06, -3.74, 2.45]",https://www.google.com/search?tbm=isch&q=sherwinWilliams%20Sherwin%20Williams%206210%20Window%20Pane%20color%20swatch,,,,,,,,,,,,,,,,,,,,,,,,,,,,,,,,,,,,,,,,,,,,
DB,sherwinwilliams,Sherwin Williams 6211 Rainwashed,#C2CDC5,0.8375484403232556,0.016249949172725476,154.41586692738588,194,205,197,"[194, 205, 197]",5%,0%,4%,20%,"[5%, 0%, 4%, 20%]",81.38,-5.00,2.63,"[81.38, -5.00, 2.63]",https://www.google.com/search?tbm=isch&q=sherwinWilliams%20Sherwin%20Williams%206211%20Rainwashed%20color%20swatch,,,,,,,,,,,,,,,,,,,,,,,,,,,,,,,,,,,,,,,,,,,,
DB,sherwinwilliams,Sherwin Williams 6212 Quietude,#ADBBB2,0.7785741853203402,0.019952400854633307,157.74241771847653,173,187,178,"[173, 187, 178]",7%,0%,5%,27%,"[7%, 0%, 5%, 27%]",74.59,-6.30,2.83,"[74.59, -6.30, 2.83]",https://www.google.com/search?tbm=isch&q=sherwinWilliams%20Sherwin%20Williams%206212%20Quietude%20color%20swatch,,,,,,,,,,,,,,,,,,,,,,,,,,,,,,,,,,,,,,,,,,,,
DB,sherwinwilliams,Sherwin Williams 6213 Halcyon Green,#9BAAA2,0.7238474493903663,0.020347831118053515,162.71652091790384,155,170,162,"[155, 170, 162]",9%,0%,5%,33%,"[9%, 0%, 5%, 33%]",68.24,-6.63,2.24,"[68.24, -6.63, 2.24]",https://www.google.com/search?tbm=isch&q=sherwinWilliams%20Sherwin%20Williams%206213%20Halcyon%20Green%20color%20swatch,,,,,,,,,,,,,,,,,,,,,,,,,,,,,,,,,,,,,,,,,,,,
DB,sherwinwilliams,Sherwin Williams 6214 Underseas,#7C8E87,0.6301922866886133,0.023200590979462157,170.16659707913948,124,142,135,"[124, 142, 135]",13%,0%,5%,44%,"[13%, 0%, 5%, 44%]",57.41,-7.81,1.44,"[57.41, -7.81, 1.44]",https://www.google.com/search?tbm=isch&q=sherwinWilliams%20Sherwin%20Williams%206214%20Underseas%20color%20swatch,,,,,,,,,,,,,,,,,,,,,,,,,,,,,,,,,,,,,,,,,,,,
DB,sherwinwilliams,Sherwin Williams 6215 Rocky River,#5E706A,0.5284463504409537,0.023449018143952262,173.2268745834415,94,112,106,"[94, 112, 106]",16%,0%,5%,56%,"[16%, 0%, 5%, 56%]",45.61,-7.96,0.98,"[45.61, -7.96, 0.98]",https://www.google.com/search?tbm=isch&q=sherwinWilliams%20Sherwin%20Williams%206215%20Rocky%20River%20color%20swatch,,,,,,,,,,,,,,,,,,,,,,,,,,,,,,,,,,,,,,,,,,,,
DB,sherwinwilliams,Sherwin Williams 6216 Jasper,#343B36,0.3439796837654125,0.012763282670597908,154.584608635005,52,59,54,"[52, 59, 54]",12%,0%,8%,77%,"[12%, 0%, 8%, 77%]",24.07,-3.94,2.06,"[24.07, -3.94, 2.06]",https://www.google.com/search?tbm=isch&q=sherwinWilliams%20Sherwin%20Williams%206216%20Jasper%20color%20swatch,,,,,,,,,,,,,,,,,,,,,,,,,,,,,,,,,,,,,,,,,,,,
DB,sherwinwilliams,Sherwin Williams 6217 Topsail,#DAE2E0,0.9061207514862857,0.009006988852360714,179.58094820008625,218,226,224,"[218, 226, 224]",4%,0%,1%,11%,"[4%, 0%, 1%, 11%]",89.22,-3.05,-0.00,"[89.22, -3.05, -0.00]",https://www.google.com/search?tbm=isch&q=sherwinWilliams%20Sherwin%20Williams%206217%20Topsail%20color%20swatch,,,,,,,,,,,,,,,,,,,,,,,,,,,,,,,,,,,,,,,,,,,,
DB,sherwinwilliams,Sherwin Williams 6218 Tradewind,#C2CFCF,0.8445690119165739,0.01416076971456419,196.8887064235388,194,207,207,"[194, 207, 207]",6%,0%,0%,19%,"[6%, 0%, 0%, 19%]",82.12,-4.57,-1.60,"[82.12, -4.57, -1.60]",https://www.google.com/search?tbm=isch&q=sherwinWilliams%20Sherwin%20Williams%206218%20Tradewind%20color%20swatch,,,,,,,,,,,,,,,,,,,,,,,,,,,,,,,,,,,,,,,,,,,,
DB,sherwinwilliams,Sherwin Williams 6219 Rain,#ABBEBF,0.7873106926586033,0.020917054637671895,200.5805910743626,171,190,191,"[171, 190, 191]",10%,1%,0%,25%,"[10%, 1%, 0%, 25%]",75.53,-6.59,-2.84,"[75.53, -6.59, -2.84]",https://www.google.com/search?tbm=isch&q=sherwinWilliams%20Sherwin%20Williams%206219%20Rain%20color%20swatch,,,,,,,,,,,,,,,,,,,,,,,,,,,,,,,,,,,,,,,,,,,,
DB,sherwinwilliams,Sherwin Williams 6220 Interesting Aqua,#9BAFB2,0.7395500472884432,0.02265740025474446,207.56911149533857,155,175,178,"[155, 175, 178]",13%,2%,0%,30%,"[13%, 2%, 0%, 30%]",69.98,-6.71,-4.02,"[69.98, -6.71, -4.02]",https://www.google.com/search?tbm=isch&q=sherwinWilliams%20Sherwin%20Williams%206220%20Interesting%20Aqua%20color%20swatch,,,,,,,,,,,,,,,,,,,,,,,,,,,,,,,,,,,,,,,,,,,,
DB,sherwinwilliams,Sherwin Williams 6221 Moody Blue,#7A9192,0.6390223158885484,0.02623051766280711,199.75105501206758,122,145,146,"[122, 145, 146]",16%,1%,0%,43%,"[16%, 1%, 0%, 43%]",58.39,-8.30,-3.42,"[58.39, -8.30, -3.42]",https://www.google.com/search?tbm=isch&q=sherwinWilliams%20Sherwin%20Williams%206221%20Moody%20Blue%20color%20swatch,,,,,,,,,,,,,,,,,,,,,,,,,,,,,,,,,,,,,,,,,,,,
DB,sherwinwilliams,Sherwin Williams 6222 Riverway,#5D7274,0.5358278845893327,0.02502125461704588,203.55013614145037,93,114,116,"[93, 114, 116]",20%,2%,0%,55%,"[20%, 2%, 0%, 55%]",46.39,-7.68,-3.83,"[46.39, -7.68, -3.83]",https://www.google.com/search?tbm=isch&q=sherwinWilliams%20Sherwin%20Williams%206222%20Riverway%20color%20swatch,,,,,,,,,,,,,,,,,,,,,,,,,,,,,,,,,,,,,,,,,,,,
DB,sherwinwilliams,Sherwin Williams 6223 Still Water,#4A5D5F,0.46331201177913967,0.023407270841408312,204.27744112242954,74,93,95,"[74, 93, 95]",22%,2%,0%,63%,"[22%, 2%, 0%, 63%]",37.96,-7.13,-3.68,"[37.96, -7.13, -3.68]",https://www.google.com/search?tbm=isch&q=sherwinWilliams%20Sherwin%20Williams%206223%20Still%20Water%20color%20swatch,,,,,,,,,,,,,,,,,,,,,,,,,,,,,,,,,,,,,,,,,,,,
DB,sherwinwilliams,Sherwin Williams 6224 Mountain Air,#D8E0DF,0.9003069198461912,0.008724631973048878,188.09369941707973,216,224,223,"[216, 224, 223]",4%,0%,0%,12%,"[4%, 0%, 0%, 12%]",88.54,-2.92,-0.49,"[88.54, -2.92, -0.49]",https://www.google.com/search?tbm=isch&q=sherwinWilliams%20Sherwin%20Williams%206224%20Mountain%20Air%20color%20swatch,,,,,,,,,,,,,,,,,,,,,,,,,,,,,,,,,,,,,,,,,,,,
DB,sherwinwilliams,Sherwin Williams 6225 Sleepy Blue,#BCCBCE,0.831563956829931,0.016911827536831448,211.04303159712413,188,203,206,"[188, 203, 206]",9%,1%,0%,19%,"[9%, 1%, 0%, 19%]",80.60,-4.84,-3.34,"[80.60, -4.84, -3.34]",https://www.google.com/search?tbm=isch&q=sherwinWilliams%20Sherwin%20Williams%206225%20Sleepy%20Blue%20color%20swatch,,,,,,,,,,,,,,,,,,,,,,,,,,,,,,,,,,,,,,,,,,,,
DB,sherwinwilliams,Sherwin Williams 6226 Languid Blue,#A4B7BD,0.7667274010666418,0.022701661873459775,218.67963825230413,164,183,189,"[164, 183, 189]",13%,3%,0%,26%,"[13%, 3%, 0%, 26%]",73.08,-5.85,-5.40,"[73.08, -5.85, -5.40]",https://www.google.com/search?tbm=isch&q=sherwinWilliams%20Sherwin%20Williams%206226%20Languid%20Blue%20color%20swatch,,,,,,,,,,,,,,,,,,,,,,,,,,,,,,,,,,,,,,,,,,,,
DB,sherwinwilliams,Sherwin Williams 6227 Meditative,#96AAB0,0.7244633861453061,0.023987963015746752,217.71727480405298,150,170,176,"[150, 170, 176]",15%,3%,0%,31%,"[15%, 3%, 0%, 31%]",68.19,-6.26,-5.58,"[68.19, -6.26, -5.58]",https://www.google.com/search?tbm=isch&q=sherwinWilliams%20Sherwin%20Williams%206227%20Meditative%20color%20swatch,,,,,,,,,,,,,,,,,,,,,,,,,,,,,,,,,,,,,,,,,,,,
DB,sherwinwilliams,Sherwin Williams 6228 Refuge,#607D84,0.5697416423895849,0.03493260469244565,214.13206815632088,96,125,132,"[96, 125, 132]",27%,5%,0%,48%,"[27%, 5%, 0%, 48%]",50.34,-9.48,-7.41,"[50.34, -9.48, -7.41]",https://www.google.com/search?tbm=isch&q=sherwinWilliams%20Sherwin%20Williams%206228%20Refuge%20color%20swatch,,,,,,,,,,,,,,,,,,,,,,,,,,,,,,,,,,,,,,,,,,,,
DB,sherwinwilliams,Sherwin Williams 6229 Tempe Star,#47626A,0.4777696085506837,0.034426362669199774,218.01469146648606,71,98,106,"[71, 98, 106]",33%,8%,0%,58%,"[33%, 8%, 0%, 58%]",39.63,-8.76,-7.97,"[39.63, -8.76, -7.97]",https://www.google.com/search?tbm=isch&q=sherwinWilliams%20Sherwin%20Williams%206229%20Tempe%20Star%20color%20swatch,,,,,,,,,,,,,,,,,,,,,,,,,,,,,,,,,,,,,,,,,,,,
DB,sherwinwilliams,Sherwin Williams 6230 Rainstorm,#244653,0.37420651463523497,0.04539466876058898,224.9731531133982,36,70,83,"[36, 70, 83]",57%,16%,0%,67%,"[57%, 16%, 0%, 67%]",27.59,-9.70,-11.86,"[27.59, -9.70, -11.86]",https://www.google.com/search?tbm=isch&q=sherwinWilliams%20Sherwin%20Williams%206230%20Rainstorm%20color%20swatch,,,,,,,,,,,,,,,,,,,,,,,,,,,,,,,,,,,,,,,,,,,,
DB,sherwinwilliams,Sherwin Williams 6231 Rock Candy,#DEE1DF,0.9068663630301286,0.0041963876345755,157.17091188236964,222,225,223,"[222, 225, 223]",1%,0%,1%,12%,"[1%, 0%, 1%, 12%]",89.25,-1.32,0.61,"[89.25, -1.32, 0.61]",https://www.google.com/search?tbm=isch&q=sherwinWilliams%20Sherwin%20Williams%206231%20Rock%20Candy%20color%20swatch,,,,,,,,,,,,,,,,,,,,,,,,,,,,,,,,,,,,,,,,,,,,
DB,sherwinwilliams,Sherwin Williams 6232 Misty,#CDD2D2,0.8598956712289715,0.005473382511193476,197.05495086831206,205,210,210,"[205, 210, 210]",2%,0%,0%,18%,"[2%, 0%, 0%, 18%]",83.81,-1.76,-0.63,"[83.81, -1.76, -0.63]",https://www.google.com/search?tbm=isch&q=sherwinWilliams%20Sherwin%20Williams%206232%20Misty%20color%20swatch,,,,,,,,,,,,,,,,,,,,,,,,,,,,,,,,,,,,,,,,,,,,
DB,sherwinwilliams,Sherwin Williams 6233 Samovar Silver,#B8BEBE,0.7967841221075418,0.006682597927660552,197.02236863331825,184,190,190,"[184, 190, 190]",3%,0%,0%,25%,"[3%, 0%, 0%, 25%]",76.50,-2.16,-0.76,"[76.50, -2.16, -0.76]",https://www.google.com/search?tbm=isch&q=sherwinWilliams%20Sherwin%20Williams%206233%20Samovar%20Silver%20color%20swatch,,,,,,,,,,,,,,,,,,,,,,,,,,,,,,,,,,,,,,,,,,,,
DB,sherwinwilliams,Sherwin Williams 6234 Uncertain Gray,#A9B0B1,0.7519299380609181,0.008036136300162353,207.1291029972017,169,176,177,"[169, 176, 177]",5%,1%,0%,31%,"[5%, 1%, 0%, 31%]",71.29,-2.40,-1.41,"[71.29, -2.40, -1.41]",https://www.google.com/search?tbm=isch&q=sherwinWilliams%20Sherwin%20Williams%206234%20Uncertain%20Gray%20color%20swatch,,,,,,,,,,,,,,,,,,,,,,,,,,,,,,,,,,,,,,,,,,,,
DB,sherwinwilliams,Sherwin Williams 6235 Foggy Day,#727C7F,0.5789618733505933,0.012805232262614279,217.61876684356798,114,124,127,"[114, 124, 127]",10%,2%,0%,50%,"[10%, 2%, 0%, 50%]",51.24,-3.37,-2.98,"[51.24, -3.37, -2.98]",https://www.google.com/search?tbm=isch&q=sherwinWilliams%20Sherwin%20Williams%206235%20Foggy%20Day%20color%20swatch,,,,,,,,,,,,,,,,,,,,,,,,,,,,,,,,,,,,,,,,,,,,
DB,sherwinwilliams,Sherwin Williams 6236 Grays Harbor,#596368,0.4928351505121141,0.014746261390635888,229.17434642966657,89,99,104,"[89, 99, 104]",14%,5%,0%,59%,"[14%, 5%, 0%, 59%]",41.23,-3.13,-4.23,"[41.23, -3.13, -4.23]",https://www.google.com/search?tbm=isch&q=sherwinWilliams%20Sherwin%20Williams%206236%20Grays%20Harbor%20color%20swatch,,,,,,,,,,,,,,,,,,,,,,,,,,,,,,,,,,,,,,,,,,,,
DB,sherwinwilliams,Sherwin Williams 6237 Dark Night,#23383F,0.3260644677169344,0.0293859734934073,220.8394327002693,35,56,63,"[35, 56, 63]",44%,11%,0%,75%,"[44%, 11%, 0%, 75%]",21.98,-7.03,-7.18,"[21.98, -7.03, -7.18]",https://www.google.com/search?tbm=isch&q=sherwinWilliams%20Sherwin%20Williams%206237%20Dark%20Night%20color%20swatch,,,,,,,,,,,,,,,,,,,,,,,,,,,,,,,,,,,,,,,,,,,,
DB,sherwinwilliams,Sherwin Williams 6238 Icicle,#DBDFE0,0.9008591206741743,0.004555454217999492,214.32997056809154,219,223,224,"[219, 223, 224]",2%,0%,0%,12%,"[2%, 0%, 0%, 12%]",88.53,-1.26,-0.99,"[88.53, -1.26, -0.99]",https://www.google.com/search?tbm=isch&q=sherwinWilliams%20Sherwin%20Williams%206238%20Icicle%20color%20swatch,,,,,,,,,,,,,,,,,,,,,,,,,,,,,,,,,,,,,,,,,,,,
DB,sherwinwilliams,Sherwin Williams 6239 Upward,#BFC9D0,0.8302791462480982,0.014735646456786954,238.05163289636323,191,201,208,"[191, 201, 208]",8%,3%,0%,18%,"[8%, 3%, 0%, 18%]",80.34,-2.53,-4.75,"[80.34, -2.53, -4.75]",https://www.google.com/search?tbm=isch&q=sherwinWilliams%20Sherwin%20Williams%206239%20Upward%20color%20swatch,,,,,,,,,,,,,,,,,,,,,,,,,,,,,,,,,,,,,,,,,,,,
DB,sherwinwilliams,Sherwin Williams 6240 Windy Blue,#AABAC6,0.7803516294534885,0.024636965140760095,240.1842745313379,170,186,198,"[170, 186, 198]",14%,6%,0%,22%,"[14%, 6%, 0%, 22%]",74.55,-3.86,-8.07,"[74.55, -3.86, -8.07]",https://www.google.com/search?tbm=isch&q=sherwinWilliams%20Sherwin%20Williams%206240%20Windy%20Blue%20color%20swatch,,,,,,,,,,,,,,,,,,,,,,,,,,,,,,,,,,,,,,,,,,,,
DB,sherwinwilliams,Sherwin Williams 6241 Aleutian,#98A9B7,0.7260963874210589,0.02791788180807802,242.88938579131423,152,169,183,"[152, 169, 183]",17%,8%,0%,28%,"[17%, 8%, 0%, 28%]",68.24,-3.92,-9.35,"[68.24, -3.92, -9.35]",https://www.google.com/search?tbm=isch&q=sherwinWilliams%20Sherwin%20Williams%206241%20Aleutian%20color%20swatch,,,,,,,,,,,,,,,,,,,,,,,,,,,,,,,,,,,,,,,,,,,,
DB,sherwinwilliams,Sherwin Williams 6242 Bracing Blue,#768B9A,0.6253721273134233,0.033154628463351744,239.16821969513762,118,139,154,"[118, 139, 154]",23%,10%,0%,40%,"[23%, 10%, 0%, 40%]",56.58,-5.19,-10.66,"[56.58, -5.19, -10.66]",https://www.google.com/search?tbm=isch&q=sherwinWilliams%20Sherwin%20Williams%206242%20Bracing%20Blue%20color%20swatch,,,,,,,,,,,,,,,,,,,,,,,,,,,,,,,,,,,,,,,,,,,,
DB,sherwinwilliams,Sherwin Williams 6243 Distance,#5D6F7F,0.5328464696038503,0.033177677209308885,245.30496998581316,93,111,127,"[93, 111, 127]",27%,13%,0%,50%,"[27%, 13%, 0%, 50%]",45.79,-3.99,-11.24,"[45.79, -3.99, -11.24]",https://www.google.com/search?tbm=isch&q=sherwinWilliams%20Sherwin%20Williams%206243%20Distance%20color%20swatch,,,,,,,,,,,,,,,,,,,,,,,,,,,,,,,,,,,,,,,,,,,,
DB,sherwinwilliams,Sherwin Williams 6244 Naval,#2F3D4C,0.35407423547540334,0.03205164231615728,250.49174516977303,47,61,76,"[47, 61, 76]",38%,20%,0%,70%,"[38%, 20%, 0%, 70%]",25.00,-2.63,-11.15,"[25.00, -2.63, -11.15]",https://www.google.com/search?tbm=isch&q=sherwinWilliams%20Sherwin%20Williams%206244%20Naval%20color%20swatch,,,,,,,,,,,,,,,,,,,,,,,,,,,,,,,,,,,,,,,,,,,,
DB,sherwinwilliams,Sherwin Williams 6245 Quicksilver,#DDE2E0,0.9083863001016598,0.006009569661112848,170.433437438704,221,226,224,"[221, 226, 224]",2%,0%,1%,11%,"[2%, 0%, 1%, 11%]",89.45,-2.01,0.36,"[89.45, -2.01, 0.36]",https://www.google.com/search?tbm=isch&q=sherwinWilliams%20Sherwin%20Williams%206245%20Quicksilver%20color%20swatch,,,,,,,,,,,,,,,,,,,,,,,,,,,,,,,,,,,,,,,,,,,,
DB,sherwinwilliams,Sherwin Williams 6246 North Star,#CAD0D2,0.8535335238687464,0.007151829945495031,219.56964144319886,202,208,210,"[202, 208, 210]",4%,1%,0%,18%,"[4%, 1%, 0%, 18%]",83.05,-1.84,-1.75,"[83.05, -1.84, -1.75]",https://www.google.com/search?tbm=isch&q=sherwinWilliams%20Sherwin%20Williams%206246%20North%20Star%20color%20swatch,,,,,,,,,,,,,,,,,,,,,,,,,,,,,,,,,,,,,,,,,,,,
DB,sherwinwilliams,Sherwin Williams 6247 Krypton,#B8C0C3,0.8024284226661795,0.00985291509441375,222.08226938001576,184,192,195,"[184, 192, 195]",6%,2%,0%,24%,"[6%, 2%, 0%, 24%]",77.14,-2.43,-2.53,"[77.14, -2.43, -2.53]",https://www.google.com/search?tbm=isch&q=sherwinWilliams%20Sherwin%20Williams%206247%20Krypton%20color%20swatch,,,,,,,,,,,,,,,,,,,,,,,,,,,,,,,,,,,,,,,,,,,,
DB,sherwinwilliams,Sherwin Williams 6248 Jubilee,#ADB5B9,0.7679932734297652,0.010649936828858357,228.93550226229854,173,181,185,"[173, 181, 185]",6%,2%,0%,27%,"[6%, 2%, 0%, 27%]",73.13,-2.31,-3.06,"[73.13, -2.31, -3.06]",https://www.google.com/search?tbm=isch&q=sherwinWilliams%20Sherwin%20Williams%206248%20Jubilee%20color%20swatch,,,,,,,,,,,,,,,,,,,,,,,,,,,,,,,,,,,,,,,,,,,,
DB,sherwinwilliams,Sherwin Williams 6249 Storm Cloud,#7A848D,0.6080910946027703,0.018061797825684737,245.23861244559293,122,132,141,"[122, 132, 141]",13%,6%,0%,45%,"[13%, 6%, 0%, 45%]",54.54,-2.35,-6.19,"[54.54, -2.35, -6.19]",https://www.google.com/search?tbm=isch&q=sherwinWilliams%20Sherwin%20Williams%206249%20Storm%20Cloud%20color%20swatch,,,,,,,,,,,,,,,,,,,,,,,,,,,,,,,,,,,,,,,,,,,,
DB,sherwinwilliams,Sherwin Williams 6250 Granite Peak,#606B75,0.5220059725196878,0.020734320426197692,245.63511447869087,96,107,117,"[96, 107, 117]",18%,9%,0%,54%,"[18%, 9%, 0%, 54%]",44.55,-2.59,-7.10,"[44.55, -2.59, -7.10]",https://www.google.com/search?tbm=isch&q=sherwinWilliams%20Sherwin%20Williams%206250%20Granite%20Peak%20color%20swatch,,,,,,,,,,,,,,,,,,,,,,,,,,,,,,,,,,,,,,,,,,,,
DB,sherwinwilliams,Sherwin Williams 6251 Outerspace,#586168,0.4872853846975792,0.015870122943517726,241.21450115270557,88,97,104,"[88, 97, 104]",15%,7%,0%,59%,"[15%, 7%, 0%, 59%]",40.54,-2.40,-5.25,"[40.54, -2.40, -5.25]",https://www.google.com/search?tbm=isch&q=sherwinWilliams%20Sherwin%20Williams%206251%20Outerspace%20color%20swatch,,,,,,,,,,,,,,,,,,,,,,,,,,,,,,,,,,,,,,,,,,,,
DB,sherwinwilliams,Sherwin Williams 6252 Ice Cube,#E3E4E1,0.9172517641903981,0.004156190927838453,121.56576647737052,227,228,225,"[227, 228, 225]",0%,0%,1%,11%,"[0%, 0%, 1%, 11%]",90.45,-0.75,1.34,"[90.45, -0.75, 1.34]",https://www.google.com/search?tbm=isch&q=sherwinWilliams%20Sherwin%20Williams%206252%20Ice%20Cube%20color%20swatch,,,,,,,,,,,,,,,,,,,,,,,,,,,,,,,,,,,,,,,,,,,,
DB,sherwinwilliams,Sherwin Williams 6253 Olympus White,#D4D8D7,0.8788519711304669,0.0045520915793575535,179.7181070407454,212,216,215,"[212, 216, 215]",2%,0%,0%,15%,"[2%, 0%, 0%, 15%]",86.00,-1.54,-0.01,"[86.00, -1.54, -0.01]",https://www.google.com/search?tbm=isch&q=sherwinWilliams%20Sherwin%20Williams%206253%20Olympus%20White%20color%20swatch,,,,,,,,,,,,,,,,,,,,,,,,,,,,,,,,,,,,,,,,,,,,
DB,sherwinwilliams,Sherwin Williams 6254 Lazy Gray,#BEC1C3,0.8091475907908865,0.004371948149437408,236.5126358047147,190,193,195,"[190, 193, 195]",3%,1%,0%,24%,"[3%, 1%, 0%, 24%]",77.87,-0.80,-1.39,"[77.87, -0.80, -1.39]",https://www.google.com/search?tbm=isch&q=sherwinWilliams%20Sherwin%20Williams%206254%20Lazy%20Gray%20color%20swatch,,,,,,,,,,,,,,,,,,,,,,,,,,,,,,,,,,,,,,,,,,,,
DB,sherwinwilliams,Sherwin Williams 6255 Morning Fog,#A8AEB1,0.7469356934618209,0.008055462596891248,228.89295460024266,168,174,177,"[168, 174, 177]",5%,2%,0%,31%,"[5%, 2%, 0%, 31%]",70.68,-1.75,-2.32,"[70.68, -1.75, -2.32]",https://www.google.com/search?tbm=isch&q=sherwinWilliams%20Sherwin%20Williams%206255%20Morning%20Fog%20color%20swatch,,,,,,,,,,,,,,,,,,,,,,,,,,,,,,,,,,,,,,,,,,,,
DB,sherwinwilliams,Sherwin Williams 6256 Serious Gray,#7D848B,0.6098058861454113,0.01346133024473457,248.04890516278488,125,132,139,"[125, 132, 139]",10%,5%,0%,45%,"[10%, 5%, 0%, 45%]",54.73,-1.57,-4.72,"[54.73, -1.57, -4.72]",https://www.google.com/search?tbm=isch&q=sherwinWilliams%20Sherwin%20Williams%206256%20Serious%20Gray%20color%20swatch,,,,,,,,,,,,,,,,,,,,,,,,,,,,,,,,,,,,,,,,,,,,
DB,sherwinwilliams,Sherwin Williams 6257 Gibraltar,#626970,0.5171742180070592,0.01402467879300414,248.099360051267,98,105,112,"[98, 105, 112]",13%,6%,0%,56%,"[13%, 6%, 0%, 56%]",43.98,-1.61,-4.91,"[43.98, -1.61, -4.91]",https://www.google.com/search?tbm=isch&q=sherwinWilliams%20Sherwin%20Williams%206257%20Gibraltar%20color%20swatch,,,,,,,,,,,,,,,,,,,,,,,,,,,,,,,,,,,,,,,,,,,,
DB,sherwinwilliams,Sherwin Williams 6258 Tricorn Black,#2F2F30,0.3055692007606089,0.0017706900333801508,286.2943809777913,47,47,48,"[47, 47, 48]",2%,2%,0%,81%,"[2%, 2%, 0%, 81%]",19.43,0.18,-0.64,"[19.43, 0.18, -0.64]",https://www.google.com/search?tbm=isch&q=sherwinWilliams%20Sherwin%20Williams%206258%20Tricorn%20Black%20color%20swatch,,,,,,,,,,,,,,,,,,,,,,,,,,,,,,,,,,,,,,,,,,,,
DB,sherwinwilliams,Sherwin Williams 6259 Spatial White,#DDDCDB,0.8949857468902,0.0017470770771018142,67.79990467848239,221,220,219,"[221, 220, 219]",0%,0%,1%,13%,"[0%, 0%, 1%, 13%]",87.82,0.22,0.62,"[87.82, 0.22, 0.62]",https://www.google.com/search?tbm=isch&q=sherwinWilliams%20Sherwin%20Williams%206259%20Spatial%20White%20color%20swatch,,,,,,,,,,,,,,,,,,,,,,,,,,,,,,,,,,,,,,,,,,,,
DB,sherwinwilliams,Sherwin Williams 6260 Unique Gray,#CBC9C9,0.8374956222697588,0.002220505196517036,17.20187256100718,203,201,201,"[203, 201, 201]",0%,1%,1%,20%,"[0%, 1%, 1%, 20%]",81.13,0.72,0.26,"[81.13, 0.72, 0.26]",https://www.google.com/search?tbm=isch&q=sherwinWilliams%20Sherwin%20Williams%206260%20Unique%20Gray%20color%20swatch,,,,,,,,,,,,,,,,,,,,,,,,,,,,,,,,,,,,,,,,,,,,
DB,sherwinwilliams,Sherwin Williams 6261 Swanky Gray,#B5B1B5,0.7648646260544516,0.007178238845695978,325.6466219368008,181,177,181,"[181, 177, 181]",0%,2%,0%,29%,"[0%, 2%, 0%, 29%]",72.63,2.02,-1.52,"[72.63, 2.02, -1.52]",https://www.google.com/search?tbm=isch&q=sherwinWilliams%20Sherwin%20Williams%206261%20Swanky%20Gray%20color%20swatch,,,,,,,,,,,,,,,,,,,,,,,,,,,,,,,,,,,,,,,,,,,,
DB,sherwinwilliams,Sherwin Williams 6262 Mysterious Mauve,#A6A3A9,0.7198031795973474,0.00919536201346325,308.31846958842607,166,163,169,"[166, 163, 169]",2%,4%,0%,34%,"[2%, 4%, 0%, 34%]",67.39,1.97,-2.72,"[67.39, 1.97, -2.72]",https://www.google.com/search?tbm=isch&q=sherwinWilliams%20Sherwin%20Williams%206262%20Mysterious%20Mauve%20color%20swatch,,,,,,,,,,,,,,,,,,,,,,,,,,,,,,,,,,,,,,,,,,,,
DB,sherwinwilliams,Sherwin Williams 6263 Exclusive Plum,#736F78,0.5483002547887319,0.014561888517628635,305.8555562505537,115,111,120,"[115, 111, 120]",4%,7%,0%,53%,"[4%, 7%, 0%, 53%]",47.43,2.98,-4.43,"[47.43, 2.98, -4.43]",https://www.google.com/search?tbm=isch&q=sherwinWilliams%20Sherwin%20Williams%206263%20Exclusive%20Plum%20color%20swatch,,,,,,,,,,,,,,,,,,,,,,,,,,,,,,,,,,,,,,,,,,,,
DB,sherwinwilliams,Sherwin Williams 6264 Midnight,#5D5962,0.47088937772582923,0.015127975149175736,305.7836297644003,93,89,98,"[93, 89, 98]",5%,9%,0%,62%,"[5%, 9%, 0%, 62%]",38.44,3.10,-4.59,"[38.44, 3.10, -4.59]",https://www.google.com/search?tbm=isch&q=sherwinWilliams%20Sherwin%20Williams%206264%20Midnight%20color%20swatch,,,,,,,,,,,,,,,,,,,,,,,,,,,,,,,,,,,,,,,,,,,,
DB,sherwinwilliams,Sherwin Williams 6265 Quixotic Plum,#4A4653,0.40300051818894095,0.02210930081078312,299.45695639081805,74,70,83,"[74, 70, 83]",11%,16%,0%,67%,"[11%, 16%, 0%, 67%]",30.49,3.94,-7.16,"[30.49, 3.94, -7.16]",https://www.google.com/search?tbm=isch&q=sherwinWilliams%20Sherwin%20Williams%206265%20Quixotic%20Plum%20color%20swatch,,,,,,,,,,,,,,,,,,,,,,,,,,,,,,,,,,,,,,,,,,,,
DB,sherwinwilliams,Sherwin Williams 6267 Sensitive Tint,#CEC9CC,0.8407793626496095,0.006866541102554259,340.4183102187428,206,201,204,"[206, 201, 204]",0%,2%,1%,19%,"[0%, 2%, 1%, 19%]",81.44,2.20,-0.85,"[81.44, 2.20, -0.85]",https://www.google.com/search?tbm=isch&q=sherwinWilliams%20Sherwin%20Williams%206267%20Sensitive%20Tint%20color%20swatch,,,,,,,,,,,,,,,,,,,,,,,,,,,,,,,,,,,,,,,,,,,,
DB,sherwinwilliams,Sherwin Williams 6268 Veiled Violet,#BDB5B9,0.7808698328263567,0.010592820143653434,345.4950616929714,189,181,185,"[189, 181, 185]",0%,4%,2%,26%,"[0%, 4%, 2%, 26%]",74.44,3.47,-0.98,"[74.44, 3.47, -0.98]",https://www.google.com/search?tbm=isch&q=sherwinWilliams%20Sherwin%20Williams%206268%20Veiled%20Violet%20color%20swatch,,,,,,,,,,,,,,,,,,,,,,,,,,,,,,,,,,,,,,,,,,,,
DB,sherwinwilliams,Sherwin Williams 6269 Beguiling Mauve,#AFA7AC,0.7365743906870297,0.011540085232976432,339.4306695305788,175,167,172,"[175, 167, 172]",0%,5%,2%,31%,"[0%, 5%, 2%, 31%]",69.29,3.66,-1.50,"[69.29, 3.66, -1.50]",https://www.google.com/search?tbm=isch&q=sherwinWilliams%20Sherwin%20Williams%206269%20Beguiling%20Mauve%20color%20swatch,,,,,,,,,,,,,,,,,,,,,,,,,,,,,,,,,,,,,,,,,,,,
DB,sherwinwilliams,Sherwin Williams 6270 Soulmate,#85777B,0.5833082876398283,0.018216710267224906,358.4425091430094,133,119,123,"[133, 119, 123]",0%,11%,8%,48%,"[0%, 11%, 8%, 48%]",51.43,6.13,-0.13,"[51.43, 6.13, -0.13]",https://www.google.com/search?tbm=isch&q=sherwinWilliams%20Sherwin%20Williams%206270%20Soulmate%20color%20swatch,,,,,,,,,,,,,,,,,,,,,,,,,,,,,,,,,,,,,,,,,,,,
DB,sherwinwilliams,Sherwin Williams 6271 Expressive Plum,#695C62,0.4892866138470698,0.01909337037548825,348.2126576146195,105,92,98,"[105, 92, 98]",0%,12%,7%,59%,"[0%, 12%, 7%, 59%]",40.50,6.29,-1.42,"[40.50, 6.29, -1.42]",https://www.google.com/search?tbm=isch&q=sherwinWilliams%20Sherwin%20Williams%206271%20Expressive%20Plum%20color%20swatch,,,,,,,,,,,,,,,,,,,,,,,,,,,,,,,,,,,,,,,,,,,,
DB,sherwinwilliams,Sherwin Williams 6272 Plum Brown,#4E4247,0.3931969025926151,0.018257292561583947,350.93127761286087,78,66,71,"[78, 66, 71]",0%,15%,9%,69%,"[0%, 15%, 9%, 69%]",29.37,6.06,-1.03,"[29.37, 6.06, -1.03]",https://www.google.com/search?tbm=isch&q=sherwinWilliams%20Sherwin%20Williams%206272%20Plum%20Brown%20color%20swatch,,,,,,,,,,,,,,,,,,,,,,,,,,,,,,,,,,,,,,,,,,,,
DB,sherwinwilliams,Sherwin Williams 6274 Destiny,#CFC9C8,0.8404311760558686,0.006842485799124774,28.838809875194613,207,201,200,"[207, 201, 200]",0%,3%,3%,19%,"[0%, 3%, 3%, 19%]",81.43,2.02,1.28,"[81.43, 2.02, 1.28]",https://www.google.com/search?tbm=isch&q=sherwinWilliams%20Sherwin%20Williams%206274%20Destiny%20color%20swatch,,,,,,,,,,,,,,,,,,,,,,,,,,,,,,,,,,,,,,,,,,,,
DB,sherwinwilliams,Sherwin Williams 6275 Fashionable Gray,#BDB8B8,0.7866759281253357,0.005659060738338438,17.276905027494422,189,184,184,"[189, 184, 184]",0%,3%,3%,26%,"[0%, 3%, 3%, 26%]",75.20,1.82,0.66,"[75.20, 1.82, 0.66]",https://www.google.com/search?tbm=isch&q=sherwinWilliams%20Sherwin%20Williams%206275%20Fashionable%20Gray%20color%20swatch,,,,,,,,,,,,,,,,,,,,,,,,,,,,,,,,,,,,,,,,,,,,
DB,sherwinwilliams,Sherwin Williams 6276 Mystical Shade,#AEA9AA,0.7392475918570772,0.005900101338035607,3.3997402389904323,174,169,170,"[174, 169, 170]",0%,3%,2%,32%,"[0%, 3%, 2%, 32%]",69.68,1.99,0.15,"[69.68, 1.99, 0.15]",https://www.google.com/search?tbm=isch&q=sherwinWilliams%20Sherwin%20Williams%206276%20Mystical%20Shade%20color%20swatch,,,,,,,,,,,,,,,,,,,,,,,,,,,,,,,,,,,,,,,,,,,,
DB,sherwinwilliams,Sherwin Williams 6277 Special Gray,#7B787D,0.5769431480142998,0.00833685058975148,312.25043618078405,123,120,125,"[123, 120, 125]",2%,4%,0%,51%,"[2%, 4%, 0%, 51%]",50.82,1.93,-2.32,"[50.82, 1.93, -2.32]",https://www.google.com/search?tbm=isch&q=sherwinWilliams%20Sherwin%20Williams%206277%20Special%20Gray%20color%20swatch,,,,,,,,,,,,,,,,,,,,,,,,,,,,,,,,,,,,,,,,,,,,
DB,sherwinwilliams,Sherwin Williams 6278 Cloak Gray,#605E63,0.485469511833552,0.00825160245108599,304.10143466755335,96,94,99,"[96, 94, 99]",3%,5%,0%,61%,"[3%, 5%, 0%, 61%]",40.22,1.61,-2.57,"[40.22, 1.61, -2.57]",https://www.google.com/search?tbm=isch&q=sherwinWilliams%20Sherwin%20Williams%206278%20Cloak%20Gray%20color%20swatch,,,,,,,,,,,,,,,,,,,,,,,,,,,,,,,,,,,,,,,,,,,,
DB,sherwinwilliams,Sherwin Williams 6279 Black Swan,#3A373E,0.3425141350408364,0.012693909262320233,305.0434157291463,58,55,62,"[58, 55, 62]",6%,11%,0%,76%,"[6%, 11%, 0%, 76%]",23.58,2.56,-3.88,"[23.58, 2.56, -3.88]",https://www.google.com/search?tbm=isch&q=sherwinWilliams%20Sherwin%20Williams%206279%20Black%20Swan%20color%20swatch,,,,,,,,,,,,,,,,,,,,,,,,,,,,,,,,,,,,,,,,,,,,
DB,sherwinwilliams,Sherwin Williams 6281 Wallflower,#DBCFD4,0.8656381346292186,0.01485747900565781,350.1470297995045,219,207,212,"[219, 207, 212]",0%,5%,3%,14%,"[0%, 5%, 3%, 14%]",84.22,4.95,-0.92,"[84.22, 4.95, -0.92]",https://www.google.com/search?tbm=isch&q=sherwinWilliams%20Sherwin%20Williams%206281%20Wallflower%20color%20swatch,,,,,,,,,,,,,,,,,,,,,,,,,,,,,,,,,,,,,,,,,,,,
DB,sherwinwilliams,Sherwin Williams 6282 Mauve Finery,#CBB8C0,0.8009107273501884,0.0241373337530726,350.24795183384026,203,184,192,"[203, 184, 192]",0%,9%,5%,20%,"[0%, 9%, 5%, 20%]",76.58,8.02,-1.48,"[76.58, 8.02, -1.48]",https://www.google.com/search?tbm=isch&q=sherwinWilliams%20Sherwin%20Williams%206282%20Mauve%20Finery%20color%20swatch,,,,,,,,,,,,,,,,,,,,,,,,,,,,,,,,,,,,,,,,,,,,
DB,sherwinwilliams,Sherwin Williams 6283 Thistle,#AA8E9A,0.6759113329770646,0.03748450592007185,350.4848260556007,170,142,154,"[170, 142, 154]",0%,16%,9%,33%,"[0%, 16%, 9%, 33%]",61.91,12.40,-2.23,"[61.91, 12.40, -2.23]",https://www.google.com/search?tbm=isch&q=sherwinWilliams%20Sherwin%20Williams%206283%20Thistle%20color%20swatch,,,,,,,,,,,,,,,,,,,,,,,,,,,,,,,,,,,,,,,,,,,,
DB,sherwinwilliams,Sherwin Williams 6284 Plum Dandy,#8B6878,0.5576296337027057,0.050065925814009496,349.731880712465,139,104,120,"[139, 104, 120]",0%,25%,14%,45%,"[0%, 25%, 14%, 45%]",48.02,16.43,-3.22,"[48.02, 16.43, -3.22]",https://www.google.com/search?tbm=isch&q=sherwinWilliams%20Sherwin%20Williams%206284%20Plum%20Dandy%20color%20swatch,,,,,,,,,,,,,,,,,,,,,,,,,,,,,,,,,,,,,,,,,,,,
DB,sherwinwilliams,Sherwin Williams 6285 Grape Harvest,#7E5A6D,0.5116344446342389,0.05444145828578973,346.24344365625666,126,90,109,"[126, 90, 109]",0%,29%,13%,51%,"[0%, 29%, 13%, 51%]",42.61,17.60,-4.72,"[42.61, 17.60, -4.72]",https://www.google.com/search?tbm=isch&q=sherwinWilliams%20Sherwin%20Williams%206285%20Grape%20Harvest%20color%20swatch,,,,,,,,,,,,,,,,,,,,,,,,,,,,,,,,,,,,,,,,,,,,
DB,sherwinwilliams,Sherwin Williams 6286 Mature Grape,#5F3F54,0.4116166774570004,0.05452716767628132,340.2558346045139,95,63,84,"[95, 63, 84]",0%,34%,12%,63%,"[0%, 34%, 12%, 63%]",30.99,17.09,-6.75,"[30.99, 17.09, -6.75]",https://www.google.com/search?tbm=isch&q=sherwinWilliams%20Sherwin%20Williams%206286%20Mature%20Grape%20color%20swatch,,,,,,,,,,,,,,,,,,,,,,,,,,,,,,,,,,,,,,,,,,,,
DB,sherwinwilliams,Sherwin Williams 6288 Rosebud,#E0CDD1,0.8650457958669379,0.02183210985869444,3.1594529021962785,224,205,209,"[224, 205, 209]",0%,8%,7%,12%,"[0%, 8%, 7%, 12%]",84.08,7.35,0.53,"[84.08, 7.35, 0.53]",https://www.google.com/search?tbm=isch&q=sherwinWilliams%20Sherwin%20Williams%206288%20Rosebud%20color%20swatch,,,,,,,,,,,,,,,,,,,,,,,,,,,,,,,,,,,,,,,,,,,,
DB,sherwinwilliams,Sherwin Williams 6289 Delightful,#D2B6BE,0.8026259031659224,0.03378769148848901,358.74091672330815,210,182,190,"[210, 182, 190]",0%,13%,10%,18%,"[0%, 13%, 10%, 18%]",76.68,11.35,-0.17,"[76.68, 11.35, -0.17]",https://www.google.com/search?tbm=isch&q=sherwinWilliams%20Sherwin%20Williams%206289%20Delightful%20color%20swatch,,,,,,,,,,,,,,,,,,,,,,,,,,,,,,,,,,,,,,,,,,,,
DB,sherwinwilliams,Sherwin Williams 6290 Rosé,#B995A1,0.7064608418793311,0.04593842413030236,356.3918674572675,185,149,161,"[185, 149, 161]",0%,19%,13%,27%,"[0%, 19%, 13%, 27%]",65.36,15.35,-0.94,"[65.36, 15.35, -0.94]",https://www.google.com/search?tbm=isch&q=sherwinWilliams%20Sherwin%20Williams%206290%20Ros%C3%A9%20color%20swatch,,,,,,,,,,,,,,,,,,,,,,,,,,,,,,,,,,,,,,,,,,,,
DB,sherwinwilliams,Sherwin Williams 6291 Moss Rose,#9E6D79,0.5889527206490685,0.06431265923286832,3.162438032392174,158,109,121,"[158, 109, 121]",0%,31%,23%,38%,"[0%, 31%, 23%, 38%]",51.53,21.39,1.61,"[51.53, 21.39, 1.61]",https://www.google.com/search?tbm=isch&q=sherwinWilliams%20Sherwin%20Williams%206291%20Moss%20Rose%20color%20swatch,,,,,,,,,,,,,,,,,,,,,,,,,,,,,,,,,,,,,,,,,,,,
DB,sherwinwilliams,Sherwin Williams 6292 Berry Bush,#8D5869,0.5244877232773691,0.07330812448452712,359.19688552605567,141,88,105,"[141, 88, 105]",0%,38%,26%,45%,"[0%, 38%, 26%, 45%]",43.91,24.26,-0.11,"[43.91, 24.26, -0.11]",https://www.google.com/search?tbm=isch&q=sherwinWilliams%20Sherwin%20Williams%206292%20Berry%20Bush%20color%20swatch,,,,,,,,,,,,,,,,,,,,,,,,,,,,,,,,,,,,,,,,,,,,
DB,sherwinwilliams,Sherwin Williams 6293 Fabulous Grape,#6D344F,0.4087501208027747,0.0876848955907734,351.9438005494442,109,52,79,"[109, 52, 79]",0%,52%,28%,57%,"[0%, 52%, 28%, 57%]",30.25,28.37,-4.33,"[30.25, 28.37, -4.33]",https://www.google.com/search?tbm=isch&q=sherwinWilliams%20Sherwin%20Williams%206293%20Fabulous%20Grape%20color%20swatch,,,,,,,,,,,,,,,,,,,,,,,,,,,,,,,,,,,,,,,,,,,,
DB,sherwinwilliams,Sherwin Williams 6295 Demure,#E8D4D5,0.8865430524579913,0.02226743347100196,14.108928781913676,232,212,213,"[232, 212, 213]",0%,9%,8%,9%,"[0%, 9%, 8%, 9%]",86.60,7.28,2.15,"[86.60, 7.28, 2.15]",https://www.google.com/search?tbm=isch&q=sherwinWilliams%20Sherwin%20Williams%206295%20Demure%20color%20swatch,,,,,,,,,,,,,,,,,,,,,,,,,,,,,,,,,,,,,,,,,,,,
DB,sherwinwilliams,Sherwin Williams 6296 Fading Rose,#DABDC1,0.8242383045686749,0.03348193988895489,8.424071803630227,218,189,193,"[218, 189, 193]",0%,13%,11%,15%,"[0%, 13%, 11%, 15%]",79.22,11.15,1.99,"[79.22, 11.15, 1.99]",https://www.google.com/search?tbm=isch&q=sherwinWilliams%20Sherwin%20Williams%206296%20Fading%20Rose%20color%20swatch,,,,,,,,,,,,,,,,,,,,,,,,,,,,,,,,,,,,,,,,,,,,
DB,sherwinwilliams,Sherwin Williams 6297 Rose Embroidery,#C79EA2,0.7379166999536827,0.04900674493825759,11.762268533253916,199,158,162,"[199, 158, 162]",0%,21%,19%,22%,"[0%, 21%, 19%, 22%]",69.05,16.13,4.02,"[69.05, 16.13, 4.02]",https://www.google.com/search?tbm=isch&q=sherwinWilliams%20Sherwin%20Williams%206297%20Rose%20Embroidery%20color%20swatch,,,,,,,,,,,,,,,,,,,,,,,,,,,,,,,,,,,,,,,,,,,,
DB,sherwinwilliams,Sherwin Williams 6298 Concerto,#9E6B75,0.5839836115444649,0.06644150058558088,6.446509591251527,158,107,117,"[158, 107, 117]",0%,32%,26%,38%,"[0%, 32%, 26%, 38%]",50.95,22.03,3.13,"[50.95, 22.03, 3.13]",https://www.google.com/search?tbm=isch&q=sherwinWilliams%20Sherwin%20Williams%206298%20Concerto%20color%20swatch,,,,,,,,,,,,,,,,,,,,,,,,,,,,,,,,,,,,,,,,,,,,
DB,sherwinwilliams,Sherwin Williams 6299 Aged Wine,#895460,0.5092249187569817,0.0721129722608205,5.251931568045279,137,84,96,"[137, 84, 96]",0%,39%,30%,46%,"[0%, 39%, 30%, 46%]",42.20,23.87,2.84,"[42.20, 23.87, 2.84]",https://www.google.com/search?tbm=isch&q=sherwinWilliams%20Sherwin%20Williams%206299%20Aged%20Wine%20color%20swatch,,,,,,,,,,,,,,,,,,,,,,,,,,,,,,,,,,,,,,,,,,,,
DB,sherwinwilliams,Sherwin Williams 6300 Burgundy,#63333E,0.3861518750868523,0.07000148295649149,6.2436297478064375,99,51,62,"[99, 51, 62]",0%,48%,37%,61%,"[0%, 48%, 37%, 61%]",27.96,23.06,3.26,"[27.96, 23.06, 3.26]",https://www.google.com/search?tbm=isch&q=sherwinWilliams%20Sherwin%20Williams%206300%20Burgundy%20color%20swatch,,,,,,,,,,,,,,,,,,,,,,,,,,,,,,,,,,,,,,,,,,,,
DB,sherwinwilliams,Sherwin Williams 6302 Innocence,#EBD1CF,0.8816774138878078,0.02929907819917226,22.986451479329105,235,209,207,"[235, 209, 207]",0%,11%,12%,8%,"[0%, 11%, 12%, 8%]",85.99,9.12,4.49,"[85.99, 9.12, 4.49]",https://www.google.com/search?tbm=isch&q=sherwinWilliams%20Sherwin%20Williams%206302%20Innocence%20color%20swatch,,,,,,,,,,,,,,,,,,,,,,,,,,,,,,,,,,,,,,,,,,,,
DB,sherwinwilliams,Sherwin Williams 6303 Rose Colored,#DCB6B5,0.8093236176106883,0.04406524769814347,19.87767863351496,220,182,181,"[220, 182, 181]",0%,17%,18%,14%,"[0%, 17%, 18%, 14%]",77.44,14.01,5.93,"[77.44, 14.01, 5.93]",https://www.google.com/search?tbm=isch&q=sherwinWilliams%20Sherwin%20Williams%206303%20Rose%20Colored%20color%20swatch,,,,,,,,,,,,,,,,,,,,,,,,,,,,,,,,,,,,,,,,,,,,
DB,sherwinwilliams,Sherwin Williams 6304 Pressed Flower,#C39393,0.7087605849361878,0.058184660783508306,18.623434386720817,195,147,147,"[195, 147, 147]",0%,25%,25%,24%,"[0%, 25%, 25%, 24%]",65.61,18.64,7.42,"[65.61, 18.64, 7.42]",https://www.google.com/search?tbm=isch&q=sherwinWilliams%20Sherwin%20Williams%206304%20Pressed%20Flower%20color%20swatch,,,,,,,,,,,,,,,,,,,,,,,,,,,,,,,,,,,,,,,,,,,,
DB,sherwinwilliams,Sherwin Williams 6305 Rambling Rose,#995D62,0.5466425462801103,0.07885984523664295,14.598581921961568,153,93,98,"[153, 93, 98]",0%,39%,36%,40%,"[0%, 39%, 36%, 40%]",46.55,25.65,8.11,"[46.55, 25.65, 8.11]",https://www.google.com/search?tbm=isch&q=sherwinWilliams%20Sherwin%20Williams%206305%20Rambling%20Rose%20color%20swatch,,,,,,,,,,,,,,,,,,,,,,,,,,,,,,,,,,,,,,,,,,,,
DB,sherwinwilliams,Sherwin Williams 6306 Cordial,#864C52,0.48661780678478755,0.07867322934157067,13.770073687543686,134,76,82,"[134, 76, 82]",0%,43%,39%,47%,"[0%, 43%, 39%, 47%]",39.57,25.64,7.69,"[39.57, 25.64, 7.69]",https://www.google.com/search?tbm=isch&q=sherwinWilliams%20Sherwin%20Williams%206306%20Cordial%20color%20swatch,,,,,,,,,,,,,,,,,,,,,,,,,,,,,,,,,,,,,,,,,,,,
DB,sherwinwilliams,Sherwin Williams 6307 Fine Wine,#723941,0.4199062577567198,0.08039167330047706,12.275095288850423,114,57,65,"[114, 57, 65]",0%,50%,43%,55%,"[0%, 50%, 43%, 55%]",31.80,26.26,7.10,"[31.80, 26.26, 7.10]",https://www.google.com/search?tbm=isch&q=sherwinWilliams%20Sherwin%20Williams%206307%20Fine%20Wine%20color%20swatch,,,,,,,,,,,,,,,,,,,,,,,,,,,,,,,,,,,,,,,,,,,,
DB,sherwinwilliams,Sherwin Williams 6309 Charming Pink,#EDD3D2,0.8880723397103087,0.029120298880895307,20.356673062806124,237,211,210,"[237, 211, 210]",0%,11%,11%,7%,"[0%, 11%, 11%, 7%]",86.73,9.22,3.98,"[86.73, 9.22, 3.98]",https://www.google.com/search?tbm=isch&q=sherwinWilliams%20Sherwin%20Williams%206309%20Charming%20Pink%20color%20swatch,,,,,,,,,,,,,,,,,,,,,,,,,,,,,,,,,,,,,,,,,,,,
DB,sherwinwilliams,Sherwin Williams 6310 Lotus Flower,#E6BDBD,0.8341867070160337,0.04717563947951412,18.139584411090027,230,189,189,"[230, 189, 189]",0%,18%,18%,10%,"[0%, 18%, 18%, 10%]",80.28,15.14,5.82,"[80.28, 15.14, 5.82]",https://www.google.com/search?tbm=isch&q=sherwinWilliams%20Sherwin%20Williams%206310%20Lotus%20Flower%20color%20swatch,,,,,,,,,,,,,,,,,,,,,,,,,,,,,,,,,,,,,,,,,,,,
DB,sherwinwilliams,Sherwin Williams 6311 Memorable Rose,#CF8A8D,0.7038176271596436,0.08471275270945261,16.591251225672465,207,138,141,"[207, 138, 141]",0%,33%,32%,19%,"[0%, 33%, 32%, 19%]",64.74,27.38,9.78,"[64.74, 27.38, 9.78]",https://www.google.com/search?tbm=isch&q=sherwinWilliams%20Sherwin%20Williams%206311%20Memorable%20Rose%20color%20swatch,,,,,,,,,,,,,,,,,,,,,,,,,,,,,,,,,,,,,,,,,,,,
DB,sherwinwilliams,Sherwin Williams 6312 Redbud,#AD5E65,0.5754656133570875,0.1027406063926342,15.192280294362376,173,94,101,"[173, 94, 101]",0%,46%,42%,32%,"[0%, 46%, 42%, 32%]",49.63,33.34,11.10,"[49.63, 33.34, 11.10]",https://www.google.com/search?tbm=isch&q=sherwinWilliams%20Sherwin%20Williams%206312%20Redbud%20color%20swatch,,,,,,,,,,,,,,,,,,,,,,,,,,,,,,,,,,,,,,,,,,,,
DB,sherwinwilliams,Sherwin Williams 6313 Kirsch Red,#974953,0.5058595341148416,0.10474994985743023,13.541538101878189,151,73,83,"[151, 73, 83]",0%,52%,45%,41%,"[0%, 52%, 45%, 41%]",41.51,34.10,10.22,"[41.51, 34.10, 10.22]",https://www.google.com/search?tbm=isch&q=sherwinWilliams%20Sherwin%20Williams%206313%20Kirsch%20Red%20color%20swatch,,,,,,,,,,,,,,,,,,,,,,,,,,,,,,,,,,,,,,,,,,,,
DB,sherwinwilliams,Sherwin Williams 6314 Luxurious Red,#863A42,0.45239632568346483,0.10442811092580538,15.772145444797616,134,58,66,"[134, 58, 66]",0%,57%,51%,47%,"[0%, 57%, 51%, 47%]",35.34,33.81,11.92,"[35.34, 33.81, 11.92]",https://www.google.com/search?tbm=isch&q=sherwinWilliams%20Sherwin%20Williams%206314%20Luxurious%20Red%20color%20swatch,,,,,,,,,,,,,,,,,,,,,,,,,,,,,,,,,,,,,,,,,,,,
DB,sherwinwilliams,Sherwin Williams 6316 Rosy Outlook,#EBCECB,0.8748380712371264,0.03296228264097401,24.827782653203997,235,206,203,"[235, 206, 203]",0%,12%,14%,8%,"[0%, 12%, 14%, 8%]",85.18,10.13,5.43,"[85.18, 10.13, 5.43]",https://www.google.com/search?tbm=isch&q=sherwinWilliams%20Sherwin%20Williams%206316%20Rosy%20Outlook%20color%20swatch,,,,,,,,,,,,,,,,,,,,,,,,,,,,,,,,,,,,,,,,,,,,
DB,sherwinwilliams,Sherwin Williams 6317 Gracious Rose,#E3B7B1,0.8168366672706945,0.05189937298923203,27.2703937080621,227,183,177,"[227, 183, 177]",0%,19%,22%,11%,"[0%, 19%, 22%, 11%]",78.29,15.71,9.40,"[78.29, 15.71, 9.40]",https://www.google.com/search?tbm=isch&q=sherwinWilliams%20Sherwin%20Williams%206317%20Gracious%20Rose%20color%20swatch,,,,,,,,,,,,,,,,,,,,,,,,,,,,,,,,,,,,,,,,,,,,
DB,sherwinwilliams,Sherwin Williams 6318 Resounding Rose,#CD8E89,0.7077108356332528,0.07765829599904282,24.263294644785276,205,142,137,"[205, 142, 137]",0%,31%,33%,20%,"[0%, 31%, 33%, 20%]",65.35,24.16,12.83,"[65.35, 24.16, 12.83]",https://www.google.com/search?tbm=isch&q=sherwinWilliams%20Sherwin%20Williams%206318%20Resounding%20Rose%20color%20swatch,,,,,,,,,,,,,,,,,,,,,,,,,,,,,,,,,,,,,,,,,,,,
DB,sherwinwilliams,Sherwin Williams 6319 Reddish,#B56966,0.6047840078058736,0.09798452452044147,22.77728386699033,181,105,102,"[181, 105, 102]",0%,42%,44%,29%,"[0%, 42%, 44%, 29%]",53.18,30.88,15.58,"[53.18, 30.88, 15.58]",https://www.google.com/search?tbm=isch&q=sherwinWilliams%20Sherwin%20Williams%206319%20Reddish%20color%20swatch,,,,,,,,,,,,,,,,,,,,,,,,,,,,,,,,,,,,,,,,,,,,
DB,sherwinwilliams,Sherwin Williams 6320 Bravado Red,#A0524E,0.5321322131443583,0.10410459080132087,24.22881572646577,160,82,78,"[160, 82, 78]",0%,49%,51%,37%,"[0%, 49%, 51%, 37%]",44.71,32.66,17.85,"[44.71, 32.66, 17.85]",https://www.google.com/search?tbm=isch&q=sherwinWilliams%20Sherwin%20Williams%206320%20Bravado%20Red%20color%20swatch,,,,,,,,,,,,,,,,,,,,,,,,,,,,,,,,,,,,,,,,,,,,
DB,sherwinwilliams,Sherwin Williams 6321 Red Bay,#8E3738,0.45853716949648243,0.11864452424815469,22.316569311607054,142,55,56,"[142, 55, 56]",0%,61%,61%,44%,"[0%, 61%, 61%, 44%]",35.98,37.69,19.40,"[35.98, 37.69, 19.40]",https://www.google.com/search?tbm=isch&q=sherwinWilliams%20Sherwin%20Williams%206321%20Red%20Bay%20color%20swatch,,,,,,,,,,,,,,,,,,,,,,,,,,,,,,,,,,,,,,,,,,,,
DB,sherwinwilliams,Sherwin Williams 6322 Intimate White,#F0E1D8,0.9192743152636984,0.020496496499091025,53.2427356664997,240,225,216,"[240, 225, 216]",0%,6%,10%,6%,"[0%, 6%, 10%, 6%]",90.56,4.19,6.35,"[90.56, 4.19, 6.35]",https://www.google.com/search?tbm=isch&q=sherwinWilliams%20Sherwin%20Williams%206322%20Intimate%20White%20color%20swatch,,,,,,,,,,,,,,,,,,,,,,,,,,,,,,,,,,,,,,,,,,,,
DB,sherwinwilliams,Sherwin Williams 6323 Romance,#EBCFC3,0.8746570747187865,0.0355883541843773,44.615222633781116,235,207,195,"[235, 207, 195]",0%,12%,17%,8%,"[0%, 12%, 17%, 8%]",85.26,8.71,9.76,"[85.26, 8.71, 9.76]",https://www.google.com/search?tbm=isch&q=sherwinWilliams%20Sherwin%20Williams%206323%20Romance%20color%20swatch,,,,,,,,,,,,,,,,,,,,,,,,,,,,,,,,,,,,,,,,,,,,
DB,sherwinwilliams,Sherwin Williams 6324 Mellow Coral,#E3B5A8,0.8107893569077077,0.05674680240395785,36.328183519666766,227,181,168,"[227, 181, 168]",0%,20%,26%,11%,"[0%, 20%, 26%, 11%]",77.63,15.78,13.31,"[77.63, 15.78, 13.31]",https://www.google.com/search?tbm=isch&q=sherwinWilliams%20Sherwin%20Williams%206324%20Mellow%20Coral%20color%20swatch,,,,,,,,,,,,,,,,,,,,,,,,,,,,,,,,,,,,,,,,,,,,
DB,sherwinwilliams,Sherwin Williams 6325 Constant Coral,#CD8E7F,0.7053195281553928,0.08047106461696456,33.91538774688564,205,142,127,"[205, 142, 127]",0%,31%,38%,20%,"[0%, 31%, 38%, 20%]",65.17,23.26,18.16,"[65.17, 23.26, 18.16]",https://www.google.com/search?tbm=isch&q=sherwinWilliams%20Sherwin%20Williams%206325%20Constant%20Coral%20color%20swatch,,,,,,,,,,,,,,,,,,,,,,,,,,,,,,,,,,,,,,,,,,,,
DB,sherwinwilliams,Sherwin Williams 6326 Henna Shade,#B3675D,0.5966972587574337,0.09965287815989014,28.35136079343573,179,103,93,"[179, 103, 93]",0%,42%,48%,30%,"[0%, 42%, 48%, 30%]",52.31,30.44,19.59,"[52.31, 30.44, 19.59]",https://www.google.com/search?tbm=isch&q=sherwinWilliams%20Sherwin%20Williams%206326%20Henna%20Shade%20color%20swatch,,,,,,,,,,,,,,,,,,,,,,,,,,,,,,,,,,,,,,,,,,,,
DB,sherwinwilliams,Sherwin Williams 6327 Bold Brick,#A0584F,0.5424268333109604,0.0966448866114134,28.15259717023264,160,88,79,"[160, 88, 79]",0%,45%,51%,37%,"[0%, 45%, 51%, 37%]",46.03,29.61,18.98,"[46.03, 29.61, 18.98]",https://www.google.com/search?tbm=isch&q=sherwinWilliams%20Sherwin%20Williams%206327%20Bold%20Brick%20color%20swatch,,,,,,,,,,,,,,,,,,,,,,,,,,,,,,,,,,,,,,,,,,,,
DB,sherwinwilliams,Sherwin Williams 6328 Fireweed,#7B3730,0.42624964621930345,0.09640789973947508,27.79535636065765,123,55,48,"[123, 55, 48]",0%,55%,61%,52%,"[0%, 55%, 61%, 52%]",32.54,29.79,19.26,"[32.54, 29.79, 19.26]",https://www.google.com/search?tbm=isch&q=sherwinWilliams%20Sherwin%20Williams%206328%20Fireweed%20color%20swatch,,,,,,,,,,,,,,,,,,,,,,,,,,,,,,,,,,,,,,,,,,,,
DB,sherwinwilliams,Sherwin Williams 6329 Faint Coral,#EEDED5,0.9109866129769274,0.021459980156198585,51.505675296905,238,222,213,"[238, 222, 213]",0%,7%,11%,7%,"[0%, 7%, 11%, 7%]",89.59,4.56,6.50,"[89.59, 4.56, 6.50]",https://www.google.com/search?tbm=isch&q=sherwinWilliams%20Sherwin%20Williams%206329%20Faint%20Coral%20color%20swatch,,,,,,,,,,,,,,,,,,,,,,,,,,,,,,,,,,,,,,,,,,,,
DB,sherwinwilliams,Sherwin Williams 6330 Quaint Peche,#EACDC1,0.8694034827863047,0.03667998872443032,43.81143430963954,234,205,193,"[234, 205, 193]",0%,12%,18%,8%,"[0%, 12%, 18%, 8%]",84.64,9.11,9.93,"[84.64, 9.11, 9.93]",https://www.google.com/search?tbm=isch&q=sherwinWilliams%20Sherwin%20Williams%206330%20Quaint%20Peche%20color%20swatch,,,,,,,,,,,,,,,,,,,,,,,,,,,,,,,,,,,,,,,,,,,,
DB,sherwinwilliams,Sherwin Williams 6331 Smoky Salmon,#E2B6A7,0.811461709882966,0.055407646961245206,39.67498304031818,226,182,167,"[226, 182, 167]",0%,19%,26%,11%,"[0%, 19%, 26%, 11%]",77.76,14.79,14.00,"[77.76, 14.79, 14.00]",https://www.google.com/search?tbm=isch&q=sherwinWilliams%20Sherwin%20Williams%206331%20Smoky%20Salmon%20color%20swatch,,,,,,,,,,,,,,,,,,,,,,,,,,,,,,,,,,,,,,,,,,,,
DB,sherwinwilliams,Sherwin Williams 6332 Coral Island,#CE9382,0.7163258461589037,0.07607201285478433,36.72219736069462,206,147,130,"[206, 147, 130]",0%,29%,37%,19%,"[0%, 29%, 37%, 19%]",66.52,21.33,18.35,"[66.52, 21.33, 18.35]",https://www.google.com/search?tbm=isch&q=sherwinWilliams%20Sherwin%20Williams%206332%20Coral%20Island%20color%20swatch,,,,,,,,,,,,,,,,,,,,,,,,,,,,,,,,,,,,,,,,,,,,
DB,sherwinwilliams,Sherwin Williams 6333 Foxy,#A85E53,0.56446434698031,0.09876070893208318,29.44451980259015,168,94,83,"[168, 94, 83]",0%,44%,51%,34%,"[0%, 44%, 51%, 34%]",48.59,29.99,20.21,"[48.59, 29.99, 20.21]",https://www.google.com/search?tbm=isch&q=sherwinWilliams%20Sherwin%20Williams%206333%20Foxy%20color%20swatch,,,,,,,,,,,,,,,,,,,,,,,,,,,,,,,,,,,,,,,,,,,,
DB,sherwinwilliams,Sherwin Williams 6334 Flower Pot,#8F4438,0.47980585598752745,0.104387936706893,30.669421111069767,143,68,56,"[143, 68, 56]",0%,52%,61%,44%,"[0%, 52%, 61%, 44%]",38.72,31.67,22.85,"[38.72, 31.67, 22.85]",https://www.google.com/search?tbm=isch&q=sherwinWilliams%20Sherwin%20Williams%206334%20Flower%20Pot%20color%20swatch,,,,,,,,,,,,,,,,,,,,,,,,,,,,,,,,,,,,,,,,,,,,
DB,sherwinwilliams,Sherwin Williams 6335 Fired Brick,#83382A,0.4395310401441989,0.10684502212479192,32.306009084795676,131,56,42,"[131, 56, 42]",0%,57%,68%,49%,"[0%, 57%, 68%, 49%]",34.04,32.22,25.16,"[34.04, 32.22, 25.16]",https://www.google.com/search?tbm=isch&q=sherwinWilliams%20Sherwin%20Williams%206335%20Fired%20Brick%20color%20swatch,,,,,,,,,,,,,,,,,,,,,,,,,,,,,,,,,,,,,,,,,,,,
DB,sherwinwilliams,Sherwin Williams 6336 Nearly Peach,#EFDED1,0.910773789805685,0.025664548358380637,59.89459813908837,239,222,209,"[239, 222, 209]",0%,7%,13%,6%,"[0%, 7%, 13%, 6%]",89.60,4.45,8.61,"[89.60, 4.45, 8.61]",https://www.google.com/search?tbm=isch&q=sherwinWilliams%20Sherwin%20Williams%206336%20Nearly%20Peach%20color%20swatch,,,,,,,,,,,,,,,,,,,,,,,,,,,,,,,,,,,,,,,,,,,,
DB,sherwinwilliams,Sherwin Williams 6337 Spun Sugar,#EDD2C0,0.8814615476886933,0.038876054750639606,55.82626070367229,237,210,192,"[237, 210, 192]",0%,11%,19%,7%,"[0%, 11%, 19%, 7%]",86.13,7.65,12.58,"[86.13, 7.65, 12.58]",https://www.google.com/search?tbm=isch&q=sherwinWilliams%20Sherwin%20Williams%206337%20Spun%20Sugar%20color%20swatch,,,,,,,,,,,,,,,,,,,,,,,,,,,,,,,,,,,,,,,,,,,,
DB,sherwinwilliams,Sherwin Williams 6338 Warming Peach,#E4B9A2,0.8179226845504864,0.05902084569267815,49.64253102556921,228,185,162,"[228, 185, 162]",0%,19%,29%,11%,"[0%, 19%, 29%, 11%]",78.60,13.56,17.87,"[78.60, 13.56, 17.87]",https://www.google.com/search?tbm=isch&q=sherwinWilliams%20Sherwin%20Williams%206338%20Warming%20Peach%20color%20swatch,,,,,,,,,,,,,,,,,,,,,,,,,,,,,,,,,,,,,,,,,,,,
DB,sherwinwilliams,Sherwin Williams 6339 Persimmon,#D9987C,0.736412254553989,0.08791191683368967,44.18714294686333,217,152,124,"[217, 152, 124]",0%,30%,43%,15%,"[0%, 30%, 43%, 15%]",68.87,22.66,25.03,"[68.87, 22.66, 25.03]",https://www.google.com/search?tbm=isch&q=sherwinWilliams%20Sherwin%20Williams%206339%20Persimmon%20color%20swatch,,,,,,,,,,,,,,,,,,,,,,,,,,,,,,,,,,,,,,,,,,,,
DB,sherwinwilliams,Sherwin Williams 6340 Baked Clay,#C1785C,0.644115839108859,0.10048618011864084,41.647586892186894,193,120,92,"[193, 120, 92]",0%,38%,52%,24%,"[0%, 38%, 52%, 24%]",58.02,27.20,27.96,"[58.02, 27.20, 27.96]",https://www.google.com/search?tbm=isch&q=sherwinWilliams%20Sherwin%20Williams%206340%20Baked%20Clay%20color%20swatch,,,,,,,,,,,,,,,,,,,,,,,,,,,,,,,,,,,,,,,,,,,,
DB,sherwinwilliams,Sherwin Williams 6341 Red Cent,#AD654C,0.5819444163922618,0.10042153225259431,39.81692514412896,173,101,76,"[173, 101, 76]",0%,42%,56%,32%,"[0%, 42%, 56%, 32%]",50.76,27.91,27.20,"[50.76, 27.91, 27.20]",https://www.google.com/search?tbm=isch&q=sherwinWilliams%20Sherwin%20Williams%206341%20Red%20Cent%20color%20swatch,,,,,,,,,,,,,,,,,,,,,,,,,,,,,,,,,,,,,,,,,,,,
DB,sherwinwilliams,Sherwin Williams 6342 Spicy Hue,#994B35,0.5056986056713993,0.11016301247706733,36.646384318363516,153,75,53,"[153, 75, 53]",0%,51%,65%,40%,"[0%, 51%, 65%, 40%]",41.76,31.99,28.74,"[41.76, 31.99, 28.74]",https://www.google.com/search?tbm=isch&q=sherwinWilliams%20Sherwin%20Williams%206342%20Spicy%20Hue%20color%20swatch,,,,,,,,,,,,,,,,,,,,,,,,,,,,,,,,,,,,,,,,,,,,
DB,sherwinwilliams,Sherwin Williams 6343 Alluring White,#EFE1D2,0.9168881079570506,0.025296458745346754,69.42380846457036,239,225,210,"[239, 225, 210]",0%,6%,12%,6%,"[0%, 6%, 12%, 6%]",90.36,3.11,9.17,"[90.36, 3.11, 9.17]",https://www.google.com/search?tbm=isch&q=sherwinWilliams%20Sherwin%20Williams%206343%20Alluring%20White%20color%20swatch,,,,,,,,,,,,,,,,,,,,,,,,,,,,,,,,,,,,,,,,,,,,
DB,sherwinwilliams,Sherwin Williams 6344 Peach Fuzz,#ECCFBB,0.8735487177419223,0.04241424856486697,56.70199977765179,236,207,187,"[236, 207, 187]",0%,12%,21%,7%,"[0%, 12%, 21%, 7%]",85.20,8.21,13.90,"[85.20, 8.21, 13.90]",https://www.google.com/search?tbm=isch&q=sherwinWilliams%20Sherwin%20Williams%206344%20Peach%20Fuzz%20color%20swatch,,,,,,,,,,,,,,,,,,,,,,,,,,,,,,,,,,,,,,,,,,,,
DB,sherwinwilliams,Sherwin Williams 6345 Sumptuous Peach,#E5B99B,0.8173239639596243,0.06519869011630117,55.9145495239531,229,185,155,"[229, 185, 155]",0%,19%,32%,10%,"[0%, 19%, 32%, 10%]",78.58,13.29,21.59,"[78.58, 13.29, 21.59]",https://www.google.com/search?tbm=isch&q=sherwinWilliams%20Sherwin%20Williams%206345%20Sumptuous%20Peach%20color%20swatch,,,,,,,,,,,,,,,,,,,,,,,,,,,,,,,,,,,,,,,,,,,,
DB,sherwinwilliams,Sherwin Williams 6346 Fame Orange,#DB9C7B,0.7457798172660804,0.08835642315734474,48.577644876180955,219,156,123,"[219, 156, 123]",0%,29%,44%,14%,"[0%, 29%, 44%, 14%]",70.03,21.34,27.14,"[70.03, 21.34, 27.14]",https://www.google.com/search?tbm=isch&q=sherwinWilliams%20Sherwin%20Williams%206346%20Fame%20Orange%20color%20swatch,,,,,,,,,,,,,,,,,,,,,,,,,,,,,,,,,,,,,,,,,,,,
DB,sherwinwilliams,Sherwin Williams 6347 Chrysanthemum,#C47B5B,0.6529987376993615,0.10213452597338116,44.221231587890145,196,123,91,"[196, 123, 91]",0%,37%,54%,23%,"[0%, 37%, 54%, 23%]",59.08,26.80,29.94,"[59.08, 26.80, 29.94]",https://www.google.com/search?tbm=isch&q=sherwinWilliams%20Sherwin%20Williams%206347%20Chrysanthemum%20color%20swatch,,,,,,,,,,,,,,,,,,,,,,,,,,,,,,,,,,,,,,,,,,,,
DB,sherwinwilliams,Sherwin Williams 6348 Reynard,#B46848,0.5957758604127484,0.10789899530053898,43.158563014419485,180,104,72,"[180, 104, 72]",0%,42%,60%,29%,"[0%, 42%, 60%, 29%]",52.37,29.00,31.67,"[52.37, 29.00, 31.67]",https://www.google.com/search?tbm=isch&q=sherwinWilliams%20Sherwin%20Williams%206348%20Reynard%20color%20swatch,,,,,,,,,,,,,,,,,,,,,,,,,,,,,,,,,,,,,,,,,,,,
DB,sherwinwilliams,Sherwin Williams 6349 Pennywise,#A2583A,0.5413299590515112,0.10679147990396735,42.27078530643314,162,88,58,"[162, 88, 58]",0%,46%,64%,36%,"[0%, 46%, 64%, 36%]",46.03,29.18,31.26,"[46.03, 29.18, 31.26]",https://www.google.com/search?tbm=isch&q=sherwinWilliams%20Sherwin%20Williams%206349%20Pennywise%20color%20swatch,,,,,,,,,,,,,,,,,,,,,,,,,,,,,,,,,,,,,,,,,,,,
DB,sherwinwilliams,Sherwin Williams 6350 Intricate Ivory,#EDDDCA,0.9053723001629,0.030941062362507762,72.1559411554465,237,221,202,"[237, 221, 202]",0%,7%,15%,7%,"[0%, 7%, 15%, 7%]",89.04,3.39,11.44,"[89.04, 3.39, 11.44]",https://www.google.com/search?tbm=isch&q=sherwinWilliams%20Sherwin%20Williams%206350%20Intricate%20Ivory%20color%20swatch,,,,,,,,,,,,,,,,,,,,,,,,,,,,,,,,,,,,,,,,,,,,
DB,sherwinwilliams,Sherwin Williams 6351 Sweet Orange,#EBCCB3,0.8649400634812653,0.0485748534996149,60.9898684423394,235,204,179,"[235, 204, 179]",0%,13%,24%,8%,"[0%, 13%, 24%, 8%]",84.23,8.47,16.73,"[84.23, 8.47, 16.73]",https://www.google.com/search?tbm=isch&q=sherwinWilliams%20Sherwin%20Williams%206351%20Sweet%20Orange%20color%20swatch,,,,,,,,,,,,,,,,,,,,,,,,,,,,,,,,,,,,,,,,,,,,
DB,sherwinwilliams,Sherwin Williams 6352 Soft Apricot,#E0B392,0.799002294227837,0.06889639157280232,57.80882851021545,224,179,146,"[224, 179, 146]",0%,20%,35%,12%,"[0%, 20%, 35%, 12%]",76.46,13.53,23.42,"[76.46, 13.53, 23.42]",https://www.google.com/search?tbm=isch&q=sherwinWilliams%20Sherwin%20Williams%206352%20Soft%20Apricot%20color%20swatch,,,,,,,,,,,,,,,,,,,,,,,,,,,,,,,,,,,,,,,,,,,,
DB,sherwinwilliams,Sherwin Williams 6353 Chivalry Copper,#D4966E,0.7244677894208286,0.0925239370793788,53.56509572519275,212,150,110,"[212, 150, 110]",0%,29%,48%,17%,"[0%, 29%, 48%, 17%]",67.62,20.64,30.84,"[67.62, 20.64, 30.84]",https://www.google.com/search?tbm=isch&q=sherwinWilliams%20Sherwin%20Williams%206353%20Chivalry%20Copper%20color%20swatch,,,,,,,,,,,,,,,,,,,,,,,,,,,,,,,,,,,,,,,,,,,,
DB,sherwinwilliams,Sherwin Williams 6354 Armagnac,#C38058,0.6603214801904301,0.09969106177978983,51.12772968946166,195,128,88,"[195, 128, 88]",0%,34%,55%,24%,"[0%, 34%, 55%, 24%]",60.08,23.60,32.77,"[60.08, 23.60, 32.77]",https://www.google.com/search?tbm=isch&q=sherwinWilliams%20Sherwin%20Williams%206354%20Armagnac%20color%20swatch,,,,,,,,,,,,,,,,,,,,,,,,,,,,,,,,,,,,,,,,,,,,
DB,sherwinwilliams,Sherwin Williams 6355 Truepenny,#B46C42,0.6019373732656856,0.10817114966675985,49.84839321591892,180,108,66,"[180, 108, 66]",0%,40%,63%,29%,"[0%, 40%, 63%, 29%]",53.21,26.60,35.93,"[53.21, 26.60, 35.93]",https://www.google.com/search?tbm=isch&q=sherwinWilliams%20Sherwin%20Williams%206355%20Truepenny%20color%20swatch,,,,,,,,,,,,,,,,,,,,,,,,,,,,,,,,,,,,,,,,,,,,
DB,sherwinwilliams,Sherwin Williams 6356 Copper Mountain,#A6613C,0.5629376078782136,0.10343797448338156,47.91511195184364,166,97,60,"[166, 97, 60]",0%,42%,64%,35%,"[0%, 42%, 64%, 35%]",48.67,26.21,33.37,"[48.67, 26.21, 33.37]",https://www.google.com/search?tbm=isch&q=sherwinWilliams%20Sherwin%20Williams%206356%20Copper%20Mountain%20color%20swatch,,,,,,,,,,,,,,,,,,,,,,,,,,,,,,,,,,,,,,,,,,,,
DB,sherwinwilliams,Sherwin Williams 6357 Choice Cream,#F0E1D0,0.917205093713889,0.02806584297123512,70.93068638635089,240,225,208,"[240, 225, 208]",0%,6%,13%,6%,"[0%, 6%, 13%, 6%]",90.41,3.24,10.29,"[90.41, 3.24, 10.29]",https://www.google.com/search?tbm=isch&q=sherwinWilliams%20Sherwin%20Williams%206357%20Choice%20Cream%20color%20swatch,,,,,,,,,,,,,,,,,,,,,,,,,,,,,,,,,,,,,,,,,,,,
DB,sherwinwilliams,Sherwin Williams 6358 Creamery,#EDD0B6,0.8751854822340649,0.04771489618770466,64.03265015459385,237,208,182,"[237, 208, 182]",0%,12%,23%,7%,"[0%, 12%, 23%, 7%]",85.45,7.57,16.88,"[85.45, 7.57, 16.88]",https://www.google.com/search?tbm=isch&q=sherwinWilliams%20Sherwin%20Williams%206358%20Creamery%20color%20swatch,,,,,,,,,,,,,,,,,,,,,,,,,,,,,,,,,,,,,,,,,,,,
DB,sherwinwilliams,Sherwin Williams 6359 Sociable,#E8BE9B,0.8298027508159795,0.06729637398211585,61.492073074753876,232,190,155,"[232, 190, 155]",0%,18%,33%,9%,"[0%, 18%, 33%, 9%]",80.10,11.96,23.69,"[80.10, 11.96, 23.69]",https://www.google.com/search?tbm=isch&q=sherwinWilliams%20Sherwin%20Williams%206359%20Sociable%20color%20swatch,,,,,,,,,,,,,,,,,,,,,,,,,,,,,,,,,,,,,,,,,,,,
DB,sherwinwilliams,Sherwin Williams 6360 Folksy Gold,#D69969,0.7314234881664644,0.0970627576791613,58.687905071305465,214,153,105,"[214, 153, 105]",0%,29%,51%,16%,"[0%, 29%, 51%, 16%]",68.50,19.58,34.66,"[68.50, 19.58, 34.66]",https://www.google.com/search?tbm=isch&q=sherwinWilliams%20Sherwin%20Williams%206360%20Folksy%20Gold%20color%20swatch,,,,,,,,,,,,,,,,,,,,,,,,,,,,,,,,,,,,,,,,,,,,
DB,sherwinwilliams,Sherwin Williams 6361 Autumnal,#CD8C5D,0.6950505393705769,0.10115025570422007,56.0631563530448,205,140,93,"[205, 140, 93]",0%,32%,55%,20%,"[0%, 32%, 55%, 20%]",64.20,21.81,35.45,"[64.20, 21.81, 35.45]",https://www.google.com/search?tbm=isch&q=sherwinWilliams%20Sherwin%20Williams%206361%20Autumnal%20color%20swatch,,,,,,,,,,,,,,,,,,,,,,,,,,,,,,,,,,,,,,,,,,,,
DB,sherwinwilliams,Sherwin Williams 6362 Tigereye,#BB7748,0.6315958984499388,0.1059132491625201,54.20340674923733,187,119,72,"[187, 119, 72]",0%,36%,61%,27%,"[0%, 36%, 61%, 27%]",56.76,24.07,37.10,"[56.76, 24.07, 37.10]",https://www.google.com/search?tbm=isch&q=sherwinWilliams%20Sherwin%20Williams%206362%20Tigereye%20color%20swatch,,,,,,,,,,,,,,,,,,,,,,,,,,,,,,,,,,,,,,,,,,,,
DB,sherwinwilliams,Sherwin Williams 6363 Gingery,#B06C3E,0.5962173275276558,0.1062774992809261,53.29700481193066,176,108,62,"[176, 108, 62]",0%,39%,65%,31%,"[0%, 39%, 65%, 31%]",52.62,24.72,37.22,"[52.62, 24.72, 37.22]",https://www.google.com/search?tbm=isch&q=sherwinWilliams%20Sherwin%20Williams%206363%20Gingery%20color%20swatch,,,,,,,,,,,,,,,,,,,,,,,,,,,,,,,,,,,,,,,,,,,,
DB,sherwinwilliams,Sherwin Williams 6364 Eggwhite,#F3E5D2,0.9280030826591339,0.02953784522334455,75.68058549666961,243,229,210,"[243, 229, 210]",0%,6%,14%,5%,"[0%, 6%, 14%, 5%]",91.69,2.63,11.10,"[91.69, 2.63, 11.10]",https://www.google.com/search?tbm=isch&q=sherwinWilliams%20Sherwin%20Williams%206364%20Eggwhite%20color%20swatch,,,,,,,,,,,,,,,,,,,,,,,,,,,,,,,,,,,,,,,,,,,,
DB,sherwinwilliams,Sherwin Williams 6365 Cachet Cream,#F3D9BA,0.8988755483320259,0.05018575464648387,72.00298340655013,243,217,186,"[243, 217, 186]",0%,11%,23%,5%,"[0%, 11%, 23%, 5%]",88.29,5.84,18.80,"[88.29, 5.84, 18.80]",https://www.google.com/search?tbm=isch&q=sherwinWilliams%20Sherwin%20Williams%206365%20Cachet%20Cream%20color%20swatch,,,,,,,,,,,,,,,,,,,,,,,,,,,,,,,,,,,,,,,,,,,,
DB,sherwinwilliams,Sherwin Williams 6366 Ambitious Amber,#F0CB97,0.8616721663029215,0.07927572703653471,75.80748759025346,240,203,151,"[240, 203, 151]",0%,15%,37%,6%,"[0%, 15%, 37%, 6%]",84.01,8.30,31.10,"[84.01, 8.30, 31.10]",https://www.google.com/search?tbm=isch&q=sherwinWilliams%20Sherwin%20Williams%206366%20Ambitious%20Amber%20color%20swatch,,,,,,,,,,,,,,,,,,,,,,,,,,,,,,,,,,,,,,,,,,,,
DB,sherwinwilliams,Sherwin Williams 6367 Viva Gold,#E3AC72,0.7827405680102868,0.0986826322281211,67.0283969465807,227,172,114,"[227, 172, 114]",0%,24%,50%,11%,"[0%, 24%, 50%, 11%]",74.63,15.80,37.92,"[74.63, 15.80, 37.92]",https://www.google.com/search?tbm=isch&q=sherwinWilliams%20Sherwin%20Williams%206367%20Viva%20Gold%20color%20swatch,,,,,,,,,,,,,,,,,,,,,,,,,,,,,,,,,,,,,,,,,,,,
DB,sherwinwilliams,Sherwin Williams 6368 Bakelite Gold,#D7995D,0.7306721407487128,0.10690300662009139,63.88340405174347,215,153,93,"[215, 153, 93]",0%,29%,57%,16%,"[0%, 29%, 57%, 16%]",68.47,19.26,40.89,"[68.47, 19.26, 40.89]",https://www.google.com/search?tbm=isch&q=sherwinWilliams%20Sherwin%20Williams%206368%20Bakelite%20Gold%20color%20swatch,,,,,,,,,,,,,,,,,,,,,,,,,,,,,,,,,,,,,,,,,,,,
DB,sherwinwilliams,Sherwin Williams 6369 Tassel,#C6884A,0.6767121277968718,0.10924183064823699,64.08240425074365,198,136,74,"[198, 136, 74]",0%,31%,63%,22%,"[0%, 31%, 63%, 22%]",62.19,19.92,42.68,"[62.19, 19.92, 42.68]",https://www.google.com/search?tbm=isch&q=sherwinWilliams%20Sherwin%20Williams%206369%20Tassel%20color%20swatch,,,,,,,,,,,,,,,,,,,,,,,,,,,,,,,,,,,,,,,,,,,,
DB,sherwinwilliams,Sherwin Williams 6370 Saucy Gold,#B6743B,0.6181509742816477,0.11035042504488068,59.29719558768795,182,116,59,"[182, 116, 59]",0%,36%,68%,29%,"[0%, 36%, 68%, 29%]",55.27,22.91,41.94,"[55.27, 22.91, 41.94]",https://www.google.com/search?tbm=isch&q=sherwinWilliams%20Sherwin%20Williams%206370%20Saucy%20Gold%20color%20swatch,,,,,,,,,,,,,,,,,,,,,,,,,,,,,,,,,,,,,,,,,,,,
DB,sherwinwilliams,Sherwin Williams 6371 Vanillin,#F2E3CA,0.9212974424704564,0.03695013600283716,80.61885997763932,242,227,202,"[242, 227, 202]",0%,6%,17%,5%,"[0%, 6%, 17%, 5%]",90.96,2.33,14.20,"[90.96, 2.33, 14.20]",https://www.google.com/search?tbm=isch&q=sherwinWilliams%20Sherwin%20Williams%206371%20Vanillin%20color%20swatch,,,,,,,,,,,,,,,,,,,,,,,,,,,,,,,,,,,,,,,,,,,,
DB,sherwinwilliams,Sherwin Williams 6372 Inviting Ivory,#F2D5B0,0.8879970744022165,0.05850788904550283,73.68773631678624,242,213,176,"[242, 213, 176]",0%,12%,27%,5%,"[0%, 12%, 27%, 5%]",87.04,6.42,22.26,"[87.04, 6.42, 22.26]",https://www.google.com/search?tbm=isch&q=sherwinWilliams%20Sherwin%20Williams%206372%20Inviting%20Ivory%20color%20swatch,,,,,,,,,,,,,,,,,,,,,,,,,,,,,,,,,,,,,,,,,,,,
DB,sherwinwilliams,Sherwin Williams 6373 Harvester,#EDC38E,0.8416720450594011,0.08374688665484058,72.76902779365525,237,195,142,"[237, 195, 142]",0%,18%,40%,7%,"[0%, 18%, 40%, 7%]",81.62,10.34,32.58,"[81.62, 10.34, 32.58]",https://www.google.com/search?tbm=isch&q=sherwinWilliams%20Sherwin%20Williams%206373%20Harvester%20color%20swatch,,,,,,,,,,,,,,,,,,,,,,,,,,,,,,,,,,,,,,,,,,,,
DB,sherwinwilliams,Sherwin Williams 6374 Torchlight,#E5AE6B,0.7875607399223737,0.10613355026442335,70.73352760513058,229,174,107,"[229, 174, 107]",0%,24%,53%,10%,"[0%, 24%, 53%, 10%]",75.24,15.17,42.29,"[75.24, 15.17, 42.29]",https://www.google.com/search?tbm=isch&q=sherwinWilliams%20Sherwin%20Williams%206374%20Torchlight%20color%20swatch,,,,,,,,,,,,,,,,,,,,,,,,,,,,,,,,,,,,,,,,,,,,
DB,sherwinwilliams,Sherwin Williams 6375 Honeycomb,#D59858,0.7258571285930984,0.109155993837779,65.93518587268818,213,152,88,"[213, 152, 88]",0%,29%,59%,16%,"[0%, 29%, 59%, 16%]",67.95,18.66,42.75,"[67.95, 18.66, 42.75]",https://www.google.com/search?tbm=isch&q=sherwinWilliams%20Sherwin%20Williams%206375%20Honeycomb%20color%20swatch,,,,,,,,,,,,,,,,,,,,,,,,,,,,,,,,,,,,,,,,,,,,
DB,sherwinwilliams,Sherwin Williams 6376 Gold Coast,#C78538,0.6702660099990286,0.12208742484229793,66.84012497548031,199,133,56,"[199, 133, 56]",0%,33%,72%,22%,"[0%, 33%, 72%, 22%]",61.45,21.14,50.54,"[61.45, 21.14, 50.54]",https://www.google.com/search?tbm=isch&q=sherwinWilliams%20Sherwin%20Williams%206376%20Gold%20Coast%20color%20swatch,,,,,,,,,,,,,,,,,,,,,,,,,,,,,,,,,,,,,,,,,,,,
DB,sherwinwilliams,Sherwin Williams 6377 Butterscotch,#B67D3C,0.6352638658598182,0.10766677048258931,67.163827905022,182,125,60,"[182, 125, 60]",0%,31%,67%,29%,"[0%, 31%, 67%, 29%]",57.45,18.19,43.77,"[57.45, 18.19, 43.77]",https://www.google.com/search?tbm=isch&q=sherwinWilliams%20Sherwin%20Williams%206377%20Butterscotch%20color%20swatch,,,,,,,,,,,,,,,,,,,,,,,,,,,,,,,,,,,,,,,,,,,,
DB,sherwinwilliams,Sherwin Williams 6378 Crisp Linen,#F3E6D4,0.930460080706595,0.027828509663929427,76.20384202187279,243,230,212,"[243, 230, 212]",0%,5%,13%,5%,"[0%, 5%, 13%, 5%]",91.98,2.38,10.47,"[91.98, 2.38, 10.47]",https://www.google.com/search?tbm=isch&q=sherwinWilliams%20Sherwin%20Williams%206378%20Crisp%20Linen%20color%20swatch,,,,,,,,,,,,,,,,,,,,,,,,,,,,,,,,,,,,,,,,,,,,
DB,sherwinwilliams,Sherwin Williams 6379 Jersey Cream,#F5DEBB,0.9105716647744501,0.05252889587729761,78.31973115871392,245,222,187,"[245, 222, 187]",0%,9%,24%,4%,"[0%, 9%, 24%, 4%]",89.72,4.27,20.27,"[89.72, 4.27, 20.27]",https://www.google.com/search?tbm=isch&q=sherwinWilliams%20Sherwin%20Williams%206379%20Jersey%20Cream%20color%20swatch,,,,,,,,,,,,,,,,,,,,,,,,,,,,,,,,,,,,,,,,,,,,
DB,sherwinwilliams,Sherwin Williams 6380 Humble Gold,#EDC796,0.8509126586421824,0.07706780587720585,73.54844958011222,237,199,150,"[237, 199, 150]",0%,16%,37%,7%,"[0%, 16%, 37%, 7%]",82.72,9.01,29.87,"[82.72, 9.01, 29.87]",https://www.google.com/search?tbm=isch&q=sherwinWilliams%20Sherwin%20Williams%206380%20Humble%20Gold%20color%20swatch,,,,,,,,,,,,,,,,,,,,,,,,,,,,,,,,,,,,,,,,,,,,
DB,sherwinwilliams,Sherwin Williams 6381 Anjou Pear,#DDAC6D,0.775722889845852,0.09877900096278502,72.48730065070811,221,172,109,"[221, 172, 109]",0%,22%,51%,13%,"[0%, 22%, 51%, 13%]",73.93,13.02,39.45,"[73.93, 13.02, 39.45]",https://www.google.com/search?tbm=isch&q=sherwinWilliams%20Sherwin%20Williams%206381%20Anjou%20Pear%20color%20swatch,,,,,,,,,,,,,,,,,,,,,,,,,,,,,,,,,,,,,,,,,,,,
DB,sherwinwilliams,Sherwin Williams 6382 Ceremonial Gold,#D69E59,0.7384967091596961,0.1090948131446198,70.49101028871428,214,158,89,"[214, 158, 89]",0%,26%,58%,16%,"[0%, 26%, 58%, 16%]",69.53,16.06,44.10,"[69.53, 16.06, 44.10]",https://www.google.com/search?tbm=isch&q=sherwinWilliams%20Sherwin%20Williams%206382%20Ceremonial%20Gold%20color%20swatch,,,,,,,,,,,,,,,,,,,,,,,,,,,,,,,,,,,,,,,,,,,,
DB,sherwinwilliams,Sherwin Williams 6383 Golden Rule,#CC9249,0.7024659069416493,0.11377187142694309,70.3073905343067,204,146,73,"[204, 146, 73]",0%,28%,64%,20%,"[0%, 28%, 64%, 20%]",65.31,17.22,46.85,"[65.31, 17.22, 46.85]",https://www.google.com/search?tbm=isch&q=sherwinWilliams%20Sherwin%20Williams%206383%20Golden%20Rule%20color%20swatch,,,,,,,,,,,,,,,,,,,,,,,,,,,,,,,,,,,,,,,,,,,,
DB,sherwinwilliams,Sherwin Williams 6384 Cut the Mustard,#BA7F38,0.6434183067158341,0.1131172249636083,68.16034782820589,186,127,56,"[186, 127, 56]",0%,32%,70%,27%,"[0%, 32%, 70%, 27%]",58.40,18.70,46.84,"[58.40, 18.70, 46.84]",https://www.google.com/search?tbm=isch&q=sherwinWilliams%20Sherwin%20Williams%206384%20Cut%20the%20Mustard%20color%20swatch,,,,,,,,,,,,,,,,,,,,,,,,,,,,,,,,,,,,,,,,,,,,
DB,sherwinwilliams,Sherwin Williams 6385 Dover White,#F0EADC,0.937938451761295,0.01971497214089762,87.51548444592152,240,234,220,"[240, 234, 220]",0%,3%,8%,6%,"[0%, 3%, 8%, 6%]",92.89,0.33,7.58,"[92.89, 0.33, 7.58]",https://www.google.com/search?tbm=isch&q=sherwinWilliams%20Sherwin%20Williams%206385%20Dover%20White%20color%20swatch,,,,,,,,,,,,,,,,,,,,,,,,,,,,,,,,,,,,,,,,,,,,
DB,sherwinwilliams,Sherwin Williams 6386 Napery,#EFDDC1,0.9048700341799636,0.04208439622254152,78.95195773127693,239,221,193,"[239, 221, 193]",0%,8%,19%,6%,"[0%, 8%, 19%, 6%]",89.05,3.13,16.16,"[89.05, 3.13, 16.16]",https://www.google.com/search?tbm=isch&q=sherwinWilliams%20Sherwin%20Williams%206386%20Napery%20color%20swatch,,,,,,,,,,,,,,,,,,,,,,,,,,,,,,,,,,,,,,,,,,,,
DB,sherwinwilliams,Sherwin Williams 6387 Compatible Cream,#E8C89E,0.8498041394498642,0.06616532216778491,74.2567969851251,232,200,158,"[232, 200, 158]",0%,14%,32%,9%,"[0%, 14%, 32%, 9%]",82.61,7.26,25.48,"[82.61, 7.26, 25.48]",https://www.google.com/search?tbm=isch&q=sherwinWilliams%20Sherwin%20Williams%206387%20Compatible%20Cream%20color%20swatch,,,,,,,,,,,,,,,,,,,,,,,,,,,,,,,,,,,,,,,,,,,,
DB,sherwinwilliams,Sherwin Williams 6388 Golden Fleece,#D6AD78,0.7723958610143757,0.08428522038913314,73.18631677887225,214,173,120,"[214, 173, 120]",0%,19%,44%,16%,"[0%, 19%, 44%, 16%]",73.58,10.42,33.16,"[73.58, 10.42, 33.16]",https://www.google.com/search?tbm=isch&q=sherwinWilliams%20Sherwin%20Williams%206388%20Golden%20Fleece%20color%20swatch,,,,,,,,,,,,,,,,,,,,,,,,,,,,,,,,,,,,,,,,,,,,
DB,sherwinwilliams,Sherwin Williams 6389 Butternut,#CC9B5C,0.7223424676789701,0.09953151927877307,72.09427655565389,204,155,92,"[204, 155, 92]",0%,24%,55%,20%,"[0%, 24%, 55%, 20%]",67.71,13.58,40.14,"[67.71, 13.58, 40.14]",https://www.google.com/search?tbm=isch&q=sherwinWilliams%20Sherwin%20Williams%206389%20Butternut%20color%20swatch,,,,,,,,,,,,,,,,,,,,,,,,,,,,,,,,,,,,,,,,,,,,
DB,sherwinwilliams,Sherwin Williams 6390 Bosc Pear,#C09056,0.686993905604761,0.09505931782336338,70.36602924170916,192,144,86,"[192, 144, 86]",0%,25%,55%,25%,"[0%, 25%, 55%, 25%]",63.58,13.85,37.94,"[63.58, 13.85, 37.94]",https://www.google.com/search?tbm=isch&q=sherwinWilliams%20Sherwin%20Williams%206390%20Bosc%20Pear%20color%20swatch,,,,,,,,,,,,,,,,,,,,,,,,,,,,,,,,,,,,,,,,,,,,
DB,sherwinwilliams,Sherwin Williams 6391 Gallant Gold,#A4763C,0.6003980614680772,0.09451997953851365,70.62016069520712,164,118,60,"[164, 118, 60]",0%,28%,63%,36%,"[0%, 28%, 63%, 36%]",53.52,14.06,38.75,"[53.52, 14.06, 38.75]",https://www.google.com/search?tbm=isch&q=sherwinWilliams%20Sherwin%20Williams%206391%20Gallant%20Gold%20color%20swatch,,,,,,,,,,,,,,,,,,,,,,,,,,,,,,,,,,,,,,,,,,,,
DB,sherwinwilliams,Sherwin Williams 6392 Vital Yellow,#EDE0C5,0.9100533003085907,0.03850571374913467,85.34319628277763,237,224,197,"[237, 224, 197]",0%,5%,17%,7%,"[0%, 5%, 17%, 7%]",89.70,1.38,14.96,"[89.70, 1.38, 14.96]",https://www.google.com/search?tbm=isch&q=sherwinWilliams%20Sherwin%20Williams%206392%20Vital%20Yellow%20color%20swatch,,,,,,,,,,,,,,,,,,,,,,,,,,,,,,,,,,,,,,,,,,,,
DB,sherwinwilliams,Sherwin Williams 6393 Convivial Yellow,#E9D6B0,0.8820853296069714,0.05434676705292076,84.51594330799935,233,214,176,"[233, 214, 176]",0%,8%,24%,9%,"[0%, 8%, 24%, 9%]",86.49,2.51,21.36,"[86.49, 2.51, 21.36]",https://www.google.com/search?tbm=isch&q=sherwinWilliams%20Sherwin%20Williams%206393%20Convivial%20Yellow%20color%20swatch,,,,,,,,,,,,,,,,,,,,,,,,,,,,,,,,,,,,,,,,,,,,
DB,sherwinwilliams,Sherwin Williams 6394 Sequin,#E1C28D,0.8281936099273426,0.07751978413095612,80.68387766219672,225,194,141,"[225, 194, 141]",0%,14%,37%,12%,"[0%, 14%, 37%, 12%]",80.20,5.99,30.99,"[80.20, 5.99, 30.99]",https://www.google.com/search?tbm=isch&q=sherwinWilliams%20Sherwin%20Williams%206394%20Sequin%20color%20swatch,,,,,,,,,,,,,,,,,,,,,,,,,,,,,,,,,,,,,,,,,,,,
DB,sherwinwilliams,Sherwin Williams 6395 Alchemy,#C99E53,0.7238622069674704,0.10627271313159187,79.69055873598916,201,158,83,"[201, 158, 83]",0%,21%,59%,21%,"[0%, 21%, 59%, 21%]",68.04,10.25,44.92,"[68.04, 10.25, 44.92]",https://www.google.com/search?tbm=isch&q=sherwinWilliams%20Sherwin%20Williams%206395%20Alchemy%20color%20swatch,,,,,,,,,,,,,,,,,,,,,,,,,,,,,,,,,,,,,,,,,,,,
DB,sherwinwilliams,Sherwin Williams 6396 Different Gold,#BC934D,0.6874099844510362,0.10100934427589994,79.15248618653152,188,147,77,"[188, 147, 77]",0%,22%,59%,26%,"[0%, 22%, 59%, 26%]",63.80,10.06,42.62,"[63.80, 10.06, 42.62]",https://www.google.com/search?tbm=isch&q=sherwinWilliams%20Sherwin%20Williams%206396%20Different%20Gold%20color%20swatch,,,,,,,,,,,,,,,,,,,,,,,,,,,,,,,,,,,,,,,,,,,,
DB,sherwinwilliams,Sherwin Williams 6397 Nankeen,#AA803A,0.6271463031398364,0.10137996761926757,77.75872463018777,170,128,58,"[170, 128, 58]",0%,25%,66%,33%,"[0%, 25%, 66%, 33%]",56.76,11.25,43.49,"[56.76, 11.25, 43.49]",https://www.google.com/search?tbm=isch&q=sherwinWilliams%20Sherwin%20Williams%206397%20Nankeen%20color%20swatch,,,,,,,,,,,,,,,,,,,,,,,,,,,,,,,,,,,,,,,,,,,,
DB,sherwinwilliams,Sherwin Williams 6398 Sconce Gold,#996F32,0.5722282748534342,0.09411388781822093,73.99065153235256,153,111,50,"[153, 111, 50]",0%,27%,67%,40%,"[0%, 27%, 67%, 40%]",50.31,12.46,39.82,"[50.31, 12.46, 39.82]",https://www.google.com/search?tbm=isch&q=sherwinWilliams%20Sherwin%20Williams%206398%20Sconce%20Gold%20color%20swatch,,,,,,,,,,,,,,,,,,,,,,,,,,,,,,,,,,,,,,,,,,,,
DB,sherwinwilliams,Sherwin Williams 6399 Chamomile,#E9E0C5,0.9067693263343477,0.037133482638657435,91.70773917338045,233,224,197,"[233, 224, 197]",0%,4%,15%,9%,"[0%, 4%, 15%, 9%]",89.37,-0.09,14.43,"[89.37, -0.09, 14.43]",https://www.google.com/search?tbm=isch&q=sherwinWilliams%20Sherwin%20Williams%206399%20Chamomile%20color%20swatch,,,,,,,,,,,,,,,,,,,,,,,,,,,,,,,,,,,,,,,,,,,,
DB,sherwinwilliams,Sherwin Williams 6400 Lucent Yellow,#E4D0A5,0.8634746682567176,0.06082529442082373,85.94934692236274,228,208,165,"[228, 208, 165]",0%,9%,28%,11%,"[0%, 9%, 28%, 11%]",84.36,2.43,24.10,"[84.36, 2.43, 24.10]",https://www.google.com/search?tbm=isch&q=sherwinWilliams%20Sherwin%20Williams%206400%20Lucent%20Yellow%20color%20swatch,,,,,,,,,,,,,,,,,,,,,,,,,,,,,,,,,,,,,,,,,,,,
DB,sherwinwilliams,Sherwin Williams 6401 Independent Gold,#D2BA83,0.7964791247288252,0.0770587788744906,87.01870365678053,210,186,131,"[210, 186, 131]",0%,11%,38%,18%,"[0%, 11%, 38%, 18%]",76.63,3.13,31.23,"[76.63, 3.13, 31.23]",https://www.google.com/search?tbm=isch&q=sherwinWilliams%20Sherwin%20Williams%206401%20Independent%20Gold%20color%20swatch,,,,,,,,,,,,,,,,,,,,,,,,,,,,,,,,,,,,,,,,,,,,
DB,sherwinwilliams,Sherwin Williams 6402 Antiquity,#C2A462,0.7309797270643574,0.09194441721095044,85.72918646852702,194,164,98,"[194, 164, 98]",0%,15%,49%,24%,"[0%, 15%, 49%, 24%]",69.01,5.14,38.33,"[69.01, 5.14, 38.33]",https://www.google.com/search?tbm=isch&q=sherwinWilliams%20Sherwin%20Williams%206402%20Antiquity%20color%20swatch,,,,,,,,,,,,,,,,,,,,,,,,,,,,,,,,,,,,,,,,,,,,
DB,sherwinwilliams,Sherwin Williams 6403 Escapade Gold,#B89B59,0.7012737838679434,0.09178238819573047,86.31740619137668,184,155,89,"[184, 155, 89]",0%,16%,52%,28%,"[0%, 16%, 52%, 28%]",65.57,4.92,38.52,"[65.57, 4.92, 38.52]",https://www.google.com/search?tbm=isch&q=sherwinWilliams%20Sherwin%20Williams%206403%20Escapade%20Gold%20color%20swatch,,,,,,,,,,,,,,,,,,,,,,,,,,,,,,,,,,,,,,,,,,,,
DB,sherwinwilliams,Sherwin Williams 6404 Grandiose,#9C7F41,0.6107073005630941,0.0881924699642448,84.57127599827345,156,127,65,"[156, 127, 65]",0%,19%,58%,39%,"[0%, 19%, 58%, 39%]",55.00,5.95,37.58,"[55.00, 5.95, 37.58]",https://www.google.com/search?tbm=isch&q=sherwinWilliams%20Sherwin%20Williams%206404%20Grandiose%20color%20swatch,,,,,,,,,,,,,,,,,,,,,,,,,,,,,,,,,,,,,,,,,,,,
DB,sherwinwilliams,Sherwin Williams 6405 Fervent Brass,#95793D,0.5899948828490591,0.08587841682254643,84.57993612243672,149,121,61,"[149, 121, 61]",0%,19%,59%,42%,"[0%, 19%, 59%, 42%]",52.59,5.81,36.65,"[52.59, 5.81, 36.65]",https://www.google.com/search?tbm=isch&q=sherwinWilliams%20Sherwin%20Williams%206405%20Fervent%20Brass%20color%20swatch,,,,,,,,,,,,,,,,,,,,,,,,,,,,,,,,,,,,,,,,,,,,
DB,sherwinwilliams,Sherwin Williams 6406 Ionic Ivory,#E7DFC5,0.9031513678898778,0.035632364200136386,92.84226739092333,231,223,197,"[231, 223, 197]",0%,3%,15%,9%,"[0%, 3%, 15%, 9%]",88.95,-0.35,13.82,"[88.95, -0.35, 13.82]",https://www.google.com/search?tbm=isch&q=sherwinWilliams%20Sherwin%20Williams%206406%20Ionic%20Ivory%20color%20swatch,,,,,,,,,,,,,,,,,,,,,,,,,,,,,,,,,,,,,,,,,,,,
DB,sherwinwilliams,Sherwin Williams 6407 Ancestral Gold,#DDCDA6,0.8516293620575697,0.05473619134030139,88.35583530244992,221,205,166,"[221, 205, 166]",0%,7%,25%,13%,"[0%, 7%, 25%, 13%]",83.00,1.31,21.62,"[83.00, 1.31, 21.62]",https://www.google.com/search?tbm=isch&q=sherwinWilliams%20Sherwin%20Williams%206407%20Ancestral%20Gold%20color%20swatch,,,,,,,,,,,,,,,,,,,,,,,,,,,,,,,,,,,,,,,,,,,,
DB,sherwinwilliams,Sherwin Williams 6408 Wheat Grass,#CBB584,0.7801021407152294,0.06973041399797877,86.5240945745025,203,181,132,"[203, 181, 132]",0%,11%,35%,20%,"[0%, 11%, 35%, 20%]",74.71,2.91,28.07,"[74.71, 2.91, 28.07]",https://www.google.com/search?tbm=isch&q=sherwinWilliams%20Sherwin%20Williams%206408%20Wheat%20Grass%20color%20swatch,,,,,,,,,,,,,,,,,,,,,,,,,,,,,,,,,,,,,,,,,,,,
DB,sherwinwilliams,Sherwin Williams 6409 Edgy Gold,#B1975F,0.6869949733477088,0.08037842012267786,85.46505849517854,177,151,95,"[177, 151, 95]",0%,15%,46%,31%,"[0%, 15%, 46%, 31%]",63.89,4.44,33.18,"[63.89, 4.44, 33.18]",https://www.google.com/search?tbm=isch&q=sherwinWilliams%20Sherwin%20Williams%206409%20Edgy%20Gold%20color%20swatch,,,,,,,,,,,,,,,,,,,,,,,,,,,,,,,,,,,,,,,,,,,,
DB,sherwinwilliams,Sherwin Williams 6410 Brassy,#9D8344,0.620645359719474,0.08800211629005643,87.30592292151528,157,131,68,"[157, 131, 68]",0%,17%,57%,38%,"[0%, 17%, 57%, 38%]",56.21,4.44,37.46,"[56.21, 4.44, 37.46]",https://www.google.com/search?tbm=isch&q=sherwinWilliams%20Sherwin%20Williams%206410%20Brassy%20color%20swatch,,,,,,,,,,,,,,,,,,,,,,,,,,,,,,,,,,,,,,,,,,,,
DB,sherwinwilliams,Sherwin Williams 6411 Bengal Grass,#8E773F,0.5785728112517862,0.08003334954883196,87.50041356664974,142,119,63,"[142, 119, 63]",0%,16%,56%,44%,"[0%, 16%, 56%, 44%]",51.32,3.87,33.92,"[51.32, 3.87, 33.92]",https://www.google.com/search?tbm=isch&q=sherwinWilliams%20Sherwin%20Williams%206411%20Bengal%20Grass%20color%20swatch,,,,,,,,,,,,,,,,,,,,,,,,,,,,,,,,,,,,,,,,,,,,
DB,sherwinwilliams,Sherwin Williams 6412 Eminent Bronze,#7A6841,0.5249665905963997,0.060007188886041785,85.63945236852351,122,104,65,"[122, 104, 65]",0%,15%,47%,52%,"[0%, 15%, 47%, 52%]",45.05,3.21,24.70,"[45.05, 3.21, 24.70]",https://www.google.com/search?tbm=isch&q=sherwinWilliams%20Sherwin%20Williams%206412%20Eminent%20Bronze%20color%20swatch,,,,,,,,,,,,,,,,,,,,,,,,,,,,,,,,,,,,,,,,,,,,
DB,sherwinwilliams,Sherwin Williams 6413 Restoration Ivory,#E9E1CA,0.9099751660439368,0.03180180575199905,91.03580380472067,233,225,202,"[233, 225, 202]",0%,3%,13%,9%,"[0%, 3%, 13%, 9%]",89.71,-0.00,12.32,"[89.71, -0.00, 12.32]",https://www.google.com/search?tbm=isch&q=sherwinWilliams%20Sherwin%20Williams%206413%20Restoration%20Ivory%20color%20swatch,,,,,,,,,,,,,,,,,,,,,,,,,,,,,,,,,,,,,,,,,,,,
DB,sherwinwilliams,Sherwin Williams 6414 Rice Paddy,#DFD4B0,0.8696164146789527,0.04929526727322511,93.03658013141484,223,212,176,"[223, 212, 176]",0%,5%,21%,13%,"[0%, 5%, 21%, 13%]",85.12,-0.31,19.33,"[85.12, -0.31, 19.33]",https://www.google.com/search?tbm=isch&q=sherwinWilliams%20Sherwin%20Williams%206414%20Rice%20Paddy%20color%20swatch,,,,,,,,,,,,,,,,,,,,,,,,,,,,,,,,,,,,,,,,,,,,
DB,sherwinwilliams,Sherwin Williams 6415 Hearts of Palm,#CFC291,0.8128093284756859,0.06650571589496669,95.00996600138706,207,194,145,"[207, 194, 145]",0%,6%,30%,19%,"[0%, 6%, 30%, 19%]",78.62,-0.77,26.48,"[78.62, -0.77, 26.48]",https://www.google.com/search?tbm=isch&q=sherwinWilliams%20Sherwin%20Williams%206415%20Hearts%20of%20Palm%20color%20swatch,,,,,,,,,,,,,,,,,,,,,,,,,,,,,,,,,,,,,,,,,,,,
DB,sherwinwilliams,Sherwin Williams 6416 Sassy Green,#BBA86A,0.7338418357835568,0.08413265065407706,92.98558405165284,187,168,106,"[187, 168, 106]",0%,10%,43%,27%,"[0%, 10%, 43%, 27%]",69.47,0.76,34.61,"[69.47, 0.76, 34.61]",https://www.google.com/search?tbm=isch&q=sherwinWilliams%20Sherwin%20Williams%206416%20Sassy%20Green%20color%20swatch,,,,,,,,,,,,,,,,,,,,,,,,,,,,,,,,,,,,,,,,,,,,
DB,sherwinwilliams,Sherwin Williams 6417 Tupelo Tree,#9C9152,0.6519580014092581,0.08463320074744966,99.60173230797113,156,145,82,"[156, 145, 82]",0%,7%,47%,39%,"[0%, 7%, 47%, 39%]",60.08,-2.39,34.77,"[60.08, -2.39, 34.77]",https://www.google.com/search?tbm=isch&q=sherwinWilliams%20Sherwin%20Williams%206417%20Tupelo%20Tree%20color%20swatch,,,,,,,,,,,,,,,,,,,,,,,,,,,,,,,,,,,,,,,,,,,,
DB,sherwinwilliams,Sherwin Williams 6418 Rural Green,#8D844D,0.6083775532129562,0.07569629103488955,100.15575568137422,141,132,77,"[141, 132, 77]",0%,6%,45%,45%,"[0%, 6%, 45%, 45%]",54.99,-2.49,30.86,"[54.99, -2.49, 30.86]",https://www.google.com/search?tbm=isch&q=sherwinWilliams%20Sherwin%20Williams%206418%20Rural%20Green%20color%20swatch,,,,,,,,,,,,,,,,,,,,,,,,,,,,,,,,,,,,,,,,,,,,
DB,sherwinwilliams,Sherwin Williams 6419 Saguaro,#655F2D,0.4794269193152442,0.07037537990627019,102.49743269217294,101,95,45,"[101, 95, 45]",0%,6%,55%,60%,"[0%, 6%, 55%, 60%]",40.01,-2.99,29.11,"[40.01, -2.99, 29.11]",https://www.google.com/search?tbm=isch&q=sherwinWilliams%20Sherwin%20Williams%206419%20Saguaro%20color%20swatch,,,,,,,,,,,,,,,,,,,,,,,,,,,,,,,,,,,,,,,,,,,,
DB,sherwinwilliams,Sherwin Williams 6420 Queen Anne's Lace,#ECEAD5,0.9329937828785531,0.027887686932929333,102.48416166634445,236,234,213,"[236, 234, 213]",0%,1%,10%,7%,"[0%, 1%, 10%, 7%]",92.43,-1.94,10.49,"[92.43, -1.94, 10.49]",https://www.google.com/search?tbm=isch&q=sherwinWilliams%20Sherwin%20Williams%206420%20Queen%20Anne's%20Lace%20color%20swatch,,,,,,,,,,,,,,,,,,,,,,,,,,,,,,,,,,,,,,,,,,,,
DB,sherwinwilliams,Sherwin Williams 6421 Celery,#E0DDBD,0.891579518628362,0.042607174090235005,102.81680730586027,224,221,189,"[224, 221, 189]",0%,1%,16%,12%,"[0%, 1%, 16%, 12%]",87.73,-2.87,16.17,"[87.73, -2.87, 16.17]",https://www.google.com/search?tbm=isch&q=sherwinWilliams%20Sherwin%20Williams%206421%20Celery%20color%20swatch,,,,,,,,,,,,,,,,,,,,,,,,,,,,,,,,,,,,,,,,,,,,
DB,sherwinwilliams,Sherwin Williams 6422 Shagreen,#CBC99D,0.8263897522612164,0.058796753977174945,105.4507009166494,203,201,157,"[203, 201, 157]",0%,1%,23%,20%,"[0%, 1%, 23%, 20%]",80.29,-4.56,22.36,"[80.29, -4.56, 22.36]",https://www.google.com/search?tbm=isch&q=sherwinWilliams%20Sherwin%20Williams%206422%20Shagreen%20color%20swatch,,,,,,,,,,,,,,,,,,,,,,,,,,,,,,,,,,,,,,,,,,,,
DB,sherwinwilliams,Sherwin Williams 6423 Ryegrass,#AEAC7A,0.7336788109634594,0.06775895198660974,106.02140783456105,174,172,122,"[174, 172, 122]",0%,1%,30%,32%,"[0%, 1%, 30%, 32%]",69.59,-5.17,26.09,"[69.59, -5.17, 26.09]",https://www.google.com/search?tbm=isch&q=sherwinWilliams%20Sherwin%20Williams%206423%20Ryegrass%20color%20swatch,,,,,,,,,,,,,,,,,,,,,,,,,,,,,,,,,,,,,,,,,,,,
DB,sherwinwilliams,Sherwin Williams 6424 Tansy Green,#95945C,0.6539149208919949,0.07636823421346385,107.45526547435759,149,148,92,"[149, 148, 92]",0%,1%,38%,42%,"[0%, 1%, 38%, 42%]",60.40,-6.10,29.75,"[60.40, -6.10, 29.75]",https://www.google.com/search?tbm=isch&q=sherwinWilliams%20Sherwin%20Williams%206424%20Tansy%20Green%20color%20swatch,,,,,,,,,,,,,,,,,,,,,,,,,,,,,,,,,,,,,,,,,,,,
DB,sherwinwilliams,Sherwin Williams 6425 Relentless Olive,#71713E,0.5362744232785216,0.071716371752966,108.5925501764192,113,113,62,"[113, 113, 62]",0%,0%,45%,56%,"[0%, 0%, 45%, 56%]",46.72,-5.98,28.17,"[46.72, -5.98, 28.17]",https://www.google.com/search?tbm=isch&q=sherwinWilliams%20Sherwin%20Williams%206425%20Relentless%20Olive%20color%20swatch,,,,,,,,,,,,,,,,,,,,,,,,,,,,,,,,,,,,,,,,,,,,
DB,sherwinwilliams,Sherwin Williams 6426 Basque Green,#5F6033,0.4769660168414891,0.06508693319365524,109.74802132396576,95,96,51,"[95, 96, 51]",1%,0%,47%,62%,"[1%, 0%, 47%, 62%]",39.80,-5.86,25.42,"[39.80, -5.86, 25.42]",https://www.google.com/search?tbm=isch&q=sherwinWilliams%20Sherwin%20Williams%206426%20Basque%20Green%20color%20swatch,,,,,,,,,,,,,,,,,,,,,,,,,,,,,,,,,,,,,,,,,,,,
DB,sherwinwilliams,Sherwin Williams 6427 Sprout,#E4E4CE,0.9129808613248429,0.02926538733655967,106.96548998089452,228,228,206,"[228, 228, 206]",0%,0%,10%,11%,"[0%, 0%, 10%, 11%]",90.15,-2.79,10.79,"[90.15, -2.79, 10.79]",https://www.google.com/search?tbm=isch&q=sherwinWilliams%20Sherwin%20Williams%206427%20Sprout%20color%20swatch,,,,,,,,,,,,,,,,,,,,,,,,,,,,,,,,,,,,,,,,,,,,
DB,sherwinwilliams,Sherwin Williams 6428 Honeydew,#DBDDBD,0.8876141952668806,0.04265518333918166,110.16388653470415,219,221,189,"[219, 221, 189]",1%,0%,14%,13%,"[1%, 0%, 14%, 13%]",87.33,-4.71,15.55,"[87.33, -4.71, 15.55]",https://www.google.com/search?tbm=isch&q=sherwinWilliams%20Sherwin%20Williams%206428%20Honeydew%20color%20swatch,,,,,,,,,,,,,,,,,,,,,,,,,,,,,,,,,,,,,,,,,,,,
DB,sherwinwilliams,Sherwin Williams 6429 Baize Green,#C7CDA8,0.8339721401463049,0.050287495157981095,114.98070942245306,199,205,168,"[199, 205, 168]",3%,0%,18%,20%,"[3%, 0%, 18%, 20%]",81.21,-6.82,17.78,"[81.21, -6.82, 17.78]",https://www.google.com/search?tbm=isch&q=sherwinWilliams%20Sherwin%20Williams%206429%20Baize%20Green%20color%20swatch,,,,,,,,,,,,,,,,,,,,,,,,,,,,,,,,,,,,,,,,,,,,
DB,sherwinwilliams,Sherwin Williams 6430 Great Green,#ABB486,0.7509939829601012,0.06373257851598316,116.9550599649233,171,180,134,"[171, 180, 134]",5%,0%,26%,29%,"[5%, 0%, 26%, 29%]",71.71,-9.09,22.45,"[71.71, -9.09, 22.45]",https://www.google.com/search?tbm=isch&q=sherwinWilliams%20Sherwin%20Williams%206430%20Great%20Green%20color%20swatch,,,,,,,,,,,,,,,,,,,,,,,,,,,,,,,,,,,,,,,,,,,,
DB,sherwinwilliams,Sherwin Williams 6431 Leapfrog,#88915D,0.6362417627199373,0.07330273927341507,116.53219318765281,136,145,93,"[136, 145, 93]",6%,0%,36%,43%,"[6%, 0%, 36%, 43%]",58.45,-9.90,26.48,"[58.45, -9.90, 26.48]",https://www.google.com/search?tbm=isch&q=sherwinWilliams%20Sherwin%20Williams%206431%20Leapfrog%20color%20swatch,,,,,,,,,,,,,,,,,,,,,,,,,,,,,,,,,,,,,,,,,,,,
DB,sherwinwilliams,Sherwin Williams 6432 Garden Spot,#6D7645,0.5458537706970431,0.07101863969696609,117.32006065055549,109,118,69,"[109, 118, 69]",8%,0%,42%,54%,"[8%, 0%, 42%, 54%]",47.94,-9.75,25.76,"[47.94, -9.75, 25.76]",https://www.google.com/search?tbm=isch&q=sherwinWilliams%20Sherwin%20Williams%206432%20Garden%20Spot%20color%20swatch,,,,,,,,,,,,,,,,,,,,,,,,,,,,,,,,,,,,,,,,,,,,
DB,sherwinwilliams,Sherwin Williams 6433 Inverness,#576238,0.4756490014919183,0.06399460569445681,120.86149750289985,87,98,56,"[87, 98, 56]",11%,0%,43%,62%,"[11%, 0%, 43%, 62%]",39.78,-10.09,22.38,"[39.78, -10.09, 22.38]",https://www.google.com/search?tbm=isch&q=sherwinWilliams%20Sherwin%20Williams%206433%20Inverness%20color%20swatch,,,,,,,,,,,,,,,,,,,,,,,,,,,,,,,,,,,,,,,,,,,,
DB,sherwinwilliams,Sherwin Williams 6434 Spinach White,#E4E8DA,0.9240964240906426,0.01913642268174399,119.76435510488898,228,232,218,"[228, 232, 218]",2%,0%,6%,9%,"[2%, 0%, 6%, 9%]",91.40,-3.22,6.34,"[91.40, -3.22, 6.34]",https://www.google.com/search?tbm=isch&q=sherwinWilliams%20Sherwin%20Williams%206434%20Spinach%20White%20color%20swatch,,,,,,,,,,,,,,,,,,,,,,,,,,,,,,,,,,,,,,,,,,,,
DB,sherwinwilliams,Sherwin Williams 6435 Gratifying Green,#DAE2CD,0.9009782114919035,0.029388833995829415,124.02785689873923,218,226,205,"[218, 226, 205]",4%,0%,9%,11%,"[4%, 0%, 9%, 11%]",88.84,-5.54,9.33,"[88.84, -5.54, 9.33]",https://www.google.com/search?tbm=isch&q=sherwinWilliams%20Sherwin%20Williams%206435%20Gratifying%20Green%20color%20swatch,,,,,,,,,,,,,,,,,,,,,,,,,,,,,,,,,,,,,,,,,,,,
DB,sherwinwilliams,Sherwin Williams 6436 Bonsai Tint,#C5D1B2,0.8431752121774935,0.04398383146534732,124.58002373073919,197,209,178,"[197, 209, 178]",6%,0%,15%,18%,"[6%, 0%, 15%, 18%]",82.29,-8.31,13.99,"[82.29, -8.31, 13.99]",https://www.google.com/search?tbm=isch&q=sherwinWilliams%20Sherwin%20Williams%206436%20Bonsai%20Tint%20color%20swatch,,,,,,,,,,,,,,,,,,,,,,,,,,,,,,,,,,,,,,,,,,,,
DB,sherwinwilliams,Sherwin Williams 6437 Haven,#A3B48C,0.7461010265019544,0.05865451895230558,126.5031260591445,163,180,140,"[163, 180, 140]",9%,0%,22%,29%,"[9%, 0%, 22%, 29%]",71.19,-11.48,18.42,"[71.19, -11.48, 18.42]",https://www.google.com/search?tbm=isch&q=sherwinWilliams%20Sherwin%20Williams%206437%20Haven%20color%20swatch,,,,,,,,,,,,,,,,,,,,,,,,,,,,,,,,,,,,,,,,,,,,
DB,sherwinwilliams,Sherwin Williams 6438 Dill,#788D60,0.6148296517293805,0.06922613822204175,128.60252724928029,120,141,96,"[120, 141, 96]",15%,0%,32%,45%,"[15%, 0%, 32%, 45%]",56.07,-14.08,21.47,"[56.07, -14.08, 21.47]",https://www.google.com/search?tbm=isch&q=sherwinWilliams%20Sherwin%20Williams%206438%20Dill%20color%20swatch,,,,,,,,,,,,,,,,,,,,,,,,,,,,,,,,,,,,,,,,,,,,
DB,sherwinwilliams,Sherwin Williams 6439 Greenfield,#60724F,0.5275180554528317,0.056911151775669515,130.27224473704314,96,114,79,"[96, 114, 79]",16%,0%,31%,55%,"[16%, 0%, 31%, 55%]",45.82,-12.09,17.15,"[45.82, -12.09, 17.15]",https://www.google.com/search?tbm=isch&q=sherwinWilliams%20Sherwin%20Williams%206439%20Greenfield%20color%20swatch,,,,,,,,,,,,,,,,,,,,,,,,,,,,,,,,,,,,,,,,,,,,
DB,sherwinwilliams,Sherwin Williams 6440 Courtyard,#475842,0.4392459616586352,0.0411108769892971,138.6306233109765,71,88,66,"[71, 88, 66]",19%,0%,25%,65%,"[19%, 0%, 25%, 65%]",35.46,-10.41,10.55,"[35.46, -10.41, 10.55]",https://www.google.com/search?tbm=isch&q=sherwinWilliams%20Sherwin%20Williams%206440%20Courtyard%20color%20swatch,,,,,,,,,,,,,,,,,,,,,,,,,,,,,,,,,,,,,,,,,,,,
DB,sherwinwilliams,Sherwin Williams 6441 White Mint,#E0E7DA,0.9190475144388397,0.01890448933595999,130.18955150388297,224,231,218,"[224, 231, 218]",3%,0%,6%,9%,"[3%, 0%, 6%, 9%]",90.84,-4.15,5.49,"[90.84, -4.15, 5.49]",https://www.google.com/search?tbm=isch&q=sherwinWilliams%20Sherwin%20Williams%206441%20White%20Mint%20color%20swatch,,,,,,,,,,,,,,,,,,,,,,,,,,,,,,,,,,,,,,,,,,,,
DB,sherwinwilliams,Sherwin Williams 6442 Supreme Green,#CFDDC7,0.8809248603924472,0.03327329896208047,133.95379047293636,207,221,199,"[207, 221, 199]",6%,0%,10%,13%,"[6%, 0%, 10%, 13%]",86.59,-7.83,9.15,"[86.59, -7.83, 9.15]",https://www.google.com/search?tbm=isch&q=sherwinWilliams%20Sherwin%20Williams%206442%20Supreme%20Green%20color%20swatch,,,,,,,,,,,,,,,,,,,,,,,,,,,,,,,,,,,,,,,,,,,,
DB,sherwinwilliams,Sherwin Williams 6443 Relish,#B3CBAA,0.815158723799388,0.05229464124699882,137.15503089215576,179,203,170,"[179, 203, 170]",12%,0%,16%,20%,"[12%, 0%, 16%, 20%]",79.20,-12.97,13.68,"[79.20, -12.97, 13.68]",https://www.google.com/search?tbm=isch&q=sherwinWilliams%20Sherwin%20Williams%206443%20Relish%20color%20swatch,,,,,,,,,,,,,,,,,,,,,,,,,,,,,,,,,,,,,,,,,,,,
DB,sherwinwilliams,Sherwin Williams 6444 Lounge Green,#8BA97F,0.7008179443518054,0.06832001643435871,136.86269341012536,139,169,127,"[139, 169, 127]",18%,0%,25%,34%,"[18%, 0%, 25%, 34%]",66.12,-16.75,18.21,"[66.12, -16.75, 18.21]",https://www.google.com/search?tbm=isch&q=sherwinWilliams%20Sherwin%20Williams%206444%20Lounge%20Green%20color%20swatch,,,,,,,,,,,,,,,,,,,,,,,,,,,,,,,,,,,,,,,,,,,,
DB,sherwinwilliams,Sherwin Williams 6445 Garden Grove,#5E7F57,0.5601173544549355,0.07101346903161763,140.1354285988008,94,127,87,"[94, 127, 87]",26%,0%,31%,50%,"[26%, 0%, 31%, 50%]",49.84,-18.40,17.87,"[49.84, -18.40, 17.87]",https://www.google.com/search?tbm=isch&q=sherwinWilliams%20Sherwin%20Williams%206445%20Garden%20Grove%20color%20swatch,,,,,,,,,,,,,,,,,,,,,,,,,,,,,,,,,,,,,,,,,,,,
DB,sherwinwilliams,Sherwin Williams 6446 Arugula,#42603C,0.45520097830778583,0.06700696235435676,140.34590339656233,66,96,60,"[66, 96, 60]",31%,0%,37%,62%,"[31%, 0%, 37%, 62%]",37.61,-17.39,16.94,"[37.61, -17.39, 16.94]",https://www.google.com/search?tbm=isch&q=sherwinWilliams%20Sherwin%20Williams%206446%20Arugula%20color%20swatch,,,,,,,,,,,,,,,,,,,,,,,,,,,,,,,,,,,,,,,,,,,,
DB,sherwinwilliams,Sherwin Williams 6447 Evergreens,#405840,0.4334573294645283,0.048681002439460795,144.67804776220146,64,88,64,"[64, 88, 64]",27%,0%,27%,65%,"[27%, 0%, 27%, 65%]",34.90,-13.55,10.91,"[34.90, -13.55, 10.91]",https://www.google.com/search?tbm=isch&q=sherwinWilliams%20Sherwin%20Williams%206447%20Evergreens%20color%20swatch,,,,,,,,,,,,,,,,,,,,,,,,,,,,,,,,,,,,,,,,,,,,
DB,sherwinwilliams,Sherwin Williams 6449 Topiary Tint,#C8D8C4,0.8645961736506121,0.03216801495728253,139.43535323356525,200,216,196,"[200, 216, 196]",7%,0%,9%,15%,"[7%, 0%, 9%, 15%]",84.70,-8.31,7.96,"[84.70, -8.31, 7.96]",https://www.google.com/search?tbm=isch&q=sherwinWilliams%20Sherwin%20Williams%206449%20Topiary%20Tint%20color%20swatch,,,,,,,,,,,,,,,,,,,,,,,,,,,,,,,,,,,,,,,,,,,,
DB,sherwinwilliams,Sherwin Williams 6450 Easy Green,#ACC2A8,0.7901468241095162,0.04340532778248715,140.8314933045964,172,194,168,"[172, 194, 168]",11%,0%,13%,24%,"[11%, 0%, 13%, 24%]",76.21,-11.44,10.48,"[76.21, -11.44, 10.48]",https://www.google.com/search?tbm=isch&q=sherwinWilliams%20Sherwin%20Williams%206450%20Easy%20Green%20color%20swatch,,,,,,,,,,,,,,,,,,,,,,,,,,,,,,,,,,,,,,,,,,,,
DB,sherwinwilliams,Sherwin Williams 6451 Nurture Green,#98B092,0.7305043937815562,0.05011214213504548,139.43235092812893,152,176,146,"[152, 176, 146]",14%,0%,17%,31%,"[14%, 0%, 17%, 31%]",69.36,-12.91,12.53,"[69.36, -12.91, 12.53]",https://www.google.com/search?tbm=isch&q=sherwinWilliams%20Sherwin%20Williams%206451%20Nurture%20Green%20color%20swatch,,,,,,,,,,,,,,,,,,,,,,,,,,,,,,,,,,,,,,,,,,,,
DB,sherwinwilliams,Sherwin Williams 6452 Inland,#6C8867,0.5956461149537374,0.05867515285159137,140.81462591122568,108,136,103,"[108, 136, 103]",21%,0%,24%,47%,"[21%, 0%, 24%, 47%]",53.82,-15.41,14.38,"[53.82, -15.41, 14.38]",https://www.google.com/search?tbm=isch&q=sherwinWilliams%20Sherwin%20Williams%206452%20Inland%20color%20swatch,,,,,,,,,,,,,,,,,,,,,,,,,,,,,,,,,,,,,,,,,,,,
DB,sherwinwilliams,Sherwin Williams 6453 Cilantro,#537150,0.5156870461914124,0.0618276813761861,142.36797956864507,83,113,80,"[83, 113, 80]",27%,0%,29%,56%,"[27%, 0%, 29%, 56%]",44.59,-16.62,14.73,"[44.59, -16.62, 14.73]",https://www.google.com/search?tbm=isch&q=sherwinWilliams%20Sherwin%20Williams%206453%20Cilantro%20color%20swatch,,,,,,,,,,,,,,,,,,,,,,,,,,,,,,,,,,,,,,,,,,,,
DB,sherwinwilliams,Sherwin Williams 6454 Shamrock,#205134,0.3923985394020798,0.07280428001237965,154.98087939538698,32,81,52,"[32, 81, 52]",60%,0%,36%,68%,"[60%, 0%, 36%, 68%]",30.47,-23.12,11.92,"[30.47, -23.12, 11.92]",https://www.google.com/search?tbm=isch&q=sherwinWilliams%20Sherwin%20Williams%206454%20Shamrock%20color%20swatch,,,,,,,,,,,,,,,,,,,,,,,,,,,,,,,,,,,,,,,,,,,,
DB,sherwinwilliams,Sherwin Williams 6455 Fleeting Green,#D8E2D8,0.9023874626439118,0.017188620312158495,145.43112147503655,216,226,216,"[216, 226, 216]",4%,0%,4%,11%,"[4%, 0%, 4%, 11%]",88.90,-4.83,3.68,"[88.90, -4.83, 3.68]",https://www.google.com/search?tbm=isch&q=sherwinWilliams%20Sherwin%20Williams%206455%20Fleeting%20Green%20color%20swatch,,,,,,,,,,,,,,,,,,,,,,,,,,,,,,,,,,,,,,,,,,,,
DB,sherwinwilliams,Sherwin Williams 6456 Slow Green,#C6D5C9,0.858230061071408,0.02302667617517052,151.5973979138842,198,213,201,"[198, 213, 201]",7%,0%,6%,16%,"[7%, 0%, 6%, 16%]",83.86,-6.92,4.12,"[83.86, -6.92, 4.12]",https://www.google.com/search?tbm=isch&q=sherwinWilliams%20Sherwin%20Williams%206456%20Slow%20Green%20color%20swatch,,,,,,,,,,,,,,,,,,,,,,,,,,,,,,,,,,,,,,,,,,,,
DB,sherwinwilliams,Sherwin Williams 6457 Kind Green,#AAC2B3,0.7916463877186181,0.0335177865113318,158.12805905577977,170,194,179,"[170, 194, 179]",12%,0%,8%,24%,"[12%, 0%, 8%, 24%]",76.28,-10.65,4.68,"[76.28, -10.65, 4.68]",https://www.google.com/search?tbm=isch&q=sherwinWilliams%20Sherwin%20Williams%206457%20Kind%20Green%20color%20swatch,,,,,,,,,,,,,,,,,,,,,,,,,,,,,,,,,,,,,,,,,,,,
DB,sherwinwilliams,Sherwin Williams 6458 Restful,#91AF9D,0.7262169963130611,0.04190046209798844,158.8367846039299,145,175,157,"[145, 175, 157]",17%,0%,10%,31%,"[17%, 0%, 10%, 31%]",68.81,-13.42,5.67,"[68.81, -13.42, 5.67]",https://www.google.com/search?tbm=isch&q=sherwinWilliams%20Sherwin%20Williams%206458%20Restful%20color%20swatch,,,,,,,,,,,,,,,,,,,,,,,,,,,,,,,,,,,,,,,,,,,,
DB,sherwinwilliams,Sherwin Williams 6459 Jadite,#61826C,0.5747911207375401,0.050452323163312544,155.32445005530838,97,130,108,"[97, 130, 108]",25%,0%,17%,49%,"[25%, 0%, 17%, 49%]",51.35,-15.80,7.98,"[51.35, -15.80, 7.98]",https://www.google.com/search?tbm=isch&q=sherwinWilliams%20Sherwin%20Williams%206459%20Jadite%20color%20swatch,,,,,,,,,,,,,,,,,,,,,,,,,,,,,,,,,,,,,,,,,,,,
DB,sherwinwilliams,Sherwin Williams 6460 Kale Green,#4F6A56,0.4966723667013875,0.04497079096652366,152.53898639836348,79,106,86,"[79, 106, 86]",25%,0%,19%,58%,"[25%, 0%, 19%, 58%]",42.21,-13.73,7.90,"[42.21, -13.73, 7.90]",https://www.google.com/search?tbm=isch&q=sherwinWilliams%20Sherwin%20Williams%206460%20Kale%20Green%20color%20swatch,,,,,,,,,,,,,,,,,,,,,,,,,,,,,,,,,,,,,,,,,,,,
DB,sherwinwilliams,Sherwin Williams 6461 Isle of Pines,#3D5541,0.42360884913323044,0.04405811196184217,149.2837109368889,61,85,65,"[61, 85, 65]",28%,0%,24%,67%,"[28%, 0%, 24%, 67%]",33.71,-13.01,8.64,"[33.71, -13.01, 8.64]",https://www.google.com/search?tbm=isch&q=sherwinWilliams%20Sherwin%20Williams%206461%20Isle%20of%20Pines%20color%20swatch,,,,,,,,,,,,,,,,,,,,,,,,,,,,,,,,,,,,,,,,,,,,
DB,sherwinwilliams,Sherwin Williams 6462 Green Trance,#D7E4DB,0.9065325888961971,0.018417257361237144,155.78822768135308,215,228,219,"[215, 228, 219]",6%,0%,4%,11%,"[6%, 0%, 4%, 11%]",89.41,-5.73,2.83,"[89.41, -5.73, 2.83]",https://www.google.com/search?tbm=isch&q=sherwinWilliams%20Sherwin%20Williams%206462%20Green%20Trance%20color%20swatch,,,,,,,,,,,,,,,,,,,,,,,,,,,,,,,,,,,,,,,,,,,,
DB,sherwinwilliams,Sherwin Williams 6463 Breaktime,#C4D9CE,0.866479734757001,0.027048277470469336,163.10231188710634,196,217,206,"[196, 217, 206]",10%,0%,5%,15%,"[10%, 0%, 5%, 15%]",84.88,-8.84,2.92,"[84.88, -8.84, 2.92]",https://www.google.com/search?tbm=isch&q=sherwinWilliams%20Sherwin%20Williams%206463%20Breaktime%20color%20swatch,,,,,,,,,,,,,,,,,,,,,,,,,,,,,,,,,,,,,,,,,,,,
DB,sherwinwilliams,Sherwin Williams 6464 Aloe,#ACCABC,0.8128072582252436,0.03769469946258234,165.58097100360862,172,202,188,"[172, 202, 188]",15%,0%,7%,21%,"[15%, 0%, 7%, 21%]",78.79,-12.51,3.47,"[78.79, -12.51, 3.47]",https://www.google.com/search?tbm=isch&q=sherwinWilliams%20Sherwin%20Williams%206464%20Aloe%20color%20swatch,,,,,,,,,,,,,,,,,,,,,,,,,,,,,,,,,,,,,,,,,,,,
DB,sherwinwilliams,Sherwin Williams 6465 Spearmint,#94B5A6,0.7442056708757806,0.04185456403449994,165.9149749422853,148,181,166,"[148, 181, 166]",18%,0%,8%,29%,"[18%, 0%, 8%, 29%]",70.89,-13.94,3.76,"[70.89, -13.94, 3.76]",https://www.google.com/search?tbm=isch&q=sherwinWilliams%20Sherwin%20Williams%206465%20Spearmint%20color%20swatch,,,,,,,,,,,,,,,,,,,,,,,,,,,,,,,,,,,,,,,,,,,,
DB,sherwinwilliams,Sherwin Williams 6466 Grandview,#6B927F,0.6253341893126786,0.051866099055923105,163.36802480449023,107,146,127,"[107, 146, 127]",27%,0%,13%,43%,"[27%, 0%, 13%, 43%]",57.23,-17.16,5.53,"[57.23, -17.16, 5.53]",https://www.google.com/search?tbm=isch&q=sherwinWilliams%20Sherwin%20Williams%206466%20Grandview%20color%20swatch,,,,,,,,,,,,,,,,,,,,,,,,,,,,,,,,,,,,,,,,,,,,
DB,sherwinwilliams,Sherwin Williams 6467 Kendal Green,#547867,0.5401486699886159,0.048915423149950114,163.85703669691566,84,120,103,"[84, 120, 103]",30%,0%,14%,53%,"[30%, 0%, 14%, 53%]",47.31,-16.26,5.07,"[47.31, -16.26, 5.07]",https://www.google.com/search?tbm=isch&q=sherwinWilliams%20Sherwin%20Williams%206467%20Kendal%20Green%20color%20swatch,,,,,,,,,,,,,,,,,,,,,,,,,,,,,,,,,,,,,,,,,,,,
DB,sherwinwilliams,Sherwin Williams 6468 Hunt Club,#2A4F43,0.3958426904478905,0.0476709438738381,170.83286533051137,42,79,67,"[42, 79, 67]",47%,0%,15%,69%,"[47%, 0%, 15%, 69%]",30.55,-16.39,2.76,"[30.55, -16.39, 2.76]",https://www.google.com/search?tbm=isch&q=sherwinWilliams%20Sherwin%20Williams%206468%20Hunt%20Club%20color%20swatch,,,,,,,,,,,,,,,,,,,,,,,,,,,,,,,,,,,,,,,,,,,,
DB,sherwinwilliams,Sherwin Williams 6470 Waterscape,#BFD2C9,0.8468655252581021,0.023934970337765735,165.7458288029428,191,210,201,"[191, 210, 201]",9%,0%,4%,18%,"[9%, 0%, 4%, 18%]",82.56,-7.92,2.17,"[82.56, -7.92, 2.17]",https://www.google.com/search?tbm=isch&q=sherwinWilliams%20Sherwin%20Williams%206470%20Waterscape%20color%20swatch,,,,,,,,,,,,,,,,,,,,,,,,,,,,,,,,,,,,,,,,,,,,
DB,sherwinwilliams,Sherwin Williams 6471 Hazel,#A8C1B7,0.7892018242893437,0.030605284629274792,169.4676398338338,168,193,183,"[168, 193, 183]",13%,0%,5%,24%,"[13%, 0%, 5%, 24%]",75.95,-10.29,2.04,"[75.95, -10.29, 2.04]",https://www.google.com/search?tbm=isch&q=sherwinWilliams%20Sherwin%20Williams%206471%20Hazel%20color%20swatch,,,,,,,,,,,,,,,,,,,,,,,,,,,,,,,,,,,,,,,,,,,,
DB,sherwinwilliams,Sherwin Williams 6472 Composed,#7EA298,0.6824753917911696,0.042206945134602214,176.13990587291323,126,162,152,"[126, 162, 152]",22%,0%,6%,36%,"[22%, 0%, 6%, 36%]",63.71,-14.44,0.95,"[63.71, -14.44, 0.95]",https://www.google.com/search?tbm=isch&q=sherwinWilliams%20Sherwin%20Williams%206472%20Composed%20color%20swatch,,,,,,,,,,,,,,,,,,,,,,,,,,,,,,,,,,,,,,,,,,,,
DB,sherwinwilliams,Sherwin Williams 6473 Surf Green,#5F887D,0.5931189918313085,0.04852186821789379,176.04188227389682,95,136,125,"[95, 136, 125]",30%,0%,8%,47%,"[30%, 0%, 8%, 47%]",53.43,-16.67,1.13,"[53.43, -16.67, 1.13]",https://www.google.com/search?tbm=isch&q=sherwinWilliams%20Sherwin%20Williams%206473%20Surf%20Green%20color%20swatch,,,,,,,,,,,,,,,,,,,,,,,,,,,,,,,,,,,,,,,,,,,,
DB,sherwinwilliams,Sherwin Williams 6474 Raging Sea,#476F65,0.5087832434003723,0.04796975193120145,176.77851336495894,71,111,101,"[71, 111, 101]",36%,0%,9%,56%,"[36%, 0%, 9%, 56%]",43.63,-16.54,0.88,"[43.63, -16.54, 0.88]",https://www.google.com/search?tbm=isch&q=sherwinWilliams%20Sherwin%20Williams%206474%20Raging%20Sea%20color%20swatch,,,,,,,,,,,,,,,,,,,,,,,,,,,,,,,,,,,,,,,,,,,,
DB,sherwinwilliams,Sherwin Williams 6475 Country Squire,#124A42,0.3711248412348713,0.05837483917213532,181.4993339803051,18,74,66,"[18, 74, 66]",76%,0%,11%,71%,"[76%, 0%, 11%, 71%]",27.77,-20.33,-0.73,"[27.77, -20.33, -0.73]",https://www.google.com/search?tbm=isch&q=sherwinWilliams%20Sherwin%20Williams%206475%20Country%20Squire%20color%20swatch,,,,,,,,,,,,,,,,,,,,,,,,,,,,,,,,,,,,,,,,,,,,
DB,sherwinwilliams,Sherwin Williams 6476 Glimmer,#E0E7E2,0.9212322594138593,0.010031795350273426,155.08530216112558,224,231,226,"[224, 231, 226]",3%,0%,2%,9%,"[3%, 0%, 2%, 9%]",91.00,-3.10,1.58,"[91.00, -3.10, 1.58]",https://www.google.com/search?tbm=isch&q=sherwinWilliams%20Sherwin%20Williams%206476%20Glimmer%20color%20swatch,,,,,,,,,,,,,,,,,,,,,,,,,,,,,,,,,,,,,,,,,,,,
DB,sherwinwilliams,Sherwin Williams 6477 Tidewater,#C3D7D3,0.863024778863844,0.022159821569241754,182.47003850170313,195,215,211,"[195, 215, 211]",9%,0%,2%,16%,"[9%, 0%, 2%, 16%]",84.38,-7.52,-0.43,"[84.38, -7.52, -0.43]",https://www.google.com/search?tbm=isch&q=sherwinWilliams%20Sherwin%20Williams%206477%20Tidewater%20color%20swatch,,,,,,,,,,,,,,,,,,,,,,,,,,,,,,,,,,,,,,,,,,,,
DB,sherwinwilliams,Sherwin Williams 6478 Watery,#B4CCC9,0.8263973818732508,0.02622261725648276,187.54869696694436,180,204,201,"[180, 204, 201]",12%,0%,1%,20%,"[12%, 0%, 1%, 20%]",80.17,-8.82,-1.39,"[80.17, -8.82, -1.39]",https://www.google.com/search?tbm=isch&q=sherwinWilliams%20Sherwin%20Williams%206478%20Watery%20color%20swatch,,,,,,,,,,,,,,,,,,,,,,,,,,,,,,,,,,,,,,,,,,,,
DB,sherwinwilliams,Sherwin Williams 6479 Drizzle,#8CAEAB,0.724718242725295,0.037315421300823146,189.7403274043844,140,174,171,"[140, 174, 171]",20%,0%,2%,32%,"[20%, 0%, 2%, 32%]",68.49,-12.48,-2.50,"[68.49, -12.48, -2.50]",https://www.google.com/search?tbm=isch&q=sherwinWilliams%20Sherwin%20Williams%206479%20Drizzle%20color%20swatch,,,,,,,,,,,,,,,,,,,,,,,,,,,,,,,,,,,,,,,,,,,,
DB,sherwinwilliams,Sherwin Williams 6480 Lagoon,#518682,0.5818312510848181,0.057047246180141134,189.57844466442475,81,134,130,"[81, 134, 130]",40%,0%,3%,47%,"[40%, 0%, 3%, 47%]",52.15,-19.19,-3.72,"[52.15, -19.19, -3.72]",https://www.google.com/search?tbm=isch&q=sherwinWilliams%20Sherwin%20Williams%206480%20Lagoon%20color%20swatch,,,,,,,,,,,,,,,,,,,,,,,,,,,,,,,,,,,,,,,,,,,,
DB,sherwinwilliams,Sherwin Williams 6481 Green Bay,#2E6864,0.4774896915139411,0.06092304665655852,189.27620856331293,46,104,100,"[46, 104, 100]",56%,0%,4%,59%,"[56%, 0%, 4%, 59%]",40.09,-20.59,-3.84,"[40.09, -20.59, -3.84]",https://www.google.com/search?tbm=isch&q=sherwinWilliams%20Sherwin%20Williams%206481%20Green%20Bay%20color%20swatch,,,,,,,,,,,,,,,,,,,,,,,,,,,,,,,,,,,,,,,,,,,,
DB,sherwinwilliams,Sherwin Williams 6482 Cape Verde,#01554F,0.4048060641650221,0.0704729629166058,186.56838507602026,1,85,79,"[1, 85, 79]",99%,0%,7%,67%,"[99%, 0%, 7%, 67%]",31.79,-24.26,-3.19,"[31.79, -24.26, -3.19]",https://www.google.com/search?tbm=isch&q=sherwinWilliams%20Sherwin%20Williams%206482%20Cape%20Verde%20color%20swatch,,,,,,,,,,,,,,,,,,,,,,,,,,,,,,,,,,,,,,,,,,,,
DB,sherwinwilliams,Sherwin Williams 6484 Meander Blue,#BEDBD8,0.8693287538102168,0.03103504854462168,189.00093459564266,190,219,216,"[190, 219, 216]",13%,0%,1%,14%,"[13%, 0%, 1%, 14%]",85.20,-10.39,-1.93,"[85.20, -10.39, -1.93]",https://www.google.com/search?tbm=isch&q=sherwinWilliams%20Sherwin%20Williams%206484%20Meander%20Blue%20color%20swatch,,,,,,,,,,,,,,,,,,,,,,,,,,,,,,,,,,,,,,,,,,,,
DB,sherwinwilliams,Sherwin Williams 6485 Raindrop,#9EC6C6,0.7977934044118703,0.042437396617511315,196.3323175778571,158,198,198,"[158, 198, 198]",20%,0%,0%,22%,"[20%, 0%, 0%, 22%]",76.99,-13.74,-4.62,"[76.99, -13.74, -4.62]",https://www.google.com/search?tbm=isch&q=sherwinWilliams%20Sherwin%20Williams%206485%20Raindrop%20color%20swatch,,,,,,,,,,,,,,,,,,,,,,,,,,,,,,,,,,,,,,,,,,,,
DB,sherwinwilliams,Sherwin Williams 6486 Reflecting Pool,#7BB1B2,0.7232463591870942,0.05657491518739858,197.4325474627592,123,177,178,"[123, 177, 178]",31%,1%,0%,30%,"[31%, 1%, 0%, 30%]",68.48,-18.18,-6.51,"[68.48, -18.18, -6.51]",https://www.google.com/search?tbm=isch&q=sherwinWilliams%20Sherwin%20Williams%206486%20Reflecting%20Pool%20color%20swatch,,,,,,,,,,,,,,,,,,,,,,,,,,,,,,,,,,,,,,,,,,,,
DB,sherwinwilliams,Sherwin Williams 6487 Cloudburst,#5C9598,0.6317893155848925,0.05999324201523786,200.0310191930124,92,149,152,"[92, 149, 152]",39%,2%,0%,40%,"[39%, 2%, 0%, 40%]",57.88,-18.88,-7.83,"[57.88, -18.88, -7.83]",https://www.google.com/search?tbm=isch&q=sherwinWilliams%20Sherwin%20Williams%206487%20Cloudburst%20color%20swatch,,,,,,,,,,,,,,,,,,,,,,,,,,,,,,,,,,,,,,,,,,,,
DB,sherwinwilliams,Sherwin Williams 6488 Grand Canal,#3C797D,0.5371603665100625,0.06335951168093897,201.09351681802104,60,121,125,"[60, 121, 125]",52%,3%,0%,51%,"[52%, 3%, 0%, 51%]",46.92,-19.71,-8.63,"[46.92, -19.71, -8.63]",https://www.google.com/search?tbm=isch&q=sherwinWilliams%20Sherwin%20Williams%206488%20Grand%20Canal%20color%20swatch,,,,,,,,,,,,,,,,,,,,,,,,,,,,,,,,,,,,,,,,,,,,
DB,sherwinwilliams,Sherwin Williams 6489 Really Teal,#016367,0.45418002693958454,0.07694425439684952,199.65911992897827,1,99,103,"[1, 99, 103]",99%,4%,0%,60%,"[99%, 4%, 0%, 60%]",37.43,-24.16,-9.73,"[37.43, -24.16, -9.73]",https://www.google.com/search?tbm=isch&q=sherwinWilliams%20Sherwin%20Williams%206489%20Really%20Teal%20color%20swatch,,,,,,,,,,,,,,,,,,,,,,,,,,,,,,,,,,,,,,,,,,,,
DB,sherwinwilliams,Sherwin Williams 6491 Open Air,#C7DFE0,0.8862361148744914,0.025565390133093377,199.75434749019382,199,223,224,"[199, 223, 224]",11%,0%,0%,12%,"[11%, 0%, 0%, 12%]",87.06,-8.10,-3.34,"[87.06, -8.10, -3.34]",https://www.google.com/search?tbm=isch&q=sherwinWilliams%20Sherwin%20Williams%206491%20Open%20Air%20color%20swatch,,,,,,,,,,,,,,,,,,,,,,,,,,,,,,,,,,,,,,,,,,,,
DB,sherwinwilliams,Sherwin Williams 6492 Jetstream,#B0D2D6,0.8403170087230649,0.036501297868892335,205.21185722794462,176,210,214,"[176, 210, 214]",18%,2%,0%,16%,"[18%, 2%, 0%, 16%]",81.80,-11.04,-5.95,"[81.80, -11.04, -5.95]",https://www.google.com/search?tbm=isch&q=sherwinWilliams%20Sherwin%20Williams%206492%20Jetstream%20color%20swatch,,,,,,,,,,,,,,,,,,,,,,,,,,,,,,,,,,,,,,,,,,,,
DB,sherwinwilliams,Sherwin Williams 6493 Ebbtide,#84B4BE,0.7393228449510459,0.052733374705338336,211.91901828690925,132,180,190,"[132, 180, 190]",31%,5%,0%,25%,"[31%, 5%, 0%, 25%]",70.16,-14.68,-10.53,"[70.16, -14.68, -10.53]",https://www.google.com/search?tbm=isch&q=sherwinWilliams%20Sherwin%20Williams%206493%20Ebbtide%20color%20swatch,,,,,,,,,,,,,,,,,,,,,,,,,,,,,,,,,,,,,,,,,,,,
DB,sherwinwilliams,Sherwin Williams 6494 Lakeshore,#5B96A2,0.6373000965030883,0.06398038364914256,212.0160535394549,91,150,162,"[91, 150, 162]",44%,7%,0%,36%,"[44%, 7%, 0%, 36%]",58.40,-17.59,-12.72,"[58.40, -17.59, -12.72]",https://www.google.com/search?tbm=isch&q=sherwinWilliams%20Sherwin%20Williams%206494%20Lakeshore%20color%20swatch,,,,,,,,,,,,,,,,,,,,,,,,,,,,,,,,,,,,,,,,,,,,
DB,sherwinwilliams,Sherwin Williams 6495 Great Falls,#217786,0.5264300673131275,0.0814039470133227,211.91583293073347,33,119,134,"[33, 119, 134]",75%,11%,0%,47%,"[75%, 11%, 0%, 47%]",45.65,-21.91,-15.95,"[45.65, -21.91, -15.95]",https://www.google.com/search?tbm=isch&q=sherwinWilliams%20Sherwin%20Williams%206495%20Great%20Falls%20color%20swatch,,,,,,,,,,,,,,,,,,,,,,,,,,,,,,,,,,,,,,,,,,,,
DB,sherwinwilliams,Sherwin Williams 6496 Oceanside,#015A6B,0.4310688199540826,0.07643312585529659,216.45723081215624,1,90,107,"[1, 90, 107]",99%,16%,0%,58%,"[99%, 16%, 0%, 58%]",34.45,-18.74,-16.68,"[34.45, -18.74, -16.68]",https://www.google.com/search?tbm=isch&q=sherwinWilliams%20Sherwin%20Williams%206496%20Oceanside%20color%20swatch,,,,,,,,,,,,,,,,,,,,,,,,,,,,,,,,,,,,,,,,,,,,
DB,sherwinwilliams,Sherwin Williams 6497 Blue Horizon,#D8E7E6,0.9164547144771608,0.016044767142946312,192.06167031755774,216,231,230,"[216, 231, 230]",6%,0%,0%,9%,"[6%, 0%, 0%, 9%]",90.49,-5.30,-1.32,"[90.49, -5.30, -1.32]",https://www.google.com/search?tbm=isch&q=sherwinWilliams%20Sherwin%20Williams%206497%20Blue%20Horizon%20color%20swatch,,,,,,,,,,,,,,,,,,,,,,,,,,,,,,,,,,,,,,,,,,,,
DB,sherwinwilliams,Sherwin Williams 6498 Byte Blue,#C5DCE0,0.8786440643559942,0.02517209165117812,209.2517722104841,197,220,224,"[197, 220, 224]",12%,2%,0%,12%,"[12%, 2%, 0%, 12%]",86.13,-7.33,-4.71,"[86.13, -7.33, -4.71]",https://www.google.com/search?tbm=isch&q=sherwinWilliams%20Sherwin%20Williams%206498%20Byte%20Blue%20color%20swatch,,,,,,,,,,,,,,,,,,,,,,,,,,,,,,,,,,,,,,,,,,,,
DB,sherwinwilliams,Sherwin Williams 6499 Stream,#ADCCD3,0.8246432444663097,0.03459235351150409,212.88546029575764,173,204,211,"[173, 204, 211]",18%,3%,0%,17%,"[18%, 3%, 0%, 17%]",79.92,-9.62,-7.15,"[79.92, -9.62, -7.15]",https://www.google.com/search?tbm=isch&q=sherwinWilliams%20Sherwin%20Williams%206499%20Stream%20color%20swatch,,,,,,,,,,,,,,,,,,,,,,,,,,,,,,,,,,,,,,,,,,,,
DB,sherwinwilliams,Sherwin Williams 6500 Open Seas,#83AFBC,0.726845094047285,0.0506416654281193,217.91572151386822,131,175,188,"[131, 175, 188]",30%,7%,0%,26%,"[30%, 7%, 0%, 26%]",68.63,-12.92,-11.71,"[68.63, -12.92, -11.71]",https://www.google.com/search?tbm=isch&q=sherwinWilliams%20Sherwin%20Williams%206500%20Open%20Seas%20color%20swatch,,,,,,,,,,,,,,,,,,,,,,,,,,,,,,,,,,,,,,,,,,,,
DB,sherwinwilliams,Sherwin Williams 6501 Manitou Blue,#5B92A2,0.6278002936877477,0.06275884879662141,218.2995248152788,91,146,162,"[91, 146, 162]",44%,10%,0%,36%,"[44%, 10%, 0%, 36%]",57.20,-15.63,-14.51,"[57.20, -15.63, -14.51]",https://www.google.com/search?tbm=isch&q=sherwinWilliams%20Sherwin%20Williams%206501%20Manitou%20Blue%20color%20swatch,,,,,,,,,,,,,,,,,,,,,,,,,,,,,,,,,,,,,,,,,,,,
DB,sherwinwilliams,Sherwin Williams 6502 Loch Blue,#2F778B,0.5327155316538222,0.07698589394733062,219.31831038730365,47,119,139,"[47, 119, 139]",66%,14%,0%,45%,"[66%, 14%, 0%, 45%]",46.21,-18.24,-18.00,"[46.21, -18.24, -18.00]",https://www.google.com/search?tbm=isch&q=sherwinWilliams%20Sherwin%20Williams%206502%20Loch%20Blue%20color%20swatch,,,,,,,,,,,,,,,,,,,,,,,,,,,,,,,,,,,,,,,,,,,,
DB,sherwinwilliams,Sherwin Williams 6503 Bosporus,#015D75,0.44419909587281764,0.08264988608148188,223.3476482180762,1,93,117,"[1, 93, 117]",99%,21%,0%,54%,"[99%, 21%, 0%, 54%]",35.85,-17.20,-20.70,"[35.85, -17.20, -20.70]",https://www.google.com/search?tbm=isch&q=sherwinWilliams%20Sherwin%20Williams%206503%20Bosporus%20color%20swatch,,,,,,,,,,,,,,,,,,,,,,,,,,,,,,,,,,,,,,,,,,,,
DB,sherwinwilliams,Sherwin Williams 6504 Sky High,#DCE7E8,0.9199586685635229,0.0118623253673772,203.46565216882038,220,231,232,"[220, 231, 232]",5%,0%,0%,9%,"[5%, 0%, 0%, 9%]",90.83,-3.66,-1.83,"[90.83, -3.66, -1.83]",https://www.google.com/search?tbm=isch&q=sherwinWilliams%20Sherwin%20Williams%206504%20Sky%20High%20color%20swatch,,,,,,,,,,,,,,,,,,,,,,,,,,,,,,,,,,,,,,,,,,,,
DB,sherwinwilliams,Sherwin Williams 6505 Atmospheric,#C2DAE0,0.8724151910464989,0.026952964373094454,214.4450499458129,194,218,224,"[194, 218, 224]",13%,3%,0%,12%,"[13%, 3%, 0%, 12%]",85.39,-7.37,-5.82,"[85.39, -7.37, -5.82]",https://www.google.com/search?tbm=isch&q=sherwinWilliams%20Sherwin%20Williams%206505%20Atmospheric%20color%20swatch,,,,,,,,,,,,,,,,,,,,,,,,,,,,,,,,,,,,,,,,,,,,
DB,sherwinwilliams,Sherwin Williams 6506 Vast Sky,#A9C9D7,0.8169017641942216,0.03956622409212333,226.15377137571386,169,201,215,"[169, 201, 215]",21%,7%,0%,16%,"[21%, 7%, 0%, 16%]",78.94,-8.81,-10.76,"[78.94, -8.81, -10.76]",https://www.google.com/search?tbm=isch&q=sherwinWilliams%20Sherwin%20Williams%206506%20Vast%20Sky%20color%20swatch,,,,,,,,,,,,,,,,,,,,,,,,,,,,,,,,,,,,,,,,,,,,
DB,sherwinwilliams,Sherwin Williams 6507 Resolute Blue,#85B0C4,0.7331483218016113,0.05442115977338144,228.20019864807557,133,176,196,"[133, 176, 196]",32%,10%,0%,23%,"[32%, 10%, 0%, 23%]",69.25,-11.30,-15.16,"[69.25, -11.30, -15.16]",https://www.google.com/search?tbm=isch&q=sherwinWilliams%20Sherwin%20Williams%206507%20Resolute%20Blue%20color%20swatch,,,,,,,,,,,,,,,,,,,,,,,,,,,,,,,,,,,,,,,,,,,,
DB,sherwinwilliams,Sherwin Williams 6508 Secure Blue,#5389A1,0.6019035952929871,0.06794223634152255,228.22111269253412,83,137,161,"[83, 137, 161]",48%,15%,0%,37%,"[48%, 15%, 0%, 37%]",54.05,-13.52,-18.73,"[54.05, -13.52, -18.73]",https://www.google.com/search?tbm=isch&q=sherwinWilliams%20Sherwin%20Williams%206508%20Secure%20Blue%20color%20swatch,,,,,,,,,,,,,,,,,,,,,,,,,,,,,,,,,,,,,,,,,,,,
DB,sherwinwilliams,Sherwin Williams 6509 Georgian Bay,#22657F,0.47677036751085505,0.07778817554660417,227.8169503912893,34,101,127,"[34, 101, 127]",73%,20%,0%,50%,"[73%, 20%, 0%, 50%]",39.53,-14.71,-21.07,"[39.53, -14.71, -21.07]",https://www.google.com/search?tbm=isch&q=sherwinWilliams%20Sherwin%20Williams%206509%20Georgian%20Bay%20color%20swatch,,,,,,,,,,,,,,,,,,,,,,,,,,,,,,,,,,,,,,,,,,,,
DB,sherwinwilliams,Sherwin Williams 6510 Loyal Blue,#01455E,0.3661681294820103,0.07318831945038753,230.87278589823927,1,69,94,"[1, 69, 94]",99%,27%,0%,63%,"[99%, 27%, 0%, 63%]",26.60,-11.88,-20.58,"[26.60, -11.88, -20.58]",https://www.google.com/search?tbm=isch&q=sherwinWilliams%20Sherwin%20Williams%206510%20Loyal%20Blue%20color%20swatch,,,,,,,,,,,,,,,,,,,,,,,,,,,,,,,,,,,,,,,,,,,,
DB,sherwinwilliams,Sherwin Williams 6511 Snowdrop,#E0E8E7,0.9246443321793787,0.008668850134914342,188.1013807057319,224,232,231,"[224, 232, 231]",3%,0%,0%,9%,"[3%, 0%, 0%, 9%]",91.36,-2.90,-0.49,"[91.36, -2.90, -0.49]",https://www.google.com/search?tbm=isch&q=sherwinWilliams%20Sherwin%20Williams%206511%20Snowdrop%20color%20swatch,,,,,,,,,,,,,,,,,,,,,,,,,,,,,,,,,,,,,,,,,,,,
DB,sherwinwilliams,Sherwin Williams 6512 Balmy,#C5D8DE,0.8697970340542713,0.022074559956207534,218.6382354575386,197,216,222,"[197, 216, 222]",11%,3%,0%,13%,"[11%, 3%, 0%, 13%]",85.04,-5.71,-5.26,"[85.04, -5.71, -5.26]",https://www.google.com/search?tbm=isch&q=sherwinWilliams%20Sherwin%20Williams%206512%20Balmy%20color%20swatch,,,,,,,,,,,,,,,,,,,,,,,,,,,,,,,,,,,,,,,,,,,,
DB,sherwinwilliams,Sherwin Williams 6513 Take Five,#B3C9D3,0.8224649209953063,0.02771956871101769,226.84107183901222,179,201,211,"[179, 201, 211]",15%,5%,0%,17%,"[15%, 5%, 0%, 17%]",79.53,-6.16,-7.66,"[79.53, -6.16, -7.66]",https://www.google.com/search?tbm=isch&q=sherwinWilliams%20Sherwin%20Williams%206513%20Take%20Five%20color%20swatch,,,,,,,,,,,,,,,,,,,,,,,,,,,,,,,,,,,,,,,,,,,,
DB,sherwinwilliams,Sherwin Williams 6514 Respite,#97B4C3,0.7531496336068094,0.0383831526342473,230.41601821627376,151,180,195,"[151, 180, 195]",23%,8%,0%,24%,"[23%, 8%, 0%, 24%]",71.50,-7.75,-11.12,"[71.50, -7.75, -11.12]",https://www.google.com/search?tbm=isch&q=sherwinWilliams%20Sherwin%20Williams%206514%20Respite%20color%20swatch,,,,,,,,,,,,,,,,,,,,,,,,,,,,,,,,,,,,,,,,,,,,
DB,sherwinwilliams,Sherwin Williams 6515 Leisure Blue,#6A8EA1,0.6267261890708096,0.049271592825308255,231.53881442564523,106,142,161,"[106, 142, 161]",34%,12%,0%,37%,"[34%, 12%, 0%, 37%]",56.84,-9.36,-14.37,"[56.84, -9.36, -14.37]",https://www.google.com/search?tbm=isch&q=sherwinWilliams%20Sherwin%20Williams%206515%20Leisure%20Blue%20color%20swatch,,,,,,,,,,,,,,,,,,,,,,,,,,,,,,,,,,,,,,,,,,,,
DB,sherwinwilliams,Sherwin Williams 6516 Down Pour,#43718B,0.526350491100797,0.06506248798884272,234.65807105395515,67,113,139,"[67, 113, 139]",52%,19%,0%,45%,"[52%, 19%, 0%, 45%]",45.15,-10.53,-19.51,"[45.15, -10.53, -19.51]",https://www.google.com/search?tbm=isch&q=sherwinWilliams%20Sherwin%20Williams%206516%20Down%20Pour%20color%20swatch,,,,,,,,,,,,,,,,,,,,,,,,,,,,,,,,,,,,,,,,,,,,
DB,sherwinwilliams,Sherwin Williams 6517 Regatta,#215772,0.43351720285693807,0.07173023686598323,233.69881300322334,33,87,114,"[33, 87, 114]",71%,24%,0%,55%,"[71%, 24%, 0%, 55%]",34.38,-11.17,-21.06,"[34.38, -11.17, -21.06]",https://www.google.com/search?tbm=isch&q=sherwinWilliams%20Sherwin%20Williams%206517%20Regatta%20color%20swatch,,,,,,,,,,,,,,,,,,,,,,,,,,,,,,,,,,,,,,,,,,,,
DB,sherwinwilliams,Sherwin Williams 6519 Hinting Blue,#CED9DD,0.8780975301147939,0.013147576515993112,221.4424508394054,206,217,221,"[206, 217, 221]",7%,2%,0%,13%,"[7%, 2%, 0%, 13%]",85.94,-3.27,-3.33,"[85.94, -3.27, -3.33]",https://www.google.com/search?tbm=isch&q=sherwinWilliams%20Sherwin%20Williams%206519%20Hinting%20Blue%20color%20swatch,,,,,,,,,,,,,,,,,,,,,,,,,,,,,,,,,,,,,,,,,,,,
DB,sherwinwilliams,Sherwin Williams 6520 Honest Blue,#B2C7D3,0.8175762675873544,0.028445171938571684,232.75650939274078,178,199,211,"[178, 199, 211]",16%,6%,0%,17%,"[16%, 6%, 0%, 17%]",78.92,-5.52,-8.56,"[78.92, -5.52, -8.56]",https://www.google.com/search?tbm=isch&q=sherwinWilliams%20Sherwin%20Williams%206520%20Honest%20Blue%20color%20swatch,,,,,,,,,,,,,,,,,,,,,,,,,,,,,,,,,,,,,,,,,,,,
DB,sherwinwilliams,Sherwin Williams 6521 Notable Hue,#8BA7BB,0.7139881903259275,0.04265711748756399,239.28443735627047,139,167,187,"[139, 167, 187]",26%,11%,0%,27%,"[26%, 11%, 0%, 27%]",66.87,-6.57,-13.71,"[66.87, -6.57, -13.71]",https://www.google.com/search?tbm=isch&q=sherwinWilliams%20Sherwin%20Williams%206521%20Notable%20Hue%20color%20swatch,,,,,,,,,,,,,,,,,,,,,,,,,,,,,,,,,,,,,,,,,,,,
DB,sherwinwilliams,Sherwin Williams 6522 Sporty Blue,#6A8AA4,0.6187799160986839,0.05355582726354458,243.25620299142884,106,138,164,"[106, 138, 164]",35%,16%,0%,36%,"[35%, 16%, 0%, 36%]",55.76,-6.67,-17.70,"[55.76, -6.67, -17.70]",https://www.google.com/search?tbm=isch&q=sherwinWilliams%20Sherwin%20Williams%206522%20Sporty%20Blue%20color%20swatch,,,,,,,,,,,,,,,,,,,,,,,,,,,,,,,,,,,,,,,,,,,,
DB,sherwinwilliams,Sherwin Williams 6523 Denim,#506B84,0.5164345176482846,0.05096692371630755,246.88063084659893,80,107,132,"[80, 107, 132]",39%,19%,0%,48%,"[39%, 19%, 0%, 48%]",43.83,-5.11,-17.27,"[43.83, -5.11, -17.27]",https://www.google.com/search?tbm=isch&q=sherwinWilliams%20Sherwin%20Williams%206523%20Denim%20color%20swatch,,,,,,,,,,,,,,,,,,,,,,,,,,,,,,,,,,,,,,,,,,,,
DB,sherwinwilliams,Sherwin Williams 6524 Commodore,#25476A,0.38956759810196495,0.07193450610819462,250.77106867366751,37,71,106,"[37, 71, 106]",65%,33%,0%,58%,"[65%, 33%, 0%, 58%]",28.91,-3.52,-24.52,"[28.91, -3.52, -24.52]",https://www.google.com/search?tbm=isch&q=sherwinWilliams%20Sherwin%20Williams%206524%20Commodore%20color%20swatch,,,,,,,,,,,,,,,,,,,,,,,,,,,,,,,,,,,,,,,,,,,,
DB,sherwinwilliams,Sherwin Williams 6525 Rarified Air,#E1E6E6,0.921117812846304,0.005382505815045962,197.06338000334722,225,230,230,"[225, 230, 230]",2%,0%,0%,10%,"[2%, 0%, 0%, 10%]",90.91,-1.74,-0.62,"[90.91, -1.74, -0.62]",https://www.google.com/search?tbm=isch&q=sherwinWilliams%20Sherwin%20Williams%206525%20Rarified%20Air%20color%20swatch,,,,,,,,,,,,,,,,,,,,,,,,,,,,,,,,,,,,,,,,,,,,
DB,sherwinwilliams,Sherwin Williams 6526 Icelandic,#CBD8E1,0.8750629193799966,0.018794489620277816,237.7989093620688,203,216,225,"[203, 216, 225]",10%,4%,0%,12%,"[10%, 4%, 0%, 12%]",85.54,-3.23,-6.03,"[85.54, -3.23, -6.03]",https://www.google.com/search?tbm=isch&q=sherwinWilliams%20Sherwin%20Williams%206526%20Icelandic%20color%20swatch,,,,,,,,,,,,,,,,,,,,,,,,,,,,,,,,,,,,,,,,,,,,
DB,sherwinwilliams,Sherwin Williams 6527 Blissful Blue,#B2C8D8,0.8212968702267031,0.0328720396156626,239.45561617734938,178,200,216,"[178, 200, 216]",18%,7%,0%,15%,"[18%, 7%, 0%, 15%]",79.31,-5.21,-10.65,"[79.31, -5.21, -10.65]",https://www.google.com/search?tbm=isch&q=sherwinWilliams%20Sherwin%20Williams%206527%20Blissful%20Blue%20color%20swatch,,,,,,,,,,,,,,,,,,,,,,,,,,,,,,,,,,,,,,,,,,,,
DB,sherwinwilliams,Sherwin Williams 6528 Cosmos,#8EA9C2,0.7229286893798701,0.04722922212258391,246.4412797722939,142,169,194,"[142, 169, 194]",27%,13%,0%,24%,"[27%, 13%, 0%, 24%]",67.82,-5.34,-16.12,"[67.82, -5.34, -16.12]",https://www.google.com/search?tbm=isch&q=sherwinWilliams%20Sherwin%20Williams%206528%20Cosmos%20color%20swatch,,,,,,,,,,,,,,,,,,,,,,,,,,,,,,,,,,,,,,,,,,,,
DB,sherwinwilliams,Sherwin Williams 6529 Scanda,#6B8CA9,0.6259982568164775,0.057577192277002295,245.42267907500582,107,140,169,"[107, 140, 169]",37%,17%,0%,34%,"[37%, 17%, 0%, 34%]",56.56,-6.38,-19.34,"[56.56, -6.38, -19.34]",https://www.google.com/search?tbm=isch&q=sherwinWilliams%20Sherwin%20Williams%206529%20Scanda%20color%20swatch,,,,,,,,,,,,,,,,,,,,,,,,,,,,,,,,,,,,,,,,,,,,
DB,sherwinwilliams,Sherwin Williams 6530 Revel Blue,#4C6B8A,0.5165963028448627,0.061226972951520825,249.08583641101723,76,107,138,"[76, 107, 138]",45%,22%,0%,46%,"[45%, 22%, 0%, 46%]",43.78,-4.97,-20.95,"[43.78, -4.97, -20.95]",https://www.google.com/search?tbm=isch&q=sherwinWilliams%20Sherwin%20Williams%206530%20Revel%20Blue%20color%20swatch,,,,,,,,,,,,,,,,,,,,,,,,,,,,,,,,,,,,,,,,,,,,
DB,sherwinwilliams,Sherwin Williams 6531 Indigo,#284A70,0.402163418612996,0.0758462342335893,252.54413476952607,40,74,112,"[40, 74, 112]",64%,34%,0%,56%,"[64%, 34%, 0%, 56%]",30.31,-2.81,-26.10,"[30.31, -2.81, -26.10]",https://www.google.com/search?tbm=isch&q=sherwinWilliams%20Sherwin%20Williams%206531%20Indigo%20color%20swatch,,,,,,,,,,,,,,,,,,,,,,,,,,,,,,,,,,,,,,,,,,,,
DB,sherwinwilliams,Sherwin Williams 6533 Mild Blue,#CBD5DB,0.867139551991802,0.013700089635762329,233.77113044041505,203,213,219,"[203, 213, 219]",7%,3%,0%,14%,"[7%, 3%, 0%, 14%]",84.63,-2.65,-4.20,"[84.63, -2.65, -4.20]",https://www.google.com/search?tbm=isch&q=sherwinWilliams%20Sherwin%20Williams%206533%20Mild%20Blue%20color%20swatch,,,,,,,,,,,,,,,,,,,,,,,,,,,,,,,,,,,,,,,,,,,,
DB,sherwinwilliams,Sherwin Williams 6534 Icy,#BBC7D2,0.8237988231839807,0.020314718743560424,245.6866187891285,187,199,210,"[187, 199, 210]",11%,5%,0%,18%,"[11%, 5%, 0%, 18%]",79.56,-2.62,-7.00,"[79.56, -2.62, -7.00]",https://www.google.com/search?tbm=isch&q=sherwinWilliams%20Sherwin%20Williams%206534%20Icy%20color%20swatch,,,,,,,,,,,,,,,,,,,,,,,,,,,,,,,,,,,,,,,,,,,,
DB,sherwinwilliams,Sherwin Williams 6535 Solitude,#99A7B8,0.7229108404913653,0.029362644365787106,253.29774154543747,153,167,184,"[153, 167, 184]",17%,9%,0%,28%,"[17%, 9%, 0%, 28%]",67.80,-2.39,-10.55,"[67.80, -2.39, -10.55]",https://www.google.com/search?tbm=isch&q=sherwinWilliams%20Sherwin%20Williams%206535%20Solitude%20color%20swatch,,,,,,,,,,,,,,,,,,,,,,,,,,,,,,,,,,,,,,,,,,,,
DB,sherwinwilliams,Sherwin Williams 6536 Searching Blue,#6C7F9A,0.5912423929448282,0.04715547252665894,257.16098001600926,108,127,154,"[108, 127, 154]",30%,18%,0%,40%,"[30%, 18%, 0%, 40%]",52.41,-2.21,-17.00,"[52.41, -2.21, -17.00]",https://www.google.com/search?tbm=isch&q=sherwinWilliams%20Sherwin%20Williams%206536%20Searching%20Blue%20color%20swatch,,,,,,,,,,,,,,,,,,,,,,,,,,,,,,,,,,,,,,,,,,,,
DB,sherwinwilliams,Sherwin Williams 6537 Luxe Blue,#516582,0.5021077251148053,0.05250542903046974,257.60840546917416,81,101,130,"[81, 101, 130]",38%,22%,0%,49%,"[38%, 22%, 0%, 49%]",42.02,-1.90,-18.82,"[42.02, -1.90, -18.82]",https://www.google.com/search?tbm=isch&q=sherwinWilliams%20Sherwin%20Williams%206537%20Luxe%20Blue%20color%20swatch,,,,,,,,,,,,,,,,,,,,,,,,,,,,,,,,,,,,,,,,,,,,
DB,sherwinwilliams,Sherwin Williams 6538 Dignified,#3B496D,0.4098165619697879,0.06336803685023873,267.36056583112963,59,73,109,"[59, 73, 109]",46%,33%,0%,57%,"[46%, 33%, 0%, 57%]",31.06,2.32,-22.94,"[31.06, 2.32, -22.94]",https://www.google.com/search?tbm=isch&q=sherwinWilliams%20Sherwin%20Williams%206538%20Dignified%20color%20swatch,,,,,,,,,,,,,,,,,,,,,,,,,,,,,,,,,,,,,,,,,,,,
DB,sherwinwilliams,Sherwin Williams 6540 Starry Night,#D6D9DE,0.88443842538041,0.007583504032345356,260.7315907181995,214,217,222,"[214, 217, 222]",4%,2%,0%,13%,"[4%, 2%, 0%, 13%]",86.57,-0.37,-2.84,"[86.57, -0.37, -2.84]",https://www.google.com/search?tbm=isch&q=sherwinWilliams%20Sherwin%20Williams%206540%20Starry%20Night%20color%20swatch,,,,,,,,,,,,,,,,,,,,,,,,,,,,,,,,,,,,,,,,,,,,
DB,sherwinwilliams,Sherwin Williams 6541 Daydream,#BDC3CD,0.8155262745341975,0.015512294805169802,260.7273937240964,189,195,205,"[189, 195, 205]",8%,5%,0%,20%,"[8%, 5%, 0%, 20%]",78.55,-0.70,-5.78,"[78.55, -0.70, -5.78]",https://www.google.com/search?tbm=isch&q=sherwinWilliams%20Sherwin%20Williams%206541%20Daydream%20color%20swatch,,,,,,,,,,,,,,,,,,,,,,,,,,,,,,,,,,,,,,,,,,,,
DB,sherwinwilliams,Sherwin Williams 6542 Vesper Violet,#99A0B2,0.7059905290585413,0.027429700864507314,268.73545221527115,153,160,178,"[153, 160, 178]",14%,10%,0%,30%,"[14%, 10%, 0%, 30%]",65.74,0.22,-10.27,"[65.74, 0.22, -10.27]",https://www.google.com/search?tbm=isch&q=sherwinWilliams%20Sherwin%20Williams%206542%20Vesper%20Violet%20color%20swatch,,,,,,,,,,,,,,,,,,,,,,,,,,,,,,,,,,,,,,,,,,,,
DB,sherwinwilliams,Sherwin Williams 6543 Soulful Blue,#757C91,0.5878569444160462,0.03319989219252215,270.79728819136676,117,124,145,"[117, 124, 145]",19%,14%,0%,43%,"[19%, 14%, 0%, 43%]",51.98,0.83,-12.35,"[51.98, 0.83, -12.35]",https://www.google.com/search?tbm=isch&q=sherwinWilliams%20Sherwin%20Williams%206543%20Soulful%20Blue%20color%20swatch,,,,,,,,,,,,,,,,,,,,,,,,,,,,,,,,,,,,,,,,,,,,
DB,sherwinwilliams,Sherwin Williams 6544 Mesmerize,#5D657B,0.5081486758773647,0.036380716331923725,269.3918569130569,93,101,123,"[93, 101, 123]",24%,18%,0%,52%,"[24%, 18%, 0%, 52%]",42.71,0.79,-13.46,"[42.71, 0.79, -13.46]",https://www.google.com/search?tbm=isch&q=sherwinWilliams%20Sherwin%20Williams%206544%20Mesmerize%20color%20swatch,,,,,,,,,,,,,,,,,,,,,,,,,,,,,,,,,,,,,,,,,,,,
DB,sherwinwilliams,Sherwin Williams 6545 Majestic Purple,#3B3C5A,0.3687878913706148,0.05135666191271282,282.0977142199014,59,60,90,"[59, 60, 90]",34%,33%,0%,65%,"[34%, 33%, 0%, 65%]",26.25,5.69,-18.26,"[26.25, 5.69, -18.26]",https://www.google.com/search?tbm=isch&q=sherwinWilliams%20Sherwin%20Williams%206545%20Majestic%20Purple%20color%20swatch,,,,,,,,,,,,,,,,,,,,,,,,,,,,,,,,,,,,,,,,,,,,
DB,sherwinwilliams,Sherwin Williams 6547 Silver Peony,#DAD6DB,0.8806990914444581,0.00802603586590232,319.4467854305037,218,214,219,"[218, 214, 219]",0%,2%,0%,14%,"[0%, 2%, 0%, 14%]",86.06,2.09,-1.96,"[86.06, 2.09, -1.96]",https://www.google.com/search?tbm=isch&q=sherwinWilliams%20Sherwin%20Williams%206547%20Silver%20Peony%20color%20swatch,,,,,,,,,,,,,,,,,,,,,,,,,,,,,,,,,,,,,,,,,,,,
DB,sherwinwilliams,Sherwin Williams 6548 Grape Mist,#C5C0C9,0.8145214274312899,0.013584796727551593,310.50202549838104,197,192,201,"[197, 192, 201]",2%,4%,0%,21%,"[2%, 4%, 0%, 21%]",78.32,3.05,-3.88,"[78.32, 3.05, -3.88]",https://www.google.com/search?tbm=isch&q=sherwinWilliams%20Sherwin%20Williams%206548%20Grape%20Mist%20color%20swatch,,,,,,,,,,,,,,,,,,,,,,,,,,,,,,,,,,,,,,,,,,,,
DB,sherwinwilliams,Sherwin Williams 6549 Ash Violet,#A29BAA,0.700172639300359,0.022957152894551674,306.71115589877354,162,155,170,"[162, 155, 170]",5%,9%,0%,33%,"[5%, 9%, 0%, 33%]",64.94,4.80,-6.89,"[64.94, 4.80, -6.89]",https://www.google.com/search?tbm=isch&q=sherwinWilliams%20Sherwin%20Williams%206549%20Ash%20Violet%20color%20swatch,,,,,,,,,,,,,,,,,,,,,,,,,,,,,,,,,,,,,,,,,,,,
DB,sherwinwilliams,Sherwin Williams 6550 Mythical,#7E778E,0.5835133368633436,0.03564053114209439,299.200445962957,126,119,142,"[126, 119, 142]",11%,16%,0%,44%,"[11%, 16%, 0%, 44%]",51.27,6.35,-11.55,"[51.27, 6.35, -11.55]",https://www.google.com/search?tbm=isch&q=sherwinWilliams%20Sherwin%20Williams%206550%20Mythical%20color%20swatch,,,,,,,,,,,,,,,,,,,,,,,,,,,,,,,,,,,,,,,,,,,,
DB,sherwinwilliams,Sherwin Williams 6551 Purple Passage,#645E77,0.496879134643911,0.03997493171831268,295.913109903707,100,94,119,"[100, 94, 119]",16%,21%,0%,53%,"[16%, 21%, 0%, 53%]",41.18,6.63,-13.28,"[41.18, 6.63, -13.28]",https://www.google.com/search?tbm=isch&q=sherwinWilliams%20Sherwin%20Williams%206551%20Purple%20Passage%20color%20swatch,,,,,,,,,,,,,,,,,,,,,,,,,,,,,,,,,,,,,,,,,,,,
DB,sherwinwilliams,Sherwin Williams 6552 Dewberry,#3E385A,0.36246670374728046,0.05814714238488415,291.3125177881707,62,56,90,"[62, 56, 90]",31%,38%,0%,65%,"[31%, 38%, 0%, 65%]",25.34,9.32,-19.64,"[25.34, 9.32, -19.64]",https://www.google.com/search?tbm=isch&q=sherwinWilliams%20Sherwin%20Williams%206552%20Dewberry%20color%20swatch,,,,,,,,,,,,,,,,,,,,,,,,,,,,,,,,,,,,,,,,,,,,
DB,sherwinwilliams,Sherwin Williams 6554 Lite Lavender,#E0DADF,0.8945421806718666,0.009349542592323557,330.96206045951226,224,218,223,"[224, 218, 223]",0%,3%,0%,12%,"[0%, 3%, 0%, 12%]",87.64,2.78,-1.70,"[87.64, 2.78, -1.70]",https://www.google.com/search?tbm=isch&q=sherwinWilliams%20Sherwin%20Williams%206554%20Lite%20Lavender%20color%20swatch,,,,,,,,,,,,,,,,,,,,,,,,,,,,,,,,,,,,,,,,,,,,
DB,sherwinwilliams,Sherwin Williams 6555 Enchant,#D1C6D2,0.8390597364584254,0.02037250500072835,323.24568334570984,209,198,210,"[209, 198, 210]",0%,6%,0%,18%,"[0%, 6%, 0%, 18%]",81.06,5.58,-4.56,"[81.06, 5.58, -4.56]",https://www.google.com/search?tbm=isch&q=sherwinWilliams%20Sherwin%20Williams%206555%20Enchant%20color%20swatch,,,,,,,,,,,,,,,,,,,,,,,,,,,,,,,,,,,,,,,,,,,,
DB,sherwinwilliams,Sherwin Williams 6556 Obi Lilac,#B0A3B6,0.7325000898760039,0.030648755837421122,315.28442276149894,176,163,182,"[176, 163, 182]",3%,10%,0%,29%,"[3%, 10%, 0%, 29%]",68.57,7.53,-8.05,"[68.57, 7.53, -8.05]",https://www.google.com/search?tbm=isch&q=sherwinWilliams%20Sherwin%20Williams%206556%20Obi%20Lilac%20color%20swatch,,,,,,,,,,,,,,,,,,,,,,,,,,,,,,,,,,,,,,,,,,,,
DB,sherwinwilliams,Sherwin Williams 6557 Wood Violet,#7A6B85,0.5510491349734475,0.04342373423687789,310.8263926859854,122,107,133,"[122, 107, 133]",8%,20%,0%,48%,"[8%, 20%, 0%, 48%]",47.36,10.03,-12.15,"[47.36, 10.03, -12.15]",https://www.google.com/search?tbm=isch&q=sherwinWilliams%20Sherwin%20Williams%206557%20Wood%20Violet%20color%20swatch,,,,,,,,,,,,,,,,,,,,,,,,,,,,,,,,,,,,,,,,,,,,
DB,sherwinwilliams,Sherwin Williams 6558 Plummy,#675A75,0.49024264359065634,0.045192852754644665,306.6300155716118,103,90,117,"[103, 90, 117]",12%,23%,0%,54%,"[12%, 23%, 0%, 54%]",40.29,9.73,-13.37,"[40.29, 9.73, -13.37]",https://www.google.com/search?tbm=isch&q=sherwinWilliams%20Sherwin%20Williams%206558%20Plummy%20color%20swatch,,,,,,,,,,,,,,,,,,,,,,,,,,,,,,,,,,,,,,,,,,,,
DB,sherwinwilliams,Sherwin Williams 6559 Concord Grape,#443757,0.364802808576066,0.0561967781147355,302.3657883236044,68,55,87,"[68, 55, 87]",22%,37%,0%,66%,"[22%, 37%, 0%, 66%]",25.57,11.58,-17.27,"[25.57, 11.58, -17.27]",https://www.google.com/search?tbm=isch&q=sherwinWilliams%20Sherwin%20Williams%206559%20Concord%20Grape%20color%20swatch,,,,,,,,,,,,,,,,,,,,,,,,,,,,,,,,,,,,,,,,,,,,
DB,sherwinwilliams,Sherwin Williams 6561 Teaberry,#EBD1DB,0.8850596860319386,0.031743189549253314,352.5145032719372,235,209,219,"[235, 209, 219]",0%,11%,7%,8%,"[0%, 11%, 7%, 8%]",86.25,10.59,-1.47,"[86.25, 10.59, -1.47]",https://www.google.com/search?tbm=isch&q=sherwinWilliams%20Sherwin%20Williams%206561%20Teaberry%20color%20swatch,,,,,,,,,,,,,,,,,,,,,,,,,,,,,,,,,,,,,,,,,,,,
DB,sherwinwilliams,Sherwin Williams 6562 Irresistible,#E3C0CF,0.8421949563447757,0.04432128884936078,350.4114440026476,227,192,207,"[227, 192, 207]",0%,15%,9%,11%,"[0%, 15%, 9%, 11%]",81.11,14.67,-2.66,"[81.11, 14.67, -2.66]",https://www.google.com/search?tbm=isch&q=sherwinWilliams%20Sherwin%20Williams%206562%20Irresistible%20color%20swatch,,,,,,,,,,,,,,,,,,,,,,,,,,,,,,,,,,,,,,,,,,,,
DB,sherwinwilliams,Sherwin Williams 6563 Rosebay,#CB9AAD,0.73768936639687,0.06342309951582809,353.65791720977063,203,154,173,"[203, 154, 173]",0%,24%,15%,20%,"[0%, 24%, 15%, 20%]",68.74,21.02,-2.44,"[68.74, 21.02, -2.44]",https://www.google.com/search?tbm=isch&q=sherwinWilliams%20Sherwin%20Williams%206563%20Rosebay%20color%20swatch,,,,,,,,,,,,,,,,,,,,,,,,,,,,,,,,,,,,,,,,,,,,
DB,sherwinwilliams,Sherwin Williams 6564 Red Clover,#B87E93,0.6579787898704474,0.07676376693630166,356.01485541247837,184,126,147,"[184, 126, 147]",0%,32%,20%,28%,"[0%, 32%, 20%, 28%]",59.33,25.41,-1.75,"[59.33, 25.41, -1.75]",https://www.google.com/search?tbm=isch&q=sherwinWilliams%20Sherwin%20Williams%206564%20Red%20Clover%20color%20swatch,,,,,,,,,,,,,,,,,,,,,,,,,,,,,,,,,,,,,,,,,,,,
DB,sherwinwilliams,Sherwin Williams 6565 Grandeur Plum,#92576F,0.5310325988068397,0.08372002002576474,354.4055618068843,146,87,111,"[146, 87, 111]",0%,40%,24%,43%,"[0%, 40%, 24%, 43%]",44.51,27.47,-2.80,"[44.51, 27.47, -2.80]",https://www.google.com/search?tbm=isch&q=sherwinWilliams%20Sherwin%20Williams%206565%20Grandeur%20Plum%20color%20swatch,,,,,,,,,,,,,,,,,,,,,,,,,,,,,,,,,,,,,,,,,,,,
DB,sherwinwilliams,Sherwin Williams 6566 Framboise,#7C3655,0.4367601337615226,0.10378384899941223,354.482446197896,124,54,85,"[124, 54, 85]",0%,56%,31%,51%,"[0%, 56%, 31%, 51%]",33.31,33.65,-3.39,"[33.31, 33.65, -3.39]",https://www.google.com/search?tbm=isch&q=sherwinWilliams%20Sherwin%20Williams%206566%20Framboise%20color%20swatch,,,,,,,,,,,,,,,,,,,,,,,,,,,,,,,,,,,,,,,,,,,,
DB,sherwinwilliams,Sherwin Williams 6568 Lighthearted Pink,#EDD5DD,0.8949907469459997,0.02856519174837951,355.4903273971861,237,213,221,"[237, 213, 221]",0%,10%,7%,7%,"[0%, 10%, 7%, 7%]",87.45,9.59,-0.76,"[87.45, 9.59, -0.76]",https://www.google.com/search?tbm=isch&q=sherwinWilliams%20Sherwin%20Williams%206568%20Lighthearted%20Pink%20color%20swatch,,,,,,,,,,,,,,,,,,,,,,,,,,,,,,,,,,,,,,,,,,,,
DB,sherwinwilliams,Sherwin Williams 6569 Childlike,#E8C0CF,0.8467828676624342,0.04949179774871194,353.69108071217283,232,192,207,"[232, 192, 207]",0%,17%,11%,9%,"[0%, 17%, 11%, 9%]",81.58,16.49,-1.90,"[81.58, 16.49, -1.90]",https://www.google.com/search?tbm=isch&q=sherwinWilliams%20Sherwin%20Williams%206569%20Childlike%20color%20swatch,,,,,,,,,,,,,,,,,,,,,,,,,,,,,,,,,,,,,,,,,,,,
DB,sherwinwilliams,Sherwin Williams 6570 Haute Pink,#D899B1,0.750681209926479,0.08118642018992353,354.64615804545406,216,153,177,"[216, 153, 177]",0%,29%,18%,15%,"[0%, 29%, 18%, 15%]",70.02,26.86,-2.59,"[70.02, 26.86, -2.59]",https://www.google.com/search?tbm=isch&q=sherwinWilliams%20Sherwin%20Williams%206570%20Haute%20Pink%20color%20swatch,,,,,,,,,,,,,,,,,,,,,,,,,,,,,,,,,,,,,,,,,,,,
DB,sherwinwilliams,Sherwin Williams 6571 Cyclamen,#C47B95,0.6672018973523637,0.0961581601286554,357.1192225533084,196,123,149,"[196, 123, 149]",0%,37%,24%,23%,"[0%, 37%, 24%, 23%]",60.16,31.74,-1.48,"[60.16, 31.74, -1.48]",https://www.google.com/search?tbm=isch&q=sherwinWilliams%20Sherwin%20Williams%206571%20Cyclamen%20color%20swatch,,,,,,,,,,,,,,,,,,,,,,,,,,,,,,,,,,,,,,,,,,,,
DB,sherwinwilliams,Sherwin Williams 6572 Ruby Shade,#A2566F,0.5504100096796656,0.10377069988991001,0.09095033324297219,162,86,111,"[162, 86, 111]",0%,47%,31%,36%,"[0%, 47%, 31%, 36%]",46.54,34.14,0.49,"[46.54, 34.14, 0.49]",https://www.google.com/search?tbm=isch&q=sherwinWilliams%20Sherwin%20Williams%206572%20Ruby%20Shade%20color%20swatch,,,,,,,,,,,,,,,,,,,,,,,,,,,,,,,,,,,,,,,,,,,,
DB,sherwinwilliams,Sherwin Williams 6573 Juneberry,#854158,0.46835041119890936,0.09660143552389835,0.04954272023547901,133,65,88,"[133, 65, 88]",0%,51%,34%,48%,"[0%, 51%, 34%, 48%]",37.11,31.71,0.43,"[37.11, 31.71, 0.43]",https://www.google.com/search?tbm=isch&q=sherwinWilliams%20Sherwin%20Williams%206573%20Juneberry%20color%20swatch,,,,,,,,,,,,,,,,,,,,,,,,,,,,,,,,,,,,,,,,,,,,
DB,sherwinwilliams,Sherwin Williams 6575 Priscilla,#F1D3DA,0.8937875147616393,0.034629403810905894,2.020499773583481,241,211,218,"[241, 211, 218]",0%,12%,10%,5%,"[0%, 12%, 10%, 5%]",87.25,11.64,0.58,"[87.25, 11.64, 0.58]",https://www.google.com/search?tbm=isch&q=sherwinWilliams%20Sherwin%20Williams%206575%20Priscilla%20color%20swatch,,,,,,,,,,,,,,,,,,,,,,,,,,,,,,,,,,,,,,,,,,,,
DB,sherwinwilliams,Sherwin Williams 6576 Azalea Flower,#EFC0CB,0.8521809313502706,0.055479532861884895,2.6783520751820333,239,192,203,"[239, 192, 203]",0%,20%,15%,6%,"[0%, 20%, 15%, 6%]",82.17,18.57,1.19,"[82.17, 18.57, 1.19]",https://www.google.com/search?tbm=isch&q=sherwinWilliams%20Sherwin%20Williams%206576%20Azalea%20Flower%20color%20swatch,,,,,,,,,,,,,,,,,,,,,,,,,,,,,,,,,,,,,,,,,,,,
DB,sherwinwilliams,Sherwin Williams 6577 Jaipur Pink,#E392A1,0.7460237266266168,0.09935677579221,7.684737467078662,227,146,161,"[227, 146, 161]",0%,36%,29%,11%,"[0%, 36%, 29%, 11%]",69.37,32.83,5.54,"[69.37, 32.83, 5.54]",https://www.google.com/search?tbm=isch&q=sherwinWilliams%20Sherwin%20Williams%206577%20Jaipur%20Pink%20color%20swatch,,,,,,,,,,,,,,,,,,,,,,,,,,,,,,,,,,,,,,,,,,,,
DB,sherwinwilliams,Sherwin Williams 6578 Tuberose,#D47C8C,0.6856251603082814,0.11039419364028186,8.691644637005481,212,124,140,"[212, 124, 140]",0%,42%,34%,17%,"[0%, 42%, 34%, 17%]",62.24,36.34,6.96,"[62.24, 36.34, 6.96]",https://www.google.com/search?tbm=isch&q=sherwinWilliams%20Sherwin%20Williams%206578%20Tuberose%20color%20swatch,,,,,,,,,,,,,,,,,,,,,,,,,,,,,,,,,,,,,,,,,,,,
DB,sherwinwilliams,Sherwin Williams 6579 Gala Pink,#B04B63,0.5502832389419109,0.13332088860828695,7.759487547453546,176,75,99,"[176, 75, 99]",0%,57%,44%,31%,"[0%, 57%, 44%, 31%]",46.26,43.64,7.72,"[46.26, 43.64, 7.72]",https://www.google.com/search?tbm=isch&q=sherwinWilliams%20Sherwin%20Williams%206579%20Gala%20Pink%20color%20swatch,,,,,,,,,,,,,,,,,,,,,,,,,,,,,,,,,,,,,,,,,,,,
DB,sherwinwilliams,Sherwin Williams 6580 Cerise,#99324E,0.47574510936875863,0.13843751100620072,7.58316691925944,153,50,78,"[153, 50, 78]",0%,67%,49%,40%,"[0%, 67%, 49%, 40%]",37.55,45.14,7.95,"[37.55, 45.14, 7.95]",https://www.google.com/search?tbm=isch&q=sherwinWilliams%20Sherwin%20Williams%206580%20Cerise%20color%20swatch,,,,,,,,,,,,,,,,,,,,,,,,,,,,,,,,,,,,,,,,,,,,
DB,sherwinwilliams,Sherwin Williams 6582 Impatiens Petal,#F1D2D7,0.8910475055512541,0.03522367156949983,6.820665919493365,241,210,215,"[241, 210, 215]",0%,13%,11%,5%,"[0%, 13%, 11%, 5%]",86.94,11.77,1.72,"[86.94, 11.77, 1.72]",https://www.google.com/search?tbm=isch&q=sherwinWilliams%20Sherwin%20Williams%206582%20Impatiens%20Petal%20color%20swatch,,,,,,,,,,,,,,,,,,,,,,,,,,,,,,,,,,,,,,,,,,,,
DB,sherwinwilliams,Sherwin Williams 6583 In the Pink,#F0BCC9,0.8452352745680198,0.06192593449254894,1.8651545651675292,240,188,201,"[240, 188, 201]",0%,22%,16%,6%,"[0%, 22%, 16%, 6%]",81.28,20.71,0.99,"[81.28, 20.71, 0.99]",https://www.google.com/search?tbm=isch&q=sherwinWilliams%20Sherwin%20Williams%206583%20In%20the%20Pink%20color%20swatch,,,,,,,,,,,,,,,,,,,,,,,,,,,,,,,,,,,,,,,,,,,,
DB,sherwinwilliams,Sherwin Williams 6584 Cheery,#EB92A3,0.755852764222808,0.10902818383535562,7.615744597319178,235,146,163,"[235, 146, 163]",0%,38%,31%,8%,"[0%, 38%, 31%, 8%]",70.39,35.99,6.05,"[70.39, 35.99, 6.05]",https://www.google.com/search?tbm=isch&q=sherwinWilliams%20Sherwin%20Williams%206584%20Cheery%20color%20swatch,,,,,,,,,,,,,,,,,,,,,,,,,,,,,,,,,,,,,,,,,,,,
DB,sherwinwilliams,Sherwin Williams 6585 Coming up Roses,#DD7788,0.6880122573543472,0.12752808486221406,10.39760228256722,221,119,136,"[221, 119, 136]",0%,46%,38%,13%,"[0%, 46%, 38%, 13%]",62.34,41.80,9.59,"[62.34, 41.80, 9.59]",https://www.google.com/search?tbm=isch&q=sherwinWilliams%20Sherwin%20Williams%206585%20Coming%20up%20Roses%20color%20swatch,,,,,,,,,,,,,,,,,,,,,,,,,,,,,,,,,,,,,,,,,,,,
DB,sherwinwilliams,Sherwin Williams 6586 Heartfelt,#BD4C5F,0.5703030451463569,0.14590487798707197,12.744437206771636,189,76,95,"[189, 76, 95]",0%,60%,50%,26%,"[0%, 60%, 50%, 26%]",48.51,47.48,13.64,"[48.51, 47.48, 13.64]",https://www.google.com/search?tbm=isch&q=sherwinWilliams%20Sherwin%20Williams%206586%20Heartfelt%20color%20swatch,,,,,,,,,,,,,,,,,,,,,,,,,,,,,,,,,,,,,,,,,,,,
DB,sherwinwilliams,Sherwin Williams 6587 Valentine,#A53A4E,0.5051981254079273,0.14112470120865975,12.541860031401086,165,58,78,"[165, 58, 78]",0%,65%,53%,35%,"[0%, 65%, 53%, 35%]",41.00,45.89,13.10,"[41.00, 45.89, 13.10]",https://www.google.com/search?tbm=isch&q=sherwinWilliams%20Sherwin%20Williams%206587%20Valentine%20color%20swatch,,,,,,,,,,,,,,,,,,,,,,,,,,,,,,,,,,,,,,,,,,,,
DB,sherwinwilliams,Sherwin Williams 6589 Alyssum,#F2D5D7,0.8976142138428412,0.03244076606754963,13.028743486529265,242,213,215,"[242, 213, 215]",0%,12%,11%,5%,"[0%, 12%, 11%, 5%]",87.76,10.65,2.91,"[87.76, 10.65, 2.91]",https://www.google.com/search?tbm=isch&q=sherwinWilliams%20Sherwin%20Williams%206589%20Alyssum%20color%20swatch,,,,,,,,,,,,,,,,,,,,,,,,,,,,,,,,,,,,,,,,,,,,
DB,sherwinwilliams,Sherwin Williams 6590 Loveable,#F0C1C6,0.853576381148731,0.05414810023266647,11.099397990761418,240,193,198,"[240, 193, 198]",0%,20%,17%,6%,"[0%, 20%, 17%, 6%]",82.40,17.86,4.20,"[82.40, 17.86, 4.20]",https://www.google.com/search?tbm=isch&q=sherwinWilliams%20Sherwin%20Williams%206590%20Loveable%20color%20swatch,,,,,,,,,,,,,,,,,,,,,,,,,,,,,,,,,,,,,,,,,,,,
DB,sherwinwilliams,Sherwin Williams 6591 Amaryllis,#ED939D,0.7582483524749861,0.10915622848716719,12.79318300550193,237,147,157,"[237, 147, 157]",0%,38%,34%,7%,"[0%, 38%, 34%, 7%]",70.73,35.69,9.89,"[70.73, 35.69, 9.89]",https://www.google.com/search?tbm=isch&q=sherwinWilliams%20Sherwin%20Williams%206591%20Amaryllis%20color%20swatch,,,,,,,,,,,,,,,,,,,,,,,,,,,,,,,,,,,,,,,,,,,,
DB,sherwinwilliams,Sherwin Williams 6592 Grenadine,#D66972,0.6519241922452237,0.13712314248887253,16.517826997896464,214,105,114,"[214, 105, 114]",0%,51%,47%,16%,"[0%, 51%, 47%, 16%]",58.14,44.32,16.26,"[58.14, 44.32, 16.26]",https://www.google.com/search?tbm=isch&q=sherwinWilliams%20Sherwin%20Williams%206592%20Grenadine%20color%20swatch,,,,,,,,,,,,,,,,,,,,,,,,,,,,,,,,,,,,,,,,,,,,
DB,sherwinwilliams,Sherwin Williams 6593 Coral Bells,#BB4B51,0.5626883238266561,0.14479702978889203,19.833363391288856,187,75,81,"[187, 75, 81]",0%,60%,57%,27%,"[0%, 60%, 57%, 27%]",47.75,46.38,21.00,"[47.75, 46.38, 21.00]",https://www.google.com/search?tbm=isch&q=sherwinWilliams%20Sherwin%20Williams%206593%20Coral%20Bells%20color%20swatch,,,,,,,,,,,,,,,,,,,,,,,,,,,,,,,,,,,,,,,,,,,,
DB,sherwinwilliams,Sherwin Williams 6594 Poinsettia,#9D373C,0.4841822305847036,0.13577449386179027,20.942354992087246,157,55,60,"[157, 55, 60]",0%,65%,62%,38%,"[0%, 65%, 62%, 38%]",38.75,43.38,21.07,"[38.75, 43.38, 21.07]",https://www.google.com/search?tbm=isch&q=sherwinWilliams%20Sherwin%20Williams%206594%20Poinsettia%20color%20swatch,,,,,,,,,,,,,,,,,,,,,,,,,,,,,,,,,,,,,,,,,,,,
DB,sherwinwilliams,Sherwin Williams 6596 Bella Pink,#F1C6C4,0.863277979041794,0.04920814037759562,21.275400332237325,241,198,196,"[241, 198, 196]",0%,18%,19%,5%,"[0%, 18%, 19%, 5%]",83.65,15.52,7.06,"[83.65, 15.52, 7.06]",https://www.google.com/search?tbm=isch&q=sherwinWilliams%20Sherwin%20Williams%206596%20Bella%20Pink%20color%20swatch,,,,,,,,,,,,,,,,,,,,,,,,,,,,,,,,,,,,,,,,,,,,
DB,sherwinwilliams,Sherwin Williams 6597 Hopeful,#F0B3B2,0.8226165553650355,0.07142641712796306,19.79573351803134,240,179,178,"[240, 179, 178]",0%,25%,26%,6%,"[0%, 25%, 26%, 6%]",78.70,22.75,9.66,"[78.70, 22.75, 9.66]",https://www.google.com/search?tbm=isch&q=sherwinWilliams%20Sherwin%20Williams%206597%20Hopeful%20color%20swatch,,,,,,,,,,,,,,,,,,,,,,,,,,,,,,,,,,,,,,,,,,,,
DB,sherwinwilliams,Sherwin Williams 6598 Dishy Coral,#ED9190,0.7516976255720926,0.11189400857367426,20.71578404636358,237,145,144,"[237, 145, 144]",0%,39%,39%,7%,"[0%, 39%, 39%, 7%]",70.06,35.58,16.15,"[70.06, 35.58, 16.15]",https://www.google.com/search?tbm=isch&q=sherwinWilliams%20Sherwin%20Williams%206598%20Dishy%20Coral%20color%20swatch,,,,,,,,,,,,,,,,,,,,,,,,,,,,,,,,,,,,,,,,,,,,
DB,sherwinwilliams,Sherwin Williams 6599 Begonia,#D76C6E,0.6568606464570801,0.13462386194878748,20.288896144701198,215,108,110,"[215, 108, 110]",0%,50%,49%,16%,"[0%, 50%, 49%, 16%]",58.80,42.98,19.48,"[58.80, 42.98, 19.48]",https://www.google.com/search?tbm=isch&q=sherwinWilliams%20Sherwin%20Williams%206599%20Begonia%20color%20swatch,,,,,,,,,,,,,,,,,,,,,,,,,,,,,,,,,,,,,,,,,,,,
DB,sherwinwilliams,Sherwin Williams 6600 Enticing Red,#B74E4F,0.5602145686010991,0.13674892929008714,21.97029958430153,183,78,79,"[183, 78, 79]",0%,57%,57%,28%,"[0%, 57%, 57%, 28%]",47.59,43.47,21.83,"[47.59, 43.47, 21.83]",https://www.google.com/search?tbm=isch&q=sherwinWilliams%20Sherwin%20Williams%206600%20Enticing%20Red%20color%20swatch,,,,,,,,,,,,,,,,,,,,,,,,,,,,,,,,,,,,,,,,,,,,
DB,sherwinwilliams,Sherwin Williams 6601 Tanager,#A43834,0.49571705838300806,0.14352596588389385,25.893879744641822,164,56,52,"[164, 56, 52]",0%,66%,68%,36%,"[0%, 66%, 68%, 36%]",40.09,45.07,27.94,"[40.09, 45.07, 27.94]",https://www.google.com/search?tbm=isch&q=sherwinWilliams%20Sherwin%20Williams%206601%20Tanager%20color%20swatch,,,,,,,,,,,,,,,,,,,,,,,,,,,,,,,,,,,,,,,,,,,,
DB,sherwinwilliams,Sherwin Williams 6603 Oleander,#F2CCC5,0.8757397157147705,0.044245743404387985,30.2246337499098,242,204,197,"[242, 204, 197]",0%,16%,19%,5%,"[0%, 16%, 19%, 5%]",85.21,13.02,8.75,"[85.21, 13.02, 8.75]",https://www.google.com/search?tbm=isch&q=sherwinWilliams%20Sherwin%20Williams%206603%20Oleander%20color%20swatch,,,,,,,,,,,,,,,,,,,,,,,,,,,,,,,,,,,,,,,,,,,,
DB,sherwinwilliams,Sherwin Williams 6604 Youthful Coral,#F0AFA8,0.8128785240495395,0.07736114201009361,25.83057183302003,240,175,168,"[240, 175, 168]",0%,27%,30%,6%,"[0%, 27%, 30%, 6%]",77.57,23.78,13.48,"[77.57, 23.78, 13.48]",https://www.google.com/search?tbm=isch&q=sherwinWilliams%20Sherwin%20Williams%206604%20Youthful%20Coral%20color%20swatch,,,,,,,,,,,,,,,,,,,,,,,,,,,,,,,,,,,,,,,,,,,,
DB,sherwinwilliams,Sherwin Williams 6605 Charisma,#EE9489,0.7563038861578738,0.11075349541578446,27.483208712632177,238,148,137,"[238, 148, 137]",0%,38%,42%,7%,"[0%, 38%, 42%, 7%]",70.71,33.92,20.91,"[70.71, 33.92, 20.91]",https://www.google.com/search?tbm=isch&q=sherwinWilliams%20Sherwin%20Williams%206605%20Charisma%20color%20swatch,,,,,,,,,,,,,,,,,,,,,,,,,,,,,,,,,,,,,,,,,,,,
DB,sherwinwilliams,Sherwin Williams 6606 Coral Reef,#D9766C,0.6746284741408454,0.12536748501497386,26.913201259371874,217,118,108,"[217, 118, 108]",0%,46%,50%,15%,"[0%, 46%, 50%, 15%]",61.08,38.74,23.68,"[61.08, 38.74, 23.68]",https://www.google.com/search?tbm=isch&q=sherwinWilliams%20Sherwin%20Williams%206606%20Coral%20Reef%20color%20swatch,,,,,,,,,,,,,,,,,,,,,,,,,,,,,,,,,,,,,,,,,,,,
DB,sherwinwilliams,Sherwin Williams 6607 Red Tomato,#B24743,0.5405035953973075,0.14067022940846363,25.068245590114373,178,71,67,"[178, 71, 67]",0%,60%,62%,30%,"[0%, 60%, 62%, 30%]",45.31,44.21,25.91,"[45.31, 44.21, 25.91]",https://www.google.com/search?tbm=isch&q=sherwinWilliams%20Sherwin%20Williams%206607%20Red%20Tomato%20color%20swatch,,,,,,,,,,,,,,,,,,,,,,,,,,,,,,,,,,,,,,,,,,,,
DB,sherwinwilliams,Sherwin Williams 6608 Rave Red,#A13B34,0.4945081600301117,0.13692258633916224,27.13684184968207,161,59,52,"[161, 59, 52]",0%,63%,68%,37%,"[0%, 63%, 68%, 37%]",40.04,42.71,27.72,"[40.04, 42.71, 27.72]",https://www.google.com/search?tbm=isch&q=sherwinWilliams%20Sherwin%20Williams%206608%20Rave%20Red%20color%20swatch,,,,,,,,,,,,,,,,,,,,,,,,,,,,,,,,,,,,,,,,,,,,
DB,sherwinwilliams,Sherwin Williams 6610 Koral Kicks,#F2D1C3,0.8847258565813503,0.04183803308923146,44.33574233920649,242,209,195,"[242, 209, 195]",0%,14%,19%,5%,"[0%, 14%, 19%, 5%]",86.39,10.33,11.46,"[86.39, 10.33, 11.46]",https://www.google.com/search?tbm=isch&q=sherwinWilliams%20Sherwin%20Williams%206610%20Koral%20Kicks%20color%20swatch,,,,,,,,,,,,,,,,,,,,,,,,,,,,,,,,,,,,,,,,,,,,
DB,sherwinwilliams,Sherwin Williams 6611 Jovial,#F2B8A7,0.8310642452085617,0.07177426340712746,36.961979600862946,242,184,167,"[242, 184, 167]",0%,24%,31%,5%,"[0%, 24%, 31%, 5%]",79.87,19.93,17.23,"[79.87, 19.93, 17.23]",https://www.google.com/search?tbm=isch&q=sherwinWilliams%20Sherwin%20Williams%206611%20Jovial%20color%20swatch,,,,,,,,,,,,,,,,,,,,,,,,,,,,,,,,,,,,,,,,,,,,
DB,sherwinwilliams,Sherwin Williams 6612 Ravishing Coral,#E79580,0.74785188065827,0.10426379638256554,35.07503383551841,231,149,128,"[231, 149, 128]",0%,35%,45%,9%,"[0%, 35%, 45%, 9%]",69.92,30.03,24.60,"[69.92, 30.03, 24.60]",https://www.google.com/search?tbm=isch&q=sherwinWilliams%20Sherwin%20Williams%206612%20Ravishing%20Coral%20color%20swatch,,,,,,,,,,,,,,,,,,,,,,,,,,,,,,,,,,,,,,,,,,,,
DB,sherwinwilliams,Sherwin Williams 6613 Lei Flower,#D87B6A,0.681020595172901,0.1192710548215494,31.347847440868122,216,123,106,"[216, 123, 106]",0%,43%,51%,15%,"[0%, 43%, 51%, 15%]",61.96,35.74,25.91,"[61.96, 35.74, 25.91]",https://www.google.com/search?tbm=isch&q=sherwinWilliams%20Sherwin%20Williams%206613%20Lei%20Flower%20color%20swatch,,,,,,,,,,,,,,,,,,,,,,,,,,,,,,,,,,,,,,,,,,,,
DB,sherwinwilliams,Sherwin Williams 6614 Quite Coral,#C76356,0.6159917696726561,0.13009505816819292,28.981486323865795,199,99,86,"[199, 99, 86]",0%,50%,57%,22%,"[0%, 50%, 57%, 22%]",54.26,39.85,26.82,"[54.26, 39.85, 26.82]",https://www.google.com/search?tbm=isch&q=sherwinWilliams%20Sherwin%20Williams%206614%20Quite%20Coral%20color%20swatch,,,,,,,,,,,,,,,,,,,,,,,,,,,,,,,,,,,,,,,,,,,,
DB,sherwinwilliams,Sherwin Williams 6615 Peppery,#B85444,0.5683448430769297,0.13311615294861096,30.898602119762472,184,84,68,"[184, 84, 68]",0%,54%,63%,28%,"[0%, 54%, 63%, 28%]",48.72,40.45,29.74,"[48.72, 40.45, 29.74]",https://www.google.com/search?tbm=isch&q=sherwinWilliams%20Sherwin%20Williams%206615%20Peppery%20color%20swatch,,,,,,,,,,,,,,,,,,,,,,,,,,,,,,,,,,,,,,,,,,,,
DB,sherwinwilliams,Sherwin Williams 6617 Blushing,#F0D1C3,0.882938206582382,0.039807501820265906,45.792659283803346,240,209,195,"[240, 209, 195]",0%,13%,19%,6%,"[0%, 13%, 19%, 6%]",86.21,9.59,11.17,"[86.21, 9.59, 11.17]",https://www.google.com/search?tbm=isch&q=sherwinWilliams%20Sherwin%20Williams%206617%20Blushing%20color%20swatch,,,,,,,,,,,,,,,,,,,,,,,,,,,,,,,,,,,,,,,,,,,,
DB,sherwinwilliams,Sherwin Williams 6618 Cosmetic Peach,#F3C1AB,0.8496589175558301,0.06504969308850175,44.95231890685028,243,193,171,"[243, 193, 171]",0%,21%,30%,5%,"[0%, 21%, 30%, 5%]",82.18,16.20,18.29,"[82.18, 16.20, 18.29]",https://www.google.com/search?tbm=isch&q=sherwinWilliams%20Sherwin%20Williams%206618%20Cosmetic%20Peach%20color%20swatch,,,,,,,,,,,,,,,,,,,,,,,,,,,,,,,,,,,,,,,,,,,,
DB,sherwinwilliams,Sherwin Williams 6619 Sockeye,#E49780,0.7478730462274281,0.09906508212212785,37.362987551826734,228,151,128,"[228, 151, 128]",0%,34%,44%,11%,"[0%, 34%, 44%, 11%]",70.00,27.85,24.63,"[70.00, 27.85, 24.63]",https://www.google.com/search?tbm=isch&q=sherwinWilliams%20Sherwin%20Williams%206619%20Sockeye%20color%20swatch,,,,,,,,,,,,,,,,,,,,,,,,,,,,,,,,,,,,,,,,,,,,
DB,sherwinwilliams,Sherwin Williams 6620 Rejuvenate,#DD7861,0.6810023507803682,0.130921576450672,33.90267009677689,221,120,97,"[221, 120, 97]",0%,46%,56%,13%,"[0%, 46%, 56%, 13%]",61.89,38.62,31.00,"[61.89, 38.62, 31.00]",https://www.google.com/search?tbm=isch&q=sherwinWilliams%20Sherwin%20Williams%206620%20Rejuvenate%20color%20swatch,,,,,,,,,,,,,,,,,,,,,,,,,,,,,,,,,,,,,,,,,,,,
DB,sherwinwilliams,Sherwin Williams 6621 Emotional,#C65F47,0.6058929125002607,0.13721193426801923,34.379708182483796,198,95,71,"[198, 95, 71]",0%,52%,64%,22%,"[0%, 52%, 64%, 22%]",53.11,40.65,33.88,"[53.11, 40.65, 33.88]",https://www.google.com/search?tbm=isch&q=sherwinWilliams%20Sherwin%20Williams%206621%20Emotional%20color%20swatch,,,,,,,,,,,,,,,,,,,,,,,,,,,,,,,,,,,,,,,,,,,,
DB,sherwinwilliams,Sherwin Williams 6622 Hearty Orange,#B44B34,0.5468055591268397,0.14196380340796677,33.89328809867635,180,75,52,"[180, 75, 52]",0%,58%,71%,29%,"[0%, 58%, 71%, 29%]",46.19,42.50,35.71,"[46.19, 42.50, 35.71]",https://www.google.com/search?tbm=isch&q=sherwinWilliams%20Sherwin%20Williams%206622%20Hearty%20Orange%20color%20swatch,,,,,,,,,,,,,,,,,,,,,,,,,,,,,,,,,,,,,,,,,,,,
DB,sherwinwilliams,Sherwin Williams 6624 Peach Blossom,#F3D0BD,0.8822426264404408,0.04717144154273308,50.22816607558434,243,208,189,"[243, 208, 189]",0%,14%,22%,5%,"[0%, 14%, 22%, 5%]",86.13,10.56,14.25,"[86.13, 10.56, 14.25]",https://www.google.com/search?tbm=isch&q=sherwinWilliams%20Sherwin%20Williams%206624%20Peach%20Blossom%20color%20swatch,,,,,,,,,,,,,,,,,,,,,,,,,,,,,,,,,,,,,,,,,,,,
DB,sherwinwilliams,Sherwin Williams 6625 Certain Peach,#F2BDA2,0.8391901263016066,0.07152978645581225,48.29897742777365,242,189,162,"[242, 189, 162]",0%,22%,33%,5%,"[0%, 22%, 33%, 5%]",80.98,16.98,21.38,"[80.98, 16.98, 21.38]",https://www.google.com/search?tbm=isch&q=sherwinWilliams%20Sherwin%20Williams%206625%20Certain%20Peach%20color%20swatch,,,,,,,,,,,,,,,,,,,,,,,,,,,,,,,,,,,,,,,,,,,,
DB,sherwinwilliams,Sherwin Williams 6626 Sunset,#E2946F,0.7370052717754092,0.10740272270729692,45.9874796288488,226,148,111,"[226, 148, 111]",0%,35%,51%,11%,"[0%, 35%, 51%, 11%]",68.83,27.39,32.25,"[68.83, 27.39, 32.25]",https://www.google.com/search?tbm=isch&q=sherwinWilliams%20Sherwin%20Williams%206626%20Sunset%20color%20swatch,,,,,,,,,,,,,,,,,,,,,,,,,,,,,,,,,,,,,,,,,,,,
DB,sherwinwilliams,Sherwin Williams 6627 Emberglow,#D67C56,0.6766099175509787,0.12379327472621653,43.186930840262335,214,124,86,"[214, 124, 86]",0%,42%,60%,16%,"[0%, 42%, 60%, 16%]",61.63,33.29,36.42,"[61.63, 33.29, 36.42]",https://www.google.com/search?tbm=isch&q=sherwinWilliams%20Sherwin%20Williams%206627%20Emberglow%20color%20swatch,,,,,,,,,,,,,,,,,,,,,,,,,,,,,,,,,,,,,,,,,,,,
DB,sherwinwilliams,Sherwin Williams 6628 Robust Orange,#C4633E,0.607952531543332,0.13430541179726735,40.93635180146828,196,99,62,"[196, 99, 62]",0%,49%,68%,23%,"[0%, 49%, 68%, 23%]",53.51,37.53,39.15,"[53.51, 37.53, 39.15]",https://www.google.com/search?tbm=isch&q=sherwinWilliams%20Sherwin%20Williams%206628%20Robust%20Orange%20color%20swatch,,,,,,,,,,,,,,,,,,,,,,,,,,,,,,,,,,,,,,,,,,,,
DB,sherwinwilliams,Sherwin Williams 6629 Jalapeño,#B1533C,0.5551391778426058,0.12823526149489292,34.94298540071668,177,83,60,"[177, 83, 60]",0%,53%,66%,31%,"[0%, 53%, 66%, 31%]",47.31,37.87,32.32,"[47.31, 37.87, 32.32]",https://www.google.com/search?tbm=isch&q=sherwinWilliams%20Sherwin%20Williams%206629%20Jalape%C3%B1o%20color%20swatch,,,,,,,,,,,,,,,,,,,,,,,,,,,,,,,,,,,,,,,,,,,,
DB,sherwinwilliams,Sherwin Williams 6631 Naive Peach,#F3D3BF,0.8884650107828278,0.04496423816887482,53.974280497544726,243,211,191,"[243, 211, 191]",0%,13%,21%,5%,"[0%, 13%, 21%, 5%]",86.90,9.29,14.28,"[86.90, 9.29, 14.28]",https://www.google.com/search?tbm=isch&q=sherwinWilliams%20Sherwin%20Williams%206631%20Naive%20Peach%20color%20swatch,,,,,,,,,,,,,,,,,,,,,,,,,,,,,,,,,,,,,,,,,,,,
DB,sherwinwilliams,Sherwin Williams 6632 Neighborly Peach,#F3C1A3,0.8478773856348114,0.07035501489947886,52.447691168150186,243,193,163,"[243, 193, 163]",0%,21%,33%,5%,"[0%, 21%, 33%, 5%]",82.05,15.46,22.33,"[82.05, 15.46, 22.33]",https://www.google.com/search?tbm=isch&q=sherwinWilliams%20Sherwin%20Williams%206632%20Neighborly%20Peach%20color%20swatch,,,,,,,,,,,,,,,,,,,,,,,,,,,,,,,,,,,,,,,,,,,,
DB,sherwinwilliams,Sherwin Williams 6633 Inventive Orange,#E89D6F,0.7599789905307811,0.10868840172136776,51.96150333620767,232,157,111,"[232, 157, 111]",0%,32%,52%,9%,"[0%, 32%, 52%, 9%]",71.62,25.24,35.91,"[71.62, 25.24, 35.91]",https://www.google.com/search?tbm=isch&q=sherwinWilliams%20Sherwin%20Williams%206633%20Inventive%20Orange%20color%20swatch,,,,,,,,,,,,,,,,,,,,,,,,,,,,,,,,,,,,,,,,,,,,
DB,sherwinwilliams,Sherwin Williams 6634 Copper Harbor,#D57E52,0.6781273810188349,0.12318101088557043,46.74388273924518,213,126,82,"[213, 126, 82]",0%,41%,62%,16%,"[0%, 41%, 62%, 16%]",61.89,31.67,38.81,"[61.89, 31.67, 38.81]",https://www.google.com/search?tbm=isch&q=sherwinWilliams%20Sherwin%20Williams%206634%20Copper%20Harbor%20color%20swatch,,,,,,,,,,,,,,,,,,,,,,,,,,,,,,,,,,,,,,,,,,,,
DB,sherwinwilliams,Sherwin Williams 6635 Determined Orange,#C56639,0.6135375711881756,0.13485942166990705,44.54679271129203,197,102,57,"[197, 102, 57]",0%,48%,71%,23%,"[0%, 48%, 71%, 23%]",54.23,36.25,42.59,"[54.23, 36.25, 42.59]",https://www.google.com/search?tbm=isch&q=sherwinWilliams%20Sherwin%20Williams%206635%20Determined%20Orange%20color%20swatch,,,,,,,,,,,,,,,,,,,,,,,,,,,,,,,,,,,,,,,,,,,,
DB,sherwinwilliams,Sherwin Williams 6636 Husky Orange,#BB613E,0.592040075907008,0.1259658644965787,41.36082849532647,187,97,62,"[187, 97, 62]",0%,48%,67%,27%,"[0%, 48%, 67%, 27%]",51.74,34.95,36.74,"[51.74, 34.95, 36.74]",https://www.google.com/search?tbm=isch&q=sherwinWilliams%20Sherwin%20Williams%206636%20Husky%20Orange%20color%20swatch,,,,,,,,,,,,,,,,,,,,,,,,,,,,,,,,,,,,,,,,,,,,
DB,sherwinwilliams,Sherwin Williams 6638 Flattering Peach,#F4D3B3,0.8865790454325472,0.05632816066765336,66.11900575860739,244,211,179,"[244, 211, 179]",0%,14%,27%,4%,"[0%, 14%, 27%, 4%]",86.78,8.45,20.39,"[86.78, 8.45, 20.39]",https://www.google.com/search?tbm=isch&q=sherwinWilliams%20Sherwin%20Williams%206638%20Flattering%20Peach%20color%20swatch,,,,,,,,,,,,,,,,,,,,,,,,,,,,,,,,,,,,,,,,,,,,
DB,sherwinwilliams,Sherwin Williams 6639 Avid Apricot,#F4C69F,0.8574428650550859,0.07361505832910155,61.888896967588266,244,198,159,"[244, 198, 159]",0%,19%,35%,4%,"[0%, 19%, 35%, 4%]",83.29,13.01,26.10,"[83.29, 13.01, 26.10]",https://www.google.com/search?tbm=isch&q=sherwinWilliams%20Sherwin%20Williams%206639%20Avid%20Apricot%20color%20swatch,,,,,,,,,,,,,,,,,,,,,,,,,,,,,,,,,,,,,,,,,,,,
DB,sherwinwilliams,Sherwin Williams 6640 Tangerine,#F2AC78,0.7997397074205745,0.10660849986357664,57.12263447974101,242,172,120,"[242, 172, 120]",0%,29%,50%,5%,"[0%, 29%, 50%, 5%]",76.36,22.26,37.40,"[76.36, 22.26, 37.40]",https://www.google.com/search?tbm=isch&q=sherwinWilliams%20Sherwin%20Williams%206640%20Tangerine%20color%20swatch,,,,,,,,,,,,,,,,,,,,,,,,,,,,,,,,,,,,,,,,,,,,
DB,sherwinwilliams,Sherwin Williams 6641 Outgoing Orange,#E6955F,0.7409163694156249,0.1202403888408464,53.49807143784744,230,149,95,"[230, 149, 95]",0%,35%,59%,10%,"[0%, 35%, 59%, 10%]",69.36,27.56,41.44,"[69.36, 27.56, 41.44]",https://www.google.com/search?tbm=isch&q=sherwinWilliams%20Sherwin%20Williams%206641%20Outgoing%20Orange%20color%20swatch,,,,,,,,,,,,,,,,,,,,,,,,,,,,,,,,,,,,,,,,,,,,
DB,sherwinwilliams,Sherwin Williams 6642 Rhumba Orange,#CB7841,0.6527285545852379,0.1252457266153787,52.26588068434506,203,120,65,"[203, 120, 65]",0%,41%,68%,20%,"[0%, 41%, 68%, 20%]",59.04,29.89,43.96,"[59.04, 29.89, 43.96]",https://www.google.com/search?tbm=isch&q=sherwinWilliams%20Sherwin%20Williams%206642%20Rhumba%20Orange%20color%20swatch,,,,,,,,,,,,,,,,,,,,,,,,,,,,,,,,,,,,,,,,,,,,
DB,sherwinwilliams,Sherwin Williams 6643 Yam,#C36F3E,0.6263692209789409,0.12405455226659429,49.25141305520691,195,111,62,"[195, 111, 62]",0%,43%,68%,24%,"[0%, 43%, 68%, 24%]",55.92,31.09,41.72,"[55.92, 31.09, 41.72]",https://www.google.com/search?tbm=isch&q=sherwinWilliams%20Sherwin%20Williams%206643%20Yam%20color%20swatch,,,,,,,,,,,,,,,,,,,,,,,,,,,,,,,,,,,,,,,,,,,,
DB,sherwinwilliams,Sherwin Williams 6644 Champagne,#F2E3CE,0.9222730160879058,0.03238824548317295,76.44224390339849,242,227,206,"[242, 227, 206]",0%,6%,15%,5%,"[0%, 6%, 15%, 5%]",91.04,2.78,12.23,"[91.04, 2.78, 12.23]",https://www.google.com/search?tbm=isch&q=sherwinWilliams%20Sherwin%20Williams%206644%20Champagne%20color%20swatch,,,,,,,,,,,,,,,,,,,,,,,,,,,,,,,,,,,,,,,,,,,,
DB,sherwinwilliams,Sherwin Williams 6652 Flan,#F4D4AF,0.8876325318040228,0.060483966078431664,70.9784455207282,244,212,175,"[244, 212, 175]",0%,13%,28%,4%,"[0%, 13%, 28%, 4%]",86.96,7.57,22.71,"[86.96, 7.57, 22.71]",https://www.google.com/search?tbm=isch&q=sherwinWilliams%20Sherwin%20Williams%206652%20Flan%20color%20swatch,,,,,,,,,,,,,,,,,,,,,,,,,,,,,,,,,,,,,,,,,,,,
DB,sherwinwilliams,Sherwin Williams 6653 Delicious Melon,#F5C894,0.860070876441306,0.08450994365088564,70.37311259650312,245,200,148,"[245, 200, 148]",0%,18%,40%,4%,"[0%, 18%, 40%, 4%]",83.71,11.50,32.38,"[83.71, 11.50, 32.38]",https://www.google.com/search?tbm=isch&q=sherwinWilliams%20Sherwin%20Williams%206653%20Delicious%20Melon%20color%20swatch,,,,,,,,,,,,,,,,,,,,,,,,,,,,,,,,,,,,,,,,,,,,
DB,sherwinwilliams,Sherwin Williams 6654 Surprise Amber,#EFB57A,0.81353429986341,0.10124424280059587,66.07009561718678,239,181,122,"[239, 181, 122]",0%,24%,49%,6%,"[0%, 24%, 49%, 6%]",78.18,16.67,38.54,"[78.18, 16.67, 38.54]",https://www.google.com/search?tbm=isch&q=sherwinWilliams%20Sherwin%20Williams%206654%20Surprise%20Amber%20color%20swatch,,,,,,,,,,,,,,,,,,,,,,,,,,,,,,,,,,,,,,,,,,,,
DB,sherwinwilliams,Sherwin Williams 6655 Adventure Orange,#E69F5F,0.7589153121821622,0.11688211711955962,61.62022247337018,230,159,95,"[230, 159, 95]",0%,31%,59%,10%,"[0%, 31%, 59%, 10%]",71.66,22.49,44.12,"[71.66, 22.49, 44.12]",https://www.google.com/search?tbm=isch&q=sherwinWilliams%20Sherwin%20Williams%206655%20Adventure%20Orange%20color%20swatch,,,,,,,,,,,,,,,,,,,,,,,,,,,,,,,,,,,,,,,,,,,,
DB,sherwinwilliams,Sherwin Williams 6656 Serape,#D88B4D,0.7039685085443124,0.12208712756333222,57.77952233079799,216,139,77,"[216, 139, 77]",0%,36%,64%,15%,"[0%, 36%, 64%, 15%]",65.15,26.04,45.20,"[65.15, 26.04, 45.20]",https://www.google.com/search?tbm=isch&q=sherwinWilliams%20Sherwin%20Williams%206656%20Serape%20color%20swatch,,,,,,,,,,,,,,,,,,,,,,,,,,,,,,,,,,,,,,,,,,,,
DB,sherwinwilliams,Sherwin Williams 6657 Amber Wave,#D28240,0.6790510563579917,0.12757950985908847,57.61788216417921,210,130,64,"[210, 130, 64]",0%,38%,70%,18%,"[0%, 38%, 70%, 18%]",62.21,27.62,48.13,"[62.21, 27.62, 48.13]",https://www.google.com/search?tbm=isch&q=sherwinWilliams%20Sherwin%20Williams%206657%20Amber%20Wave%20color%20swatch,,,,,,,,,,,,,,,,,,,,,,,,,,,,,,,,,,,,,,,,,,,,
DB,sherwinwilliams,Sherwin Williams 6658 Welcome White,#F3E3CA,0.9221282204211089,0.037452392663819147,79.10041345422059,243,227,202,"[243, 227, 202]",0%,7%,17%,5%,"[0%, 7%, 17%, 5%]",91.05,2.70,14.33,"[91.05, 2.70, 14.33]",https://www.google.com/search?tbm=isch&q=sherwinWilliams%20Sherwin%20Williams%206658%20Welcome%20White%20color%20swatch,,,,,,,,,,,,,,,,,,,,,,,,,,,,,,,,,,,,,,,,,,,,
DB,sherwinwilliams,Sherwin Williams 6659 Captivating Cream,#F4D9B1,0.897767599463365,0.060362712831728706,77.54771285389052,244,217,177,"[244, 217, 177]",0%,11%,27%,4%,"[0%, 11%, 27%, 4%]",88.23,5.33,23.39,"[88.23, 5.33, 23.39]",https://www.google.com/search?tbm=isch&q=sherwinWilliams%20Sherwin%20Williams%206659%20Captivating%20Cream%20color%20swatch,,,,,,,,,,,,,,,,,,,,,,,,,,,,,,,,,,,,,,,,,,,,
DB,sherwinwilliams,Sherwin Williams 6660 Honey Blush,#F5CF9B,0.8748311771726152,0.07966333671545034,75.12489651430838,245,207,155,"[245, 207, 155]",0%,16%,37%,4%,"[0%, 16%, 37%, 4%]",85.52,8.63,31.13,"[85.52, 8.63, 31.13]",https://www.google.com/search?tbm=isch&q=sherwinWilliams%20Sherwin%20Williams%206660%20Honey%20Blush%20color%20swatch,,,,,,,,,,,,,,,,,,,,,,,,,,,,,,,,,,,,,,,,,,,,
DB,sherwinwilliams,Sherwin Williams 6661 Papaya,#EFB97B,0.8212447477537254,0.10061803331860127,69.52469533127567,239,185,123,"[239, 185, 123]",0%,23%,49%,6%,"[0%, 23%, 49%, 6%]",79.15,14.73,39.23,"[79.15, 14.73, 39.23]",https://www.google.com/search?tbm=isch&q=sherwinWilliams%20Sherwin%20Williams%206661%20Papaya%20color%20swatch,,,,,,,,,,,,,,,,,,,,,,,,,,,,,,,,,,,,,,,,,,,,
DB,sherwinwilliams,Sherwin Williams 6662 Summer Day,#EAAA62,0.7840822957908502,0.11662763231343304,67.93743982143332,234,170,98,"[234, 170, 98]",0%,27%,58%,8%,"[0%, 27%, 58%, 8%]",74.74,18.73,46.33,"[74.74, 18.73, 46.33]",https://www.google.com/search?tbm=isch&q=sherwinWilliams%20Sherwin%20Williams%206662%20Summer%20Day%20color%20swatch,,,,,,,,,,,,,,,,,,,,,,,,,,,,,,,,,,,,,,,,,,,,
DB,sherwinwilliams,Sherwin Williams 6663 Saffron Thread,#DF984E,0.7359525044902955,0.12395458157079357,64.81033265550809,223,152,78,"[223, 152, 78]",0%,32%,65%,13%,"[0%, 32%, 65%, 13%]",69.03,22.34,49.26,"[69.03, 22.34, 49.26]",https://www.google.com/search?tbm=isch&q=sherwinWilliams%20Sherwin%20Williams%206663%20Saffron%20Thread%20color%20swatch,,,,,,,,,,,,,,,,,,,,,,,,,,,,,,,,,,,,,,,,,,,,
DB,sherwinwilliams,Sherwin Williams 6664 Marigold,#D28233,0.6778139458808708,0.13422510511025448,61.251730471532255,210,130,51,"[210, 130, 51]",0%,38%,76%,18%,"[0%, 38%, 76%, 18%]",62.12,27.18,53.95,"[62.12, 27.18, 53.95]",https://www.google.com/search?tbm=isch&q=sherwinWilliams%20Sherwin%20Williams%206664%20Marigold%20color%20swatch,,,,,,,,,,,,,,,,,,,,,,,,,,,,,,,,,,,,,,,,,,,,
DB,sherwinwilliams,Sherwin Williams 6665 Gardenia,#F3E2C9,0.9199312068800323,0.038010229512751494,77.62092984683426,243,226,201,"[243, 226, 201]",0%,7%,17%,5%,"[0%, 7%, 17%, 5%]",90.78,3.07,14.48,"[90.78, 3.07, 14.48]",https://www.google.com/search?tbm=isch&q=sherwinWilliams%20Sherwin%20Williams%206665%20Gardenia%20color%20swatch,,,,,,,,,,,,,,,,,,,,,,,,,,,,,,,,,,,,,,,,,,,,
DB,sherwinwilliams,Sherwin Williams 6666 Enjoyable Yellow,#F5D6A9,0.8911482428372578,0.06806092349364791,76.9090233460106,245,214,169,"[245, 214, 169]",0%,13%,31%,4%,"[0%, 13%, 31%, 4%]",87.45,6.42,26.49,"[87.45, 6.42, 26.49]",https://www.google.com/search?tbm=isch&q=sherwinWilliams%20Sherwin%20Williams%206666%20Enjoyable%20Yellow%20color%20swatch,,,,,,,,,,,,,,,,,,,,,,,,,,,,,,,,,,,,,,,,,,,,
DB,sherwinwilliams,Sherwin Williams 6667 Afterglow,#F6CD8E,0.8695596509831167,0.09243760511770321,77.80785383777788,246,205,142,"[246, 205, 142]",0%,17%,42%,4%,"[0%, 17%, 42%, 4%]",84.95,8.97,37.04,"[84.95, 8.97, 37.04]",https://www.google.com/search?tbm=isch&q=sherwinWilliams%20Sherwin%20Williams%206667%20Afterglow%20color%20swatch,,,,,,,,,,,,,,,,,,,,,,,,,,,,,,,,,,,,,,,,,,,,
DB,sherwinwilliams,Sherwin Williams 6668 Sunrise,#F4BF77,0.8370863907858989,0.10837904837161627,73.90551683493544,244,191,119,"[244, 191, 119]",0%,22%,51%,4%,"[0%, 22%, 51%, 4%]",81.07,13.51,43.73,"[81.07, 13.51, 43.73]",https://www.google.com/search?tbm=isch&q=sherwinWilliams%20Sherwin%20Williams%206668%20Sunrise%20color%20swatch,,,,,,,,,,,,,,,,,,,,,,,,,,,,,,,,,,,,,,,,,,,,
DB,sherwinwilliams,Sherwin Williams 6669 Yarrow,#EBAD5E,0.7902659190066189,0.12044302686018603,71.17677446461795,235,173,94,"[235, 173, 94]",0%,26%,60%,8%,"[0%, 26%, 60%, 8%]",75.53,17.42,49.21,"[75.53, 17.42, 49.21]",https://www.google.com/search?tbm=isch&q=sherwinWilliams%20Sherwin%20Williams%206669%20Yarrow%20color%20swatch,,,,,,,,,,,,,,,,,,,,,,,,,,,,,,,,,,,,,,,,,,,,
DB,sherwinwilliams,Sherwin Williams 6670 Gold Crest,#DF9938,0.7356849568741113,0.13702243404733058,70.93226924595001,223,153,56,"[223, 153, 56]",0%,31%,75%,13%,"[0%, 31%, 75%, 13%]",69.11,21.02,59.09,"[69.11, 21.02, 59.09]",https://www.google.com/search?tbm=isch&q=sherwinWilliams%20Sherwin%20Williams%206670%20Gold%20Crest%20color%20swatch,,,,,,,,,,,,,,,,,,,,,,,,,,,,,,,,,,,,,,,,,,,,
DB,sherwinwilliams,Sherwin Williams 6671 Curry,#D88F32,0.7085723477759104,0.1362385179448705,68.13490095413829,216,143,50,"[216, 143, 50]",0%,34%,77%,15%,"[0%, 34%, 77%, 15%]",65.88,23.00,58.15,"[65.88, 23.00, 58.15]",https://www.google.com/search?tbm=isch&q=sherwinWilliams%20Sherwin%20Williams%206671%20Curry%20color%20swatch,,,,,,,,,,,,,,,,,,,,,,,,,,,,,,,,,,,,,,,,,,,,
DB,sherwinwilliams,Sherwin Williams 6672 Morning Sun,#F3E6CE,0.9289753279572226,0.034764547538798034,82.90970604778039,243,230,206,"[243, 230, 206]",0%,5%,15%,5%,"[0%, 5%, 15%, 5%]",91.87,1.70,13.41,"[91.87, 1.70, 13.41]",https://www.google.com/search?tbm=isch&q=sherwinWilliams%20Sherwin%20Williams%206672%20Morning%20Sun%20color%20swatch,,,,,,,,,,,,,,,,,,,,,,,,,,,,,,,,,,,,,,,,,,,,
DB,sherwinwilliams,Sherwin Williams 6673 Banana Cream,#F5DEAF,0.9079991262649885,0.06603668417345733,84.89933655439046,245,222,175,"[245, 222, 175]",0%,9%,29%,4%,"[0%, 9%, 29%, 4%]",89.52,3.10,26.18,"[89.52, 3.10, 26.18]",https://www.google.com/search?tbm=isch&q=sherwinWilliams%20Sherwin%20Williams%206673%20Banana%20Cream%20color%20swatch,,,,,,,,,,,,,,,,,,,,,,,,,,,,,,,,,,,,,,,,,,,,
DB,sherwinwilliams,Sherwin Williams 6674 Jonquil,#F7D391,0.8826366194615961,0.09270576317721237,82.1250726094753,247,211,145,"[247, 211, 145]",0%,15%,41%,3%,"[0%, 15%, 41%, 3%]",86.56,6.66,37.59,"[86.56, 6.66, 37.59]",https://www.google.com/search?tbm=isch&q=sherwinWilliams%20Sherwin%20Williams%206674%20Jonquil%20color%20swatch,,,,,,,,,,,,,,,,,,,,,,,,,,,,,,,,,,,,,,,,,,,,
DB,sherwinwilliams,Sherwin Williams 6675 Afternoon,#FBCB78,0.8670982391112959,0.11500269894717945,80.02818943175902,251,203,120,"[251, 203, 120]",0%,19%,52%,2%,"[0%, 19%, 52%, 2%]",84.70,10.47,47.78,"[84.70, 10.47, 47.78]",https://www.google.com/search?tbm=isch&q=sherwinWilliams%20Sherwin%20Williams%206675%20Afternoon%20color%20swatch,,,,,,,,,,,,,,,,,,,,,,,,,,,,,,,,,,,,,,,,,,,,
DB,sherwinwilliams,Sherwin Williams 6676 Butterfield,#F7BE5B,0.8346774213429912,0.13264706861275374,78.96756330061862,247,190,91,"[247, 190, 91]",0%,23%,63%,3%,"[0%, 23%, 63%, 3%]",80.87,13.73,56.92,"[80.87, 13.73, 56.92]",https://www.google.com/search?tbm=isch&q=sherwinWilliams%20Sherwin%20Williams%206676%20Butterfield%20color%20swatch,,,,,,,,,,,,,,,,,,,,,,,,,,,,,,,,,,,,,,,,,,,,
DB,sherwinwilliams,Sherwin Williams 6677 Goldenrod,#F2AF46,0.7990833681434212,0.14131096757678635,75.03486612354527,242,175,70,"[242, 175, 70]",0%,28%,71%,5%,"[0%, 28%, 71%, 5%]",76.59,18.31,61.43,"[76.59, 18.31, 61.43]",https://www.google.com/search?tbm=isch&q=sherwinWilliams%20Sherwin%20Williams%206677%20Goldenrod%20color%20swatch,,,,,,,,,,,,,,,,,,,,,,,,,,,,,,,,,,,,,,,,,,,,
DB,sherwinwilliams,Sherwin Williams 6678 Sunflower,#E39A33,0.7417915933395796,0.14207483838605248,70.80003119196704,227,154,51,"[227, 154, 51]",0%,32%,78%,11%,"[0%, 32%, 78%, 11%]",69.79,22.05,61.87,"[69.79, 22.05, 61.87]",https://www.google.com/search?tbm=isch&q=sherwinWilliams%20Sherwin%20Williams%206678%20Sunflower%20color%20swatch,,,,,,,,,,,,,,,,,,,,,,,,,,,,,,,,,,,,,,,,,,,,
DB,sherwinwilliams,Sherwin Williams 6679 Full Moon,#F4E3BC,0.919740842656633,0.05425099023368747,87.24707376382582,244,227,188,"[244, 227, 188]",0%,7%,23%,4%,"[0%, 7%, 23%, 4%]",90.89,1.58,21.34,"[90.89, 1.58, 21.34]",https://www.google.com/search?tbm=isch&q=sherwinWilliams%20Sherwin%20Williams%206679%20Full%20Moon%20color%20swatch,,,,,,,,,,,,,,,,,,,,,,,,,,,,,,,,,,,,,,,,,,,,
DB,sherwinwilliams,Sherwin Williams 6680 Friendly Yellow,#F5E0B1,0.9123404901724528,0.06517833529208071,86.7361805760749,245,224,177,"[245, 224, 177]",0%,9%,28%,4%,"[0%, 9%, 28%, 4%]",90.05,2.32,25.86,"[90.05, 2.32, 25.86]",https://www.google.com/search?tbm=isch&q=sherwinWilliams%20Sherwin%20Williams%206680%20Friendly%20Yellow%20color%20swatch,,,,,,,,,,,,,,,,,,,,,,,,,,,,,,,,,,,,,,,,,,,,
DB,sherwinwilliams,Sherwin Williams 6681 Butter Up,#F6DDA3,0.9045386503853847,0.07924325276661708,87.33692766392477,246,221,163,"[246, 221, 163]",0%,10%,34%,4%,"[0%, 10%, 34%, 4%]",89.19,2.88,31.86,"[89.19, 2.88, 31.86]",https://www.google.com/search?tbm=isch&q=sherwinWilliams%20Sherwin%20Williams%206681%20Butter%20Up%20color%20swatch,,,,,,,,,,,,,,,,,,,,,,,,,,,,,,,,,,,,,,,,,,,,
DB,sherwinwilliams,Sherwin Williams 6682 June Day,#F6C973,0.8576904994137503,0.1163696711079301,82.32439684969518,246,201,115,"[246, 201, 115]",0%,18%,53%,4%,"[0%, 18%, 53%, 4%]",83.66,9.13,48.82,"[83.66, 9.13, 48.82]",https://www.google.com/search?tbm=isch&q=sherwinWilliams%20Sherwin%20Williams%206682%20June%20Day%20color%20swatch,,,,,,,,,,,,,,,,,,,,,,,,,,,,,,,,,,,,,,,,,,,,
DB,sherwinwilliams,Sherwin Williams 6683 Bee,#F1BA55,0.8202374381235809,0.13305139323892579,80.15460950488426,241,186,85,"[241, 186, 85]",0%,23%,65%,5%,"[0%, 23%, 65%, 5%]",79.23,12.98,57.63,"[79.23, 12.98, 57.63]",https://www.google.com/search?tbm=isch&q=sherwinWilliams%20Sherwin%20Williams%206683%20Bee%20color%20swatch,,,,,,,,,,,,,,,,,,,,,,,,,,,,,,,,,,,,,,,,,,,,
DB,sherwinwilliams,Sherwin Williams 6684 Brittlebush,#EAAE47,0.7886372960861556,0.13625263475046767,77.71886153273397,234,174,71,"[234, 174, 71]",0%,26%,70%,8%,"[0%, 26%, 70%, 8%]",75.47,15.51,59.55,"[75.47, 15.51, 59.55]",https://www.google.com/search?tbm=isch&q=sherwinWilliams%20Sherwin%20Williams%206684%20Brittlebush%20color%20swatch,,,,,,,,,,,,,,,,,,,,,,,,,,,,,,,,,,,,,,,,,,,,
DB,sherwinwilliams,Sherwin Williams 6685 Trinket,#D69835,0.7232965870138133,0.13312658099891114,74.80948153038094,214,152,53,"[214, 152, 53]",0%,29%,75%,16%,"[0%, 29%, 75%, 16%]",67.79,17.63,58.61,"[67.79, 17.63, 58.61]",https://www.google.com/search?tbm=isch&q=sherwinWilliams%20Sherwin%20Williams%206685%20Trinket%20color%20swatch,,,,,,,,,,,,,,,,,,,,,,,,,,,,,,,,,,,,,,,,,,,,
DB,sherwinwilliams,Sherwin Williams 6686 Lemon Chiffon,#F5E5BC,0.924518648767092,0.05621001560358574,89.24073485003652,245,229,188,"[245, 229, 188]",0%,7%,23%,4%,"[0%, 7%, 23%, 4%]",91.48,0.99,22.15,"[91.48, 0.99, 22.15]",https://www.google.com/search?tbm=isch&q=sherwinWilliams%20Sherwin%20Williams%206686%20Lemon%20Chiffon%20color%20swatch,,,,,,,,,,,,,,,,,,,,,,,,,,,,,,,,,,,,,,,,,,,,
DB,sherwinwilliams,Sherwin Williams 6687 Lantern Light,#F4E1AE,0.9128434087286642,0.06910719285606902,90.0222928495869,244,225,174,"[244, 225, 174]",0%,8%,29%,4%,"[0%, 8%, 29%, 4%]",90.17,1.18,27.53,"[90.17, 1.18, 27.53]",https://www.google.com/search?tbm=isch&q=sherwinWilliams%20Sherwin%20Williams%206687%20Lantern%20Light%20color%20swatch,,,,,,,,,,,,,,,,,,,,,,,,,,,,,,,,,,,,,,,,,,,,
DB,sherwinwilliams,Sherwin Williams 6688 Solaria,#F5D68F,0.8863331221524166,0.09575931421634115,86.87318106725758,245,214,143,"[245, 214, 143]",0%,13%,42%,4%,"[0%, 13%, 42%, 4%]",87.09,4.26,39.22,"[87.09, 4.26, 39.22]",https://www.google.com/search?tbm=isch&q=sherwinWilliams%20Sherwin%20Williams%206688%20Solaria%20color%20swatch,,,,,,,,,,,,,,,,,,,,,,,,,,,,,,,,,,,,,,,,,,,,
DB,sherwinwilliams,Sherwin Williams 6689 Overjoy,#EEC25F,0.8337747049720696,0.1272008160212856,85.3705468892644,238,194,95,"[238, 194, 95]",0%,18%,60%,7%,"[0%, 18%, 60%, 7%]",80.96,8.23,54.88,"[80.96, 8.23, 54.88]",https://www.google.com/search?tbm=isch&q=sherwinWilliams%20Sherwin%20Williams%206689%20Overjoy%20color%20swatch,,,,,,,,,,,,,,,,,,,,,,,,,,,,,,,,,,,,,,,,,,,,
DB,sherwinwilliams,Sherwin Williams 6690 Gambol Gold,#E1B047,0.7830179183858422,0.1327509993270729,83.35115155214135,225,176,71,"[225, 176, 71]",0%,22%,68%,12%,"[0%, 22%, 68%, 12%]",74.99,10.72,58.69,"[74.99, 10.72, 58.69]",https://www.google.com/search?tbm=isch&q=sherwinWilliams%20Sherwin%20Williams%206690%20Gambol%20Gold%20color%20swatch,,,,,,,,,,,,,,,,,,,,,,,,,,,,,,,,,,,,,,,,,,,,
DB,sherwinwilliams,Sherwin Williams 6691 Glitzy Gold,#D6A02B,0.7380321428678932,0.13955865675039844,81.69014684913327,214,160,43,"[214, 160, 43]",0%,25%,80%,16%,"[0%, 25%, 80%, 16%]",69.69,13.26,63.92,"[69.69, 13.26, 63.92]",https://www.google.com/search?tbm=isch&q=sherwinWilliams%20Sherwin%20Williams%206691%20Glitzy%20Gold%20color%20swatch,,,,,,,,,,,,,,,,,,,,,,,,,,,,,,,,,,,,,,,,,,,,
DB,sherwinwilliams,Sherwin Williams 6692 Auric,#C48919,0.6722572119578586,0.1345205763050866,76.61950076419731,196,137,25,"[196, 137, 25]",0%,30%,87%,23%,"[0%, 30%, 87%, 23%]",61.89,16.96,62.03,"[61.89, 16.96, 62.03]",https://www.google.com/search?tbm=isch&q=sherwinWilliams%20Sherwin%20Williams%206692%20Auric%20color%20swatch,,,,,,,,,,,,,,,,,,,,,,,,,,,,,,,,,,,,,,,,,,,,
DB,sherwinwilliams,Sherwin Williams 6693 Lily,#F3E8C2,0.9301152555624553,0.05106387859678011,93.76166026187855,243,232,194,"[243, 232, 194]",0%,5%,20%,5%,"[0%, 5%, 20%, 5%]",92.16,-0.57,19.98,"[92.16, -0.57, 19.98]",https://www.google.com/search?tbm=isch&q=sherwinWilliams%20Sherwin%20Williams%206693%20Lily%20color%20swatch,,,,,,,,,,,,,,,,,,,,,,,,,,,,,,,,,,,,,,,,,,,,
DB,sherwinwilliams,Sherwin Williams 6694 Glad Yellow,#F5E1AC,0.9132975450594217,0.07173559519228093,89.79846910649104,245,225,172,"[245, 225, 172]",0%,8%,30%,4%,"[0%, 8%, 30%, 4%]",90.23,1.37,28.64,"[90.23, 1.37, 28.64]",https://www.google.com/search?tbm=isch&q=sherwinWilliams%20Sherwin%20Williams%206694%20Glad%20Yellow%20color%20swatch,,,,,,,,,,,,,,,,,,,,,,,,,,,,,,,,,,,,,,,,,,,,
DB,sherwinwilliams,Sherwin Williams 6695 Midday,#F7D78A,0.8893050246007744,0.10229692880635684,87.74451889262247,247,215,138,"[247, 215, 138]",0%,13%,44%,3%,"[0%, 13%, 44%, 3%]",87.46,4.20,42.21,"[87.46, 4.20, 42.21]",https://www.google.com/search?tbm=isch&q=sherwinWilliams%20Sherwin%20Williams%206695%20Midday%20color%20swatch,,,,,,,,,,,,,,,,,,,,,,,,,,,,,,,,,,,,,,,,,,,,
DB,sherwinwilliams,Sherwin Williams 6696 Quilt Gold,#EAC365,0.8325441490388655,0.1212457454200423,87.07843888481511,234,195,101,"[234, 195, 101]",0%,17%,57%,8%,"[0%, 17%, 57%, 8%]",80.86,6.40,51.88,"[80.86, 6.40, 51.88]",https://www.google.com/search?tbm=isch&q=sherwinWilliams%20Sherwin%20Williams%206696%20Quilt%20Gold%20color%20swatch,,,,,,,,,,,,,,,,,,,,,,,,,,,,,,,,,,,,,,,,,,,,
DB,sherwinwilliams,Sherwin Williams 6697 Nugget,#DBB04A,0.7771532205969723,0.1284136310607972,85.88916139627241,219,176,74,"[219, 176, 74]",0%,20%,66%,14%,"[0%, 20%, 66%, 14%]",74.38,8.31,56.55,"[74.38, 8.31, 56.55]",https://www.google.com/search?tbm=isch&q=sherwinWilliams%20Sherwin%20Williams%206697%20Nugget%20color%20swatch,,,,,,,,,,,,,,,,,,,,,,,,,,,,,,,,,,,,,,,,,,,,
DB,sherwinwilliams,Sherwin Williams 6698 Kingdom Gold,#D1A436,0.741298134612876,0.1331725176004489,85.50666457470766,209,164,54,"[209, 164, 54]",0%,22%,74%,18%,"[0%, 22%, 74%, 18%]",70.19,9.38,60.20,"[70.19, 9.38, 60.20]",https://www.google.com/search?tbm=isch&q=sherwinWilliams%20Sherwin%20Williams%206698%20Kingdom%20Gold%20color%20swatch,,,,,,,,,,,,,,,,,,,,,,,,,,,,,,,,,,,,,,,,,,,,
DB,sherwinwilliams,Sherwin Williams 6699 Crispy Gold,#C49832,0.7032566410726698,0.12631334523912702,84.33258738034579,196,152,50,"[196, 152, 50]",0%,22%,74%,23%,"[0%, 22%, 74%, 23%]",65.74,9.77,57.01,"[65.74, 9.77, 57.01]",https://www.google.com/search?tbm=isch&q=sherwinWilliams%20Sherwin%20Williams%206699%20Crispy%20Gold%20color%20swatch,,,,,,,,,,,,,,,,,,,,,,,,,,,,,,,,,,,,,,,,,,,,
DB,sherwinwilliams,Sherwin Williams 6700 Daybreak,#F3EAC6,0.9349802482974454,0.048080804147251806,95.5516155328566,243,234,198,"[243, 234, 198]",0%,4%,19%,5%,"[0%, 4%, 19%, 5%]",92.73,-1.10,18.71,"[92.73, -1.10, 18.71]",https://www.google.com/search?tbm=isch&q=sherwinWilliams%20Sherwin%20Williams%206700%20Daybreak%20color%20swatch,,,,,,,,,,,,,,,,,,,,,,,,,,,,,,,,,,,,,,,,,,,,
DB,sherwinwilliams,Sherwin Williams 6701 Moonraker,#EEE3B2,0.9125991541641718,0.06474455984417231,96.88854098284469,238,227,178,"[238, 227, 178]",0%,5%,25%,7%,"[0%, 5%, 25%, 7%]",90.22,-1.67,25.46,"[90.22, -1.67, 25.46]",https://www.google.com/search?tbm=isch&q=sherwinWilliams%20Sherwin%20Williams%206701%20Moonraker%20color%20swatch,,,,,,,,,,,,,,,,,,,,,,,,,,,,,,,,,,,,,,,,,,,,
DB,sherwinwilliams,Sherwin Williams 6702 Lively Yellow,#E6D88E,0.8769426022329792,0.09503021863675634,98.80916968769884,230,216,142,"[230, 216, 142]",0%,6%,38%,10%,"[0%, 6%, 38%, 10%]",86.24,-2.70,38.32,"[86.24, -2.70, 38.32]",https://www.google.com/search?tbm=isch&q=sherwinWilliams%20Sherwin%20Williams%206702%20Lively%20Yellow%20color%20swatch,,,,,,,,,,,,,,,,,,,,,,,,,,,,,,,,,,,,,,,,,,,,
DB,sherwinwilliams,Sherwin Williams 6703 Frolic,#D9C661,0.8222642051264234,0.12362397295184724,98.82749912764183,217,198,97,"[217, 198, 97]",0%,9%,55%,15%,"[0%, 9%, 55%, 15%]",79.98,-2.30,52.22,"[79.98, -2.30, 52.22]",https://www.google.com/search?tbm=isch&q=sherwinWilliams%20Sherwin%20Williams%206703%20Frolic%20color%20swatch,,,,,,,,,,,,,,,,,,,,,,,,,,,,,,,,,,,,,,,,,,,,
DB,sherwinwilliams,Sherwin Williams 6704 Hep Green,#C4B146,0.7564560270906341,0.12767659581993915,99.19852607848293,196,177,70,"[196, 177, 70]",0%,10%,64%,23%,"[0%, 10%, 64%, 23%]",72.34,-2.14,55.32,"[72.34, -2.14, 55.32]",https://www.google.com/search?tbm=isch&q=sherwinWilliams%20Sherwin%20Williams%206704%20Hep%20Green%20color%20swatch,,,,,,,,,,,,,,,,,,,,,,,,,,,,,,,,,,,,,,,,,,,,
DB,sherwinwilliams,Sherwin Williams 6705 High Strung,#AC9825,0.6778256963662512,0.1289921424552541,98.76060648180044,172,152,37,"[172, 152, 37]",0%,12%,78%,33%,"[0%, 12%, 78%, 33%]",63.18,-1.18,58.25,"[63.18, -1.18, 58.25]",https://www.google.com/search?tbm=isch&q=sherwinWilliams%20Sherwin%20Williams%206705%20High%20Strung%20color%20swatch,,,,,,,,,,,,,,,,,,,,,,,,,,,,,,,,,,,,,,,,,,,,
DB,sherwinwilliams,Sherwin Williams 6706 Offbeat Green,#9C8B1F,0.6334902434946967,0.1218775733510544,99.72282037664411,156,139,31,"[156, 139, 31]",0%,11%,80%,39%,"[0%, 11%, 80%, 39%]",58.03,-1.81,55.02,"[58.03, -1.81, 55.02]",https://www.google.com/search?tbm=isch&q=sherwinWilliams%20Sherwin%20Williams%206706%20Offbeat%20Green%20color%20swatch,,,,,,,,,,,,,,,,,,,,,,,,,,,,,,,,,,,,,,,,,,,,
DB,sherwinwilliams,Sherwin Williams 6708 Springtime,#E9E5B3,0.9127496171038678,0.06520655899547528,103.79951043660208,233,229,179,"[233, 229, 179]",0%,2%,23%,9%,"[0%, 2%, 23%, 9%]",90.34,-4.41,25.02,"[90.34, -4.41, 25.02]",https://www.google.com/search?tbm=isch&q=sherwinWilliams%20Sherwin%20Williams%206708%20Springtime%20color%20swatch,,,,,,,,,,,,,,,,,,,,,,,,,,,,,,,,,,,,,,,,,,,,
DB,sherwinwilliams,Sherwin Williams 6709 Gleeful,#DAD790,0.8651877459503314,0.0912459029467068,106.09248718827712,218,215,144,"[218, 215, 144]",0%,1%,34%,15%,"[0%, 1%, 34%, 15%]",85.00,-6.74,35.49,"[85.00, -6.74, 35.49]",https://www.google.com/search?tbm=isch&q=sherwinWilliams%20Sherwin%20Williams%206709%20Gleeful%20color%20swatch,,,,,,,,,,,,,,,,,,,,,,,,,,,,,,,,,,,,,,,,,,,,
DB,sherwinwilliams,Sherwin Williams 6710 Mélange Green,#C4C476,0.8028168462950628,0.10025842848254751,108.46041911504426,196,196,118,"[196, 196, 118]",0%,0%,40%,23%,"[0%, 0%, 40%, 23%]",77.85,-8.46,39.08,"[77.85, -8.46, 39.08]",https://www.google.com/search?tbm=isch&q=sherwinWilliams%20Sherwin%20Williams%206710%20M%C3%A9lange%20Green%20color%20swatch,,,,,,,,,,,,,,,,,,,,,,,,,,,,,,,,,,,,,,,,,,,,
DB,sherwinwilliams,Sherwin Williams 6711 Parakeet,#B4B05A,0.7422099843292893,0.10888856813926251,106.37862640826148,180,176,90,"[180, 176, 90]",0%,2%,50%,29%,"[0%, 2%, 50%, 29%]",70.80,-7.29,44.04,"[70.80, -7.29, 44.04]",https://www.google.com/search?tbm=isch&q=sherwinWilliams%20Sherwin%20Williams%206711%20Parakeet%20color%20swatch,,,,,,,,,,,,,,,,,,,,,,,,,,,,,,,,,,,,,,,,,,,,
DB,sherwinwilliams,Sherwin Williams 6712 Luau Green,#989746,0.6599933485139097,0.10397249870355554,108.29444289862539,152,151,70,"[152, 151, 70]",0%,1%,54%,40%,"[0%, 1%, 54%, 40%]",61.26,-7.98,42.04,"[61.26, -7.98, 42.04]",https://www.google.com/search?tbm=isch&q=sherwinWilliams%20Sherwin%20Williams%206712%20Luau%20Green%20color%20swatch,,,,,,,,,,,,,,,,,,,,,,,,,,,,,,,,,,,,,,,,,,,,
DB,sherwinwilliams,Sherwin Williams 6713 Verdant,#847E35,0.5829662173549084,0.09482336567021872,104.59130332255478,132,126,53,"[132, 126, 53]",0%,5%,60%,48%,"[0%, 5%, 60%, 48%]",52.18,-4.96,39.58,"[52.18, -4.96, 39.58]",https://www.google.com/search?tbm=isch&q=sherwinWilliams%20Sherwin%20Williams%206713%20Verdant%20color%20swatch,,,,,,,,,,,,,,,,,,,,,,,,,,,,,,,,,,,,,,,,,,,,
DB,sherwinwilliams,Sherwin Williams 6715 Lime Granita,#DCE1B8,0.8954150366465793,0.05447133921243998,113.15177195684794,220,225,184,"[220, 225, 184]",2%,0%,18%,12%,"[2%, 0%, 18%, 12%]",88.36,-6.81,19.56,"[88.36, -6.81, 19.56]",https://www.google.com/search?tbm=isch&q=sherwinWilliams%20Sherwin%20Williams%206715%20Lime%20Granita%20color%20swatch,,,,,,,,,,,,,,,,,,,,,,,,,,,,,,,,,,,,,,,,,,,,
DB,sherwinwilliams,Sherwin Williams 6716 Dancing Green,#C5CD8F,0.8271417672074837,0.08221495839459197,114.2003054116156,197,205,143,"[197, 205, 143]",4%,0%,30%,20%,"[4%, 0%, 30%, 20%]",80.66,-10.20,30.00,"[80.66, -10.20, 30.00]",https://www.google.com/search?tbm=isch&q=sherwinWilliams%20Sherwin%20Williams%206716%20Dancing%20Green%20color%20swatch,,,,,,,,,,,,,,,,,,,,,,,,,,,,,,,,,,,,,,,,,,,,
DB,sherwinwilliams,Sherwin Williams 6717 Lime Rickey,#AFB96A,0.7600180555053632,0.10349372351082936,114.81098802801728,175,185,106,"[175, 185, 106]",5%,0%,43%,27%,"[5%, 0%, 43%, 27%]",73.02,-12.55,38.69,"[73.02, -12.55, 38.69]",https://www.google.com/search?tbm=isch&q=sherwinWilliams%20Sherwin%20Williams%206717%20Lime%20Rickey%20color%20swatch,,,,,,,,,,,,,,,,,,,,,,,,,,,,,,,,,,,,,,,,,,,,
DB,sherwinwilliams,Sherwin Williams 6718 Overt Green,#97A554,0.692769262660472,0.10736251517336963,117.37703109120662,151,165,84,"[151, 165, 84]",8%,0%,49%,35%,"[8%, 0%, 49%, 35%]",65.28,-14.36,39.81,"[65.28, -14.36, 39.81]",https://www.google.com/search?tbm=isch&q=sherwinWilliams%20Sherwin%20Williams%206718%20Overt%20Green%20color%20swatch,,,,,,,,,,,,,,,,,,,,,,,,,,,,,,,,,,,,,,,,,,,,
DB,sherwinwilliams,Sherwin Williams 6719 Gecko,#7A8833,0.5974400915445469,0.11092296689200676,117.79131556518814,122,136,51,"[122, 136, 51]",10%,0%,63%,47%,"[10%, 0%, 63%, 47%]",54.22,-14.59,42.38,"[54.22, -14.59, 42.38]",https://www.google.com/search?tbm=isch&q=sherwinWilliams%20Sherwin%20Williams%206719%20Gecko%20color%20swatch,,,,,,,,,,,,,,,,,,,,,,,,,,,,,,,,,,,,,,,,,,,,
DB,sherwinwilliams,Sherwin Williams 6720 Paradise,#6C7B30,0.5541216063625024,0.10158066286113995,119.34943305991567,108,123,48,"[108, 123, 48]",12%,0%,61%,52%,"[12%, 0%, 61%, 52%]",49.15,-14.38,37.96,"[49.15, -14.38, 37.96]",https://www.google.com/search?tbm=isch&q=sherwinWilliams%20Sherwin%20Williams%206720%20Paradise%20color%20swatch,,,,,,,,,,,,,,,,,,,,,,,,,,,,,,,,,,,,,,,,,,,,
DB,sherwinwilliams,Sherwin Williams 6722 Cucumber,#D3DFC3,0.8870296689442363,0.03970663244328387,126.15561533366684,211,223,195,"[211, 223, 195]",5%,0%,13%,13%,"[5%, 0%, 13%, 13%]",87.34,-7.85,12.33,"[87.34, -7.85, 12.33]",https://www.google.com/search?tbm=isch&q=sherwinWilliams%20Sherwin%20Williams%206722%20Cucumber%20color%20swatch,,,,,,,,,,,,,,,,,,,,,,,,,,,,,,,,,,,,,,,,,,,,
DB,sherwinwilliams,Sherwin Williams 6723 Jardin,#BDD0AB,0.8334018372861077,0.05434057354347353,129.72163370923602,189,208,171,"[189, 208, 171]",9%,0%,18%,18%,"[9%, 0%, 18%, 18%]",81.30,-11.60,16.18,"[81.30, -11.60, 16.18]",https://www.google.com/search?tbm=isch&q=sherwinWilliams%20Sherwin%20Williams%206723%20Jardin%20color%20swatch,,,,,,,,,,,,,,,,,,,,,,,,,,,,,,,,,,,,,,,,,,,,
DB,sherwinwilliams,Sherwin Williams 6724 Mesclun Green,#9DB682,0.7439172080086769,0.0769000984168943,128.9905606749155,157,182,130,"[157, 182, 130]",14%,0%,29%,29%,"[14%, 0%, 29%, 29%]",71.14,-15.86,23.59,"[71.14, -15.86, 23.59]",https://www.google.com/search?tbm=isch&q=sherwinWilliams%20Sherwin%20Williams%206724%20Mesclun%20Green%20color%20swatch,,,,,,,,,,,,,,,,,,,,,,,,,,,,,,,,,,,,,,,,,,,,
DB,sherwinwilliams,Sherwin Williams 6725 Pickle,#85A16A,0.6735386263432891,0.08343144640396388,130.3022282782187,133,161,106,"[133, 161, 106]",17%,0%,34%,37%,"[17%, 0%, 34%, 37%]",63.05,-17.63,25.36,"[63.05, -17.63, 25.36]",https://www.google.com/search?tbm=isch&q=sherwinWilliams%20Sherwin%20Williams%206725%20Pickle%20color%20swatch,,,,,,,,,,,,,,,,,,,,,,,,,,,,,,,,,,,,,,,,,,,,
DB,sherwinwilliams,Sherwin Williams 6726 Talipot Palm,#648149,0.5664976475967144,0.08753686474092784,131.05662839130622,100,129,73,"[100, 129, 73]",22%,0%,43%,49%,"[22%, 0%, 43%, 49%]",50.66,-18.63,26.77,"[50.66, -18.63, 26.77]",https://www.google.com/search?tbm=isch&q=sherwinWilliams%20Sherwin%20Williams%206726%20Talipot%20Palm%20color%20swatch,,,,,,,,,,,,,,,,,,,,,,,,,,,,,,,,,,,,,,,,,,,,
DB,sherwinwilliams,Sherwin Williams 6727 Houseplant,#58713F,0.5157115186964069,0.07951439593041267,130.44238115366704,88,113,63,"[88, 113, 63]",22%,0%,44%,56%,"[22%, 0%, 44%, 56%]",44.68,-16.66,24.57,"[44.68, -16.66, 24.57]",https://www.google.com/search?tbm=isch&q=sherwinWilliams%20Sherwin%20Williams%206727%20Houseplant%20color%20swatch,,,,,,,,,,,,,,,,,,,,,,,,,,,,,,,,,,,,,,,,,,,,
DB,sherwinwilliams,Sherwin Williams 6729 Lacewing,#D7E3CA,0.9000018473729078,0.035848749975396964,128.13328869637974,215,227,202,"[215, 227, 202]",5%,0%,11%,11%,"[5%, 0%, 11%, 11%]",88.81,-7.46,10.81,"[88.81, -7.46, 10.81]",https://www.google.com/search?tbm=isch&q=sherwinWilliams%20Sherwin%20Williams%206729%20Lacewing%20color%20swatch,,,,,,,,,,,,,,,,,,,,,,,,,,,,,,,,,,,,,,,,,,,,
DB,sherwinwilliams,Sherwin Williams 6730 Romaine,#C0D2AD,0.8403441885068452,0.05381068925221761,128.68461625744214,192,210,173,"[192, 210, 173]",9%,0%,18%,18%,"[9%, 0%, 18%, 18%]",82.09,-11.21,16.27,"[82.09, -11.21, 16.27]",https://www.google.com/search?tbm=isch&q=sherwinWilliams%20Sherwin%20Williams%206730%20Romaine%20color%20swatch,,,,,,,,,,,,,,,,,,,,,,,,,,,,,,,,,,,,,,,,,,,,
DB,sherwinwilliams,Sherwin Williams 6731 Picnic,#99C285,0.7689645597335079,0.09475764291535596,135.69463821225935,153,194,133,"[153, 194, 133]",21%,0%,31%,24%,"[21%, 0%, 31%, 24%]",74.31,-22.60,26.14,"[74.31, -22.60, 26.14]",https://www.google.com/search?tbm=isch&q=sherwinWilliams%20Sherwin%20Williams%206731%20Picnic%20color%20swatch,,,,,,,,,,,,,,,,,,,,,,,,,,,,,,,,,,,,,,,,,,,,
DB,sherwinwilliams,Sherwin Williams 6732 Organic Green,#7FAC6E,0.6962378591586394,0.09988918439764732,137.40966018526467,127,172,110,"[127, 172, 110]",26%,0%,36%,33%,"[26%, 0%, 36%, 33%]",65.94,-24.56,26.89,"[65.94, -24.56, 26.89]",https://www.google.com/search?tbm=isch&q=sherwinWilliams%20Sherwin%20Williams%206732%20Organic%20Green%20color%20swatch,,,,,,,,,,,,,,,,,,,,,,,,,,,,,,,,,,,,,,,,,,,,
DB,sherwinwilliams,Sherwin Williams 6733 Grasshopper,#4F854A,0.5636792121659823,0.10521634601921648,142.2183270972091,79,133,74,"[79, 133, 74]",41%,0%,44%,48%,"[41%, 0%, 44%, 48%]",50.65,-28.16,25.90,"[50.65, -28.16, 25.90]",https://www.google.com/search?tbm=isch&q=sherwinWilliams%20Sherwin%20Williams%206733%20Grasshopper%20color%20swatch,,,,,,,,,,,,,,,,,,,,,,,,,,,,,,,,,,,,,,,,,,,,
DB,sherwinwilliams,Sherwin Williams 6734 Espalier,#2F5F3A,0.4408689788868534,0.08027571296776856,149.54768090052414,47,95,58,"[47, 95, 58]",51%,0%,39%,63%,"[51%, 0%, 39%, 63%]",36.16,-23.97,15.98,"[36.16, -23.97, 15.98]",https://www.google.com/search?tbm=isch&q=sherwinWilliams%20Sherwin%20Williams%206734%20Espalier%20color%20swatch,,,,,,,,,,,,,,,,,,,,,,,,,,,,,,,,,,,,,,,,,,,,
DB,sherwinwilliams,Sherwin Williams 6736 Jocular Green,#CCE2CA,0.8898953346764567,0.039984229850571776,142.92267039795252,204,226,202,"[204, 226, 202]",10%,0%,11%,11%,"[10%, 0%, 11%, 11%]",87.74,-10.87,9.17,"[87.74, -10.87, 9.17]",https://www.google.com/search?tbm=isch&q=sherwinWilliams%20Sherwin%20Williams%206736%20Jocular%20Green%20color%20swatch,,,,,,,,,,,,,,,,,,,,,,,,,,,,,,,,,,,,,,,,,,,,
DB,sherwinwilliams,Sherwin Williams 6737 Kiwi,#AED2B0,0.8283638652266255,0.06057801945117214,146.48294002718876,174,210,176,"[174, 210, 176]",17%,0%,16%,18%,"[17%, 0%, 16%, 18%]",80.88,-17.26,12.79,"[80.88, -17.26, 12.79]",https://www.google.com/search?tbm=isch&q=sherwinWilliams%20Sherwin%20Williams%206737%20Kiwi%20color%20swatch,,,,,,,,,,,,,,,,,,,,,,,,,,,,,,,,,,,,,,,,,,,,
DB,sherwinwilliams,Sherwin Williams 6738 Vegan,#8EC298,0.7661544208766321,0.0808683716018038,150.04397364104193,142,194,152,"[142, 194, 152]",27%,0%,22%,24%,"[27%, 0%, 22%, 24%]",73.93,-24.09,15.49,"[73.93, -24.09, 15.49]",https://www.google.com/search?tbm=isch&q=sherwinWilliams%20Sherwin%20Williams%206738%20Vegan%20color%20swatch,,,,,,,,,,,,,,,,,,,,,,,,,,,,,,,,,,,,,,,,,,,,
DB,sherwinwilliams,Sherwin Williams 6739 Eco Green,#68A678,0.6702854476490536,0.09381011633399039,151.4168754765875,104,166,120,"[104, 166, 120]",37%,0%,28%,35%,"[37%, 0%, 28%, 35%]",62.97,-28.49,17.33,"[62.97, -28.49, 17.33]",https://www.google.com/search?tbm=isch&q=sherwinWilliams%20Sherwin%20Williams%206739%20Eco%20Green%20color%20swatch,,,,,,,,,,,,,,,,,,,,,,,,,,,,,,,,,,,,,,,,,,,,
DB,sherwinwilliams,Sherwin Williams 6740 Kilkenny,#498555,0.5627063976741746,0.09707095828926163,148.9693076641937,73,133,85,"[73, 133, 85]",45%,0%,36%,48%,"[45%, 0%, 36%, 48%]",50.51,-28.74,19.62,"[50.51, -28.74, 19.62]",https://www.google.com/search?tbm=isch&q=sherwinWilliams%20Sherwin%20Williams%206740%20Kilkenny%20color%20swatch,,,,,,,,,,,,,,,,,,,,,,,,,,,,,,,,,,,,,,,,,,,,
DB,sherwinwilliams,Sherwin Williams 6741 Derbyshire,#245E36,0.4322610666638823,0.08951292071773324,151.06422837590753,36,94,54,"[36, 94, 54]",62%,0%,43%,63%,"[62%, 0%, 43%, 63%]",35.28,-27.33,17.07,"[35.28, -27.33, 17.07]",https://www.google.com/search?tbm=isch&q=sherwinWilliams%20Sherwin%20Williams%206741%20Derbyshire%20color%20swatch,,,,,,,,,,,,,,,,,,,,,,,,,,,,,,,,,,,,,,,,,,,,
DB,sherwinwilliams,Sherwin Williams 6743 Mint Condition,#D1E3D2,0.8976603330238135,0.02989101122160978,146.88502274172657,209,227,210,"[209, 227, 210]",8%,0%,7%,11%,"[8%, 0%, 7%, 11%]",88.52,-8.55,6.18,"[88.52, -8.55, 6.18]",https://www.google.com/search?tbm=isch&q=sherwinWilliams%20Sherwin%20Williams%206743%20Mint%20Condition%20color%20swatch,,,,,,,,,,,,,,,,,,,,,,,,,,,,,,,,,,,,,,,,,,,,
DB,sherwinwilliams,Sherwin Williams 6744 Reclining Green,#B7D7BF,0.8491042090734545,0.047408185889450026,152.8883919387457,183,215,191,"[183, 215, 191]",15%,0%,11%,16%,"[15%, 0%, 11%, 16%]",83.13,-14.46,8.17,"[83.13, -14.46, 8.17]",https://www.google.com/search?tbm=isch&q=sherwinWilliams%20Sherwin%20Williams%206744%20Reclining%20Green%20color%20swatch,,,,,,,,,,,,,,,,,,,,,,,,,,,,,,,,,,,,,,,,,,,,
DB,sherwinwilliams,Sherwin Williams 6745 Lark Green,#8AC1A1,0.7637002496101564,0.07358323624172652,158.5543290340123,138,193,161,"[138, 193, 161]",28%,0%,17%,24%,"[28%, 0%, 17%, 24%]",73.57,-23.68,10.15,"[73.57, -23.68, 10.15]",https://www.google.com/search?tbm=isch&q=sherwinWilliams%20Sherwin%20Williams%206745%20Lark%20Green%20color%20swatch,,,,,,,,,,,,,,,,,,,,,,,,,,,,,,,,,,,,,,,,,,,,
DB,sherwinwilliams,Sherwin Williams 6746 Julep,#57AA80,0.6738825647140323,0.10353053944564382,159.7609178023223,87,170,128,"[87, 170, 128]",49%,0%,25%,33%,"[49%, 0%, 25%, 33%]",63.55,-34.02,13.60,"[63.55, -34.02, 13.60]",https://www.google.com/search?tbm=isch&q=sherwinWilliams%20Sherwin%20Williams%206746%20Julep%20color%20swatch,,,,,,,,,,,,,,,,,,,,,,,,,,,,,,,,,,,,,,,,,,,,
DB,sherwinwilliams,Sherwin Williams 6747 Argyle,#348A5D,0.5690479770761249,0.1086481915730568,157.20659390978085,52,138,93,"[52, 138, 93]",62%,0%,33%,46%,"[62%, 0%, 33%, 46%]",51.44,-35.27,16.21,"[51.44, -35.27, 16.21]",https://www.google.com/search?tbm=isch&q=sherwinWilliams%20Sherwin%20Williams%206747%20Argyle%20color%20swatch,,,,,,,,,,,,,,,,,,,,,,,,,,,,,,,,,,,,,,,,,,,,
DB,sherwinwilliams,Sherwin Williams 6748 Greens,#016844,0.45692772591726266,0.10159100850455706,160.88048802384026,1,104,68,"[1, 104, 68]",99%,0%,35%,59%,"[99%, 0%, 35%, 59%]",38.34,-34.23,12.74,"[38.34, -34.23, 12.74]",https://www.google.com/search?tbm=isch&q=sherwinWilliams%20Sherwin%20Williams%206748%20Greens%20color%20swatch,,,,,,,,,,,,,,,,,,,,,,,,,,,,,,,,,,,,,,,,,,,,
DB,sherwinwilliams,Sherwin Williams 6749 Embellished Blue,#D7EBE2,0.9227359889609008,0.024355668461431473,167.06480425153995,215,235,226,"[215, 235, 226]",9%,0%,4%,8%,"[9%, 0%, 4%, 8%]",91.36,-8.10,2.00,"[91.36, -8.10, 2.00]",https://www.google.com/search?tbm=isch&q=sherwinWilliams%20Sherwin%20Williams%206749%20Embellished%20Blue%20color%20swatch,,,,,,,,,,,,,,,,,,,,,,,,,,,,,,,,,,,,,,,,,,,,
DB,sherwinwilliams,Sherwin Williams 6750 Waterfall,#C0E3DA,0.8880574392897692,0.0387109144715747,178.0934607072188,192,227,218,"[192, 227, 218]",15%,0%,4%,11%,"[15%, 0%, 4%, 11%]",87.51,-13.21,0.37,"[87.51, -13.21, 0.37]",https://www.google.com/search?tbm=isch&q=sherwinWilliams%20Sherwin%20Williams%206750%20Waterfall%20color%20swatch,,,,,,,,,,,,,,,,,,,,,,,,,,,,,,,,,,,,,,,,,,,,
DB,sherwinwilliams,Sherwin Williams 6751 Refresh,#A1D4C8,0.8308939156499049,0.05555661057124474,178.78561645023046,161,212,200,"[161, 212, 200]",24%,0%,6%,17%,"[24%, 0%, 6%, 17%]",81.09,-19.05,0.28,"[81.09, -19.05, 0.28]",https://www.google.com/search?tbm=isch&q=sherwinWilliams%20Sherwin%20Williams%206751%20Refresh%20color%20swatch,,,,,,,,,,,,,,,,,,,,,,,,,,,,,,,,,,,,,,,,,,,,
DB,sherwinwilliams,Sherwin Williams 6752 Larchmere,#70BAA7,0.7349368001676664,0.07962292982635208,175.73323549070665,112,186,167,"[112, 186, 167]",40%,0%,10%,27%,"[40%, 0%, 10%, 27%]",70.28,-27.52,2.02,"[70.28, -27.52, 2.02]",https://www.google.com/search?tbm=isch&q=sherwinWilliams%20Sherwin%20Williams%206752%20Larchmere%20color%20swatch,,,,,,,,,,,,,,,,,,,,,,,,,,,,,,,,,,,,,,,,,,,,
DB,sherwinwilliams,Sherwin Williams 6753 Jargon Jade,#53A38F,0.6588089872871097,0.08500557145612972,175.20144268304148,83,163,143,"[83, 163, 143]",49%,0%,12%,36%,"[49%, 0%, 12%, 36%]",61.52,-29.51,2.46,"[61.52, -29.51, 2.46]",https://www.google.com/search?tbm=isch&q=sherwinWilliams%20Sherwin%20Williams%206753%20Jargon%20Jade%20color%20swatch,,,,,,,,,,,,,,,,,,,,,,,,,,,,,,,,,,,,,,,,,,,,
DB,sherwinwilliams,Sherwin Williams 6754 Ionian,#368976,0.5738208388573224,0.08574749729988776,175.47059073104845,54,137,118,"[54, 137, 118]",61%,0%,14%,46%,"[61%, 0%, 14%, 46%]",51.67,-29.92,2.33,"[51.67, -29.92, 2.33]",https://www.google.com/search?tbm=isch&q=sherwinWilliams%20Sherwin%20Williams%206754%20Ionian%20color%20swatch,,,,,,,,,,,,,,,,,,,,,,,,,,,,,,,,,,,,,,,,,,,,
DB,sherwinwilliams,Sherwin Williams 6755 Starboard,#016C4F,0.47141949957869983,0.09689980163365172,166.51330888129758,1,108,79,"[1, 108, 79]",99%,0%,27%,58%,"[99%, 0%, 27%, 58%]",39.97,-33.58,8.45,"[39.97, -33.58, 8.45]",https://www.google.com/search?tbm=isch&q=sherwinWilliams%20Sherwin%20Williams%206755%20Starboard%20color%20swatch,,,,,,,,,,,,,,,,,,,,,,,,,,,,,,,,,,,,,,,,,,,,
DB,sherwinwilliams,Sherwin Williams 6757 Tame Teal,#C1E6DF,0.8964623210476157,0.03979095110712304,182.6707523137071,193,230,223,"[193, 230, 223]",16%,0%,3%,10%,"[16%, 0%, 3%, 10%]",88.48,-13.54,-0.83,"[88.48, -13.54, -0.83]",https://www.google.com/search?tbm=isch&q=sherwinWilliams%20Sherwin%20Williams%206757%20Tame%20Teal%20color%20swatch,,,,,,,,,,,,,,,,,,,,,,,,,,,,,,,,,,,,,,,,,,,,
DB,sherwinwilliams,Sherwin Williams 6758 Aqueduct,#A1D5CB,0.8339658626229861,0.055638329294724044,181.7628792693656,161,213,203,"[161, 213, 203]",24%,0%,5%,16%,"[24%, 0%, 5%, 16%]",81.43,-19.03,-0.81,"[81.43, -19.03, -0.81]",https://www.google.com/search?tbm=isch&q=sherwinWilliams%20Sherwin%20Williams%206758%20Aqueduct%20color%20swatch,,,,,,,,,,,,,,,,,,,,,,,,,,,,,,,,,,,,,,,,,,,,
DB,sherwinwilliams,Sherwin Williams 6759 Cooled Blue,#75B9AE,0.7372098888693098,0.07110226444414473,182.96410838799466,117,185,174,"[117, 185, 174]",37%,0%,6%,27%,"[37%, 0%, 6%, 27%]",70.39,-24.41,-1.59,"[70.39, -24.41, -1.59]",https://www.google.com/search?tbm=isch&q=sherwinWilliams%20Sherwin%20Williams%206759%20Cooled%20Blue%20color%20swatch,,,,,,,,,,,,,,,,,,,,,,,,,,,,,,,,,,,,,,,,,,,,
DB,sherwinwilliams,Sherwin Williams 6760 Rivulet,#61A89D,0.6816650924265515,0.07387550518802154,183.03658887855465,97,168,157,"[97, 168, 157]",42%,0%,7%,34%,"[42%, 0%, 7%, 34%]",63.98,-25.41,-1.68,"[63.98, -25.41, -1.68]",https://www.google.com/search?tbm=isch&q=sherwinWilliams%20Sherwin%20Williams%206760%20Rivulet%20color%20swatch,,,,,,,,,,,,,,,,,,,,,,,,,,,,,,,,,,,,,,,,,,,,
DB,sherwinwilliams,Sherwin Williams 6761 Thermal Spring,#3B8C80,0.5865422951440106,0.08111215185803004,182.24092902846655,59,140,128,"[59, 140, 128]",58%,0%,9%,45%,"[58%, 0%, 9%, 45%]",53.04,-28.10,-1.41,"[53.04, -28.10, -1.41]",https://www.google.com/search?tbm=isch&q=sherwinWilliams%20Sherwin%20Williams%206761%20Thermal%20Spring%20color%20swatch,,,,,,,,,,,,,,,,,,,,,,,,,,,,,,,,,,,,,,,,,,,,
DB,sherwinwilliams,Sherwin Williams 6762 Poseidon,#016D60,0.47952635193585297,0.0862867409172983,180.80663200544097,1,109,96,"[1, 109, 96]",99%,0%,12%,57%,"[99%, 0%, 12%, 57%]",40.70,-30.25,-0.68,"[40.70, -30.25, -0.68]",https://www.google.com/search?tbm=isch&q=sherwinWilliams%20Sherwin%20Williams%206762%20Poseidon%20color%20swatch,,,,,,,,,,,,,,,,,,,,,,,,,,,,,,,,,,,,,,,,,,,,
DB,sherwinwilliams,Sherwin Williams 6764 Swimming,#C2E5E5,0.8967887137130722,0.03661801951405968,196.51679179741825,194,229,229,"[194, 229, 229]",15%,0%,0%,10%,"[15%, 0%, 0%, 10%]",88.41,-11.84,-4.04,"[88.41, -11.84, -4.04]",https://www.google.com/search?tbm=isch&q=sherwinWilliams%20Sherwin%20Williams%206764%20Swimming%20color%20swatch,,,,,,,,,,,,,,,,,,,,,,,,,,,,,,,,,,,,,,,,,,,,
DB,sherwinwilliams,Sherwin Williams 6765 Spa,#A7DCDC,0.8579351646914083,0.05444332947138606,196.18234055603284,167,220,220,"[167, 220, 220]",24%,0%,0%,14%,"[24%, 0%, 0%, 14%]",84.09,-17.64,-5.86,"[84.09, -17.64, -5.86]",https://www.google.com/search?tbm=isch&q=sherwinWilliams%20Sherwin%20Williams%206765%20Spa%20color%20swatch,,,,,,,,,,,,,,,,,,,,,,,,,,,,,,,,,,,,,,,,,,,,
DB,sherwinwilliams,Sherwin Williams 6766 Mariner,#6EC2C4,0.7618719865824702,0.08189343154130141,197.5688531965127,110,194,196,"[110, 194, 196]",44%,1%,0%,23%,"[44%, 1%, 0%, 23%]",73.21,-26.27,-9.44,"[73.21, -26.27, -9.44]",https://www.google.com/search?tbm=isch&q=sherwinWilliams%20Sherwin%20Williams%206766%20Mariner%20color%20swatch,,,,,,,,,,,,,,,,,,,,,,,,,,,,,,,,,,,,,,,,,,,,
DB,sherwinwilliams,Sherwin Williams 6767 Aquarium,#3AA9AE,0.6753338131359867,0.09806428257191513,199.4031632222176,58,169,174,"[58, 169, 174]",67%,3%,0%,32%,"[67%, 3%, 0%, 32%]",63.30,-30.92,-12.30,"[63.30, -30.92, -12.30]",https://www.google.com/search?tbm=isch&q=sherwinWilliams%20Sherwin%20Williams%206767%20Aquarium%20color%20swatch,,,,,,,,,,,,,,,,,,,,,,,,,,,,,,,,,,,,,,,,,,,,
DB,sherwinwilliams,Sherwin Williams 6768 Gulfstream,#01858B,0.5607736282335243,0.09516369547406558,200.394090757796,1,133,139,"[1, 133, 139]",99%,4%,0%,45%,"[99%, 4%, 0%, 45%]",49.96,-29.65,-12.44,"[49.96, -29.65, -12.44]",https://www.google.com/search?tbm=isch&q=sherwinWilliams%20Sherwin%20Williams%206768%20Gulfstream%20color%20swatch,,,,,,,,,,,,,,,,,,,,,,,,,,,,,,,,,,,,,,,,,,,,
DB,sherwinwilliams,Sherwin Williams 6769 Maxi Teal,#017478,0.5077706579008999,0.08611647102902485,199.01520178386988,1,116,120,"[1, 116, 120]",99%,3%,0%,53%,"[99%, 3%, 0%, 53%]",43.75,-27.21,-10.55,"[43.75, -27.21, -10.55]",https://www.google.com/search?tbm=isch&q=sherwinWilliams%20Sherwin%20Williams%206769%20Maxi%20Teal%20color%20swatch,,,,,,,,,,,,,,,,,,,,,,,,,,,,,,,,,,,,,,,,,,,,
DB,sherwinwilliams,Sherwin Williams 6771 Bathe Blue,#C2E0E3,0.8857707444151177,0.03194704308768546,203.95539921379248,194,224,227,"[194, 224, 227]",15%,1%,0%,11%,"[15%, 1%, 0%, 11%]",87.04,-9.78,-4.98,"[87.04, -9.78, -4.98]",https://www.google.com/search?tbm=isch&q=sherwinWilliams%20Sherwin%20Williams%206771%20Bathe%20Blue%20color%20swatch,,,,,,,,,,,,,,,,,,,,,,,,,,,,,,,,,,,,,,,,,,,,
DB,sherwinwilliams,Sherwin Williams 6772 Cay,#A6D0D6,0.8295675541641924,0.04490835214037542,207.0480164219473,166,208,214,"[166, 208, 214]",22%,3%,0%,16%,"[22%, 3%, 0%, 16%]",80.62,-13.31,-7.78,"[80.62, -13.31, -7.78]",https://www.google.com/search?tbm=isch&q=sherwinWilliams%20Sherwin%20Williams%206772%20Cay%20color%20swatch,,,,,,,,,,,,,,,,,,,,,,,,,,,,,,,,,,,,,,,,,,,,
DB,sherwinwilliams,Sherwin Williams 6773 Rapture Blue,#7DC1CB,0.7692000761462456,0.07005984027855214,207.55493657149407,125,193,203,"[125, 193, 203]",38%,5%,0%,20%,"[38%, 5%, 0%, 20%]",73.81,-20.46,-12.23,"[73.81, -20.46, -12.23]",https://www.google.com/search?tbm=isch&q=sherwinWilliams%20Sherwin%20Williams%206773%20Rapture%20Blue%20color%20swatch,,,,,,,,,,,,,,,,,,,,,,,,,,,,,,,,,,,,,,,,,,,,
DB,sherwinwilliams,Sherwin Williams 6774 Freshwater,#4DA6B2,0.6755718111148298,0.08633679945834594,207.18206649550154,77,166,178,"[77, 166, 178]",57%,7%,0%,30%,"[57%, 7%, 0%, 30%]",63.08,-25.09,-14.77,"[63.08, -25.09, -14.77]",https://www.google.com/search?tbm=isch&q=sherwinWilliams%20Sherwin%20Williams%206774%20Freshwater%20color%20swatch,,,,,,,,,,,,,,,,,,,,,,,,,,,,,,,,,,,,,,,,,,,,
DB,sherwinwilliams,Sherwin Williams 6775 Briny,#08808E,0.5494715924435205,0.09306254242285984,208.40097534251595,8,128,142,"[8, 128, 142]",94%,10%,0%,44%,"[94%, 10%, 0%, 44%]",48.47,-26.27,-16.42,"[48.47, -26.27, -16.42]",https://www.google.com/search?tbm=isch&q=sherwinWilliams%20Sherwin%20Williams%206775%20Briny%20color%20swatch,,,,,,,,,,,,,,,,,,,,,,,,,,,,,,,,,,,,,,,,,,,,
DB,sherwinwilliams,Sherwin Williams 6776 Blue Nile,#01717E,0.5022020926567198,0.08627784055744857,208.71369465315593,1,113,126,"[1, 113, 126]",99%,10%,0%,51%,"[99%, 10%, 0%, 51%]",42.93,-24.23,-15.36,"[42.93, -24.23, -15.36]",https://www.google.com/search?tbm=isch&q=sherwinWilliams%20Sherwin%20Williams%206776%20Blue%20Nile%20color%20swatch,,,,,,,,,,,,,,,,,,,,,,,,,,,,,,,,,,,,,,,,,,,,
DB,sherwinwilliams,Sherwin Williams 6778 Aviary Blue,#C6E3E8,0.8962191327318916,0.03136171625108206,209.15050203721216,198,227,232,"[198, 227, 232]",15%,2%,0%,9%,"[15%, 2%, 0%, 9%]",88.22,-9.13,-5.84,"[88.22, -9.13, -5.84]",https://www.google.com/search?tbm=isch&q=sherwinWilliams%20Sherwin%20Williams%206778%20Aviary%20Blue%20color%20swatch,,,,,,,,,,,,,,,,,,,,,,,,,,,,,,,,,,,,,,,,,,,,
DB,sherwinwilliams,Sherwin Williams 6779 Liquid Blue,#A6D4DE,0.8407350480346787,0.0499029298666781,212.438865292556,166,212,222,"[166, 212, 222]",25%,5%,0%,13%,"[25%, 5%, 0%, 13%]",81.90,-13.86,-10.14,"[81.90, -13.86, -10.14]",https://www.google.com/search?tbm=isch&q=sherwinWilliams%20Sherwin%20Williams%206779%20Liquid%20Blue%20color%20swatch,,,,,,,,,,,,,,,,,,,,,,,,,,,,,,,,,,,,,,,,,,,,
DB,sherwinwilliams,Sherwin Williams 6780 Nautilus,#71B8C7,0.7412532640418102,0.0744118130114343,212.6073098829155,113,184,199,"[113, 184, 199]",43%,8%,0%,22%,"[43%, 8%, 0%, 22%]",70.52,-20.29,-15.03,"[70.52, -20.29, -15.03]",https://www.google.com/search?tbm=isch&q=sherwinWilliams%20Sherwin%20Williams%206780%20Nautilus%20color%20swatch,,,,,,,,,,,,,,,,,,,,,,,,,,,,,,,,,,,,,,,,,,,,
DB,sherwinwilliams,Sherwin Williams 6781 Jamaica Bay,#34A3B6,0.6620767120256305,0.10045735112888524,211.40942414470214,52,163,182,"[52, 163, 182]",71%,10%,0%,29%,"[71%, 10%, 0%, 29%]",61.53,-27.29,-19.42,"[61.53, -27.29, -19.42]",https://www.google.com/search?tbm=isch&q=sherwinWilliams%20Sherwin%20Williams%206781%20Jamaica%20Bay%20color%20swatch,,,,,,,,,,,,,,,,,,,,,,,,,,,,,,,,,,,,,,,,,,,,
DB,sherwinwilliams,Sherwin Williams 6782 Cruising,#018498,0.5636005300686181,0.09850655562404428,213.15830403711868,1,132,152,"[1, 132, 152]",99%,13%,0%,40%,"[99%, 13%, 0%, 40%]",50.04,-25.72,-19.86,"[50.04, -25.72, -19.86]",https://www.google.com/search?tbm=isch&q=sherwinWilliams%20Sherwin%20Williams%206782%20Cruising%20color%20swatch,,,,,,,,,,,,,,,,,,,,,,,,,,,,,,,,,,,,,,,,,,,,
DB,sherwinwilliams,Sherwin Williams 6783 Amalfi,#016E85,0.497417761342865,0.08972301690759714,219.02354293002782,1,110,133,"[1, 110, 133]",99%,17%,0%,48%,"[99%, 17%, 0%, 48%]",42.16,-20.80,-20.70,"[42.16, -20.80, -20.70]",https://www.google.com/search?tbm=isch&q=sherwinWilliams%20Sherwin%20Williams%206783%20Amalfi%20color%20swatch,,,,,,,,,,,,,,,,,,,,,,,,,,,,,,,,,,,,,,,,,,,,
DB,sherwinwilliams,Sherwin Williams 6784 Bravo Blue,#D3E7E9,0.9137437039277924,0.02141827922913187,204.03352646163387,211,231,233,"[211, 231, 233]",9%,1%,0%,9%,"[9%, 1%, 0%, 9%]",90.19,-6.57,-3.36,"[90.19, -6.57, -3.36]",https://www.google.com/search?tbm=isch&q=sherwinWilliams%20Sherwin%20Williams%206784%20Bravo%20Blue%20color%20swatch,,,,,,,,,,,,,,,,,,,,,,,,,,,,,,,,,,,,,,,,,,,,
DB,sherwinwilliams,Sherwin Williams 6785 Quench Blue,#B4E0E7,0.8778786635772746,0.04665357726691592,208.23079099873632,180,224,231,"[180, 224, 231]",22%,3%,0%,9%,"[22%, 3%, 0%, 9%]",86.22,-13.66,-8.40,"[86.22, -13.66, -8.40]",https://www.google.com/search?tbm=isch&q=sherwinWilliams%20Sherwin%20Williams%206785%20Quench%20Blue%20color%20swatch,,,,,,,,,,,,,,,,,,,,,,,,,,,,,,,,,,,,,,,,,,,,
DB,sherwinwilliams,Sherwin Williams 6786 Cloudless,#8FD0DD,0.8184007623207529,0.06814523995721851,211.46496194266354,143,208,221,"[143, 208, 221]",35%,6%,0%,13%,"[35%, 6%, 0%, 13%]",79.45,-19.01,-13.40,"[79.45, -19.01, -13.40]",https://www.google.com/search?tbm=isch&q=sherwinWilliams%20Sherwin%20Williams%206786%20Cloudless%20color%20swatch,,,,,,,,,,,,,,,,,,,,,,,,,,,,,,,,,,,,,,,,,,,,
DB,sherwinwilliams,Sherwin Williams 6787 Fountain,#56B5CA,0.723791279001769,0.0940937121504135,214.28535128359442,86,181,202,"[86, 181, 202]",57%,10%,0%,21%,"[57%, 10%, 0%, 21%]",68.59,-24.66,-19.70,"[68.59, -24.66, -19.70]",https://www.google.com/search?tbm=isch&q=sherwinWilliams%20Sherwin%20Williams%206787%20Fountain%20color%20swatch,,,,,,,,,,,,,,,,,,,,,,,,,,,,,,,,,,,,,,,,,,,,
DB,sherwinwilliams,Sherwin Williams 6788 Capri,#01A0B8,0.6485504431803991,0.11348108487472859,213.26613178298135,1,160,184,"[1, 160, 184]",99%,13%,0%,28%,"[99%, 13%, 0%, 28%]",59.99,-29.57,-22.94,"[59.99, -29.57, -22.94]",https://www.google.com/search?tbm=isch&q=sherwinWilliams%20Sherwin%20Williams%206788%20Capri%20color%20swatch,,,,,,,,,,,,,,,,,,,,,,,,,,,,,,,,,,,,,,,,,,,,
DB,sherwinwilliams,Sherwin Williams 6789 Blue Mosque,#01819E,0.5586209547276616,0.1022187285113363,220.9676380209562,1,129,158,"[1, 129, 158]",99%,18%,0%,38%,"[99%, 18%, 0%, 38%]",49.27,-22.63,-24.51,"[49.27, -22.63, -24.51]",https://www.google.com/search?tbm=isch&q=sherwinWilliams%20Sherwin%20Williams%206789%20Blue%20Mosque%20color%20swatch,,,,,,,,,,,,,,,,,,,,,,,,,,,,,,,,,,,,,,,,,,,,
DB,sherwinwilliams,Sherwin Williams 6790 Adriatic Sea,#016081,0.4584837311661394,0.09174668470722472,230.67767160543497,1,96,129,"[1, 96, 129]",99%,26%,0%,49%,"[99%, 26%, 0%, 49%]",37.34,-14.99,-25.72,"[37.34, -14.99, -25.72]",https://www.google.com/search?tbm=isch&q=sherwinWilliams%20Sherwin%20Williams%206790%20Adriatic%20Sea%20color%20swatch,,,,,,,,,,,,,,,,,,,,,,,,,,,,,,,,,,,,,,,,,,,,
DB,sherwinwilliams,Sherwin Williams 6792 Minor Blue,#B7DFE8,0.8779863087651012,0.043558063165674905,212.88521850474615,183,223,232,"[183, 223, 232]",21%,4%,0%,9%,"[21%, 4%, 0%, 9%]",86.17,-12.07,-8.98,"[86.17, -12.07, -8.98]",https://www.google.com/search?tbm=isch&q=sherwinWilliams%20Sherwin%20Williams%206792%20Minor%20Blue%20color%20swatch,,,,,,,,,,,,,,,,,,,,,,,,,,,,,,,,,,,,,,,,,,,,
DB,sherwinwilliams,Sherwin Williams 6793 Bluebell,#A2D5E7,0.8434621080750287,0.05839348473876698,221.59074531416002,162,213,231,"[162, 213, 231]",30%,8%,0%,9%,"[30%, 8%, 0%, 9%]",82.15,-13.99,-14.55,"[82.15, -13.99, -14.55]",https://www.google.com/search?tbm=isch&q=sherwinWilliams%20Sherwin%20Williams%206793%20Bluebell%20color%20swatch,,,,,,,,,,,,,,,,,,,,,,,,,,,,,,,,,,,,,,,,,,,,
DB,sherwinwilliams,Sherwin Williams 6794 Flyway,#5DB3D4,0.7258330250865027,0.09568101515212028,225.53996331332166,93,179,212,"[93, 179, 212]",56%,16%,0%,17%,"[56%, 16%, 0%, 17%]",68.56,-19.95,-25.17,"[68.56, -19.95, -25.17]",https://www.google.com/search?tbm=isch&q=sherwinWilliams%20Sherwin%20Williams%206794%20Flyway%20color%20swatch,,,,,,,,,,,,,,,,,,,,,,,,,,,,,,,,,,,,,,,,,,,,
DB,sherwinwilliams,Sherwin Williams 6795 Major Blue,#289EC4,0.653249938028564,0.11341134690628682,225.00586715719714,40,158,196,"[40, 158, 196]",80%,19%,0%,23%,"[80%, 19%, 0%, 23%]",60.19,-22.90,-29.30,"[60.19, -22.90, -29.30]",https://www.google.com/search?tbm=isch&q=sherwinWilliams%20Sherwin%20Williams%206795%20Major%20Blue%20color%20swatch,,,,,,,,,,,,,,,,,,,,,,,,,,,,,,,,,,,,,,,,,,,,
DB,sherwinwilliams,Sherwin Williams 6796 Blue Plate,#017CA7,0.5504315237349394,0.11157408562546813,231.6416523020871,1,124,167,"[1, 124, 167]",99%,26%,0%,35%,"[99%, 26%, 0%, 35%]",48.01,-17.52,-31.68,"[48.01, -17.52, -31.68]",https://www.google.com/search?tbm=isch&q=sherwinWilliams%20Sherwin%20Williams%206796%20Blue%20Plate%20color%20swatch,,,,,,,,,,,,,,,,,,,,,,,,,,,,,,,,,,,,,,,,,,,,
DB,sherwinwilliams,Sherwin Williams 6797 Jay Blue,#015D87,0.4540468465367852,0.10007721824131141,237.8616119355563,1,93,135,"[1, 93, 135]",99%,31%,0%,47%,"[99%, 31%, 0%, 47%]",36.60,-11.45,-30.52,"[36.60, -11.45, -30.52]",https://www.google.com/search?tbm=isch&q=sherwinWilliams%20Sherwin%20Williams%206797%20Jay%20Blue%20color%20swatch,,,,,,,,,,,,,,,,,,,,,,,,,,,,,,,,,,,,,,,,,,,,
DB,sherwinwilliams,Sherwin Williams 6798 Iceberg,#D6E4E7,0.9092251323544038,0.015553505290974767,212.00363701304445,214,228,231,"[214, 228, 231]",7%,1%,0%,9%,"[7%, 1%, 0%, 9%]",89.59,-4.41,-3.16,"[89.59, -4.41, -3.16]",https://www.google.com/search?tbm=isch&q=sherwinWilliams%20Sherwin%20Williams%206798%20Iceberg%20color%20swatch,,,,,,,,,,,,,,,,,,,,,,,,,,,,,,,,,,,,,,,,,,,,
DB,sherwinwilliams,Sherwin Williams 6799 Soar,#C3DFE8,0.8859142585875409,0.032167956575248,219.1055235620271,195,223,232,"[195, 223, 232]",16%,4%,0%,9%,"[16%, 4%, 0%, 9%]",86.96,-8.21,-7.71,"[86.96, -8.21, -7.71]",https://www.google.com/search?tbm=isch&q=sherwinWilliams%20Sherwin%20Williams%206799%20Soar%20color%20swatch,,,,,,,,,,,,,,,,,,,,,,,,,,,,,,,,,,,,,,,,,,,,
DB,sherwinwilliams,Sherwin Williams 6800 Something Blue,#B0D6E6,0.8539131217754481,0.04582118524600536,225.32631444519495,176,214,230,"[176, 214, 230]",23%,7%,0%,10%,"[23%, 7%, 0%, 10%]",83.26,-10.33,-12.27,"[83.26, -10.33, -12.27]",https://www.google.com/search?tbm=isch&q=sherwinWilliams%20Sherwin%20Williams%206800%20Something%20Blue%20color%20swatch,,,,,,,,,,,,,,,,,,,,,,,,,,,,,,,,,,,,,,,,,,,,
DB,sherwinwilliams,Sherwin Williams 6801 Regale Blue,#7DB5D3,0.7452266876757562,0.07268580098410747,232.4305586553785,125,181,211,"[125, 181, 211]",41%,14%,0%,17%,"[41%, 14%, 0%, 17%]",70.62,-13.14,-21.34,"[70.62, -13.14, -21.34]",https://www.google.com/search?tbm=isch&q=sherwinWilliams%20Sherwin%20Williams%206801%20Regale%20Blue%20color%20swatch,,,,,,,,,,,,,,,,,,,,,,,,,,,,,,,,,,,,,,,,,,,,
DB,sherwinwilliams,Sherwin Williams 6802 Jacaranda,#5A9EC0,0.667651740350181,0.08551258071180252,231.73598271539709,90,158,192,"[90, 158, 192]",53%,18%,0%,25%,"[53%, 18%, 0%, 25%]",61.64,-15.11,-24.69,"[61.64, -15.11, -24.69]",https://www.google.com/search?tbm=isch&q=sherwinWilliams%20Sherwin%20Williams%206802%20Jacaranda%20color%20swatch,,,,,,,,,,,,,,,,,,,,,,,,,,,,,,,,,,,,,,,,,,,,
DB,sherwinwilliams,Sherwin Williams 6803 Danube,#2377A2,0.5402582793409004,0.10237008651554913,236.0501185832486,35,119,162,"[35, 119, 162]",78%,27%,0%,36%,"[78%, 27%, 0%, 36%]",46.70,-13.82,-30.76,"[46.70, -13.82, -30.76]",https://www.google.com/search?tbm=isch&q=sherwinWilliams%20Sherwin%20Williams%206803%20Danube%20color%20swatch,,,,,,,,,,,,,,,,,,,,,,,,,,,,,,,,,,,,,,,,,,,,
DB,sherwinwilliams,Sherwin Williams 6804 Dignity Blue,#094C73,0.3990261710800514,0.08958521830350183,241.77933395698574,9,76,115,"[9, 76, 115]",92%,34%,0%,55%,"[92%, 34%, 0%, 55%]",30.11,-7.99,-28.38,"[30.11, -7.99, -28.38]",https://www.google.com/search?tbm=isch&q=sherwinWilliams%20Sherwin%20Williams%206804%20Dignity%20Blue%20color%20swatch,,,,,,,,,,,,,,,,,,,,,,,,,,,,,,,,,,,,,,,,,,,,
DB,sherwinwilliams,Sherwin Williams 6806 Rhythmic Blue,#CCDBE5,0.8831188357624027,0.02126825612609055,236.7897930220331,204,219,229,"[204, 219, 229]",11%,4%,0%,10%,"[11%, 4%, 0%, 10%]",86.49,-3.75,-6.74,"[86.49, -3.75, -6.74]",https://www.google.com/search?tbm=isch&q=sherwinWilliams%20Sherwin%20Williams%206806%20Rhythmic%20Blue%20color%20swatch,,,,,,,,,,,,,,,,,,,,,,,,,,,,,,,,,,,,,,,,,,,,
DB,sherwinwilliams,Sherwin Williams 6807 Wondrous Blue,#B8CDDD,0.8375529458868057,0.03196185031179241,240.72150144765874,184,205,221,"[184, 205, 221]",17%,7%,0%,13%,"[17%, 7%, 0%, 13%]",81.19,-4.87,-10.49,"[81.19, -4.87, -10.49]",https://www.google.com/search?tbm=isch&q=sherwinWilliams%20Sherwin%20Williams%206807%20Wondrous%20Blue%20color%20swatch,,,,,,,,,,,,,,,,,,,,,,,,,,,,,,,,,,,,,,,,,,,,
DB,sherwinwilliams,Sherwin Williams 6808 Celestial,#97B3D0,0.7556506028443566,0.051996882796630006,249.43021648125773,151,179,208,"[151, 179, 208]",27%,14%,0%,18%,"[27%, 14%, 0%, 18%]",71.57,-4.94,-18.09,"[71.57, -4.94, -18.09]",https://www.google.com/search?tbm=isch&q=sherwinWilliams%20Sherwin%20Williams%206808%20Celestial%20color%20swatch,,,,,,,,,,,,,,,,,,,,,,,,,,,,,,,,,,,,,,,,,,,,
DB,sherwinwilliams,Sherwin Williams 6809 Lobelia,#7498BE,0.6672449203374591,0.06945435778721365,250.2501703960138,116,152,190,"[116, 152, 190]",39%,20%,0%,25%,"[39%, 20%, 0%, 25%]",61.23,-5.50,-24.03,"[61.23, -5.50, -24.03]",https://www.google.com/search?tbm=isch&q=sherwinWilliams%20Sherwin%20Williams%206809%20Lobelia%20color%20swatch,,,,,,,,,,,,,,,,,,,,,,,,,,,,,,,,,,,,,,,,,,,,
DB,sherwinwilliams,Sherwin Williams 6810 Lupine,#4E739F,0.5466493327354635,0.08106584169199602,253.42853405499045,78,115,159,"[78, 115, 159]",51%,28%,0%,38%,"[51%, 28%, 0%, 38%]",47.09,-3.71,-28.24,"[47.09, -3.71, -28.24]",https://www.google.com/search?tbm=isch&q=sherwinWilliams%20Sherwin%20Williams%206810%20Lupine%20color%20swatch,,,,,,,,,,,,,,,,,,,,,,,,,,,,,,,,,,,,,,,,,,,,
DB,sherwinwilliams,Sherwin Williams 6811 Honorable Blue,#164576,0.38607220211299914,0.09735228858254366,252.60195406821504,22,69,118,"[22, 69, 118]",81%,42%,0%,54%,"[81%, 42%, 0%, 54%]",28.23,-1.33,-33.20,"[28.23, -1.33, -33.20]",https://www.google.com/search?tbm=isch&q=sherwinWilliams%20Sherwin%20Williams%206811%20Honorable%20Blue%20color%20swatch,,,,,,,,,,,,,,,,,,,,,,,,,,,,,,,,,,,,,,,,,,,,
DB,sherwinwilliams,Sherwin Williams 6813 Wishful Blue,#D8DDE6,0.8963517816953971,0.013438761856259729,262.3767277949129,216,221,230,"[216, 221, 230]",6%,4%,0%,10%,"[6%, 4%, 0%, 10%]",87.93,-0.49,-5.04,"[87.93, -0.49, -5.04]",https://www.google.com/search?tbm=isch&q=sherwinWilliams%20Sherwin%20Williams%206813%20Wishful%20Blue%20color%20swatch,,,,,,,,,,,,,,,,,,,,,,,,,,,,,,,,,,,,,,,,,,,,
DB,sherwinwilliams,Sherwin Williams 6814 Breathtaking,#C7D1E2,0.8582333460252363,0.025995603112347956,261.13987472167344,199,209,226,"[199, 209, 226]",12%,8%,0%,11%,"[12%, 8%, 0%, 11%]",83.46,-1.02,-9.66,"[83.46, -1.02, -9.66]",https://www.google.com/search?tbm=isch&q=sherwinWilliams%20Sherwin%20Williams%206814%20Breathtaking%20color%20swatch,,,,,,,,,,,,,,,,,,,,,,,,,,,,,,,,,,,,,,,,,,,,
DB,sherwinwilliams,Sherwin Williams 6815 Awesome Violet,#A7B2D4,0.7663891167663033,0.050271224958669064,271.0812189412685,167,178,212,"[167, 178, 212]",21%,16%,0%,17%,"[21%, 16%, 0%, 17%]",72.56,1.48,-18.64,"[72.56, 1.48, -18.64]",https://www.google.com/search?tbm=isch&q=sherwinWilliams%20Sherwin%20Williams%206815%20Awesome%20Violet%20color%20swatch,,,,,,,,,,,,,,,,,,,,,,,,,,,,,,,,,,,,,,,,,,,,
DB,sherwinwilliams,Sherwin Williams 6816 Dahlia,#8B98C4,0.6854085981105908,0.06675014832466435,271.7677831519254,139,152,196,"[139, 152, 196]",29%,22%,0%,23%,"[29%, 22%, 0%, 23%]",63.01,2.87,-24.50,"[63.01, 2.87, -24.50]",https://www.google.com/search?tbm=isch&q=sherwinWilliams%20Sherwin%20Williams%206816%20Dahlia%20color%20swatch,,,,,,,,,,,,,,,,,,,,,,,,,,,,,,,,,,,,,,,,,,,,
DB,sherwinwilliams,Sherwin Williams 6817 Gentian,#6572A5,0.5624877770098955,0.0807957654573503,272.62273338582975,101,114,165,"[101, 114, 165]",39%,31%,0%,35%,"[39%, 31%, 0%, 35%]",48.56,5.02,-29.32,"[48.56, 5.02, -29.32]",https://www.google.com/search?tbm=isch&q=sherwinWilliams%20Sherwin%20Williams%206817%20Gentian%20color%20swatch,,,,,,,,,,,,,,,,,,,,,,,,,,,,,,,,,,,,,,,,,,,,
DB,sherwinwilliams,Sherwin Williams 6818 Valiant Violet,#3E4371,0.4006076035953778,0.07741047907478416,277.588949024919,62,67,113,"[62, 67, 113]",45%,41%,0%,56%,"[45%, 41%, 0%, 56%]",29.65,8.00,-27.63,"[29.65, 8.00, -27.63]",https://www.google.com/search?tbm=isch&q=sherwinWilliams%20Sherwin%20Williams%206818%20Valiant%20Violet%20color%20swatch,,,,,,,,,,,,,,,,,,,,,,,,,,,,,,,,,,,,,,,,,,,,
DB,sherwinwilliams,Sherwin Williams 6820 Inspired Lilac,#DFD9E4,0.8932605180756259,0.01617798471350165,310.0886537556687,223,217,228,"[223, 217, 228]",2%,5%,0%,11%,"[2%, 5%, 0%, 11%]",87.42,3.60,-4.65,"[87.42, 3.60, -4.65]",https://www.google.com/search?tbm=isch&q=sherwinWilliams%20Sherwin%20Williams%206820%20Inspired%20Lilac%20color%20swatch,,,,,,,,,,,,,,,,,,,,,,,,,,,,,,,,,,,,,,,,,,,,
DB,sherwinwilliams,Sherwin Williams 6821 Potentially Purple,#D1CBDF,0.8529998009458214,0.02814706561611,299.48198778971323,209,203,223,"[209, 203, 223]",6%,9%,0%,13%,"[6%, 9%, 0%, 13%]",82.63,4.93,-9.17,"[82.63, 4.93, -9.17]",https://www.google.com/search?tbm=isch&q=sherwinWilliams%20Sherwin%20Williams%206821%20Potentially%20Purple%20color%20swatch,,,,,,,,,,,,,,,,,,,,,,,,,,,,,,,,,,,,,,,,,,,,
DB,sherwinwilliams,Sherwin Williams 6822 Wisteria,#BDB4D4,0.7876623263636259,0.04584658589363699,298.20423497251693,189,180,212,"[189, 180, 212]",11%,15%,0%,17%,"[11%, 15%, 0%, 17%]",74.85,7.93,-15.01,"[74.85, 7.93, -15.01]",https://www.google.com/search?tbm=isch&q=sherwinWilliams%20Sherwin%20Williams%206822%20Wisteria%20color%20swatch,,,,,,,,,,,,,,,,,,,,,,,,,,,,,,,,,,,,,,,,,,,,
DB,sherwinwilliams,Sherwin Williams 6823 Brave Purple,#968DB8,0.6665508120551663,0.063666045371636,294.2028008224622,150,141,184,"[150, 141, 184]",18%,23%,0%,28%,"[18%, 23%, 0%, 28%]",60.59,10.22,-21.36,"[60.59, 10.22, -21.36]",https://www.google.com/search?tbm=isch&q=sherwinWilliams%20Sherwin%20Williams%206823%20Brave%20Purple%20color%20swatch,,,,,,,,,,,,,,,,,,,,,,,,,,,,,,,,,,,,,,,,,,,,
DB,sherwinwilliams,Sherwin Williams 6824 Forget‐Me‐Not,#716998,0.5468476281983288,0.07273947183407391,291.609334119265,113,105,152,"[113, 105, 152]",26%,31%,0%,40%,"[26%, 31%, 0%, 40%]",46.58,11.34,-24.65,"[46.58, 11.34, -24.65]",https://www.google.com/search?tbm=isch&q=sherwinWilliams%20Sherwin%20Williams%206824%20Forget%E2%80%90Me%E2%80%90Not%20color%20swatch,,,,,,,,,,,,,,,,,,,,,,,,,,,,,,,,,,,,,,,,,,,,
DB,sherwinwilliams,Sherwin Williams 6825 Izmir Purple,#4D426E,0.41020172971856383,0.07308807751255214,294.4491039644265,77,66,110,"[77, 66, 110]",30%,40%,0%,57%,"[30%, 40%, 0%, 57%]",30.65,12.99,-24.07,"[30.65, 12.99, -24.07]",https://www.google.com/search?tbm=isch&q=sherwinWilliams%20Sherwin%20Williams%206825%20Izmir%20Purple%20color%20swatch,,,,,,,,,,,,,,,,,,,,,,,,,,,,,,,,,,,,,,,,,,,,
DB,sherwinwilliams,Sherwin Williams 6827 Elation,#DFDCE5,0.8994622585565755,0.012555378628504239,301.2682058927471,223,220,229,"[223, 220, 229]",3%,4%,0%,10%,"[3%, 4%, 0%, 10%]",88.20,2.27,-4.04,"[88.20, 2.27, -4.04]",https://www.google.com/search?tbm=isch&q=sherwinWilliams%20Sherwin%20Williams%206827%20Elation%20color%20swatch,,,,,,,,,,,,,,,,,,,,,,,,,,,,,,,,,,,,,,,,,,,,
DB,sherwinwilliams,Sherwin Williams 6828 Rhapsody Lilac,#D2C8DD,0.8472661775283142,0.030717058731114348,307.0682863380491,210,200,221,"[210, 200, 221]",5%,10%,0%,13%,"[5%, 10%, 0%, 13%]",81.91,6.48,-9.16,"[81.91, 6.48, -9.16]",https://www.google.com/search?tbm=isch&q=sherwinWilliams%20Sherwin%20Williams%206828%20Rhapsody%20Lilac%20color%20swatch,,,,,,,,,,,,,,,,,,,,,,,,,,,,,,,,,,,,,,,,,,,,
DB,sherwinwilliams,Sherwin Williams 6829 Magical,#C0AFD0,0.7789573887099213,0.049745198604440016,308.39267264057935,192,175,208,"[192, 175, 208]",8%,16%,0%,18%,"[8%, 16%, 0%, 18%]",73.73,10.93,-14.47,"[73.73, 10.93, -14.47]",https://www.google.com/search?tbm=isch&q=sherwinWilliams%20Sherwin%20Williams%206829%20Magical%20color%20swatch,,,,,,,,,,,,,,,,,,,,,,,,,,,,,,,,,,,,,,,,,,,,
DB,sherwinwilliams,Sherwin Williams 6830 Kismet,#A18AB7,0.6699664093520676,0.07007766002564772,307.7805973063855,161,138,183,"[161, 138, 183]",12%,25%,0%,28%,"[12%, 25%, 0%, 28%]",60.80,15.51,-20.36,"[60.80, 15.51, -20.36]",https://www.google.com/search?tbm=isch&q=sherwinWilliams%20Sherwin%20Williams%206830%20Kismet%20color%20swatch,,,,,,,,,,,,,,,,,,,,,,,,,,,,,,,,,,,,,,,,,,,,
DB,sherwinwilliams,Sherwin Williams 6831 Clematis,#7E6596,0.5501353363605835,0.07960653827409775,307.2869394141396,126,101,150,"[126, 101, 150]",16%,33%,0%,41%,"[16%, 33%, 0%, 41%]",46.74,17.82,-23.11,"[46.74, 17.82, -23.11]",https://www.google.com/search?tbm=isch&q=sherwinWilliams%20Sherwin%20Williams%206831%20Clematis%20color%20swatch,,,,,,,,,,,,,,,,,,,,,,,,,,,,,,,,,,,,,,,,,,,,
DB,sherwinwilliams,Sherwin Williams 6832 Impulsive Purple,#624977,0.45110231828543806,0.07868126005242732,308.4643687519256,98,73,119,"[98, 73, 119]",18%,39%,0%,53%,"[18%, 39%, 0%, 53%]",35.23,18.20,-22.38,"[35.23, 18.20, -22.38]",https://www.google.com/search?tbm=isch&q=sherwinWilliams%20Sherwin%20Williams%206832%20Impulsive%20Purple%20color%20swatch,,,,,,,,,,,,,,,,,,,,,,,,,,,,,,,,,,,,,,,,,,,,
DB,sherwinwilliams,Sherwin Williams 6834 Spangle,#E5DBE5,0.9022696231660934,0.017223973877277806,325.71874866058056,229,219,229,"[229, 219, 229]",0%,4%,0%,10%,"[0%, 4%, 0%, 10%]",88.43,4.85,-3.63,"[88.43, 4.85, -3.63]",https://www.google.com/search?tbm=isch&q=sherwinWilliams%20Sherwin%20Williams%206834%20Spangle%20color%20swatch,,,,,,,,,,,,,,,,,,,,,,,,,,,,,,,,,,,,,,,,,,,,
DB,sherwinwilliams,Sherwin Williams 6835 Euphoric Lilac,#DAC7DA,0.8510197490149927,0.033207909758556454,325.864662152587,218,199,218,"[218, 199, 218]",0%,9%,0%,15%,"[0%, 9%, 0%, 15%]",82.27,9.37,-6.95,"[82.27, 9.37, -6.95]",https://www.google.com/search?tbm=isch&q=sherwinWilliams%20Sherwin%20Williams%206835%20Euphoric%20Lilac%20color%20swatch,,,,,,,,,,,,,,,,,,,,,,,,,,,,,,,,,,,,,,,,,,,,
DB,sherwinwilliams,Sherwin Williams 6836 Novel Lilac,#C2A4C2,0.7546275526703892,0.05395470502450812,326.096177011269,194,164,194,"[194, 164, 194]",0%,15%,0%,24%,"[0%, 15%, 0%, 24%]",70.79,15.27,-11.15,"[70.79, 15.27, -11.15]",https://www.google.com/search?tbm=isch&q=sherwinWilliams%20Sherwin%20Williams%206836%20Novel%20Lilac%20color%20swatch,,,,,,,,,,,,,,,,,,,,,,,,,,,,,,,,,,,,,,,,,,,,
DB,sherwinwilliams,Sherwin Williams 6837 Baroness,#A785A7,0.6598777661121007,0.06309251367731021,326.2632319086646,167,133,167,"[167, 133, 167]",0%,20%,0%,35%,"[0%, 20%, 0%, 35%]",59.67,17.89,-12.93,"[59.67, 17.89, -12.93]",https://www.google.com/search?tbm=isch&q=sherwinWilliams%20Sherwin%20Williams%206837%20Baroness%20color%20swatch,,,,,,,,,,,,,,,,,,,,,,,,,,,,,,,,,,,,,,,,,,,,
DB,sherwinwilliams,Sherwin Williams 6838 Vigorous Violet,#7C5A7E,0.5160263190854264,0.0690565749104587,324.6675758611723,124,90,126,"[124, 90, 126]",2%,29%,0%,51%,"[2%, 29%, 0%, 51%]",42.88,19.29,-14.66,"[42.88, 19.29, -14.66]",https://www.google.com/search?tbm=isch&q=sherwinWilliams%20Sherwin%20Williams%206838%20Vigorous%20Violet%20color%20swatch,,,,,,,,,,,,,,,,,,,,,,,,,,,,,,,,,,,,,,,,,,,,
DB,sherwinwilliams,Sherwin Williams 6839 Kimono Violet,#5D395F,0.4024365922118946,0.07661796166032847,325.033624881572,93,57,95,"[93, 57, 95]",2%,40%,0%,63%,"[2%, 40%, 0%, 63%]",29.57,21.53,-16.00,"[29.57, 21.53, -16.00]",https://www.google.com/search?tbm=isch&q=sherwinWilliams%20Sherwin%20Williams%206839%20Kimono%20Violet%20color%20swatch,,,,,,,,,,,,,,,,,,,,,,,,,,,,,,,,,,,,,,,,,,,,
DB,sherwinwilliams,Sherwin Williams 6840 Exuberant Pink,#B54D7F,0.5693319134377978,0.14533900785482934,352.6958356517821,181,77,127,"[181, 77, 127]",0%,57%,30%,29%,"[0%, 57%, 30%, 29%]",48.12,46.83,-6.45,"[48.12, 46.83, -6.45]",https://www.google.com/search?tbm=isch&q=sherwinWilliams%20Sherwin%20Williams%206840%20Exuberant%20Pink%20color%20swatch,,,,,,,,,,,,,,,,,,,,,,,,,,,,,,,,,,,,,,,,,,,,
DB,sherwinwilliams,Sherwin Williams 6841 Dynamo,#953D68,0.49187756000042304,0.12769494232567727,352.34775980441407,149,61,104,"[149, 61, 104]",0%,59%,30%,42%,"[0%, 59%, 30%, 42%]",39.36,41.09,-5.96,"[39.36, 41.09, -5.96]",https://www.google.com/search?tbm=isch&q=sherwinWilliams%20Sherwin%20Williams%206841%20Dynamo%20color%20swatch,,,,,,,,,,,,,,,,,,,,,,,,,,,,,,,,,,,,,,,,,,,,
DB,sherwinwilliams,Sherwin Williams 6842 Forward Fuchsia,#92345B,0.47075442521817357,0.13239751571330038,357.74547199387735,146,52,91,"[146, 52, 91]",0%,64%,38%,43%,"[0%, 64%, 38%, 43%]",36.91,42.93,-1.43,"[36.91, 42.93, -1.43]",https://www.google.com/search?tbm=isch&q=sherwinWilliams%20Sherwin%20Williams%206842%20Forward%20Fuchsia%20color%20swatch,,,,,,,,,,,,,,,,,,,,,,,,,,,,,,,,,,,,,,,,,,,,
DB,sherwinwilliams,Sherwin Williams 6843 Hot,#AC4362,0.5331729068103082,0.14005363984681793,4.809255447815303,172,67,98,"[172, 67, 98]",0%,61%,43%,33%,"[0%, 61%, 43%, 33%]",44.15,45.78,5.26,"[44.15, 45.78, 5.26]",https://www.google.com/search?tbm=isch&q=sherwinWilliams%20Sherwin%20Williams%206843%20Hot%20color%20swatch,,,,,,,,,,,,,,,,,,,,,,,,,,,,,,,,,,,,,,,,,,,,
DB,sherwinwilliams,Sherwin Williams 6855 Dragon Fruit,#CC617F,0.6298066520160777,0.13860905086408967,4.2027962237208385,204,97,127,"[204, 97, 127]",0%,52%,38%,20%,"[0%, 52%, 38%, 20%]",55.37,45.50,4.57,"[55.37, 45.50, 4.57]",https://www.google.com/search?tbm=isch&q=sherwinWilliams%20Sherwin%20Williams%206855%20Dragon%20Fruit%20color%20swatch,,,,,,,,,,,,,,,,,,,,,,,,,,,,,,,,,,,,,,,,,,,,
DB,sherwinwilliams,Sherwin Williams 6860 Eros Pink,#C84F68,0.5932589380877172,0.15493878978334125,10.502611124263922,200,79,104,"[200, 79, 104]",0%,61%,48%,22%,"[0%, 61%, 48%, 22%]",51.03,50.54,12.03,"[51.03, 50.54, 12.03]",https://www.google.com/search?tbm=isch&q=sherwinWilliams%20Sherwin%20Williams%206860%20Eros%20Pink%20color%20swatch,,,,,,,,,,,,,,,,,,,,,,,,,,,,,,,,,,,,,,,,,,,,
DB,sherwinwilliams,Sherwin Williams 6861 Radish,#A42E41,0.4869100850140962,0.153281715801171,15.921439418249975,164,46,65,"[164, 46, 65]",0%,72%,60%,36%,"[0%, 72%, 60%, 36%]",38.79,49.56,18.31,"[38.79, 49.56, 18.31]",https://www.google.com/search?tbm=isch&q=sherwinWilliams%20Sherwin%20Williams%206861%20Radish%20color%20swatch,,,,,,,,,,,,,,,,,,,,,,,,,,,,,,,,,,,,,,,,,,,,
DB,sherwinwilliams,Sherwin Williams 6862 Cherries Jubilee,#AB3C51,0.5181750928839521,0.14540438081811236,12.454118265121622,171,60,81,"[171, 60, 81]",0%,65%,53%,33%,"[0%, 65%, 53%, 33%]",42.46,47.29,13.41,"[42.46, 47.29, 13.41]",https://www.google.com/search?tbm=isch&q=sherwinWilliams%20Sherwin%20Williams%206862%20Cherries%20Jubilee%20color%20swatch,,,,,,,,,,,,,,,,,,,,,,,,,,,,,,,,,,,,,,,,,,,,
DB,sherwinwilliams,Sherwin Williams 6866 Heartthrob,#A82E33,0.4912700049943573,0.1580747564484359,23.09556144657529,168,46,51,"[168, 46, 51]",0%,73%,70%,34%,"[0%, 73%, 70%, 34%]",39.36,50.26,27.94,"[39.36, 50.26, 27.94]",https://www.google.com/search?tbm=isch&q=sherwinWilliams%20Sherwin%20Williams%206866%20Heartthrob%20color%20swatch,,,,,,,,,,,,,,,,,,,,,,,,,,,,,,,,,,,,,,,,,,,,
DB,sherwinwilliams,Sherwin Williams 6868 Real Red,#BF2D32,0.5310918138543611,0.18223778733014837,24.439648218075945,191,45,50,"[191, 45, 50]",0%,76%,74%,25%,"[0%, 76%, 74%, 25%]",43.75,57.78,34.91,"[43.75, 57.78, 34.91]",https://www.google.com/search?tbm=isch&q=sherwinWilliams%20Sherwin%20Williams%206868%20Real%20Red%20color%20swatch,,,,,,,,,,,,,,,,,,,,,,,,,,,,,,,,,,,,,,,,,,,,
DB,sherwinwilliams,Sherwin Williams 6869 Stop,#C33A36,0.5508911625672354,0.17450190722280665,26.365361454548918,195,58,54,"[195, 58, 54]",0%,70%,72%,24%,"[0%, 70%, 72%, 24%]",46.18,54.83,35.48,"[46.18, 54.83, 35.48]",https://www.google.com/search?tbm=isch&q=sherwinWilliams%20Sherwin%20Williams%206869%20Stop%20color%20swatch,,,,,,,,,,,,,,,,,,,,,,,,,,,,,,,,,,,,,,,,,,,,
DB,sherwinwilliams,Sherwin Williams 6871 Positive Red,#AD2C34,0.49836470129284544,0.1649836736162329,22.44587210844685,173,44,52,"[173, 44, 52]",0%,75%,70%,32%,"[0%, 75%, 70%, 32%]",40.10,52.59,28.48,"[40.10, 52.59, 28.48]",https://www.google.com/search?tbm=isch&q=sherwinWilliams%20Sherwin%20Williams%206871%20Positive%20Red%20color%20swatch,,,,,,,,,,,,,,,,,,,,,,,,,,,,,,,,,,,,,,,,,,,,
DB,sherwinwilliams,Sherwin Williams 6876 Comical Coral,#F3D1C8,0.8868923694006223,0.040326369321206104,35.22403238247222,243,209,200,"[243, 209, 200]",0%,14%,18%,5%,"[0%, 14%, 18%, 5%]",86.58,11.25,9.11,"[86.58, 11.25, 9.11]",https://www.google.com/search?tbm=isch&q=sherwinWilliams%20Sherwin%20Williams%206876%20Comical%20Coral%20color%20swatch,,,,,,,,,,,,,,,,,,,,,,,,,,,,,,,,,,,,,,,,,,,,
DB,sherwinwilliams,Sherwin Williams 6881 Cayenne,#C04D35,0.5685077379806172,0.15315220165477114,33.487978768745336,192,77,53,"[192, 77, 53]",0%,60%,72%,25%,"[0%, 60%, 72%, 25%]",48.59,46.06,38.46,"[48.59, 46.06, 38.46]",https://www.google.com/search?tbm=isch&q=sherwinWilliams%20Sherwin%20Williams%206881%20Cayenne%20color%20swatch,,,,,,,,,,,,,,,,,,,,,,,,,,,,,,,,,,,,,,,,,,,,
DB,sherwinwilliams,Sherwin Williams 6883 Raucous Orange,#C35530,0.5836833871232576,0.15025894581449442,38.60659275250822,195,85,48,"[195, 85, 48]",0%,56%,75%,24%,"[0%, 56%, 75%, 24%]",50.49,43.38,43.25,"[50.49, 43.38, 43.25]",https://www.google.com/search?tbm=isch&q=sherwinWilliams%20Sherwin%20Williams%206883%20Raucous%20Orange%20color%20swatch,,,,,,,,,,,,,,,,,,,,,,,,,,,,,,,,,,,,,,,,,,,,
DB,sherwinwilliams,Sherwin Williams 6884 Obstinate Orange,#D7552A,0.6140055216366058,0.1730587816304803,37.916837772177075,215,85,42,"[215, 85, 42]",0%,60%,80%,16%,"[0%, 60%, 80%, 16%]",53.78,50.57,50.69,"[53.78, 50.57, 50.69]",https://www.google.com/search?tbm=isch&q=sherwinWilliams%20Sherwin%20Williams%206884%20Obstinate%20Orange%20color%20swatch,,,,,,,,,,,,,,,,,,,,,,,,,,,,,,,,,,,,,,,,,,,,
DB,sherwinwilliams,Sherwin Williams 6885 Knockout Orange,#E16F3E,0.6674848545610165,0.15566103595770542,42.56557654772689,225,111,62,"[225, 111, 62]",0%,51%,72%,12%,"[0%, 51%, 72%, 12%]",60.28,42.98,47.90,"[60.28, 42.98, 47.90]",https://www.google.com/search?tbm=isch&q=sherwinWilliams%20Sherwin%20Williams%206885%20Knockout%20Orange%20color%20swatch,,,,,,,,,,,,,,,,,,,,,,,,,,,,,,,,,,,,,,,,,,,,
DB,sherwinwilliams,Sherwin Williams 6886 Invigorate,#E47237,0.6755577843051569,0.1588283551300479,45.528589755847065,228,114,55,"[228, 114, 55]",0%,50%,76%,11%,"[0%, 50%, 76%, 11%]",61.27,42.49,52.42,"[61.27, 42.49, 52.42]",https://www.google.com/search?tbm=isch&q=sherwinWilliams%20Sherwin%20Williams%206886%20Invigorate%20color%20swatch,,,,,,,,,,,,,,,,,,,,,,,,,,,,,,,,,,,,,,,,,,,,
DB,sherwinwilliams,Sherwin Williams 6887 Navel,#EC8430,0.7143597742681105,0.15734478741982788,54.76333094153114,236,132,48,"[236, 132, 48]",0%,44%,80%,7%,"[0%, 44%, 80%, 7%]",66.05,36.71,60.27,"[66.05, 36.71, 60.27]",https://www.google.com/search?tbm=isch&q=sherwinWilliams%20Sherwin%20Williams%206887%20Navel%20color%20swatch,,,,,,,,,,,,,,,,,,,,,,,,,,,,,,,,,,,,,,,,,,,,
DB,sherwinwilliams,Sherwin Williams 6890 Osage Orange,#F4A045,0.7739069753857545,0.14401246219541297,64.59201121488707,244,160,69,"[244, 160, 69]",0%,34%,72%,4%,"[0%, 34%, 72%, 4%]",73.34,26.62,58.76,"[73.34, 26.62, 58.76]",https://www.google.com/search?tbm=isch&q=sherwinWilliams%20Sherwin%20Williams%206890%20Osage%20Orange%20color%20swatch,,,,,,,,,,,,,,,,,,,,,,,,,,,,,,,,,,,,,,,,,,,,
DB,sherwinwilliams,Sherwin Williams 6892 Carnival,#EB882C,0.7194225912234867,0.15588538668894675,58.011556514799,235,136,44,"[235, 136, 44]",0%,42%,81%,8%,"[0%, 42%, 81%, 8%]",66.74,34.25,62.33,"[66.74, 34.25, 62.33]",https://www.google.com/search?tbm=isch&q=sherwinWilliams%20Sherwin%20Williams%206892%20Carnival%20color%20swatch,,,,,,,,,,,,,,,,,,,,,,,,,,,,,,,,,,,,,,,,,,,,
DB,sherwinwilliams,Sherwin Williams 6896 Solé,#F7DDA1,0.9050427050180228,0.08182048479912324,87.21249680961728,247,221,161,"[247, 221, 161]",0%,11%,35%,3%,"[0%, 11%, 35%, 3%]",89.25,3.09,32.98,"[89.25, 3.09, 32.98]",https://www.google.com/search?tbm=isch&q=sherwinWilliams%20Sherwin%20Williams%206896%20Sol%C3%A9%20color%20swatch,,,,,,,,,,,,,,,,,,,,,,,,,,,,,,,,,,,,,,,,,,,,
DB,sherwinwilliams,Sherwin Williams 6900 Optimistic Yellow,#F5E1A6,0.9121313193259571,0.07865373600815086,91.54682663876099,245,225,166,"[245, 225, 166]",0%,8%,32%,4%,"[0%, 8%, 32%, 4%]",90.14,0.83,31.57,"[90.14, 0.83, 31.57]",https://www.google.com/search?tbm=isch&q=sherwinWilliams%20Sherwin%20Williams%206900%20Optimistic%20Yellow%20color%20swatch,,,,,,,,,,,,,,,,,,,,,,,,,,,,,,,,,,,,,,,,,,,,
DB,sherwinwilliams,Sherwin Williams 6901 Daffodil,#FAD97A,0.8936496579576049,0.12037264005888464,90.71236369490737,250,217,122,"[250, 217, 122]",0%,13%,51%,2%,"[0%, 13%, 51%, 2%]",88.06,3.37,50.76,"[88.06, 3.37, 50.76]",https://www.google.com/search?tbm=isch&q=sherwinWilliams%20Sherwin%20Williams%206901%20Daffodil%20color%20swatch,,,,,,,,,,,,,,,,,,,,,,,,,,,,,,,,,,,,,,,,,,,,
DB,sherwinwilliams,Sherwin Williams 6902 Decisive Yellow,#FDCC4E,0.8663689737814114,0.1493855436901857,87.15051434066174,253,204,78,"[253, 204, 78]",0%,19%,69%,1%,"[0%, 19%, 69%, 1%]",84.79,8.79,66.68,"[84.79, 8.79, 66.68]",https://www.google.com/search?tbm=isch&q=sherwinWilliams%20Sherwin%20Williams%206902%20Decisive%20Yellow%20color%20swatch,,,,,,,,,,,,,,,,,,,,,,,,,,,,,,,,,,,,,,,,,,,,
DB,sherwinwilliams,Sherwin Williams 6903 Cheerful,#FFC723,0.8562568906056509,0.16855952480280054,87.04217191608177,255,199,35,"[255, 199, 35]",0%,22%,86%,0%,"[0%, 22%, 86%, 0%]",83.60,10.99,79.32,"[83.60, 10.99, 79.32]",https://www.google.com/search?tbm=isch&q=sherwinWilliams%20Sherwin%20Williams%206903%20Cheerful%20color%20swatch,,,,,,,,,,,,,,,,,,,,,,,,,,,,,,,,,,,,,,,,,,,,
DB,sherwinwilliams,Sherwin Williams 6904 Gusto Gold,#F8AC1D,0.797796691276477,0.1620592025714415,75.69664361746305,248,172,29,"[248, 172, 29]",0%,31%,88%,3%,"[0%, 31%, 88%, 3%]",76.40,21.36,74.96,"[76.40, 21.36, 74.96]",https://www.google.com/search?tbm=isch&q=sherwinWilliams%20Sherwin%20Williams%206904%20Gusto%20Gold%20color%20swatch,,,,,,,,,,,,,,,,,,,,,,,,,,,,,,,,,,,,,,,,,,,,
DB,sherwinwilliams,Sherwin Williams 6905 Goldfinch,#FDB702,0.8231394260910131,0.16988376366933255,80.7212984984364,253,183,2,"[253, 183, 2]",0%,28%,99%,1%,"[0%, 28%, 99%, 1%]",79.50,17.75,81.14,"[79.50, 17.75, 81.14]",https://www.google.com/search?tbm=isch&q=sherwinWilliams%20Sherwin%20Williams%206905%20Goldfinch%20color%20swatch,,,,,,,,,,,,,,,,,,,,,,,,,,,,,,,,,,,,,,,,,,,,
DB,sherwinwilliams,Sherwin Williams 6907 Forsythia,#FFC801,0.8574847859073922,0.1751262048040753,88.4719283238519,255,200,1,"[255, 200, 1]",0%,22%,100%,0%,"[0%, 22%, 100%, 0%]",83.79,10.20,84.08,"[83.79, 10.20, 84.08]",https://www.google.com/search?tbm=isch&q=sherwinWilliams%20Sherwin%20Williams%206907%20Forsythia%20color%20swatch,,,,,,,,,,,,,,,,,,,,,,,,,,,,,,,,,,,,,,,,,,,,
DB,sherwinwilliams,Sherwin Williams 6908 Fun Yellow,#F7E594,0.9186393856024156,0.10279464414458837,97.16880586092299,247,229,148,"[247, 229, 148]",0%,7%,40%,3%,"[0%, 7%, 40%, 3%]",91.08,-1.79,41.80,"[91.08, -1.79, 41.80]",https://www.google.com/search?tbm=isch&q=sherwinWilliams%20Sherwin%20Williams%206908%20Fun%20Yellow%20color%20swatch,,,,,,,,,,,,,,,,,,,,,,,,,,,,,,,,,,,,,,,,,,,,
DB,sherwinwilliams,Sherwin Williams 6909 Lemon Twist,#FED95D,0.8940426902492702,0.14616135228784483,92.52689668255925,254,217,93,"[254, 217, 93]",0%,15%,63%,0%,"[0%, 15%, 63%, 0%]",88.19,3.48,64.04,"[88.19, 3.48, 64.04]",https://www.google.com/search?tbm=isch&q=sherwinWilliams%20Sherwin%20Williams%206909%20Lemon%20Twist%20color%20swatch,,,,,,,,,,,,,,,,,,,,,,,,,,,,,,,,,,,,,,,,,,,,
DB,sherwinwilliams,Sherwin Williams 6910 Daisy,#FED340,0.879966388073681,0.16153600047691416,91.79397745844608,254,211,64,"[254, 211, 64]",0%,17%,75%,0%,"[0%, 17%, 75%, 0%]",86.53,5.35,73.49,"[86.53, 5.35, 73.49]",https://www.google.com/search?tbm=isch&q=sherwinWilliams%20Sherwin%20Williams%206910%20Daisy%20color%20swatch,,,,,,,,,,,,,,,,,,,,,,,,,,,,,,,,,,,,,,,,,,,,
DB,sherwinwilliams,Sherwin Williams 6911 Confident Yellow,#FECB01,0.8622795154572471,0.17610616771517576,90.27729353629275,254,203,1,"[254, 203, 1]",0%,20%,100%,0%,"[0%, 20%, 100%, 0%]",84.41,8.31,84.42,"[84.41, 8.31, 84.42]",https://www.google.com/search?tbm=isch&q=sherwinWilliams%20Sherwin%20Williams%206911%20Confident%20Yellow%20color%20swatch,,,,,,,,,,,,,,,,,,,,,,,,,,,,,,,,,,,,,,,,,,,,
DB,sherwinwilliams,Sherwin Williams 6913 Funky Yellow,#EDD26F,0.8664501605176183,0.12289096962490226,94.41516992677134,237,210,111,"[237, 210, 111]",0%,11%,53%,7%,"[0%, 11%, 53%, 7%]",85.00,0.85,52.01,"[85.00, 0.85, 52.01]",https://www.google.com/search?tbm=isch&q=sherwinWilliams%20Sherwin%20Williams%206913%20Funky%20Yellow%20color%20swatch,,,,,,,,,,,,,,,,,,,,,,,,,,,,,,,,,,,,,,,,,,,,
DB,sherwinwilliams,Sherwin Williams 6914 Eye Catching,#DDB835,0.7935000797895018,0.146580356202789,92.30986899562618,221,184,53,"[221, 184, 53]",0%,17%,76%,13%,"[0%, 17%, 76%, 13%]",76.48,4.42,66.79,"[76.48, 4.42, 66.79]",https://www.google.com/search?tbm=isch&q=sherwinWilliams%20Sherwin%20Williams%206914%20Eye%20Catching%20color%20swatch,,,,,,,,,,,,,,,,,,,,,,,,,,,,,,,,,,,,,,,,,,,,
DB,sherwinwilliams,Sherwin Williams 6915 Citronella,#CBA901,0.7432146225525726,0.15229061409805406,94.3765907221819,203,169,1,"[203, 169, 1]",0%,17%,100%,20%,"[0%, 17%, 100%, 20%]",70.69,3.33,72.48,"[70.69, 3.33, 72.48]",https://www.google.com/search?tbm=isch&q=sherwinWilliams%20Sherwin%20Williams%206915%20Citronella%20color%20swatch,,,,,,,,,,,,,,,,,,,,,,,,,,,,,,,,,,,,,,,,,,,,
DB,sherwinwilliams,Sherwin Williams 6918 Humorous Green,#C6B836,0.7718130253227792,0.1447234482339397,103.0233075547905,198,184,54,"[198, 184, 54]",0%,7%,73%,22%,"[0%, 7%, 73%, 22%]",74.29,-5.36,63.50,"[74.29, -5.36, 63.50]",https://www.google.com/search?tbm=isch&q=sherwinWilliams%20Sherwin%20Williams%206918%20Humorous%20Green%20color%20swatch,,,,,,,,,,,,,,,,,,,,,,,,,,,,,,,,,,,,,,,,,,,,
DB,sherwinwilliams,Sherwin Williams 6920 Center Stage,#B2C216,0.775343403721316,0.17248639359443682,115.65479958448515,178,194,22,"[178, 194, 22]",8%,0%,89%,24%,"[8%, 0%, 89%, 24%]",75.22,-19.34,71.85,"[75.22, -19.34, 71.85]",https://www.google.com/search?tbm=isch&q=sherwinWilliams%20Sherwin%20Williams%206920%20Center%20Stage%20color%20swatch,,,,,,,,,,,,,,,,,,,,,,,,,,,,,,,,,,,,,,,,,,,,
DB,sherwinwilliams,Sherwin Williams 6921 Electric Lime,#9ABA25,0.7394723734633921,0.16781528550592914,121.74638533237083,154,186,37,"[154, 186, 37]",17%,0%,80%,27%,"[17%, 0%, 80%, 27%]",71.22,-25.25,64.47,"[71.22, -25.25, 64.47]",https://www.google.com/search?tbm=isch&q=sherwinWilliams%20Sherwin%20Williams%206921%20Electric%20Lime%20color%20swatch,,,,,,,,,,,,,,,,,,,,,,,,,,,,,,,,,,,,,,,,,,,,
DB,sherwinwilliams,Sherwin Williams 6924 Direct Green,#3F8A24,0.5644529924155135,0.15475607094988766,138.81995916714834,63,138,36,"[63, 138, 36]",54%,0%,74%,46%,"[54%, 0%, 74%, 46%]",51.19,-38.54,44.18,"[51.19, -38.54, 44.18]",https://www.google.com/search?tbm=isch&q=sherwinWilliams%20Sherwin%20Williams%206924%20Direct%20Green%20color%20swatch,,,,,,,,,,,,,,,,,,,,,,,,,,,,,,,,,,,,,,,,,,,,
DB,sherwinwilliams,Sherwin Williams 6925 Envy,#358C3F,0.5691631994888634,0.1404402250044439,145.4744921227101,53,140,63,"[53, 140, 63]",62%,0%,55%,45%,"[62%, 0%, 55%, 45%]",51.72,-39.75,32.61,"[51.72, -39.75, 32.61]",https://www.google.com/search?tbm=isch&q=sherwinWilliams%20Sherwin%20Williams%206925%20Envy%20color%20swatch,,,,,,,,,,,,,,,,,,,,,,,,,,,,,,,,,,,,,,,,,,,,
DB,sherwinwilliams,Sherwin Williams 6926 Lucky Green,#238652,0.5508542988530039,0.12083835894208196,155.39068707958052,35,134,82,"[35, 134, 82]",74%,0%,39%,47%,"[74%, 0%, 39%, 47%]",49.47,-38.80,19.62,"[49.47, -38.80, 19.62]",https://www.google.com/search?tbm=isch&q=sherwinWilliams%20Sherwin%20Williams%206926%20Lucky%20Green%20color%20swatch,,,,,,,,,,,,,,,,,,,,,,,,,,,,,,,,,,,,,,,,,,,,
DB,sherwinwilliams,Sherwin Williams 6927 Greenbelt,#017244,0.4860141946349977,0.11514879742136451,157.11978629686735,1,114,68,"[1, 114, 68]",99%,0%,40%,55%,"[99%, 0%, 40%, 55%]",41.88,-37.75,17.43,"[41.88, -37.75, 17.43]",https://www.google.com/search?tbm=isch&q=sherwinWilliams%20Sherwin%20Williams%206927%20Greenbelt%20color%20swatch,,,,,,,,,,,,,,,,,,,,,,,,,,,,,,,,,,,,,,,,,,,,
DB,sherwinwilliams,Sherwin Williams 6928 Green Vibes,#D4E7C3,0.9043409993495737,0.05211022460805602,130.17021013688657,212,231,195,"[212, 231, 195]",8%,0%,16%,9%,"[8%, 0%, 16%, 9%]",89.51,-11.27,15.36,"[89.51, -11.27, 15.36]",https://www.google.com/search?tbm=isch&q=sherwinWilliams%20Sherwin%20Williams%206928%20Green%20Vibes%20color%20swatch,,,,,,,,,,,,,,,,,,,,,,,,,,,,,,,,,,,,,,,,,,,,
DB,sherwinwilliams,Sherwin Williams 6937 Tantalizing Teal,#87DCCE,0.836429470496086,0.08538208352902676,182.53887228060466,135,220,206,"[135, 220, 206]",39%,0%,6%,14%,"[39%, 0%, 6%, 14%]",82.08,-29.36,-1.67,"[82.08, -29.36, -1.67]",https://www.google.com/search?tbm=isch&q=sherwinWilliams%20Sherwin%20Williams%206937%20Tantalizing%20Teal%20color%20swatch,,,,,,,,,,,,,,,,,,,,,,,,,,,,,,,,,,,,,,,,,,,,
DB,sherwinwilliams,Sherwin Williams 6941 Nifty Turquoise,#019187,0.591035066296712,0.10336538758069735,186.28365626159962,1,145,135,"[1, 145, 135]",99%,0%,7%,43%,"[99%, 0%, 7%, 43%]",53.79,-35.62,-4.48,"[53.79, -35.62, -4.48]",https://www.google.com/search?tbm=isch&q=sherwinWilliams%20Sherwin%20Williams%206941%20Nifty%20Turquoise%20color%20swatch,,,,,,,,,,,,,,,,,,,,,,,,,,,,,,,,,,,,,,,,,,,,
DB,sherwinwilliams,Sherwin Williams 6942 Splashy,#019196,0.5965061838035897,0.10126030574337015,199.1030490469691,1,145,150,"[1, 145, 150]",99%,3%,0%,41%,"[99%, 3%, 0%, 41%]",54.19,-31.96,-12.46,"[54.19, -31.96, -12.46]",https://www.google.com/search?tbm=isch&q=sherwinWilliams%20Sherwin%20Williams%206942%20Splashy%20color%20swatch,,,,,,,,,,,,,,,,,,,,,,,,,,,,,,,,,,,,,,,,,,,,
DB,sherwinwilliams,Sherwin Williams 6943 Intense Teal,#017680,0.51644487930366,0.0880059184296972,205.16355403356147,1,118,128,"[1, 118, 128]",99%,8%,0%,50%,"[99%, 8%, 0%, 50%]",44.66,-25.95,-13.93,"[44.66, -25.95, -13.93]",https://www.google.com/search?tbm=isch&q=sherwinWilliams%20Sherwin%20Williams%206943%20Intense%20Teal%20color%20swatch,,,,,,,,,,,,,,,,,,,,,,,,,,,,,,,,,,,,,,,,,,,,
DB,sherwinwilliams,Sherwin Williams 6950 Calypso,#01B0BB,0.6897169974970825,0.11730495477362221,202.7262073115885,1,176,187,"[1, 176, 187]",99%,6%,0%,27%,"[99%, 6%, 0%, 27%]",65.08,-35.63,-16.94,"[65.08, -35.63, -16.94]",https://www.google.com/search?tbm=isch&q=sherwinWilliams%20Sherwin%20Williams%206950%20Calypso%20color%20swatch,,,,,,,,,,,,,,,,,,,,,,,,,,,,,,,,,,,,,,,,,,,,
DB,sherwinwilliams,Sherwin Williams 6957 Undercool,#7FC3E1,0.7827120994521506,0.08085610733260926,227.70573597450527,127,195,225,"[127, 195, 225]",44%,13%,0%,12%,"[44%, 13%, 0%, 12%]",75.08,-16.48,-22.17,"[75.08, -16.48, -22.17]",https://www.google.com/search?tbm=isch&q=sherwinWilliams%20Sherwin%20Williams%206957%20Undercool%20color%20swatch,,,,,,,,,,,,,,,,,,,,,,,,,,,,,,,,,,,,,,,,,,,,
DB,sherwinwilliams,Sherwin Williams 6958 Dynamic Blue,#0192C6,0.6206290079886697,0.12760801903376573,232.74636429810118,1,146,198,"[1, 146, 198]",99%,26%,0%,22%,"[99%, 26%, 0%, 22%]",56.12,-19.10,-36.74,"[56.12, -19.10, -36.74]",https://www.google.com/search?tbm=isch&q=sherwinWilliams%20Sherwin%20Williams%206958%20Dynamic%20Blue%20color%20swatch,,,,,,,,,,,,,,,,,,,,,,,,,,,,,,,,,,,,,,,,,,,,
DB,sherwinwilliams,Sherwin Williams 6959 Blue Chip,#016EA7,0.5156766711900008,0.12201852985041944,241.98373723138843,1,110,167,"[1, 110, 167]",99%,34%,0%,35%,"[99%, 34%, 0%, 35%]",43.55,-10.22,-38.65,"[43.55, -10.22, -38.65]",https://www.google.com/search?tbm=isch&q=sherwinWilliams%20Sherwin%20Williams%206959%20Blue%20Chip%20color%20swatch,,,,,,,,,,,,,,,,,,,,,,,,,,,,,,,,,,,,,,,,,,,,
DB,sherwinwilliams,Sherwin Williams 6965 Hyper Blue,#015F97,0.468841507147931,0.11714842644646263,244.8173534637882,1,95,151,"[1, 95, 151]",99%,37%,0%,41%,"[99%, 37%, 0%, 41%]",38.00,-7.22,-37.95,"[38.00, -7.22, -37.95]",https://www.google.com/search?tbm=isch&q=sherwinWilliams%20Sherwin%20Williams%206965%20Hyper%20Blue%20color%20swatch,,,,,,,,,,,,,,,,,,,,,,,,,,,,,,,,,,,,,,,,,,,,
DB,sherwinwilliams,Sherwin Williams 6966 Blueblood,#015086,0.4203152301170074,0.11134037155079016,247.53303383515345,1,80,134,"[1, 80, 134]",99%,40%,0%,47%,"[99%, 40%, 0%, 47%]",32.26,-4.40,-36.74,"[32.26, -4.40, -36.74]",https://www.google.com/search?tbm=isch&q=sherwinWilliams%20Sherwin%20Williams%206966%20Blueblood%20color%20swatch,,,,,,,,,,,,,,,,,,,,,,,,,,,,,,,,,,,,,,,,,,,,
DB,sherwinwilliams,Sherwin Williams 6967 Frank Blue,#225288,0.4341195684452809,0.10349476698298352,253.52222096307264,34,82,136,"[34, 82, 136]",75%,40%,0%,47%,"[75%, 40%, 0%, 47%]",33.77,-1.37,-35.53,"[33.77, -1.37, -35.53]",https://www.google.com/search?tbm=isch&q=sherwinWilliams%20Sherwin%20Williams%206967%20Frank%20Blue%20color%20swatch,,,,,,,,,,,,,,,,,,,,,,,,,,,,,,,,,,,,,,,,,,,,
DB,sherwinwilliams,Sherwin Williams 6968 Hyacinth Tint,#C2CBE0,0.8417157713297484,0.030905122043554598,267.16826214826096,194,203,224,"[194, 203, 224]",13%,9%,0%,12%,"[13%, 9%, 0%, 12%]",81.48,-0.06,-11.57,"[81.48, -0.06, -11.57]",https://www.google.com/search?tbm=isch&q=sherwinWilliams%20Sherwin%20Williams%206968%20Hyacinth%20Tint%20color%20swatch,,,,,,,,,,,,,,,,,,,,,,,,,,,,,,,,,,,,,,,,,,,,
DB,sherwinwilliams,Sherwin Williams 6971 Morning Glory,#3C4C80,0.4286156232051924,0.08872144511351665,269.47987502195974,60,76,128,"[60, 76, 128]",53%,41%,0%,50%,"[53%, 41%, 0%, 50%]",32.91,5.82,-31.87,"[32.91, 5.82, -31.87]",https://www.google.com/search?tbm=isch&q=sherwinWilliams%20Sherwin%20Williams%206971%20Morning%20Glory%20color%20swatch,,,,,,,,,,,,,,,,,,,,,,,,,,,,,,,,,,,,,,,,,,,,
DB,sherwinwilliams,Sherwin Williams 6973 Free Spirit,#CAB2D2,0.7941406729421023,0.051666597989078876,317.6563882033688,202,178,210,"[202, 178, 210]",4%,15%,0%,18%,"[4%, 15%, 0%, 18%]",75.43,13.21,-12.92,"[75.43, 13.21, -12.92]",https://www.google.com/search?tbm=isch&q=sherwinWilliams%20Sherwin%20Williams%206973%20Free%20Spirit%20color%20swatch,,,,,,,,,,,,,,,,,,,,,,,,,,,,,,,,,,,,,,,,,,,,
DB,sherwinwilliams,Sherwin Williams 6981 Passionate Purple,#795484,0.5039782160761099,0.08591793921353337,318.2870045516444,121,84,132,"[121, 84, 132]",8%,36%,0%,48%,"[8%, 36%, 0%, 48%]",41.23,22.54,-20.84,"[41.23, 22.54, -20.84]",https://www.google.com/search?tbm=isch&q=sherwinWilliams%20Sherwin%20Williams%206981%20Passionate%20Purple%20color%20swatch,,,,,,,,,,,,,,,,,,,,,,,,,,,,,,,,,,,,,,,,,,,,
DB,sherwinwilliams,Sherwin Williams 6982 African Violet,#665385,0.4823033243672191,0.08126031178609137,300.88812637153615,102,83,133,"[102, 83, 133]",23%,38%,0%,48%,"[23%, 38%, 0%, 48%]",38.86,16.45,-25.30,"[38.86, 16.45, -25.30]",https://www.google.com/search?tbm=isch&q=sherwinWilliams%20Sherwin%20Williams%206982%20African%20Violet%20color%20swatch,,,,,,,,,,,,,,,,,,,,,,,,,,,,,,,,,,,,,,,,,,,,
DB,sherwinwilliams,Sherwin Williams 6983 Fully Purple,#514C7E,0.44412871452444475,0.0809211006656834,287.20078533121614,81,76,126,"[81, 76, 126]",36%,40%,0%,51%,"[36%, 40%, 0%, 51%]",34.55,11.86,-27.91,"[34.55, 11.86, -27.91]",https://www.google.com/search?tbm=isch&q=sherwinWilliams%20Sherwin%20Williams%206983%20Fully%20Purple%20color%20swatch,,,,,,,,,,,,,,,,,,,,,,,,,,,,,,,,,,,,,,,,,,,,
DB,sherwinwilliams,Sherwin Williams 6987 Jitterbug Jade,#019D6E,0.6158975625047162,0.13234923881016536,163.3062013582371,1,157,110,"[1, 157, 110]",99%,0%,30%,38%,"[99%, 0%, 30%, 38%]",57.19,-45.22,14.41,"[57.19, -45.22, 14.41]",https://www.google.com/search?tbm=isch&q=sherwinWilliams%20Sherwin%20Williams%206987%20Jitterbug%20Jade%20color%20swatch,,,,,,,,,,,,,,,,,,,,,,,,,,,,,,,,,,,,,,,,,,,,
DB,sherwinwilliams,Sherwin Williams 6988 Bohemian Black,#3B373C,0.34274761407427873,0.010160526752320903,319.45252334240047,59,55,60,"[59, 55, 60]",2%,8%,0%,76%,"[2%, 8%, 0%, 76%]",23.62,2.65,-2.47,"[23.62, 2.65, -2.47]",https://www.google.com/search?tbm=isch&q=sherwinWilliams%20Sherwin%20Williams%206988%20Bohemian%20Black%20color%20swatch,,,,,,,,,,,,,,,,,,,,,,,,,,,,,,,,,,,,,,,,,,,,
DB,sherwinwilliams,Sherwin Williams 6989 Domino,#353337,0.32464959982635466,0.0074823654313704545,308.2047654619812,53,51,55,"[53, 51, 55]",4%,7%,0%,78%,"[4%, 7%, 0%, 78%]",21.57,1.61,-2.21,"[21.57, 1.61, -2.21]",https://www.google.com/search?tbm=isch&q=sherwinWilliams%20Sherwin%20Williams%206989%20Domino%20color%20swatch,,,,,,,,,,,,,,,,,,,,,,,,,,,,,,,,,,,,,,,,,,,,
DB,sherwinwilliams,Sherwin Williams 6990 Caviar,#313031,0.3105828741154619,0.002247887765582292,325.63056544261883,49,48,49,"[49, 48, 49]",0%,2%,0%,81%,"[0%, 2%, 0%, 81%]",20.00,0.63,-0.48,"[20.00, 0.63, -0.48]",https://www.google.com/search?tbm=isch&q=sherwinWilliams%20Sherwin%20Williams%206990%20Caviar%20color%20swatch,,,,,,,,,,,,,,,,,,,,,,,,,,,,,,,,,,,,,,,,,,,,
DB,sherwinwilliams,Sherwin Williams 6991 Black Magic,#323132,0.31455976248673373,0.002240738833438918,325.6297103077068,50,49,50,"[50, 49, 50]",0%,2%,0%,80%,"[0%, 2%, 0%, 80%]",20.46,0.63,-0.47,"[20.46, 0.63, -0.47]",https://www.google.com/search?tbm=isch&q=sherwinWilliams%20Sherwin%20Williams%206991%20Black%20Magic%20color%20swatch,,,,,,,,,,,,,,,,,,,,,,,,,,,,,,,,,,,,,,,,,,,,
DB,sherwinwilliams,Sherwin Williams 6992 Inkwell,#31363A,0.329644571004879,0.009868675228654934,241.9642003380743,49,54,58,"[49, 54, 58]",16%,7%,0%,77%,"[16%, 7%, 0%, 77%]",22.25,-1.46,-3.29,"[22.25, -1.46, -3.29]",https://www.google.com/search?tbm=isch&q=sherwinWilliams%20Sherwin%20Williams%206992%20Inkwell%20color%20swatch,,,,,,,,,,,,,,,,,,,,,,,,,,,,,,,,,,,,,,,,,,,,
DB,sherwinwilliams,Sherwin Williams 6993 Black of Night,#323639,0.33017030904159667,0.007652736133155993,240.06167720354733,50,54,57,"[50, 54, 57]",12%,5%,0%,78%,"[12%, 5%, 0%, 78%]",22.31,-1.22,-2.51,"[22.31, -1.22, -2.51]",https://www.google.com/search?tbm=isch&q=sherwinWilliams%20Sherwin%20Williams%206993%20Black%20of%20Night%20color%20swatch,,,,,,,,,,,,,,,,,,,,,,,,,,,,,,,,,,,,,,,,,,,,
DB,sherwinwilliams,Sherwin Williams 6994 Greenblack,#373A3A,0.34556304844831026,0.0041045110274980125,196.96642002760723,55,58,58,"[55, 58, 58]",5%,0%,0%,77%,"[5%, 0%, 0%, 77%]",24.13,-1.32,-0.47,"[24.13, -1.32, -0.47]",https://www.google.com/search?tbm=isch&q=sherwinWilliams%20Sherwin%20Williams%206994%20Greenblack%20color%20swatch,,,,,,,,,,,,,,,,,,,,,,,,,,,,,,,,,,,,,,,,,,,,
DB,sherwinwilliams,Sherwin Williams 7000 Ibis White,#F2ECE6,0.9460984502368971,0.010333271400296858,67.70107557964695,242,236,230,"[242, 236, 230]",0%,2%,5%,5%,"[0%, 2%, 5%, 5%]",93.75,1.32,3.67,"[93.75, 1.32, 3.67]",https://www.google.com/search?tbm=isch&q=sherwinWilliams%20Sherwin%20Williams%207000%20Ibis%20White%20color%20swatch,,,,,,,,,,,,,,,,,,,,,,,,,,,,,,,,,,,,,,,,,,,,
DB,sherwinwilliams,Sherwin Williams 7001 Marshmallow,#EEE9E0,0.9354448348728391,0.01318914784330196,82.4016968230136,238,233,224,"[238, 233, 224]",0%,2%,6%,7%,"[0%, 2%, 6%, 7%]",92.56,0.59,5.02,"[92.56, 0.59, 5.02]",https://www.google.com/search?tbm=isch&q=sherwinWilliams%20Sherwin%20Williams%207001%20Marshmallow%20color%20swatch,,,,,,,,,,,,,,,,,,,,,,,,,,,,,,,,,,,,,,,,,,,,
DB,sherwinwilliams,Sherwin Williams 7002 Downy,#EFE8DD,0.9334737456101523,0.016541657039906198,79.34960266222862,239,232,221,"[239, 232, 221]",0%,3%,8%,6%,"[0%, 3%, 8%, 6%]",92.33,1.06,6.25,"[92.33, 1.06, 6.25]",https://www.google.com/search?tbm=isch&q=sherwinWilliams%20Sherwin%20Williams%207002%20Downy%20color%20swatch,,,,,,,,,,,,,,,,,,,,,,,,,,,,,,,,,,,,,,,,,,,,
DB,sherwinwilliams,Sherwin Williams 7003 Toque White,#E7E2DA,0.9144910843247545,0.012062292196471331,79.78225580072558,231,226,218,"[231, 226, 218]",0%,2%,6%,9%,"[0%, 2%, 6%, 9%]",90.11,0.73,4.55,"[90.11, 0.73, 4.55]",https://www.google.com/search?tbm=isch&q=sherwinWilliams%20Sherwin%20Williams%207003%20Toque%20White%20color%20swatch,,,,,,,,,,,,,,,,,,,,,,,,,,,,,,,,,,,,,,,,,,,,
DB,sherwinwilliams,Sherwin Williams 7004 Snowbound,#EDEAE5,0.9379818904133648,0.007441081992615006,80.72061696201615,237,234,229,"[237, 234, 229]",0%,1%,3%,7%,"[0%, 1%, 3%, 7%]",92.83,0.40,2.81,"[92.83, 0.40, 2.81]",https://www.google.com/search?tbm=isch&q=sherwinWilliams%20Sherwin%20Williams%207004%20Snowbound%20color%20swatch,,,,,,,,,,,,,,,,,,,,,,,,,,,,,,,,,,,,,,,,,,,,
DB,sherwinwilliams,Sherwin Williams 7005 Pure White,#EDECE6,0.9421939616419467,0.008067441806972138,98.88293786636103,237,236,230,"[237, 236, 230]",0%,0%,3%,7%,"[0%, 0%, 3%, 7%]",93.35,-0.43,3.04,"[93.35, -0.43, 3.04]",https://www.google.com/search?tbm=isch&q=sherwinWilliams%20Sherwin%20Williams%207005%20Pure%20White%20color%20swatch,,,,,,,,,,,,,,,,,,,,,,,,,,,,,,,,,,,,,,,,,,,,
DB,sherwinwilliams,Sherwin Williams 7006 Extra White,#EEEFEA,0.9499741245393573,0.006719917237766001,115.7082408712173,238,239,234,"[238, 239, 234]",0%,0%,2%,6%,"[0%, 0%, 2%, 6%]",94.27,-1.00,2.30,"[94.27, -1.00, 2.30]",https://www.google.com/search?tbm=isch&q=sherwinWilliams%20Sherwin%20Williams%207006%20Extra%20White%20color%20swatch,,,,,,,,,,,,,,,,,,,,,,,,,,,,,,,,,,,,,,,,,,,,
DB,sherwinwilliams,Sherwin Williams 7007 Ceiling Bright White,#E9EBE7,0.937417041266949,0.005732422595570284,128.52883769213827,233,235,231,"[233, 235, 231]",1%,0%,2%,8%,"[1%, 0%, 2%, 8%]",92.81,-1.22,1.70,"[92.81, -1.22, 1.70]",https://www.google.com/search?tbm=isch&q=sherwinWilliams%20Sherwin%20Williams%207007%20Ceiling%20Bright%20White%20color%20swatch,,,,,,,,,,,,,,,,,,,,,,,,,,,,,,,,,,,,,,,,,,,,
DB,sherwinwilliams,Sherwin Williams 7008 Alabaster,#EDEAE0,0.9366292256955239,0.01371469129526038,92.98699375163596,237,234,224,"[237, 234, 224]",0%,1%,5%,7%,"[0%, 1%, 5%, 7%]",92.73,-0.24,5.25,"[92.73, -0.24, 5.25]",https://www.google.com/search?tbm=isch&q=sherwinWilliams%20Sherwin%20Williams%207008%20Alabaster%20color%20swatch,,,,,,,,,,,,,,,,,,,,,,,,,,,,,,,,,,,,,,,,,,,,
DB,sherwinwilliams,Sherwin Williams 7009 Pearly White,#E8E3D9,0.9169930074147961,0.014474010171196572,84.58455537302274,232,227,217,"[232, 227, 217]",0%,2%,6%,9%,"[0%, 2%, 6%, 9%]",90.43,0.47,5.53,"[90.43, 0.47, 5.53]",https://www.google.com/search?tbm=isch&q=sherwinWilliams%20Sherwin%20Williams%207009%20Pearly%20White%20color%20swatch,,,,,,,,,,,,,,,,,,,,,,,,,,,,,,,,,,,,,,,,,,,,
DB,sherwinwilliams,Sherwin Williams 7010 White Duck,#E5DFD2,0.9048223934432916,0.018639851138506244,86.15038684050035,229,223,210,"[229, 223, 210]",0%,3%,8%,10%,"[0%, 3%, 8%, 10%]",89.04,0.46,7.16,"[89.04, 0.46, 7.16]",https://www.google.com/search?tbm=isch&q=sherwinWilliams%20Sherwin%20Williams%207010%20White%20Duck%20color%20swatch,,,,,,,,,,,,,,,,,,,,,,,,,,,,,,,,,,,,,,,,,,,,
DB,sherwinwilliams,Sherwin Williams 7011 Natural Choice,#E3DED0,0.9007103946416931,0.01956584415023461,90.55282902150827,227,222,208,"[227, 222, 208]",0%,2%,8%,11%,"[0%, 2%, 8%, 11%]",88.58,-0.02,7.53,"[88.58, -0.02, 7.53]",https://www.google.com/search?tbm=isch&q=sherwinWilliams%20Sherwin%20Williams%207011%20Natural%20Choice%20color%20swatch,,,,,,,,,,,,,,,,,,,,,,,,,,,,,,,,,,,,,,,,,,,,
DB,sherwinwilliams,Sherwin Williams 7012 Creamy,#EFE8DB,0.9329483622465403,0.018921983419149482,83.06371113441094,239,232,219,"[239, 232, 219]",0%,3%,8%,6%,"[0%, 3%, 8%, 6%]",92.29,0.81,7.23,"[92.29, 0.81, 7.23]",https://www.google.com/search?tbm=isch&q=sherwinWilliams%20Sherwin%20Williams%207012%20Creamy%20color%20swatch,,,,,,,,,,,,,,,,,,,,,,,,,,,,,,,,,,,,,,,,,,,,
DB,sherwinwilliams,Sherwin Williams 7013 Ivory Lace,#ECE5D8,0.9238629051020002,0.01896661741028045,83.06357805767266,236,229,216,"[236, 229, 216]",0%,3%,8%,7%,"[0%, 3%, 8%, 7%]",91.23,0.82,7.25,"[91.23, 0.82, 7.25]",https://www.google.com/search?tbm=isch&q=sherwinWilliams%20Sherwin%20Williams%207013%20Ivory%20Lace%20color%20swatch,,,,,,,,,,,,,,,,,,,,,,,,,,,,,,,,,,,,,,,,,,,,
DB,sherwinwilliams,Sherwin Williams 7014 Eider White,#E2DED8,0.902060013993359,0.009215238326038804,78.27854718317326,226,222,216,"[226, 222, 216]",0%,2%,4%,11%,"[0%, 2%, 4%, 11%]",88.66,0.63,3.46,"[88.66, 0.63, 3.46]",https://www.google.com/search?tbm=isch&q=sherwinWilliams%20Sherwin%20Williams%207014%20Eider%20White%20color%20swatch,,,,,,,,,,,,,,,,,,,,,,,,,,,,,,,,,,,,,,,,,,,,
DB,sherwinwilliams,Sherwin Williams 7015 Repose Gray,#CCC9C0,0.8357619052703409,0.012782754153462878,91.53777471943607,204,201,192,"[204, 201, 192]",0%,1%,6%,20%,"[0%, 1%, 6%, 20%]",81.02,-0.11,4.90,"[81.02, -0.11, 4.90]",https://www.google.com/search?tbm=isch&q=sherwinWilliams%20Sherwin%20Williams%207015%20Repose%20Gray%20color%20swatch,,,,,,,,,,,,,,,,,,,,,,,,,,,,,,,,,,,,,,,,,,,,
DB,sherwinwilliams,Sherwin Williams 7016 Mindful Gray,#BCB7AD,0.7806808820173374,0.015048857480420307,84.58870091463024,188,183,173,"[188, 183, 173]",0%,3%,8%,26%,"[0%, 3%, 8%, 26%]",74.62,0.51,5.76,"[74.62, 0.51, 5.76]",https://www.google.com/search?tbm=isch&q=sherwinWilliams%20Sherwin%20Williams%207016%20Mindful%20Gray%20color%20swatch,,,,,,,,,,,,,,,,,,,,,,,,,,,,,,,,,,,,,,,,,,,,
DB,sherwinwilliams,Sherwin Williams 7017 Dorian Gray,#ACA79E,0.729932739272221,0.01400858297598976,82.39791620193364,172,167,158,"[172, 167, 158]",0%,3%,8%,33%,"[0%, 3%, 8%, 33%]",68.72,0.65,5.34,"[68.72, 0.65, 5.34]",https://www.google.com/search?tbm=isch&q=sherwinWilliams%20Sherwin%20Williams%207017%20Dorian%20Gray%20color%20swatch,,,,,,,,,,,,,,,,,,,,,,,,,,,,,,,,,,,,,,,,,,,,
DB,sherwinwilliams,Sherwin Williams 7018 Dovetail,#908A83,0.6365288866990433,0.012561963869660882,71.82602583626618,144,138,131,"[144, 138, 131]",0%,4%,9%,44%,"[0%, 4%, 9%, 44%]",57.85,1.35,4.60,"[57.85, 1.35, 4.60]",https://www.google.com/search?tbm=isch&q=sherwinWilliams%20Sherwin%20Williams%207018%20Dovetail%20color%20swatch,,,,,,,,,,,,,,,,,,,,,,,,,,,,,,,,,,,,,,,,,,,,
DB,sherwinwilliams,Sherwin Williams 7019 Gauntlet Gray,#78736E,0.558443597142564,0.009819308122792686,67.62473715882288,120,115,110,"[120, 115, 110]",0%,4%,8%,53%,"[0%, 4%, 8%, 53%]",48.78,1.28,3.50,"[48.78, 1.28, 3.50]",https://www.google.com/search?tbm=isch&q=sherwinWilliams%20Sherwin%20Williams%207019%20Gauntlet%20Gray%20color%20swatch,,,,,,,,,,,,,,,,,,,,,,,,,,,,,,,,,,,,,,,,,,,,
DB,sherwinwilliams,Sherwin Williams 7020 Black Fox,#4F4842,0.4066350189314086,0.013657647774390621,63.06169363701679,79,72,66,"[79, 72, 66]",0%,9%,16%,69%,"[0%, 9%, 16%, 69%]",31.15,2.16,4.73,"[31.15, 2.16, 4.73]",https://www.google.com/search?tbm=isch&q=sherwinWilliams%20Sherwin%20Williams%207020%20Black%20Fox%20color%20swatch,,,,,,,,,,,,,,,,,,,,,,,,,,,,,,,,,,,,,,,,,,,,
DB,sherwinwilliams,Sherwin Williams 7021 Simple White,#DFD9D2,0.8880968810637291,0.011571706751945044,71.8878294783674,223,217,210,"[223, 217, 210]",0%,3%,6%,13%,"[0%, 3%, 6%, 13%]",87.03,1.22,4.22,"[87.03, 1.22, 4.22]",https://www.google.com/search?tbm=isch&q=sherwinWilliams%20Sherwin%20Williams%207021%20Simple%20White%20color%20swatch,,,,,,,,,,,,,,,,,,,,,,,,,,,,,,,,,,,,,,,,,,,,
DB,sherwinwilliams,Sherwin Williams 7022 Alpaca,#CCC5BD,0.8268418037027305,0.01354999969637788,71.30356952242761,204,197,189,"[204, 197, 189]",0%,3%,7%,20%,"[0%, 3%, 7%, 20%]",79.92,1.48,4.94,"[79.92, 1.48, 4.94]",https://www.google.com/search?tbm=isch&q=sherwinWilliams%20Sherwin%20Williams%207022%20Alpaca%20color%20swatch,,,,,,,,,,,,,,,,,,,,,,,,,,,,,,,,,,,,,,,,,,,,
DB,sherwinwilliams,Sherwin Williams 7023 Requisite Gray,#B9B2A9,0.7667806461154515,0.014953167251214467,74.38932025105163,185,178,169,"[185, 178, 169]",0%,4%,9%,27%,"[0%, 4%, 9%, 27%]",72.97,1.39,5.55,"[72.97, 1.39, 5.55]",https://www.google.com/search?tbm=isch&q=sherwinWilliams%20Sherwin%20Williams%207023%20Requisite%20Gray%20color%20swatch,,,,,,,,,,,,,,,,,,,,,,,,,,,,,,,,,,,,,,,,,,,,
DB,sherwinwilliams,Sherwin Williams 7024 Functional Gray,#ABA39A,0.7196107000032865,0.01585440559366722,70.821308757368,171,163,154,"[171, 163, 154]",0%,5%,10%,33%,"[0%, 5%, 10%, 33%]",67.48,1.80,5.78,"[67.48, 1.80, 5.78]",https://www.google.com/search?tbm=isch&q=sherwinWilliams%20Sherwin%20Williams%207024%20Functional%20Gray%20color%20swatch,,,,,,,,,,,,,,,,,,,,,,,,,,,,,,,,,,,,,,,,,,,,
DB,sherwinwilliams,Sherwin Williams 7025 Backdrop,#867A6F,0.5871360597418548,0.022115192872493496,64.91420380041166,134,122,111,"[134, 122, 111]",0%,9%,17%,47%,"[0%, 9%, 17%, 47%]",52.08,3.31,7.80,"[52.08, 3.31, 7.80]",https://www.google.com/search?tbm=isch&q=sherwinWilliams%20Sherwin%20Williams%207025%20Backdrop%20color%20swatch,,,,,,,,,,,,,,,,,,,,,,,,,,,,,,,,,,,,,,,,,,,,
DB,sherwinwilliams,Sherwin Williams 7026 Griffin,#6F6459,0.5102764039918658,0.022023062929743688,67.30004685234974,111,100,89,"[111, 100, 89]",0%,10%,20%,56%,"[0%, 10%, 20%, 56%]",43.18,3.05,7.94,"[43.18, 3.05, 7.94]",https://www.google.com/search?tbm=isch&q=sherwinWilliams%20Sherwin%20Williams%207026%20Griffin%20color%20swatch,,,,,,,,,,,,,,,,,,,,,,,,,,,,,,,,,,,,,,,,,,,,
DB,sherwinwilliams,Sherwin Williams 7027 Well‐Bred Brown,#564537,0.4041555623928937,0.03243591539016838,61.17261345144732,86,69,55,"[86, 69, 55]",0%,20%,36%,66%,"[0%, 20%, 36%, 66%]",30.80,5.81,11.38,"[30.80, 5.81, 11.38]",https://www.google.com/search?tbm=isch&q=sherwinWilliams%20Sherwin%20Williams%207027%20Well%E2%80%90Bred%20Brown%20color%20swatch,,,,,,,,,,,,,,,,,,,,,,,,,,,,,,,,,,,,,,,,,,,,
DB,sherwinwilliams,Sherwin Williams 7028 Incredible White,#E3DED7,0.9025805955091684,0.010926482004997526,76.59356729600671,227,222,215,"[227, 222, 215]",0%,2%,5%,11%,"[0%, 2%, 5%, 11%]",88.72,0.86,4.08,"[88.72, 0.86, 4.08]",https://www.google.com/search?tbm=isch&q=sherwinWilliams%20Sherwin%20Williams%207028%20Incredible%20White%20color%20swatch,,,,,,,,,,,,,,,,,,,,,,,,,,,,,,,,,,,,,,,,,,,,
DB,sherwinwilliams,Sherwin Williams 7029 Agreeable Gray,#D1CBC1,0.8441348319762177,0.015232218649163914,80.70140399694833,209,203,193,"[209, 203, 193]",0%,3%,8%,18%,"[0%, 3%, 8%, 18%]",81.96,0.86,5.78,"[81.96, 0.86, 5.78]",https://www.google.com/search?tbm=isch&q=sherwinWilliams%20Sherwin%20Williams%207029%20Agreeable%20Gray%20color%20swatch,,,,,,,,,,,,,,,,,,,,,,,,,,,,,,,,,,,,,,,,,,,,
DB,sherwinwilliams,Sherwin Williams 7030 Anew Gray,#BFB6AA,0.7803325555495815,0.019615977079358245,75.28132669952811,191,182,170,"[191, 182, 170]",0%,5%,11%,25%,"[0%, 5%, 11%, 25%]",74.55,1.76,7.33,"[74.55, 1.76, 7.33]",https://www.google.com/search?tbm=isch&q=sherwinWilliams%20Sherwin%20Williams%207030%20Anew%20Gray%20color%20swatch,,,,,,,,,,,,,,,,,,,,,,,,,,,,,,,,,,,,,,,,,,,,
DB,sherwinwilliams,Sherwin Williams 7031 Mega Greige,#ADA295,0.717907626039799,0.022485968469515363,72.05713852613036,173,162,149,"[173, 162, 149]",0%,6%,14%,32%,"[0%, 6%, 14%, 32%]",67.29,2.46,8.30,"[67.29, 2.46, 8.30]",https://www.google.com/search?tbm=isch&q=sherwinWilliams%20Sherwin%20Williams%207031%20Mega%20Greige%20color%20swatch,,,,,,,,,,,,,,,,,,,,,,,,,,,,,,,,,,,,,,,,,,,,
DB,sherwinwilliams,Sherwin Williams 7032 Warm Stone,#887B6C,0.5903953163178969,0.027367093682842035,71.23388612930847,136,123,108,"[136, 123, 108]",0%,10%,21%,47%,"[0%, 10%, 21%, 47%]",52.49,3.23,10.14,"[52.49, 3.23, 10.14]",https://www.google.com/search?tbm=isch&q=sherwinWilliams%20Sherwin%20Williams%207032%20Warm%20Stone%20color%20swatch,,,,,,,,,,,,,,,,,,,,,,,,,,,,,,,,,,,,,,,,,,,,
DB,sherwinwilliams,Sherwin Williams 7033 Brainstorm Bronze,#74685A,0.5244412621350116,0.0261803768882223,71.4897308067051,116,104,90,"[116, 104, 90]",0%,10%,22%,55%,"[0%, 10%, 22%, 55%]",44.84,3.08,9.74,"[44.84, 3.08, 9.74]",https://www.google.com/search?tbm=isch&q=sherwinWilliams%20Sherwin%20Williams%207033%20Brainstorm%20Bronze%20color%20swatch,,,,,,,,,,,,,,,,,,,,,,,,,,,,,,,,,,,,,,,,,,,,
DB,sherwinwilliams,Sherwin Williams 7034 Status Bronze,#5C4D3C,0.43055524765730996,0.03342611138927684,70.26050150613924,92,77,60,"[92, 77, 60]",0%,16%,35%,64%,"[0%, 16%, 35%, 64%]",33.93,4.40,12.58,"[33.93, 4.40, 12.58]",https://www.google.com/search?tbm=isch&q=sherwinWilliams%20Sherwin%20Williams%207034%20Status%20Bronze%20color%20swatch,,,,,,,,,,,,,,,,,,,,,,,,,,,,,,,,,,,,,,,,,,,,
DB,sherwinwilliams,Sherwin Williams 7035 Aesthetic White,#E3DDD3,0.8995171745885553,0.014998807476938762,80.7046260281677,227,221,211,"[227, 221, 211]",0%,3%,7%,11%,"[0%, 3%, 7%, 11%]",88.39,0.84,5.69,"[88.39, 0.84, 5.69]",https://www.google.com/search?tbm=isch&q=sherwinWilliams%20Sherwin%20Williams%207035%20Aesthetic%20White%20color%20swatch,,,,,,,,,,,,,,,,,,,,,,,,,,,,,,,,,,,,,,,,,,,,
DB,sherwinwilliams,Sherwin Williams 7036 Accessible Beige,#D1C7B8,0.8336865225458963,0.02337263718152654,78.19494849875821,209,199,184,"[209, 199, 184]",0%,5%,12%,18%,"[0%, 5%, 12%, 18%]",80.76,1.72,8.85,"[80.76, 1.72, 8.85]",https://www.google.com/search?tbm=isch&q=sherwinWilliams%20Sherwin%20Williams%207036%20Accessible%20Beige%20color%20swatch,,,,,,,,,,,,,,,,,,,,,,,,,,,,,,,,,,,,,,,,,,,,
DB,sherwinwilliams,Sherwin Williams 7037 Balanced Beige,#C0B2A2,0.7709179733261452,0.027475650607042268,71.10196528445931,192,178,162,"[192, 178, 162]",0%,7%,16%,25%,"[0%, 7%, 16%, 25%]",73.44,3.19,10.11,"[73.44, 3.19, 10.11]",https://www.google.com/search?tbm=isch&q=sherwinWilliams%20Sherwin%20Williams%207037%20Balanced%20Beige%20color%20swatch,,,,,,,,,,,,,,,,,,,,,,,,,,,,,,,,,,,,,,,,,,,,
DB,sherwinwilliams,Sherwin Williams 7038 Tony Taupe,#B1A290,0.7201618165132004,0.0308582552272579,72.34099015012549,177,162,144,"[177, 162, 144]",0%,8%,19%,31%,"[0%, 8%, 19%, 31%]",67.56,3.43,11.48,"[67.56, 3.43, 11.48]",https://www.google.com/search?tbm=isch&q=sherwinWilliams%20Sherwin%20Williams%207038%20Tony%20Taupe%20color%20swatch,,,,,,,,,,,,,,,,,,,,,,,,,,,,,,,,,,,,,,,,,,,,
DB,sherwinwilliams,Sherwin Williams 7039 Virtual Taupe,#8A7A6A,0.589641801974102,0.030842791868689153,67.16811280213801,138,122,106,"[138, 122, 106]",0%,12%,23%,46%,"[0%, 12%, 23%, 46%]",52.38,4.37,11.17,"[52.38, 4.37, 11.17]",https://www.google.com/search?tbm=isch&q=sherwinWilliams%20Sherwin%20Williams%207039%20Virtual%20Taupe%20color%20swatch,,,,,,,,,,,,,,,,,,,,,,,,,,,,,,,,,,,,,,,,,,,,
DB,sherwinwilliams,Sherwin Williams 7040 Smokehouse,#716354,0.508695028073969,0.02912273678690434,69.03276043333062,113,99,84,"[113, 99, 84]",0%,12%,26%,56%,"[0%, 12%, 26%, 56%]",43.00,3.87,10.72,"[43.00, 3.87, 10.72]",https://www.google.com/search?tbm=isch&q=sherwinWilliams%20Sherwin%20Williams%207040%20Smokehouse%20color%20swatch,,,,,,,,,,,,,,,,,,,,,,,,,,,,,,,,,,,,,,,,,,,,
DB,sherwinwilliams,Sherwin Williams 7041 Van Dyke Brown,#564536,0.40390378113607384,0.033487823962161205,63.0804127386923,86,69,54,"[86, 69, 54]",0%,20%,37%,66%,"[0%, 20%, 37%, 66%]",30.78,5.70,11.98,"[30.78, 5.70, 11.98]",https://www.google.com/search?tbm=isch&q=sherwinWilliams%20Sherwin%20Williams%207041%20Van%20Dyke%20Brown%20color%20swatch,,,,,,,,,,,,,,,,,,,,,,,,,,,,,,,,,,,,,,,,,,,,
DB,sherwinwilliams,Sherwin Williams 7042 Shoji White,#E6DFD3,0.9058878300363182,0.017851193544362716,81.32914245102592,230,223,211,"[230, 223, 211]",0%,3%,8%,10%,"[0%, 3%, 8%, 10%]",89.14,0.95,6.79,"[89.14, 0.95, 6.79]",https://www.google.com/search?tbm=isch&q=sherwinWilliams%20Sherwin%20Williams%207042%20Shoji%20White%20color%20swatch,,,,,,,,,,,,,,,,,,,,,,,,,,,,,,,,,,,,,,,,,,,,
DB,sherwinwilliams,Sherwin Williams 7043 Worldly Gray,#CEC6BB,0.8299691949088921,0.017576089700901874,76.08988627511883,206,198,187,"[206, 198, 187]",0%,4%,9%,19%,"[0%, 4%, 9%, 19%]",80.31,1.47,6.58,"[80.31, 1.47, 6.58]",https://www.google.com/search?tbm=isch&q=sherwinWilliams%20Sherwin%20Williams%207043%20Worldly%20Gray%20color%20swatch,,,,,,,,,,,,,,,,,,,,,,,,,,,,,,,,,,,,,,,,,,,,
DB,sherwinwilliams,Sherwin Williams 7044 Amazing Gray,#BEB5A9,0.7771688295368497,0.019635233624895474,75.2803530713876,190,181,169,"[190, 181, 169]",0%,5%,11%,25%,"[0%, 5%, 11%, 25%]",74.18,1.76,7.34,"[74.18, 1.76, 7.34]",https://www.google.com/search?tbm=isch&q=sherwinWilliams%20Sherwin%20Williams%207044%20Amazing%20Gray%20color%20swatch,,,,,,,,,,,,,,,,,,,,,,,,,,,,,,,,,,,,,,,,,,,,
DB,sherwinwilliams,Sherwin Williams 7045 Intellectual Gray,#A8A093,0.708816452289974,0.020712605042960318,80.08510647261124,168,160,147,"[168, 160, 147]",0%,5%,13%,34%,"[0%, 5%, 13%, 34%]",66.28,1.30,7.90,"[66.28, 1.30, 7.90]",https://www.google.com/search?tbm=isch&q=sherwinWilliams%20Sherwin%20Williams%207045%20Intellectual%20Gray%20color%20swatch,,,,,,,,,,,,,,,,,,,,,,,,,,,,,,,,,,,,,,,,,,,,
DB,sherwinwilliams,Sherwin Williams 7046 Anonymous,#817A6E,0.5821910370245581,0.019830968144183808,81.28770515895849,129,122,110,"[129, 122, 110]",0%,5%,15%,49%,"[0%, 5%, 15%, 49%]",51.59,1.14,7.61,"[51.59, 1.14, 7.61]",https://www.google.com/search?tbm=isch&q=sherwinWilliams%20Sherwin%20Williams%207046%20Anonymous%20color%20swatch,,,,,,,,,,,,,,,,,,,,,,,,,,,,,,,,,,,,,,,,,,,,
DB,sherwinwilliams,Sherwin Williams 7047 Porpoise,#6B645B,0.5069459282905424,0.016527150146955036,74.27870662878553,107,100,91,"[107, 100, 91]",0%,7%,15%,58%,"[0%, 7%, 15%, 58%]",42.83,1.61,6.17,"[42.83, 1.61, 6.17]",https://www.google.com/search?tbm=isch&q=sherwinWilliams%20Sherwin%20Williams%207047%20Porpoise%20color%20swatch,,,,,,,,,,,,,,,,,,,,,,,,,,,,,,,,,,,,,,,,,,,,
DB,sherwinwilliams,Sherwin Williams 7048 Urbane Bronze,#54504A,0.43314942425812963,0.011021154658634824,78.20930127235795,84,80,74,"[84, 80, 74]",0%,5%,12%,67%,"[0%, 5%, 12%, 67%]",34.27,0.80,4.17,"[34.27, 0.80, 4.17]",https://www.google.com/search?tbm=isch&q=sherwinWilliams%20Sherwin%20Williams%207048%20Urbane%20Bronze%20color%20swatch,,,,,,,,,,,,,,,,,,,,,,,,,,,,,,,,,,,,,,,,,,,,
DB,sherwinwilliams,Sherwin Williams 7049 Nuance,#E2E0D6,0.9054937169926924,0.013603326276698337,97.45650556240872,226,224,214,"[226, 224, 214]",0%,1%,5%,11%,"[0%, 1%, 5%, 11%]",89.13,-0.60,5.16,"[89.13, -0.60, 5.16]",https://www.google.com/search?tbm=isch&q=sherwinWilliams%20Sherwin%20Williams%207049%20Nuance%20color%20swatch,,,,,,,,,,,,,,,,,,,,,,,,,,,,,,,,,,,,,,,,,,,,
DB,sherwinwilliams,Sherwin Williams 7050 Useful Gray,#CFCABD,0.8394112039907581,0.01860645359254609,89.37588622469264,207,202,189,"[207, 202, 189]",0%,2%,9%,19%,"[0%, 2%, 9%, 19%]",81.46,0.11,7.16,"[81.46, 0.11, 7.16]",https://www.google.com/search?tbm=isch&q=sherwinWilliams%20Sherwin%20Williams%207050%20Useful%20Gray%20color%20swatch,,,,,,,,,,,,,,,,,,,,,,,,,,,,,,,,,,,,,,,,,,,,
DB,sherwinwilliams,Sherwin Williams 7051 Analytical Gray,#BFB6A7,0.7795356968731013,0.023211712349487355,80.66511401651786,191,182,167,"[191, 182, 167]",0%,5%,13%,25%,"[0%, 5%, 13%, 25%]",74.49,1.39,8.87,"[74.49, 1.39, 8.87]",https://www.google.com/search?tbm=isch&q=sherwinWilliams%20Sherwin%20Williams%207051%20Analytical%20Gray%20color%20swatch,,,,,,,,,,,,,,,,,,,,,,,,,,,,,,,,,,,,,,,,,,,,
DB,sherwinwilliams,Sherwin Williams 7052 Gray Area,#AFA696,0.7282514142536858,0.02483144519708082,82.09745884861513,175,166,150,"[175, 166, 150]",0%,5%,14%,31%,"[0%, 5%, 14%, 31%]",68.55,1.31,9.54,"[68.55, 1.31, 9.54]",https://www.google.com/search?tbm=isch&q=sherwinWilliams%20Sherwin%20Williams%207052%20Gray%20Area%20color%20swatch,,,,,,,,,,,,,,,,,,,,,,,,,,,,,,,,,,,,,,,,,,,,
DB,sherwinwilliams,Sherwin Williams 7053 Adaptive Shade,#867E70,0.5961255986643442,0.022868036092278148,81.73342167975869,134,126,112,"[134, 126, 112]",0%,6%,16%,47%,"[0%, 6%, 16%, 47%]",53.21,1.28,8.80,"[53.21, 1.28, 8.80]",https://www.google.com/search?tbm=isch&q=sherwinWilliams%20Sherwin%20Williams%207053%20Adaptive%20Shade%20color%20swatch,,,,,,,,,,,,,,,,,,,,,,,,,,,,,,,,,,,,,,,,,,,,
DB,sherwinwilliams,Sherwin Williams 7054 Suitable Brown,#645A4B,0.4727521096326776,0.0266325646582379,77.97802520119313,100,90,75,"[100, 90, 75]",0%,10%,25%,61%,"[0%, 10%, 25%, 61%]",38.88,2.21,10.26,"[38.88, 2.21, 10.26]",https://www.google.com/search?tbm=isch&q=sherwinWilliams%20Sherwin%20Williams%207054%20Suitable%20Brown%20color%20swatch,,,,,,,,,,,,,,,,,,,,,,,,,,,,,,,,,,,,,,,,,,,,
DB,sherwinwilliams,Sherwin Williams 7055 Enduring Bronze,#554C3E,0.4212143298313678,0.025313173138646415,78.83403826974927,85,76,62,"[85, 76, 62]",0%,11%,27%,67%,"[0%, 11%, 27%, 67%]",32.91,2.00,9.80,"[32.91, 2.00, 9.80]",https://www.google.com/search?tbm=isch&q=sherwinWilliams%20Sherwin%20Williams%207055%20Enduring%20Bronze%20color%20swatch,,,,,,,,,,,,,,,,,,,,,,,,,,,,,,,,,,,,,,,,,,,,
DB,sherwinwilliams,Sherwin Williams 7056 Reserved White,#E0E0D9,0.9047432887944657,0.009405613230759452,106.58611390749599,224,224,217,"[224, 224, 217]",0%,0%,3%,12%,"[0%, 0%, 3%, 12%]",89.03,-0.92,3.44,"[89.03, -0.92, 3.44]",https://www.google.com/search?tbm=isch&q=sherwinWilliams%20Sherwin%20Williams%207056%20Reserved%20White%20color%20swatch,,,,,,,,,,,,,,,,,,,,,,,,,,,,,,,,,,,,,,,,,,,,
DB,sherwinwilliams,Sherwin Williams 7057 Silver Strand,#C8CBC4,0.837763662081604,0.010121727702314405,125.70520925690084,200,203,196,"[200, 203, 196]",1%,0%,3%,20%,"[1%, 0%, 3%, 20%]",81.30,-2.02,3.12,"[81.30, -2.02, 3.12]",https://www.google.com/search?tbm=isch&q=sherwinWilliams%20Sherwin%20Williams%207057%20Silver%20Strand%20color%20swatch,,,,,,,,,,,,,,,,,,,,,,,,,,,,,,,,,,,,,,,,,,,,
DB,sherwinwilliams,Sherwin Williams 7058 Magnetic Gray,#B2B5AF,0.7689455383546089,0.009030981546728762,128.59201512100947,178,181,175,"[178, 181, 175]",2%,0%,3%,29%,"[2%, 0%, 3%, 29%]",73.30,-1.92,2.68,"[73.30, -1.92, 2.68]",https://www.google.com/search?tbm=isch&q=sherwinWilliams%20Sherwin%20Williams%207058%20Magnetic%20Gray%20color%20swatch,,,,,,,,,,,,,,,,,,,,,,,,,,,,,,,,,,,,,,,,,,,,
DB,sherwinwilliams,Sherwin Williams 7059 Unusual Gray,#A3A7A0,0.7230622584792618,0.010920630379641322,131.3982733292828,163,167,160,"[163, 167, 160]",2%,0%,4%,35%,"[2%, 0%, 4%, 35%]",68.01,-2.46,3.11,"[68.01, -2.46, 3.11]",https://www.google.com/search?tbm=isch&q=sherwinWilliams%20Sherwin%20Williams%207059%20Unusual%20Gray%20color%20swatch,,,,,,,,,,,,,,,,,,,,,,,,,,,,,,,,,,,,,,,,,,,,
DB,sherwinwilliams,Sherwin Williams 7060 Attitude Gray,#7C7D75,0.5863987218298495,0.011999145174361401,112.54436377756588,124,125,117,"[124, 125, 117]",1%,0%,6%,51%,"[1%, 0%, 6%, 51%]",52.14,-1.55,4.24,"[52.14, -1.55, 4.24]",https://www.google.com/search?tbm=isch&q=sherwinWilliams%20Sherwin%20Williams%207060%20Attitude%20Gray%20color%20swatch,,,,,,,,,,,,,,,,,,,,,,,,,,,,,,,,,,,,,,,,,,,,
DB,sherwinwilliams,Sherwin Williams 7061 Night Owl,#63655F,0.50305262381014,0.00963747796487573,121.80211244598553,99,101,95,"[99, 101, 95]",2%,0%,6%,60%,"[2%, 0%, 6%, 60%]",42.46,-1.72,3.12,"[42.46, -1.72, 3.12]",https://www.google.com/search?tbm=isch&q=sherwinWilliams%20Sherwin%20Williams%207061%20Night%20Owl%20color%20swatch,,,,,,,,,,,,,,,,,,,,,,,,,,,,,,,,,,,,,,,,,,,,
DB,sherwinwilliams,Sherwin Williams 7062 Rock Bottom,#484C49,0.41181764149049904,0.007160492373590388,153.57926872627786,72,76,73,"[72, 76, 73]",5%,0%,4%,70%,"[5%, 0%, 4%, 70%]",31.87,-2.19,1.20,"[31.87, -2.19, 1.20]",https://www.google.com/search?tbm=isch&q=sherwinWilliams%20Sherwin%20Williams%207062%20Rock%20Bottom%20color%20swatch,,,,,,,,,,,,,,,,,,,,,,,,,,,,,,,,,,,,,,,,,,,,
DB,sherwinwilliams,Sherwin Williams 7063 Nebulous White,#DEDFDC,0.9020271383675664,0.004173564578806407,121.5673095750335,222,223,220,"[222, 223, 220]",0%,0%,1%,13%,"[0%, 0%, 1%, 13%]",88.68,-0.75,1.35,"[88.68, -0.75, 1.35]",https://www.google.com/search?tbm=isch&q=sherwinWilliams%20Sherwin%20Williams%207063%20Nebulous%20White%20color%20swatch,,,,,,,,,,,,,,,,,,,,,,,,,,,,,,,,,,,,,,,,,,,,
DB,sherwinwilliams,Sherwin Williams 7064 Passive,#CBCCC9,0.8435706403809786,0.004243829942739289,121.57382036416732,203,204,201,"[203, 204, 201]",0%,0%,1%,20%,"[0%, 0%, 1%, 20%]",81.90,-0.76,1.37,"[81.90, -0.76, 1.37]",https://www.google.com/search?tbm=isch&q=sherwinWilliams%20Sherwin%20Williams%207064%20Passive%20color%20swatch,,,,,,,,,,,,,,,,,,,,,,,,,,,,,,,,,,,,,,,,,,,,
DB,sherwinwilliams,Sherwin Williams 7065 Argos,#BDBDB7,0.7966405388462802,0.00832240999531736,106.58702155261523,189,189,183,"[189, 189, 183]",0%,0%,3%,26%,"[0%, 0%, 3%, 26%]",76.48,-0.82,3.04,"[76.48, -0.82, 3.04]",https://www.google.com/search?tbm=isch&q=sherwinWilliams%20Sherwin%20Williams%207065%20Argos%20color%20swatch,,,,,,,,,,,,,,,,,,,,,,,,,,,,,,,,,,,,,,,,,,,,
DB,sherwinwilliams,Sherwin Williams 7066 Gray Matters,#A7A8A2,0.7290087035588867,0.008574877673939232,114.28468882339052,167,168,162,"[167, 168, 162]",1%,0%,4%,34%,"[1%, 0%, 4%, 34%]",68.65,-1.21,2.98,"[68.65, -1.21, 2.98]",https://www.google.com/search?tbm=isch&q=sherwinWilliams%20Sherwin%20Williams%207066%20Gray%20Matters%20color%20swatch,,,,,,,,,,,,,,,,,,,,,,,,,,,,,,,,,,,,,,,,,,,,
DB,sherwinwilliams,Sherwin Williams 7067 Cityscape,#7F817E,0.6006020829416775,0.0050556457872958155,134.86874646021454,127,129,126,"[127, 129, 126]",2%,0%,2%,49%,"[2%, 0%, 2%, 49%]",53.73,-1.22,1.36,"[53.73, -1.22, 1.36]",https://www.google.com/search?tbm=isch&q=sherwinWilliams%20Sherwin%20Williams%207067%20Cityscape%20color%20swatch,,,,,,,,,,,,,,,,,,,,,,,,,,,,,,,,,,,,,,,,,,,,
DB,sherwinwilliams,Sherwin Williams 7068 Grizzle Gray,#636562,0.5039986580956128,0.005281651982751736,134.8790025738636,99,101,98,"[99, 101, 98]",2%,0%,3%,60%,"[2%, 0%, 3%, 60%]",42.53,-1.27,1.42,"[42.53, -1.27, 1.42]",https://www.google.com/search?tbm=isch&q=sherwinWilliams%20Sherwin%20Williams%207068%20Grizzle%20Gray%20color%20swatch,,,,,,,,,,,,,,,,,,,,,,,,,,,,,,,,,,,,,,,,,,,,
DB,sherwinwilliams,Sherwin Williams 7069 Iron Ore,#434341,0.38218275060287143,0.0033350946726142315,106.55635900071042,67,67,65,"[67, 67, 65]",0%,0%,3%,74%,"[0%, 0%, 3%, 74%]",28.36,-0.33,1.22,"[28.36, -0.33, 1.22]",https://www.google.com/search?tbm=isch&q=sherwinWilliams%20Sherwin%20Williams%207069%20Iron%20Ore%20color%20swatch,,,,,,,,,,,,,,,,,,,,,,,,,,,,,,,,,,,,,,,,,,,,
DB,sherwinwilliams,Sherwin Williams 7070 Site White,#DCDEDC,0.8984832832271971,0.0034453435470859907,145.54721011187257,220,222,220,"[220, 222, 220]",1%,0%,1%,13%,"[1%, 0%, 1%, 13%]",88.27,-0.97,0.73,"[88.27, -0.97, 0.73]",https://www.google.com/search?tbm=isch&q=sherwinWilliams%20Sherwin%20Williams%207070%20Site%20White%20color%20swatch,,,,,,,,,,,,,,,,,,,,,,,,,,,,,,,,,,,,,,,,,,,,
DB,sherwinwilliams,Sherwin Williams 7071 Gray Screen,#C6CACA,0.8358779676470997,0.0044139571785993936,197.072483103492,198,202,202,"[198, 202, 202]",2%,0%,0%,21%,"[2%, 0%, 0%, 21%]",81.01,-1.42,-0.51,"[81.01, -1.42, -0.51]",https://www.google.com/search?tbm=isch&q=sherwinWilliams%20Sherwin%20Williams%207071%20Gray%20Screen%20color%20swatch,,,,,,,,,,,,,,,,,,,,,,,,,,,,,,,,,,,,,,,,,,,,
DB,sherwinwilliams,Sherwin Williams 7072 Online,#B0B5B5,0.7691174101028482,0.0056235578289243505,197.03968066621348,176,181,181,"[176, 181, 181]",3%,0%,0%,29%,"[3%, 0%, 0%, 29%]",73.28,-1.81,-0.64,"[73.28, -1.81, -0.64]",https://www.google.com/search?tbm=isch&q=sherwinWilliams%20Sherwin%20Williams%207072%20Online%20color%20swatch,,,,,,,,,,,,,,,,,,,,,,,,,,,,,,,,,,,,,,,,,,,,
DB,sherwinwilliams,Sherwin Williams 7073 Network Gray,#A0A5A7,0.718495567316596,0.006424749476964994,223.48575032453925,160,165,167,"[160, 165, 167]",4%,1%,0%,35%,"[4%, 1%, 0%, 35%]",67.38,-1.55,-1.69,"[67.38, -1.55, -1.69]",https://www.google.com/search?tbm=isch&q=sherwinWilliams%20Sherwin%20Williams%207073%20Network%20Gray%20color%20swatch,,,,,,,,,,,,,,,,,,,,,,,,,,,,,,,,,,,,,,,,,,,,
DB,sherwinwilliams,Sherwin Williams 7074 Software,#7F8486,0.6097842695163964,0.006685370336833717,223.50783129095248,127,132,134,"[127, 132, 134]",5%,1%,0%,47%,"[5%, 1%, 0%, 47%]",54.77,-1.61,-1.76,"[54.77, -1.61, -1.76]",https://www.google.com/search?tbm=isch&q=sherwinWilliams%20Sherwin%20Williams%207074%20Software%20color%20swatch,,,,,,,,,,,,,,,,,,,,,,,,,,,,,,,,,,,,,,,,,,,,
DB,sherwinwilliams,Sherwin Williams 7075 Web Gray,#616669,0.5069121484192327,0.00783499983939588,233.76598940534996,97,102,105,"[97, 102, 105]",8%,3%,0%,59%,"[8%, 3%, 0%, 59%]",42.83,-1.52,-2.40,"[42.83, -1.52, -2.40]",https://www.google.com/search?tbm=isch&q=sherwinWilliams%20Sherwin%20Williams%207075%20Web%20Gray%20color%20swatch,,,,,,,,,,,,,,,,,,,,,,,,,,,,,,,,,,,,,,,,,,,,
DB,sherwinwilliams,Sherwin Williams 7076 Cyberspace,#44484D,0.39978986745371586,0.009923272118350701,253.9462670209191,68,72,77,"[68, 72, 77]",12%,6%,0%,70%,"[12%, 6%, 0%, 70%]",30.36,-0.82,-3.60,"[30.36, -0.82, -3.60]",https://www.google.com/search?tbm=isch&q=sherwinWilliams%20Sherwin%20Williams%207076%20Cyberspace%20color%20swatch,,,,,,,,,,,,,,,,,,,,,,,,,,,,,,,,,,,,,,,,,,,,
DB,sherwinwilliams,Sherwin Williams 7077 Original White,#E2DEDB,0.9028901628428152,0.005984832675492949,59.64399163388316,226,222,219,"[226, 222, 219]",0%,2%,3%,11%,"[0%, 2%, 3%, 11%]",88.72,1.01,1.98,"[88.72, 1.01, 1.98]",https://www.google.com/search?tbm=isch&q=sherwinWilliams%20Sherwin%20Williams%207077%20Original%20White%20color%20swatch,,,,,,,,,,,,,,,,,,,,,,,,,,,,,,,,,,,,,,,,,,,,
DB,sherwinwilliams,Sherwin Williams 7078 Minute Mauve,#CFC9C8,0.8404311760558686,0.006842485799124774,28.838809875194613,207,201,200,"[207, 201, 200]",0%,3%,3%,19%,"[0%, 3%, 3%, 19%]",81.43,2.02,1.28,"[81.43, 2.02, 1.28]",https://www.google.com/search?tbm=isch&q=sherwinWilliams%20Sherwin%20Williams%207078%20Minute%20Mauve%20color%20swatch,,,,,,,,,,,,,,,,,,,,,,,,,,,,,,,,,,,,,,,,,,,,
DB,sherwinwilliams,Sherwin Williams 7079 Ponder,#BCB6B6,0.7811827680342255,0.006810759530714368,17.302249662196573,188,182,182,"[188, 182, 182]",0%,3%,3%,26%,"[0%, 3%, 3%, 26%]",74.55,2.19,0.79,"[74.55, 2.19, 0.79]",https://www.google.com/search?tbm=isch&q=sherwinWilliams%20Sherwin%20Williams%207079%20Ponder%20color%20swatch,,,,,,,,,,,,,,,,,,,,,,,,,,,,,,,,,,,,,,,,,,,,
DB,sherwinwilliams,Sherwin Williams 7080 Quest Gray,#ADA5A5,0.7286408207795837,0.009268286549160542,17.36913234800312,173,165,165,"[173, 165, 165]",0%,5%,5%,32%,"[0%, 5%, 5%, 32%]",68.43,2.98,1.09,"[68.43, 2.98, 1.09]",https://www.google.com/search?tbm=isch&q=sherwinWilliams%20Sherwin%20Williams%207080%20Quest%20Gray%20color%20swatch,,,,,,,,,,,,,,,,,,,,,,,,,,,,,,,,,,,,,,,,,,,,
DB,sherwinwilliams,Sherwin Williams 7081 Sensuous Gray,#837D7F,0.5956302494425667,0.007845299253286534,354.96556332888576,131,125,127,"[131, 125, 127]",0%,5%,3%,49%,"[0%, 5%, 3%, 49%]",52.99,2.64,-0.24,"[52.99, 2.64, -0.24]",https://www.google.com/search?tbm=isch&q=sherwinWilliams%20Sherwin%20Williams%207081%20Sensuous%20Gray%20color%20swatch,,,,,,,,,,,,,,,,,,,,,,,,,,,,,,,,,,,,,,,,,,,,
DB,sherwinwilliams,Sherwin Williams 7082 Stunning Shade,#676064,0.4969085734936513,0.010815413714966266,342.08911919135744,103,96,100,"[103, 96, 100]",0%,7%,3%,60%,"[0%, 7%, 3%, 60%]",41.49,3.48,-1.23,"[41.49, 3.48, -1.23]",https://www.google.com/search?tbm=isch&q=sherwinWilliams%20Sherwin%20Williams%207082%20Stunning%20Shade%20color%20swatch,,,,,,,,,,,,,,,,,,,,,,,,,,,,,,,,,,,,,,,,,,,,
DB,sherwinwilliams,Sherwin Williams 7083 Darkroom,#443E40,0.37062588437106453,0.008874314125921228,355.26880856894945,68,62,64,"[68, 62, 64]",0%,9%,6%,73%,"[0%, 9%, 6%, 73%]",26.88,2.98,-0.25,"[26.88, 2.98, -0.25]",https://www.google.com/search?tbm=isch&q=sherwinWilliams%20Sherwin%20Williams%207083%20Darkroom%20color%20swatch,,,,,,,,,,,,,,,,,,,,,,,,,,,,,,,,,,,,,,,,,,,,
DB,sherwinwilliams,Sherwin Williams 7100 Arcade White,#F3EEE7,0.9510675698941543,0.010786470193411238,76.59762927368047,243,238,231,"[243, 238, 231]",0%,2%,5%,5%,"[0%, 2%, 5%, 5%]",94.35,0.84,4.02,"[94.35, 0.84, 4.02]",https://www.google.com/search?tbm=isch&q=sherwinWilliams%20Sherwin%20Williams%207100%20Arcade%20White%20color%20swatch,,,,,,,,,,,,,,,,,,,,,,,,,,,,,,,,,,,,,,,,,,,,
DB,sherwinwilliams,Sherwin Williams 7101 Futon,#EDE6DB,0.9274197650337095,0.016567853008258977,79.34908641526926,237,230,219,"[237, 230, 219]",0%,3%,8%,7%,"[0%, 3%, 8%, 7%]",91.62,1.06,6.26,"[91.62, 1.06, 6.26]",https://www.google.com/search?tbm=isch&q=sherwinWilliams%20Sherwin%20Williams%207101%20Futon%20color%20swatch,,,,,,,,,,,,,,,,,,,,,,,,,,,,,,,,,,,,,,,,,,,,
DB,sherwinwilliams,Sherwin Williams 7102 White Flour,#F4EFE5,0.9532748670487257,0.01433810674775074,84.58350911976572,244,239,229,"[244, 239, 229]",0%,2%,6%,4%,"[0%, 2%, 6%, 4%]",94.63,0.47,5.48,"[94.63, 0.47, 5.48]",https://www.google.com/search?tbm=isch&q=sherwinWilliams%20Sherwin%20Williams%207102%20White%20Flour%20color%20swatch,,,,,,,,,,,,,,,,,,,,,,,,,,,,,,,,,,,,,,,,,,,,
DB,sherwinwilliams,Sherwin Williams 7103 Whitetail,#F4EFE4,0.9530101855761648,0.015564709711963921,86.42565075197194,244,239,228,"[244, 239, 228]",0%,2%,7%,4%,"[0%, 2%, 7%, 4%]",94.61,0.34,5.96,"[94.61, 0.34, 5.96]",https://www.google.com/search?tbm=isch&q=sherwinWilliams%20Sherwin%20Williams%207103%20Whitetail%20color%20swatch,,,,,,,,,,,,,,,,,,,,,,,,,,,,,,,,,,,,,,,,,,,,
DB,sherwinwilliams,Sherwin Williams 7104 Cotton White,#F7EFE3,0.9551165532998704,0.018124643355752472,78.24173853484598,247,239,227,"[247, 239, 227]",0%,3%,8%,3%,"[0%, 3%, 8%, 3%]",94.84,1.28,6.83,"[94.84, 1.28, 6.83]",https://www.google.com/search?tbm=isch&q=sherwinWilliams%20Sherwin%20Williams%207104%20Cotton%20White%20color%20swatch,,,,,,,,,,,,,,,,,,,,,,,,,,,,,,,,,,,,,,,,,,,,
DB,sherwinwilliams,Sherwin Williams 7105 Paperwhite,#F7EFDE,0.953827052107699,0.024071707510474074,85.78821034679163,247,239,222,"[247, 239, 222]",0%,3%,10%,3%,"[0%, 3%, 10%, 3%]",94.74,0.68,9.26,"[94.74, 0.68, 9.26]",https://www.google.com/search?tbm=isch&q=sherwinWilliams%20Sherwin%20Williams%207105%20Paperwhite%20color%20swatch,,,,,,,,,,,,,,,,,,,,,,,,,,,,,,,,,,,,,,,,,,,,
DB,sherwinwilliams,Sherwin Williams 7106 Honied White,#F8EEDB,0.9519129325514883,0.027324665950957693,83.5371108844331,248,238,219,"[248, 238, 219]",0%,4%,12%,3%,"[0%, 4%, 12%, 3%]",94.51,1.16,10.50,"[94.51, 1.16, 10.50]",https://www.google.com/search?tbm=isch&q=sherwinWilliams%20Sherwin%20Williams%207106%20Honied%20White%20color%20swatch,,,,,,,,,,,,,,,,,,,,,,,,,,,,,,,,,,,,,,,,,,,,
DB,sherwinwilliams,Sherwin Williams 7501 Threshold Taupe,#AC9A8A,0.6975332827962242,0.031241627041151868,63.9362055259524,172,154,138,"[172, 154, 138]",0%,10%,20%,33%,"[0%, 10%, 20%, 33%]",64.87,4.90,10.98,"[64.87, 4.90, 10.98]",https://www.google.com/search?tbm=isch&q=sherwinWilliams%20Sherwin%20Williams%207501%20Threshold%20Taupe%20color%20swatch,,,,,,,,,,,,,,,,,,,,,,,,,,,,,,,,,,,,,,,,,,,,
DB,sherwinwilliams,Sherwin Williams 7502 Dry Dock,#A18D7D,0.6569068040946773,0.03345547972406252,60.84294364364541,161,141,125,"[161, 141, 125]",0%,12%,22%,37%,"[0%, 12%, 22%, 37%]",60.13,5.82,11.47,"[60.13, 5.82, 11.47]",https://www.google.com/search?tbm=isch&q=sherwinWilliams%20Sherwin%20Williams%207502%20Dry%20Dock%20color%20swatch,,,,,,,,,,,,,,,,,,,,,,,,,,,,,,,,,,,,,,,,,,,,
DB,sherwinwilliams,Sherwin Williams 7503 Sticks & Stones,#A49689,0.6816221620938853,0.02503271833734762,65.29362008589868,164,150,137,"[164, 150, 137]",0%,9%,16%,36%,"[0%, 9%, 16%, 36%]",63.04,3.70,8.85,"[63.04, 3.70, 8.85]",https://www.google.com/search?tbm=isch&q=sherwinWilliams%20Sherwin%20Williams%207503%20Sticks%20%26%20Stones%20color%20swatch,,,,,,,,,,,,,,,,,,,,,,,,,,,,,,,,,,,,,,,,,,,,
DB,sherwinwilliams,Sherwin Williams 7504 Keystone Gray,#9E9284,0.6664276868434448,0.024744643502320484,71.64535362958924,158,146,132,"[158, 146, 132]",0%,8%,16%,38%,"[0%, 8%, 16%, 38%]",61.32,2.80,9.14,"[61.32, 2.80, 9.14]",https://www.google.com/search?tbm=isch&q=sherwinWilliams%20Sherwin%20Williams%207504%20Keystone%20Gray%20color%20swatch,,,,,,,,,,,,,,,,,,,,,,,,,,,,,,,,,,,,,,,,,,,,
DB,sherwinwilliams,Sherwin Williams 7505 Manor House,#665D57,0.48500002142211435,0.015020360338496727,56.00735559404802,102,93,87,"[102, 93, 87]",0%,9%,15%,60%,"[0%, 9%, 15%, 60%]",40.22,2.90,4.84,"[40.22, 2.90, 4.84]",https://www.google.com/search?tbm=isch&q=sherwinWilliams%20Sherwin%20Williams%207505%20Manor%20House%20color%20swatch,,,,,,,,,,,,,,,,,,,,,,,,,,,,,,,,,,,,,,,,,,,,
DB,sherwinwilliams,Sherwin Williams 7506 Loggia,#C4B7A5,0.7853467092248895,0.02896838811780469,76.14850135938775,196,183,165,"[196, 183, 165]",0%,7%,16%,23%,"[0%, 7%, 16%, 23%]",75.15,2.55,10.94,"[75.15, 2.55, 10.94]",https://www.google.com/search?tbm=isch&q=sherwinWilliams%20Sherwin%20Williams%207506%20Loggia%20color%20swatch,,,,,,,,,,,,,,,,,,,,,,,,,,,,,,,,,,,,,,,,,,,,
DB,sherwinwilliams,Sherwin Williams 7507 Stone Lion,#B3A491,0.7263458111187857,0.03192714167138893,73.77232797340008,179,164,145,"[179, 164, 145]",0%,8%,19%,30%,"[0%, 8%, 19%, 30%]",68.28,3.30,11.98,"[68.28, 3.30, 11.98]",https://www.google.com/search?tbm=isch&q=sherwinWilliams%20Sherwin%20Williams%207507%20Stone%20Lion%20color%20swatch,,,,,,,,,,,,,,,,,,,,,,,,,,,,,,,,,,,,,,,,,,,,
DB,sherwinwilliams,Sherwin Williams 7508 Tavern Taupe,#9C8A79,0.644839995259509,0.0328754957414397,65.56864108062098,156,138,121,"[156, 138, 121]",0%,12%,22%,39%,"[0%, 12%, 22%, 39%]",58.77,4.92,11.75,"[58.77, 4.92, 11.75]",https://www.google.com/search?tbm=isch&q=sherwinWilliams%20Sherwin%20Williams%207508%20Tavern%20Taupe%20color%20swatch,,,,,,,,,,,,,,,,,,,,,,,,,,,,,,,,,,,,,,,,,,,,
DB,sherwinwilliams,Sherwin Williams 7509 Tiki Hut,#826F5E,0.5548981540441948,0.034951774586587256,63.83772262948639,130,111,94,"[130, 111, 94]",0%,15%,28%,49%,"[0%, 15%, 28%, 49%]",48.31,5.65,12.41,"[48.31, 5.65, 12.41]",https://www.google.com/search?tbm=isch&q=sherwinWilliams%20Sherwin%20Williams%207509%20Tiki%20Hut%20color%20swatch,,,,,,,,,,,,,,,,,,,,,,,,,,,,,,,,,,,,,,,,,,,,
DB,sherwinwilliams,Sherwin Williams 7510 Chateau Brown,#5B4B44,0.4270286741977391,0.024569422236526414,44.96011788000084,91,75,68,"[91, 75, 68]",0%,18%,25%,64%,"[0%, 18%, 25%, 64%]",33.40,6.05,6.84,"[33.40, 6.05, 6.84]",https://www.google.com/search?tbm=isch&q=sherwinWilliams%20Sherwin%20Williams%207510%20Chateau%20Brown%20color%20swatch,,,,,,,,,,,,,,,,,,,,,,,,,,,,,,,,,,,,,,,,,,,,
DB,sherwinwilliams,Sherwin Williams 7511 Bungalow Beige,#CDBFB0,0.8121161158587255,0.026055774197735394,69.37093559071354,205,191,176,"[205, 191, 176]",0%,7%,14%,20%,"[0%, 7%, 14%, 20%]",78.21,3.24,9.47,"[78.21, 3.24, 9.47]",https://www.google.com/search?tbm=isch&q=sherwinWilliams%20Sherwin%20Williams%207511%20Bungalow%20Beige%20color%20swatch,,,,,,,,,,,,,,,,,,,,,,,,,,,,,,,,,,,,,,,,,,,,
DB,sherwinwilliams,Sherwin Williams 7512 Pavilion Beige,#C5B6A4,0.7839296421208648,0.030246507458524106,72.38948203662778,197,182,164,"[197, 182, 164]",0%,8%,17%,23%,"[0%, 8%, 17%, 23%]",74.96,3.31,11.23,"[74.96, 3.31, 11.23]",https://www.google.com/search?tbm=isch&q=sherwinWilliams%20Sherwin%20Williams%207512%20Pavilion%20Beige%20color%20swatch,,,,,,,,,,,,,,,,,,,,,,,,,,,,,,,,,,,,,,,,,,,,
DB,sherwinwilliams,Sherwin Williams 7513 Sanderling,#A79582,0.6804909933612155,0.03456368244235728,68.71035162143602,167,149,130,"[167, 149, 130]",0%,11%,22%,35%,"[0%, 11%, 22%, 35%]",62.92,4.60,12.64,"[62.92, 4.60, 12.64]",https://www.google.com/search?tbm=isch&q=sherwinWilliams%20Sherwin%20Williams%207513%20Sanderling%20color%20swatch,,,,,,,,,,,,,,,,,,,,,,,,,,,,,,,,,,,,,,,,,,,,
DB,sherwinwilliams,Sherwin Williams 7514 Foothills,#827466,0.5678161382559342,0.02726643407015628,67.23117672749913,130,116,102,"[130, 116, 102]",0%,11%,22%,49%,"[0%, 11%, 22%, 49%]",49.85,3.82,9.85,"[49.85, 3.82, 9.85]",https://www.google.com/search?tbm=isch&q=sherwinWilliams%20Sherwin%20Williams%207514%20Foothills%20color%20swatch,,,,,,,,,,,,,,,,,,,,,,,,,,,,,,,,,,,,,,,,,,,,
DB,sherwinwilliams,Sherwin Williams 7515 Homestead Brown,#6E5F53,0.4964394519014786,0.026907335284128916,60.79241985940621,110,95,83,"[110, 95, 83]",0%,14%,25%,57%,"[0%, 14%, 25%, 57%]",41.53,4.71,9.24,"[41.53, 4.71, 9.24]",https://www.google.com/search?tbm=isch&q=sherwinWilliams%20Sherwin%20Williams%207515%20Homestead%20Brown%20color%20swatch,,,,,,,,,,,,,,,,,,,,,,,,,,,,,,,,,,,,,,,,,,,,
DB,sherwinwilliams,Sherwin Williams 7516 Kestrel White,#E0D6C8,0.880280426381991,0.021915077708065996,76.51685324397215,224,214,200,"[224, 214, 200]",0%,4%,11%,12%,"[0%, 4%, 11%, 12%]",86.15,1.81,8.23,"[86.15, 1.81, 8.23]",https://www.google.com/search?tbm=isch&q=sherwinWilliams%20Sherwin%20Williams%207516%20Kestrel%20White%20color%20swatch,,,,,,,,,,,,,,,,,,,,,,,,,,,,,,,,,,,,,,,,,,,,
DB,sherwinwilliams,Sherwin Williams 7517 China Doll,#DBCEBD,0.857374425413258,0.027244040383554814,74.72694375679782,219,206,189,"[219, 206, 189]",0%,6%,14%,14%,"[0%, 6%, 14%, 14%]",83.49,2.58,10.19,"[83.49, 2.58, 10.19]",https://www.google.com/search?tbm=isch&q=sherwinWilliams%20Sherwin%20Williams%207517%20China%20Doll%20color%20swatch,,,,,,,,,,,,,,,,,,,,,,,,,,,,,,,,,,,,,,,,,,,,
DB,sherwinwilliams,Sherwin Williams 7518 Beach House,#C9B29C,0.777443364628821,0.0403615622607682,65.91532124897418,201,178,156,"[201, 178, 156]",0%,11%,22%,21%,"[0%, 11%, 22%, 21%]",74.14,5.98,14.48,"[74.14, 5.98, 14.48]",https://www.google.com/search?tbm=isch&q=sherwinWilliams%20Sherwin%20Williams%207518%20Beach%20House%20color%20swatch,,,,,,,,,,,,,,,,,,,,,,,,,,,,,,,,,,,,,,,,,,,,
DB,sherwinwilliams,Sherwin Williams 7519 Mexican Sand,#AF9781,0.6919447591448817,0.042316044564486205,64.55829545984045,175,151,129,"[175, 151, 129]",0%,14%,26%,31%,"[0%, 14%, 26%, 31%]",64.20,6.67,15.10,"[64.20, 6.67, 15.10]",https://www.google.com/search?tbm=isch&q=sherwinWilliams%20Sherwin%20Williams%207519%20Mexican%20Sand%20color%20swatch,,,,,,,,,,,,,,,,,,,,,,,,,,,,,,,,,,,,,,,,,,,,
DB,sherwinwilliams,Sherwin Williams 7520 Plantation Shutters,#6A5143,0.4570643677890664,0.04025526079253381,50.60677075355085,106,81,67,"[106, 81, 67]",0%,24%,37%,58%,"[0%, 24%, 37%, 58%]",36.83,9.20,12.49,"[36.83, 9.20, 12.49]",https://www.google.com/search?tbm=isch&q=sherwinWilliams%20Sherwin%20Williams%207520%20Plantation%20Shutters%20color%20swatch,,,,,,,,,,,,,,,,,,,,,,,,,,,,,,,,,,,,,,,,,,,,
DB,sherwinwilliams,Sherwin Williams 7521 Dormer Brown,#AD947C,0.6826791008082456,0.0452763953285182,65.78638445198976,173,148,124,"[173, 148, 124]",0%,14%,28%,32%,"[0%, 14%, 28%, 32%]",63.14,6.90,16.38,"[63.14, 6.90, 16.38]",https://www.google.com/search?tbm=isch&q=sherwinWilliams%20Sherwin%20Williams%207521%20Dormer%20Brown%20color%20swatch,,,,,,,,,,,,,,,,,,,,,,,,,,,,,,,,,,,,,,,,,,,,
DB,sherwinwilliams,Sherwin Williams 7522 Meadowlark,#9F8267,0.6268457613144442,0.052554901930065914,64.59007403114776,159,130,103,"[159, 130, 103]",0%,18%,35%,38%,"[0%, 18%, 35%, 38%]",56.62,8.56,19.06,"[56.62, 8.56, 19.06]",https://www.google.com/search?tbm=isch&q=sherwinWilliams%20Sherwin%20Williams%207522%20Meadowlark%20color%20swatch,,,,,,,,,,,,,,,,,,,,,,,,,,,,,,,,,,,,,,,,,,,,
DB,sherwinwilliams,Sherwin Williams 7523 Burnished Brandy,#7C5C43,0.5015368185713767,0.05617221364931876,59.03143292187292,124,92,67,"[124, 92, 67]",0%,26%,46%,51%,"[0%, 26%, 46%, 51%]",42.00,11.01,19.76,"[42.00, 11.01, 19.76]",https://www.google.com/search?tbm=isch&q=sherwinWilliams%20Sherwin%20Williams%207523%20Burnished%20Brandy%20color%20swatch,,,,,,,,,,,,,,,,,,,,,,,,,,,,,,,,,,,,,,,,,,,,
DB,sherwinwilliams,Sherwin Williams 7524 Dhurrie Beige,#CABAA8,0.7973984050360035,0.030802689470872995,70.6363499526218,202,186,168,"[202, 186, 168]",0%,8%,17%,21%,"[0%, 8%, 17%, 21%]",76.51,3.67,11.32,"[76.51, 3.67, 11.32]",https://www.google.com/search?tbm=isch&q=sherwinWilliams%20Sherwin%20Williams%207524%20Dhurrie%20Beige%20color%20swatch,,,,,,,,,,,,,,,,,,,,,,,,,,,,,,,,,,,,,,,,,,,,
DB,sherwinwilliams,Sherwin Williams 7525 Tree Branch,#8A7362,0.5726553643337964,0.03844528440422645,58.35326274803208,138,115,98,"[138, 115, 98]",0%,17%,29%,46%,"[0%, 17%, 29%, 46%]",50.32,7.29,12.98,"[50.32, 7.29, 12.98]",https://www.google.com/search?tbm=isch&q=sherwinWilliams%20Sherwin%20Williams%207525%20Tree%20Branch%20color%20swatch,,,,,,,,,,,,,,,,,,,,,,,,,,,,,,,,,,,,,,,,,,,,
DB,sherwinwilliams,Sherwin Williams 7526 Maison Blanche,#DFD2BF,0.8691959090927845,0.029425694739613553,77.5237582501349,223,210,191,"[223, 210, 191]",0%,6%,14%,13%,"[0%, 6%, 14%, 13%]",84.88,2.33,11.15,"[84.88, 2.33, 11.15]",https://www.google.com/search?tbm=isch&q=sherwinWilliams%20Sherwin%20Williams%207526%20Maison%20Blanche%20color%20swatch,,,,,,,,,,,,,,,,,,,,,,,,,,,,,,,,,,,,,,,,,,,,
DB,sherwinwilliams,Sherwin Williams 7527 Nantucket Dune,#D0BFAA,0.8131900925764755,0.034595337013846,73.12170072816218,208,191,170,"[208, 191, 170]",0%,8%,18%,18%,"[0%, 8%, 18%, 18%]",78.36,3.69,12.93,"[78.36, 3.69, 12.93]",https://www.google.com/search?tbm=isch&q=sherwinWilliams%20Sherwin%20Williams%207527%20Nantucket%20Dune%20color%20swatch,,,,,,,,,,,,,,,,,,,,,,,,,,,,,,,,,,,,,,,,,,,,
DB,sherwinwilliams,Sherwin Williams 7528 Windsor Greige,#C4B49C,0.7770017834899668,0.03776505642275678,78.04943257080805,196,180,156,"[196, 180, 156]",0%,8%,20%,23%,"[0%, 8%, 20%, 23%]",74.20,3.03,14.47,"[74.20, 3.03, 14.47]",https://www.google.com/search?tbm=isch&q=sherwinWilliams%20Sherwin%20Williams%207528%20Windsor%20Greige%20color%20swatch,,,,,,,,,,,,,,,,,,,,,,,,,,,,,,,,,,,,,,,,,,,,
DB,sherwinwilliams,Sherwin Williams 7529 Sand Beach,#D4C5AD,0.8294356402640605,0.03666863815715427,79.6411378309457,212,197,173,"[212, 197, 173]",0%,7%,18%,17%,"[0%, 7%, 18%, 17%]",80.30,2.56,14.09,"[80.30, 2.56, 14.09]",https://www.google.com/search?tbm=isch&q=sherwinWilliams%20Sherwin%20Williams%207529%20Sand%20Beach%20color%20swatch,,,,,,,,,,,,,,,,,,,,,,,,,,,,,,,,,,,,,,,,,,,,
DB,sherwinwilliams,Sherwin Williams 7530 Barcelona Beige,#C4B39C,0.7749680265860214,0.037231013002150225,75.45147532471532,196,179,156,"[196, 179, 156]",0%,9%,20%,23%,"[0%, 9%, 20%, 23%]",73.94,3.54,14.12,"[73.94, 3.54, 14.12]",https://www.google.com/search?tbm=isch&q=sherwinWilliams%20Sherwin%20Williams%207530%20Barcelona%20Beige%20color%20swatch,,,,,,,,,,,,,,,,,,,,,,,,,,,,,,,,,,,,,,,,,,,,
DB,sherwinwilliams,Sherwin Williams 7531 Canvas Tan,#DCD1BF,0.8647024980395407,0.027225888434957844,80.23660217839495,220,209,191,"[220, 209, 191]",0%,5%,13%,14%,"[0%, 5%, 13%, 14%]",84.38,1.71,10.40,"[84.38, 1.71, 10.40]",https://www.google.com/search?tbm=isch&q=sherwinWilliams%20Sherwin%20Williams%207531%20Canvas%20Tan%20color%20swatch,,,,,,,,,,,,,,,,,,,,,,,,,,,,,,,,,,,,,,,,,,,,
DB,sherwinwilliams,Sherwin Williams 7532 Urban Putty,#CFC0AB,0.8145814025118007,0.03334212348901538,76.39378954015308,207,192,171,"[207, 192, 171]",0%,7%,17%,19%,"[0%, 7%, 17%, 19%]",78.54,2.92,12.64,"[78.54, 2.92, 12.64]",https://www.google.com/search?tbm=isch&q=sherwinWilliams%20Sherwin%20Williams%207532%20Urban%20Putty%20color%20swatch,,,,,,,,,,,,,,,,,,,,,,,,,,,,,,,,,,,,,,,,,,,,
DB,sherwinwilliams,Sherwin Williams 7533 Khaki Shade,#C0AF97,0.7620487837977219,0.03851578488828192,76.5157376816689,192,175,151,"[192, 175, 151]",0%,9%,21%,25%,"[0%, 9%, 21%, 25%]",72.45,3.45,14.69,"[72.45, 3.45, 14.69]",https://www.google.com/search?tbm=isch&q=sherwinWilliams%20Sherwin%20Williams%207533%20Khaki%20Shade%20color%20swatch,,,,,,,,,,,,,,,,,,,,,,,,,,,,,,,,,,,,,,,,,,,,
DB,sherwinwilliams,Sherwin Williams 7534 Outerbanks,#B7A48B,0.7285044263381235,0.041298373306983764,74.62775956328704,183,164,139,"[183, 164, 139]",0%,10%,24%,28%,"[0%, 10%, 24%, 28%]",68.54,4.21,15.69,"[68.54, 4.21, 15.69]",https://www.google.com/search?tbm=isch&q=sherwinWilliams%20Sherwin%20Williams%207534%20Outerbanks%20color%20swatch,,,,,,,,,,,,,,,,,,,,,,,,,,,,,,,,,,,,,,,,,,,,
DB,sherwinwilliams,Sherwin Williams 7535 Sandy Ridge,#A18E77,0.6575068346345545,0.03998091135232163,72.34528549403979,161,142,119,"[161, 142, 119]",0%,12%,26%,37%,"[0%, 12%, 26%, 37%]",60.28,4.63,15.05,"[60.28, 4.63, 15.05]",https://www.google.com/search?tbm=isch&q=sherwinWilliams%20Sherwin%20Williams%207535%20Sandy%20Ridge%20color%20swatch,,,,,,,,,,,,,,,,,,,,,,,,,,,,,,,,,,,,,,,,,,,,
DB,sherwinwilliams,Sherwin Williams 7536 Bittersweet Stem,#CBB49A,0.7827975905747174,0.04440215853852721,70.5301425486116,203,180,154,"[203, 180, 154]",0%,11%,24%,20%,"[0%, 11%, 24%, 20%]",74.80,5.54,16.50,"[74.80, 5.54, 16.50]",https://www.google.com/search?tbm=isch&q=sherwinWilliams%20Sherwin%20Williams%207536%20Bittersweet%20Stem%20color%20swatch,,,,,,,,,,,,,,,,,,,,,,,,,,,,,,,,,,,,,,,,,,,,
DB,sherwinwilliams,Sherwin Williams 7537 Irish Cream,#E3D2B8,0.8708574447517197,0.039628352432957946,78.54949999408973,227,210,184,"[227, 210, 184]",0%,7%,19%,11%,"[0%, 7%, 19%, 11%]",85.10,3.03,15.18,"[85.10, 3.03, 15.18]",https://www.google.com/search?tbm=isch&q=sherwinWilliams%20Sherwin%20Williams%207537%20Irish%20Cream%20color%20swatch,,,,,,,,,,,,,,,,,,,,,,,,,,,,,,,,,,,,,,,,,,,,
DB,sherwinwilliams,Sherwin Williams 7538 Tamarind,#C0A588,0.7382467567650667,0.05106230747636852,68.9106358374284,192,165,136,"[192, 165, 136]",0%,14%,29%,25%,"[0%, 14%, 29%, 25%]",69.61,6.98,18.94,"[69.61, 6.98, 18.94]",https://www.google.com/search?tbm=isch&q=sherwinWilliams%20Sherwin%20Williams%207538%20Tamarind%20color%20swatch,,,,,,,,,,,,,,,,,,,,,,,,,,,,,,,,,,,,,,,,,,,,
DB,sherwinwilliams,Sherwin Williams 7539 Cork Wedge,#C1A98A,0.7477273938104995,0.050921755510415785,73.98381783731037,193,169,138,"[193, 169, 138]",0%,12%,28%,24%,"[0%, 12%, 28%, 24%]",70.77,5.53,19.44,"[70.77, 5.53, 19.44]",https://www.google.com/search?tbm=isch&q=sherwinWilliams%20Sherwin%20Williams%207539%20Cork%20Wedge%20color%20swatch,,,,,,,,,,,,,,,,,,,,,,,,,,,,,,,,,,,,,,,,,,,,
DB,sherwinwilliams,Sherwin Williams 7540 Artisan Tan,#B09879,0.6931152699985965,0.051736722758035675,73.88268568303482,176,152,121,"[176, 152, 121]",0%,14%,31%,31%,"[0%, 14%, 31%, 31%]",64.43,5.74,19.83,"[64.43, 5.74, 19.83]",https://www.google.com/search?tbm=isch&q=sherwinWilliams%20Sherwin%20Williams%207540%20Artisan%20Tan%20color%20swatch,,,,,,,,,,,,,,,,,,,,,,,,,,,,,,,,,,,,,,,,,,,,
DB,sherwinwilliams,Sherwin Williams 7541 Grecian Ivory,#D8CFBE,0.8571319497672932,0.025115760193162712,83.4132243370625,216,207,190,"[216, 207, 190]",0%,4%,12%,15%,"[0%, 4%, 12%, 15%]",83.51,1.09,9.65,"[83.51, 1.09, 9.65]",https://www.google.com/search?tbm=isch&q=sherwinWilliams%20Sherwin%20Williams%207541%20Grecian%20Ivory%20color%20swatch,,,,,,,,,,,,,,,,,,,,,,,,,,,,,,,,,,,,,,,,,,,,
DB,sherwinwilliams,Sherwin Williams 7542 Naturel,#CBC0AD,0.8116605711792775,0.028836738752971623,81.45183321491231,203,192,173,"[203, 192, 173]",0%,5%,15%,20%,"[0%, 5%, 15%, 20%]",78.23,1.64,11.07,"[78.23, 1.64, 11.07]",https://www.google.com/search?tbm=isch&q=sherwinWilliams%20Sherwin%20Williams%207542%20Naturel%20color%20swatch,,,,,,,,,,,,,,,,,,,,,,,,,,,,,,,,,,,,,,,,,,,,
DB,sherwinwilliams,Sherwin Williams 7543 Avenue Tan,#BCB099,0.7610566444797647,0.03466679886873126,83.68610768235067,188,176,153,"[188, 176, 153]",0%,6%,19%,26%,"[0%, 6%, 19%, 26%]",72.39,1.61,13.46,"[72.39, 1.61, 13.46]",https://www.google.com/search?tbm=isch&q=sherwinWilliams%20Sherwin%20Williams%207543%20Avenue%20Tan%20color%20swatch,,,,,,,,,,,,,,,,,,,,,,,,,,,,,,,,,,,,,,,,,,,,
DB,sherwinwilliams,Sherwin Williams 7544 Fenland,#AC9D83,0.7020357122275553,0.0404654597600949,81.41072576306016,172,157,131,"[172, 157, 131]",0%,9%,24%,33%,"[0%, 9%, 24%, 33%]",65.53,2.56,15.76,"[65.53, 2.56, 15.76]",https://www.google.com/search?tbm=isch&q=sherwinWilliams%20Sherwin%20Williams%207544%20Fenland%20color%20swatch,,,,,,,,,,,,,,,,,,,,,,,,,,,,,,,,,,,,,,,,,,,,
DB,sherwinwilliams,Sherwin Williams 7545 Pier,#63523D,0.44993489371883477,0.039375731583612045,72.44538882358967,99,82,61,"[99, 82, 61]",0%,17%,38%,61%,"[0%, 17%, 38%, 61%]",36.19,4.81,15.13,"[36.19, 4.81, 15.13]",https://www.google.com/search?tbm=isch&q=sherwinWilliams%20Sherwin%20Williams%207545%20Pier%20color%20swatch,,,,,,,,,,,,,,,,,,,,,,,,,,,,,,,,,,,,,,,,,,,,
DB,sherwinwilliams,Sherwin Williams 7546 Prairie Grass,#B1A38E,0.7217293606787484,0.03368714691122413,78.06569456394129,177,163,142,"[177, 163, 142]",0%,8%,20%,31%,"[0%, 8%, 20%, 31%]",67.78,2.68,12.89,"[67.78, 2.68, 12.89]",https://www.google.com/search?tbm=isch&q=sherwinWilliams%20Sherwin%20Williams%207546%20Prairie%20Grass%20color%20swatch,,,,,,,,,,,,,,,,,,,,,,,,,,,,,,,,,,,,,,,,,,,,
DB,sherwinwilliams,Sherwin Williams 7547 Sandbar,#CBBFAD,0.8096344371000221,0.02818677685195969,78.15344962042218,203,191,173,"[203, 191, 173]",0%,6%,15%,20%,"[0%, 6%, 15%, 20%]",77.98,2.14,10.71,"[77.98, 2.14, 10.71]",https://www.google.com/search?tbm=isch&q=sherwinWilliams%20Sherwin%20Williams%207547%20Sandbar%20color%20swatch,,,,,,,,,,,,,,,,,,,,,,,,,,,,,,,,,,,,,,,,,,,,
DB,sherwinwilliams,Sherwin Williams 7548 Portico,#BBAB95,0.7489119415754106,0.035757903597817296,75.87069331400932,187,171,149,"[187, 171, 149]",0%,9%,20%,27%,"[0%, 9%, 20%, 27%]",70.92,3.31,13.58,"[70.92, 3.31, 13.58]",https://www.google.com/search?tbm=isch&q=sherwinWilliams%20Sherwin%20Williams%207548%20Portico%20color%20swatch,,,,,,,,,,,,,,,,,,,,,,,,,,,,,,,,,,,,,,,,,,,,
DB,sherwinwilliams,Sherwin Williams 7549 Studio Taupe,#AD9C85,0.7013483619406445,0.03807855599773241,75.38317074652349,173,156,133,"[173, 156, 133]",0%,10%,23%,32%,"[0%, 10%, 23%, 32%]",65.40,3.70,14.49,"[65.40, 3.70, 14.49]",https://www.google.com/search?tbm=isch&q=sherwinWilliams%20Sherwin%20Williams%207549%20Studio%20Taupe%20color%20swatch,,,,,,,,,,,,,,,,,,,,,,,,,,,,,,,,,,,,,,,,,,,,
DB,sherwinwilliams,Sherwin Williams 7550 Resort Tan,#907D66,0.600969557853954,0.040777159945149535,72.23998808061629,144,125,102,"[144, 125, 102]",0%,13%,29%,44%,"[0%, 13%, 29%, 44%]",53.72,4.82,15.42,"[53.72, 4.82, 15.42]",https://www.google.com/search?tbm=isch&q=sherwinWilliams%20Sherwin%20Williams%207550%20Resort%20Tan%20color%20swatch,,,,,,,,,,,,,,,,,,,,,,,,,,,,,,,,,,,,,,,,,,,,
DB,sherwinwilliams,Sherwin Williams 7551 Greek Villa,#F0ECE2,0.943451708677264,0.013994100613382883,88.68551343077132,240,236,226,"[240, 236, 226]",0%,2%,6%,6%,"[0%, 2%, 6%, 6%]",93.51,0.11,5.36,"[93.51, 0.11, 5.36]",https://www.google.com/search?tbm=isch&q=sherwinWilliams%20Sherwin%20Williams%207551%20Greek%20Villa%20color%20swatch,,,,,,,,,,,,,,,,,,,,,,,,,,,,,,,,,,,,,,,,,,,,
DB,sherwinwilliams,Sherwin Williams 7552 Bauhaus Buff,#E7DBCC,0.896970537088934,0.024125542540165575,73.59256290738261,231,219,204,"[231, 219, 204]",0%,5%,12%,9%,"[0%, 5%, 12%, 9%]",88.08,2.40,8.95,"[88.08, 2.40, 8.95]",https://www.google.com/search?tbm=isch&q=sherwinWilliams%20Sherwin%20Williams%207552%20Bauhaus%20Buff%20color%20swatch,,,,,,,,,,,,,,,,,,,,,,,,,,,,,,,,,,,,,,,,,,,,
DB,sherwinwilliams,Sherwin Williams 7553 Fragile Beauty,#E7D7C6,0.8875587745936832,0.028971566215781838,69.13238915123611,231,215,198,"[231, 215, 198]",0%,7%,14%,9%,"[0%, 7%, 14%, 9%]",86.96,3.65,10.51,"[86.96, 3.65, 10.51]",https://www.google.com/search?tbm=isch&q=sherwinWilliams%20Sherwin%20Williams%207553%20Fragile%20Beauty%20color%20swatch,,,,,,,,,,,,,,,,,,,,,,,,,,,,,,,,,,,,,,,,,,,,
DB,sherwinwilliams,Sherwin Williams 7554 Steamed Milk,#ECE1D1,0.9141727138399366,0.02455497316643671,77.45152844115069,236,225,209,"[236, 225, 209]",0%,5%,11%,7%,"[0%, 5%, 11%, 7%]",90.09,1.90,9.27,"[90.09, 1.90, 9.27]",https://www.google.com/search?tbm=isch&q=sherwinWilliams%20Sherwin%20Williams%207554%20Steamed%20Milk%20color%20swatch,,,,,,,,,,,,,,,,,,,,,,,,,,,,,,,,,,,,,,,,,,,,
DB,sherwinwilliams,Sherwin Williams 7555 Patience,#E2D3BF,0.8736990298312137,0.03167913228618568,75.18893232981583,226,211,191,"[226, 211, 191]",0%,7%,15%,11%,"[0%, 7%, 15%, 11%]",85.39,2.95,11.91,"[85.39, 2.95, 11.91]",https://www.google.com/search?tbm=isch&q=sherwinWilliams%20Sherwin%20Williams%207555%20Patience%20color%20swatch,,,,,,,,,,,,,,,,,,,,,,,,,,,,,,,,,,,,,,,,,,,,
DB,sherwinwilliams,Sherwin Williams 7556 Crème,#F4E8D2,0.9346944032882595,0.031902468835196526,82.76802337905173,244,232,210,"[244, 232, 210]",0%,5%,14%,4%,"[0%, 5%, 14%, 4%]",92.52,1.55,12.28,"[92.52, 1.55, 12.28]",https://www.google.com/search?tbm=isch&q=sherwinWilliams%20Sherwin%20Williams%207556%20Cr%C3%A8me%20color%20swatch,,,,,,,,,,,,,,,,,,,,,,,,,,,,,,,,,,,,,,,,,,,,
DB,sherwinwilliams,Sherwin Williams 7557 Summer White,#F4E9D6,0.9376484264126398,0.027879758303689647,81.47180374487095,244,233,214,"[244, 233, 214]",0%,5%,12%,4%,"[0%, 5%, 12%, 4%]",92.85,1.53,10.67,"[92.85, 1.53, 10.67]",https://www.google.com/search?tbm=isch&q=sherwinWilliams%20Sherwin%20Williams%207557%20Summer%20White%20color%20swatch,,,,,,,,,,,,,,,,,,,,,,,,,,,,,,,,,,,,,,,,,,,,
DB,sherwinwilliams,Sherwin Williams 7558 Medici Ivory,#F3E9D7,0.9370917650556951,0.02623485691208287,82.38457020129806,243,233,215,"[243, 233, 215]",0%,4%,12%,5%,"[0%, 4%, 12%, 5%]",92.78,1.29,10.05,"[92.78, 1.29, 10.05]",https://www.google.com/search?tbm=isch&q=sherwinWilliams%20Sherwin%20Williams%207558%20Medici%20Ivory%20color%20swatch,,,,,,,,,,,,,,,,,,,,,,,,,,,,,,,,,,,,,,,,,,,,
DB,sherwinwilliams,Sherwin Williams 7559 Décor White,#F2E5CF,0.926437653682293,0.03243978203204777,80.9919926679487,242,229,207,"[242, 229, 207]",0%,5%,14%,5%,"[0%, 5%, 14%, 5%]",91.55,1.93,12.44,"[91.55, 1.93, 12.44]",https://www.google.com/search?tbm=isch&q=sherwinWilliams%20Sherwin%20Williams%207559%20D%C3%A9cor%20White%20color%20swatch,,,,,,,,,,,,,,,,,,,,,,,,,,,,,,,,,,,,,,,,,,,,
DB,sherwinwilliams,Sherwin Williams 7560 Impressive Ivory,#F4DEC3,0.9115465218131797,0.043253786002960884,72.89077945625564,244,222,195,"[244, 222, 195]",0%,9%,20%,4%,"[0%, 9%, 20%, 4%]",89.77,4.72,16.19,"[89.77, 4.72, 16.19]",https://www.google.com/search?tbm=isch&q=sherwinWilliams%20Sherwin%20Williams%207560%20Impressive%20Ivory%20color%20swatch,,,,,,,,,,,,,,,,,,,,,,,,,,,,,,,,,,,,,,,,,,,,
DB,sherwinwilliams,Sherwin Williams 7561 Lemon Meringue,#F5EACC,0.9379930728978919,0.04115503307422186,90.24830016614135,245,234,204,"[245, 234, 204]",0%,4%,17%,4%,"[0%, 4%, 17%, 4%]",93.00,0.29,16.04,"[93.00, 0.29, 16.04]",https://www.google.com/search?tbm=isch&q=sherwinWilliams%20Sherwin%20Williams%207561%20Lemon%20Meringue%20color%20swatch,,,,,,,,,,,,,,,,,,,,,,,,,,,,,,,,,,,,,,,,,,,,
DB,sherwinwilliams,Sherwin Williams 7562 Roman Column,#F6F0E2,0.9560200027318155,0.01962499559347226,87.51372159649111,246,240,226,"[246, 240, 226]",0%,2%,8%,4%,"[0%, 2%, 8%, 4%]",94.98,0.33,7.54,"[94.98, 0.33, 7.54]",https://www.google.com/search?tbm=isch&q=sherwinWilliams%20Sherwin%20Williams%207562%20Roman%20Column%20color%20swatch,,,,,,,,,,,,,,,,,,,,,,,,,,,,,,,,,,,,,,,,,,,,
DB,sherwinwilliams,Sherwin Williams 7563 Restful White,#EEE8D7,0.9311177624569351,0.023504020944989126,90.75666172339908,238,232,215,"[238, 232, 215]",0%,3%,10%,7%,"[0%, 3%, 10%, 7%]",92.13,-0.03,9.06,"[92.13, -0.03, 9.06]",https://www.google.com/search?tbm=isch&q=sherwinWilliams%20Sherwin%20Williams%207563%20Restful%20White%20color%20swatch,,,,,,,,,,,,,,,,,,,,,,,,,,,,,,,,,,,,,,,,,,,,
DB,sherwinwilliams,Sherwin Williams 7564 Polar Bear,#E8DFCA,0.9051942814471254,0.029684141757701295,87.54990778474615,232,223,202,"[232, 223, 202]",0%,4%,13%,9%,"[0%, 4%, 13%, 9%]",89.13,0.59,11.49,"[89.13, 0.59, 11.49]",https://www.google.com/search?tbm=isch&q=sherwinWilliams%20Sherwin%20Williams%207564%20Polar%20Bear%20color%20swatch,,,,,,,,,,,,,,,,,,,,,,,,,,,,,,,,,,,,,,,,,,,,
DB,sherwinwilliams,Sherwin Williams 7565 Oyster Bar,#DBD0BB,0.8608640867612503,0.030851992279424596,83.62691099897688,219,208,187,"[219, 208, 187]",0%,5%,15%,14%,"[0%, 5%, 15%, 14%]",83.96,1.36,11.91,"[83.96, 1.36, 11.91]",https://www.google.com/search?tbm=isch&q=sherwinWilliams%20Sherwin%20Williams%207565%20Oyster%20Bar%20color%20swatch,,,,,,,,,,,,,,,,,,,,,,,,,,,,,,,,,,,,,,,,,,,,
DB,sherwinwilliams,Sherwin Williams 7566 Westhighland White,#F3EEE3,0.9499998654309512,0.015576646141029214,86.42584553951531,243,238,227,"[243, 238, 227]",0%,2%,7%,5%,"[0%, 2%, 7%, 5%]",94.27,0.34,5.97,"[94.27, 0.34, 5.97]",https://www.google.com/search?tbm=isch&q=sherwinWilliams%20Sherwin%20Williams%207566%20Westhighland%20White%20color%20swatch,,,,,,,,,,,,,,,,,,,,,,,,,,,,,,,,,,,,,,,,,,,,
DB,sherwinwilliams,Sherwin Williams 7567 Natural Tan,#DCD2C3,0.867725355974284,0.023150320489504196,78.20255999263173,220,210,195,"[220, 210, 195]",0%,5%,11%,14%,"[0%, 5%, 11%, 14%]",84.71,1.69,8.76,"[84.71, 1.69, 8.76]",https://www.google.com/search?tbm=isch&q=sherwinWilliams%20Sherwin%20Williams%207567%20Natural%20Tan%20color%20swatch,,,,,,,,,,,,,,,,,,,,,,,,,,,,,,,,,,,,,,,,,,,,
DB,sherwinwilliams,Sherwin Williams 7568 Neutral Ground,#E2DACA,0.8903846725676791,0.023237512397480516,84.59297111154149,226,218,202,"[226, 218, 202]",0%,4%,11%,11%,"[0%, 4%, 11%, 11%]",87.37,0.83,8.93,"[87.37, 0.83, 8.93]",https://www.google.com/search?tbm=isch&q=sherwinWilliams%20Sherwin%20Williams%207568%20Neutral%20Ground%20color%20swatch,,,,,,,,,,,,,,,,,,,,,,,,,,,,,,,,,,,,,,,,,,,,
DB,sherwinwilliams,Sherwin Williams 7569 Stucco,#DCCFBA,0.8594530294639288,0.03182989419671663,79.90940281476111,220,207,186,"[220, 207, 186]",0%,6%,15%,14%,"[0%, 6%, 15%, 14%]",83.77,2.11,12.18,"[83.77, 2.11, 12.18]",https://www.google.com/search?tbm=isch&q=sherwinWilliams%20Sherwin%20Williams%207569%20Stucco%20color%20swatch,,,,,,,,,,,,,,,,,,,,,,,,,,,,,,,,,,,,,,,,,,,,
DB,sherwinwilliams,Sherwin Williams 7570 Egret White,#DFD9CF,0.8872851628227701,0.01504884790521378,80.70396964327261,223,217,207,"[223, 217, 207]",0%,3%,7%,13%,"[0%, 3%, 7%, 13%]",86.97,0.84,5.71,"[86.97, 0.84, 5.71]",https://www.google.com/search?tbm=isch&q=sherwinWilliams%20Sherwin%20Williams%207570%20Egret%20White%20color%20swatch,,,,,,,,,,,,,,,,,,,,,,,,,,,,,,,,,,,,,,,,,,,,
DB,sherwinwilliams,Sherwin Williams 7571 Casa Blanca,#EDE1CE,0.9142297889446868,0.02854402113220225,79.46905614353727,237,225,206,"[237, 225, 206]",0%,5%,13%,7%,"[0%, 5%, 13%, 7%]",90.12,1.92,10.87,"[90.12, 1.92, 10.87]",https://www.google.com/search?tbm=isch&q=sherwinWilliams%20Sherwin%20Williams%207571%20Casa%20Blanca%20color%20swatch,,,,,,,,,,,,,,,,,,,,,,,,,,,,,,,,,,,,,,,,,,,,
DB,sherwinwilliams,Sherwin Williams 7572 Lotus Pod,#E7D7C2,0.8865586590372038,0.03328035766991644,74.76961875001933,231,215,194,"[231, 215, 194]",0%,7%,16%,9%,"[0%, 7%, 16%, 9%]",86.88,3.19,12.50,"[86.88, 3.19, 12.50]",https://www.google.com/search?tbm=isch&q=sherwinWilliams%20Sherwin%20Williams%207572%20Lotus%20Pod%20color%20swatch,,,,,,,,,,,,,,,,,,,,,,,,,,,,,,,,,,,,,,,,,,,,
DB,sherwinwilliams,Sherwin Williams 7573 Eaglet Beige,#E9D9C0,0.8916994697308035,0.03774147844387993,79.08897992270408,233,217,192,"[233, 217, 192]",0%,7%,18%,9%,"[0%, 7%, 18%, 9%]",87.52,2.74,14.46,"[87.52, 2.74, 14.46]",https://www.google.com/search?tbm=isch&q=sherwinWilliams%20Sherwin%20Williams%207573%20Eaglet%20Beige%20color%20swatch,,,,,,,,,,,,,,,,,,,,,,,,,,,,,,,,,,,,,,,,,,,,
DB,sherwinwilliams,Sherwin Williams 7574 Echelon Ecru,#E7D8BE,0.8875609388891484,0.0384326596905576,81.49692628418472,231,216,190,"[231, 216, 190]",0%,6%,18%,9%,"[0%, 6%, 18%, 9%]",87.06,2.26,14.83,"[87.06, 2.26, 14.83]",https://www.google.com/search?tbm=isch&q=sherwinWilliams%20Sherwin%20Williams%207574%20Echelon%20Ecru%20color%20swatch,,,,,,,,,,,,,,,,,,,,,,,,,,,,,,,,,,,,,,,,,,,,
DB,sherwinwilliams,Sherwin Williams 7575 Chopsticks,#E0D1B8,0.86632308750471,0.03747170049807158,80.60180228988168,224,209,184,"[224, 209, 184]",0%,7%,18%,12%,"[0%, 7%, 18%, 12%]",84.59,2.40,14.43,"[84.59, 2.40, 14.43]",https://www.google.com/search?tbm=isch&q=sherwinWilliams%20Sherwin%20Williams%207575%20Chopsticks%20color%20swatch,,,,,,,,,,,,,,,,,,,,,,,,,,,,,,,,,,,,,,,,,,,,
DB,sherwinwilliams,Sherwin Williams 7577 Blackberry,#533640,0.3703016389314751,0.04405650874939347,357.1329316541169,83,54,64,"[83, 54, 64]",0%,35%,23%,67%,"[0%, 35%, 23%, 67%]",26.39,14.60,-0.68,"[26.39, 14.60, -0.68]",https://www.google.com/search?tbm=isch&q=sherwinWilliams%20Sherwin%20Williams%207577%20Blackberry%20color%20swatch,,,,,,,,,,,,,,,,,,,,,,,,,,,,,,,,,,,,,,,,,,,,
DB,sherwinwilliams,Sherwin Williams 7578 Borscht,#72353D,0.4120024681361014,0.08622209258293528,13.425803907092927,114,53,61,"[114, 53, 61]",0%,54%,46%,55%,"[0%, 54%, 46%, 55%]",30.83,28.07,8.35,"[30.83, 28.07, 8.35]",https://www.google.com/search?tbm=isch&q=sherwinWilliams%20Sherwin%20Williams%207578%20Borscht%20color%20swatch,,,,,,,,,,,,,,,,,,,,,,,,,,,,,,,,,,,,,,,,,,,,
DB,sherwinwilliams,Sherwin Williams 7579 Alaea,#81585B,0.5053486448972214,0.05455043186407094,14.358037261438085,129,88,91,"[129, 88, 91]",0%,32%,29%,49%,"[0%, 32%, 29%, 49%]",42.02,17.78,5.47,"[42.02, 17.78, 5.47]",https://www.google.com/search?tbm=isch&q=sherwinWilliams%20Sherwin%20Williams%207579%20Alaea%20color%20swatch,,,,,,,,,,,,,,,,,,,,,,,,,,,,,,,,,,,,,,,,,,,,
DB,sherwinwilliams,Sherwin Williams 7580 Carnelian,#573E3E,0.3916911062088686,0.03525171650127858,18.778924275872896,87,62,62,"[87, 62, 62]",0%,29%,29%,66%,"[0%, 29%, 29%, 66%]",29.07,11.29,4.54,"[29.07, 11.29, 4.54]",https://www.google.com/search?tbm=isch&q=sherwinWilliams%20Sherwin%20Williams%207580%20Carnelian%20color%20swatch,,,,,,,,,,,,,,,,,,,,,,,,,,,,,,,,,,,,,,,,,,,,
DB,sherwinwilliams,Sherwin Williams 7582 Salute,#803532,0.4315449922813749,0.10479461813626918,24.739494397836268,128,53,50,"[128, 53, 50]",0%,59%,61%,50%,"[0%, 59%, 61%, 50%]",33.02,32.94,18.83,"[33.02, 32.94, 18.83]",https://www.google.com/search?tbm=isch&q=sherwinWilliams%20Sherwin%20Williams%207582%20Salute%20color%20swatch,,,,,,,,,,,,,,,,,,,,,,,,,,,,,,,,,,,,,,,,,,,,
DB,sherwinwilliams,Sherwin Williams 7583 Wild Currant,#7C3239,0.4221197434920073,0.10310356458542172,16.899297319275206,124,50,57,"[124, 50, 57]",0%,60%,54%,51%,"[0%, 60%, 54%, 51%]",31.85,33.29,12.67,"[31.85, 33.29, 12.67]",https://www.google.com/search?tbm=isch&q=sherwinWilliams%20Sherwin%20Williams%207583%20Wild%20Currant%20color%20swatch,,,,,,,,,,,,,,,,,,,,,,,,,,,,,,,,,,,,,,,,,,,,
DB,sherwinwilliams,Sherwin Williams 7584 Red Theatre,#6E3637,0.4059574053975982,0.07950854198166576,20.091601328707327,110,54,55,"[110, 54, 55]",0%,51%,50%,57%,"[0%, 51%, 50%, 57%]",30.27,25.40,11.35,"[30.27, 25.40, 11.35]",https://www.google.com/search?tbm=isch&q=sherwinWilliams%20Sherwin%20Williams%207584%20Red%20Theatre%20color%20swatch,,,,,,,,,,,,,,,,,,,,,,,,,,,,,,,,,,,,,,,,,,,,
DB,sherwinwilliams,Sherwin Williams 7585 Sun Dried Tomato,#692B2B,0.3767564216091453,0.08936539601458407,22.31480315823677,105,43,43,"[105, 43, 43]",0%,59%,59%,59%,"[0%, 59%, 59%, 59%]",26.80,28.36,14.43,"[26.80, 28.36, 14.43]",https://www.google.com/search?tbm=isch&q=sherwinWilliams%20Sherwin%20Williams%207585%20Sun%20Dried%20Tomato%20color%20swatch,,,,,,,,,,,,,,,,,,,,,,,,,,,,,,,,,,,,,,,,,,,,
DB,sherwinwilliams,Sherwin Williams 7586 Stolen Kiss,#813235,0.429395455823218,0.10944253437667523,20.663980747834728,129,50,53,"[129, 50, 53]",0%,61%,59%,49%,"[0%, 61%, 59%, 49%]",32.67,34.96,16.52,"[32.67, 34.96, 16.52]",https://www.google.com/search?tbm=isch&q=sherwinWilliams%20Sherwin%20Williams%207586%20Stolen%20Kiss%20color%20swatch,,,,,,,,,,,,,,,,,,,,,,,,,,,,,,,,,,,,,,,,,,,,
DB,sherwinwilliams,Sherwin Williams 7587 Antique Red,#9F4442,0.5063294367935859,0.12197887975806226,23.67795090780794,159,68,66,"[159, 68, 66]",0%,57%,58%,38%,"[0%, 57%, 58%, 38%]",41.51,38.51,20.95,"[41.51, 38.51, 20.95]",https://www.google.com/search?tbm=isch&q=sherwinWilliams%20Sherwin%20Williams%207587%20Antique%20Red%20color%20swatch,,,,,,,,,,,,,,,,,,,,,,,,,,,,,,,,,,,,,,,,,,,,
DB,sherwinwilliams,Sherwin Williams 7588 Show Stopper,#A42E37,0.48490669025881894,0.15353810597881792,20.96320162280699,164,46,55,"[164, 46, 55]",0%,72%,66%,36%,"[0%, 72%, 66%, 36%]",38.64,49.11,24.38,"[38.64, 49.11, 24.38]",https://www.google.com/search?tbm=isch&q=sherwinWilliams%20Sherwin%20Williams%207588%20Show%20Stopper%20color%20swatch,,,,,,,,,,,,,,,,,,,,,,,,,,,,,,,,,,,,,,,,,,,,
DB,sherwinwilliams,Sherwin Williams 7589 Habanero Chile,#B8473D,0.5490024491167435,0.14853908104681235,27.978453602096124,184,71,61,"[184, 71, 61]",0%,61%,67%,28%,"[0%, 61%, 67%, 28%]",46.26,46.12,30.88,"[46.26, 46.12, 30.88]",https://www.google.com/search?tbm=isch&q=sherwinWilliams%20Sherwin%20Williams%207589%20Habanero%20Chile%20color%20swatch,,,,,,,,,,,,,,,,,,,,,,,,,,,,,,,,,,,,,,,,,,,,
DB,sherwinwilliams,Sherwin Williams 7591 Red Barn,#7C453D,0.45472978609915315,0.077407206559806,29.194770848933842,124,69,61,"[124, 69, 61]",0%,44%,51%,51%,"[0%, 44%, 51%, 51%]",36.05,23.53,15.67,"[36.05, 23.53, 15.67]",https://www.google.com/search?tbm=isch&q=sherwinWilliams%20Sherwin%20Williams%207591%20Red%20Barn%20color%20swatch,,,,,,,,,,,,,,,,,,,,,,,,,,,,,,,,,,,,,,,,,,,,
DB,sherwinwilliams,Sherwin Williams 7592 Crabby Apple,#753531,0.4137058280137812,0.0909526184913782,25.42936585845257,117,53,49,"[117, 53, 49]",0%,55%,58%,54%,"[0%, 55%, 58%, 54%]",31.11,28.43,16.57,"[31.11, 28.43, 16.57]",https://www.google.com/search?tbm=isch&q=sherwinWilliams%20Sherwin%20Williams%207592%20Crabby%20Apple%20color%20swatch,,,,,,,,,,,,,,,,,,,,,,,,,,,,,,,,,,,,,,,,,,,,
DB,sherwinwilliams,Sherwin Williams 7593 Rustic Red,#703229,0.399140201105828,0.09001932941654436,30.01587140434907,112,50,41,"[112, 50, 41]",0%,55%,63%,56%,"[0%, 55%, 63%, 56%]",29.48,27.46,19.41,"[29.48, 27.46, 19.41]",https://www.google.com/search?tbm=isch&q=sherwinWilliams%20Sherwin%20Williams%207593%20Rustic%20Red%20color%20swatch,,,,,,,,,,,,,,,,,,,,,,,,,,,,,,,,,,,,,,,,,,,,
DB,sherwinwilliams,Sherwin Williams 7594 Carriage Door,#6E423E,0.4298925058799622,0.062024086919517794,25.565659630743767,110,66,62,"[110, 66, 62]",0%,40%,44%,57%,"[0%, 40%, 44%, 57%]",33.28,19.22,10.93,"[33.28, 19.22, 10.93]",https://www.google.com/search?tbm=isch&q=sherwinWilliams%20Sherwin%20Williams%207594%20Carriage%20Door%20color%20swatch,,,,,,,,,,,,,,,,,,,,,,,,,,,,,,,,,,,,,,,,,,,,
DB,sherwinwilliams,Sherwin Williams 7595 Sommelier,#5D3736,0.3826701136524232,0.05472949336324839,21.556540420759234,93,55,54,"[93, 55, 54]",0%,41%,42%,64%,"[0%, 41%, 42%, 64%]",27.84,17.33,8.19,"[27.84, 17.33, 8.19]",https://www.google.com/search?tbm=isch&q=sherwinWilliams%20Sherwin%20Williams%207595%20Sommelier%20color%20swatch,,,,,,,,,,,,,,,,,,,,,,,,,,,,,,,,,,,,,,,,,,,,
DB,sherwinwilliams,Sherwin Williams 7596 Only Natural,#E2D3C4,0.87496443152866,0.026295370486482443,67.47350579781028,226,211,196,"[226, 211, 196]",0%,7%,13%,11%,"[0%, 7%, 13%, 11%]",85.49,3.53,9.42,"[85.49, 3.53, 9.42]",https://www.google.com/search?tbm=isch&q=sherwinWilliams%20Sherwin%20Williams%207596%20Only%20Natural%20color%20swatch,,,,,,,,,,,,,,,,,,,,,,,,,,,,,,,,,,,,,,,,,,,,
DB,sherwinwilliams,Sherwin Williams 7598 Sierra Redwood,#924E3C,0.5017726464285686,0.0960383093699384,35.77039040863332,146,78,60,"[146, 78, 60]",0%,47%,59%,43%,"[0%, 47%, 59%, 43%]",41.42,27.89,23.92,"[41.42, 27.89, 23.92]",https://www.google.com/search?tbm=isch&q=sherwinWilliams%20Sherwin%20Williams%207598%20Sierra%20Redwood%20color%20swatch,,,,,,,,,,,,,,,,,,,,,,,,,,,,,,,,,,,,,,,,,,,,
DB,sherwinwilliams,Sherwin Williams 7599 Brick Paver,#93402F,0.4781459766211371,0.11621501041791908,33.159895877504994,147,64,47,"[147, 64, 47]",0%,56%,68%,42%,"[0%, 56%, 68%, 42%]",38.44,34.85,28.10,"[38.44, 34.85, 28.10]",https://www.google.com/search?tbm=isch&q=sherwinWilliams%20Sherwin%20Williams%207599%20Brick%20Paver%20color%20swatch,,,,,,,,,,,,,,,,,,,,,,,,,,,,,,,,,,,,,,,,,,,,
DB,sherwinwilliams,Sherwin Williams 7600 Bolero,#903934,0.46384879071301793,0.11924136214620518,26.058618509999008,144,57,52,"[144, 57, 52]",0%,60%,64%,44%,"[0%, 60%, 64%, 44%]",36.64,37.30,22.80,"[36.64, 37.30, 22.80]",https://www.google.com/search?tbm=isch&q=sherwinWilliams%20Sherwin%20Williams%207600%20Bolero%20color%20swatch,,,,,,,,,,,,,,,,,,,,,,,,,,,,,,,,,,,,,,,,,,,,
DB,sherwinwilliams,Sherwin Williams 7601 Dockside Blue,#A0B3BC,0.7549762831371712,0.02474919425449556,227.85035333429494,160,179,188,"[160, 179, 188]",15%,5%,0%,26%,"[15%, 5%, 0%, 26%]",71.68,-5.39,-6.95,"[71.68, -5.39, -6.95]",https://www.google.com/search?tbm=isch&q=sherwinWilliams%20Sherwin%20Williams%207601%20Dockside%20Blue%20color%20swatch,,,,,,,,,,,,,,,,,,,,,,,,,,,,,,,,,,,,,,,,,,,,
DB,sherwinwilliams,Sherwin Williams 7602 Indigo Batik,#3E5063,0.4239155478114015,0.038984697129196076,250.131714702389,62,80,99,"[62, 80, 99]",37%,19%,0%,61%,"[37%, 19%, 0%, 61%]",33.09,-3.26,-13.52,"[33.09, -3.26, -13.52]",https://www.google.com/search?tbm=isch&q=sherwinWilliams%20Sherwin%20Williams%207602%20Indigo%20Batik%20color%20swatch,,,,,,,,,,,,,,,,,,,,,,,,,,,,,,,,,,,,,,,,,,,,
DB,sherwinwilliams,Sherwin Williams 7603 Poolhouse,#8095A0,0.6570689483222911,0.02900256910282233,230.61804361673535,128,149,160,"[128, 149, 160]",20%,7%,0%,37%,"[20%, 7%, 0%, 37%]",60.32,-5.87,-8.45,"[60.32, -5.87, -8.45]",https://www.google.com/search?tbm=isch&q=sherwinWilliams%20Sherwin%20Williams%207603%20Poolhouse%20color%20swatch,,,,,,,,,,,,,,,,,,,,,,,,,,,,,,,,,,,,,,,,,,,,
DB,sherwinwilliams,Sherwin Williams 7604 Smoky Blue,#596E79,0.5252379184496325,0.030407048410179414,230.88088836236943,89,110,121,"[89, 110, 121]",26%,9%,0%,53%,"[26%, 9%, 0%, 53%]",45.03,-6.02,-8.85,"[45.03, -6.02, -8.85]",https://www.google.com/search?tbm=isch&q=sherwinWilliams%20Sherwin%20Williams%207604%20Smoky%20Blue%20color%20swatch,,,,,,,,,,,,,,,,,,,,,,,,,,,,,,,,,,,,,,,,,,,,
DB,sherwinwilliams,Sherwin Williams 7605 Gale Force,#35454E,0.3801869920160387,0.025616073905440635,232.95672303717834,53,69,78,"[53, 69, 78]",32%,12%,0%,69%,"[32%, 12%, 0%, 69%]",28.17,-4.75,-7.64,"[28.17, -4.75, -7.64]",https://www.google.com/search?tbm=isch&q=sherwinWilliams%20Sherwin%20Williams%207605%20Gale%20Force%20color%20swatch,,,,,,,,,,,,,,,,,,,,,,,,,,,,,,,,,,,,,,,,,,,,
DB,sherwinwilliams,Sherwin Williams 7606 Blue Cruise,#6591A8,0.6333504996928205,0.05913057716047284,231.67583795215444,101,145,168,"[101, 145, 168]",40%,14%,0%,34%,"[40%, 14%, 0%, 34%]",57.62,-10.98,-17.21,"[57.62, -10.98, -17.21]",https://www.google.com/search?tbm=isch&q=sherwinWilliams%20Sherwin%20Williams%207606%20Blue%20Cruise%20color%20swatch,,,,,,,,,,,,,,,,,,,,,,,,,,,,,,,,,,,,,,,,,,,,
DB,sherwinwilliams,Sherwin Williams 7607 Santorini Blue,#416D83,0.511907757929755,0.059894173831139076,231.30209025870226,65,109,131,"[65, 109, 131]",50%,17%,0%,49%,"[50%, 17%, 0%, 49%]",43.53,-10.89,-17.24,"[43.53, -10.89, -17.24]",https://www.google.com/search?tbm=isch&q=sherwinWilliams%20Sherwin%20Williams%207607%20Santorini%20Blue%20color%20swatch,,,,,,,,,,,,,,,,,,,,,,,,,,,,,,,,,,,,,,,,,,,,
DB,sherwinwilliams,Sherwin Williams 7608 Adrift,#87AAB9,0.7171993037827878,0.04399972167862293,225.90132199302207,135,170,185,"[135, 170, 185]",27%,8%,0%,27%,"[27%, 8%, 0%, 27%]",67.39,-9.74,-11.87,"[67.39, -9.74, -11.87]",https://www.google.com/search?tbm=isch&q=sherwinWilliams%20Sherwin%20Williams%207608%20Adrift%20color%20swatch,,,,,,,,,,,,,,,,,,,,,,,,,,,,,,,,,,,,,,,,,,,,
DB,sherwinwilliams,Sherwin Williams 7609 Georgian Revival Blue,#5B8D9F,0.6147963319179562,0.06010019660990698,222.74558189153572,91,141,159,"[91, 141, 159]",43%,11%,0%,38%,"[43%, 11%, 0%, 38%]",55.61,-13.77,-15.19,"[55.61, -13.77, -15.19]",https://www.google.com/search?tbm=isch&q=sherwinWilliams%20Sherwin%20Williams%207609%20Georgian%20Revival%20Blue%20color%20swatch,,,,,,,,,,,,,,,,,,,,,,,,,,,,,,,,,,,,,,,,,,,,
DB,sherwinwilliams,Sherwin Williams 7610 Turkish Tile,#3E758A,0.5332926679757837,0.06675533401845568,225.11039695378497,62,117,138,"[62, 117, 138]",55%,15%,0%,46%,"[55%, 15%, 0%, 46%]",46.13,-14.16,-17.46,"[46.13, -14.16, -17.46]",https://www.google.com/search?tbm=isch&q=sherwinWilliams%20Sherwin%20Williams%207610%20Turkish%20Tile%20color%20swatch,,,,,,,,,,,,,,,,,,,,,,,,,,,,,,,,,,,,,,,,,,,,
DB,sherwinwilliams,Sherwin Williams 7611 Tranquil Aqua,#7C9AA0,0.6654829959331688,0.03459257164186765,211.15570989138337,124,154,160,"[124, 154, 160]",22%,4%,0%,37%,"[22%, 4%, 0%, 37%]",61.46,-9.79,-6.80,"[61.46, -9.79, -6.80]",https://www.google.com/search?tbm=isch&q=sherwinWilliams%20Sherwin%20Williams%207611%20Tranquil%20Aqua%20color%20swatch,,,,,,,,,,,,,,,,,,,,,,,,,,,,,,,,,,,,,,,,,,,,
DB,sherwinwilliams,Sherwin Williams 7612 Mountain Stream,#679199,0.6288536638448274,0.04743147162265226,210.66736186728428,103,145,153,"[103, 145, 153]",33%,5%,0%,40%,"[33%, 5%, 0%, 40%]",57.32,-13.40,-9.14,"[57.32, -13.40, -9.14]",https://www.google.com/search?tbm=isch&q=sherwinWilliams%20Sherwin%20Williams%207612%20Mountain%20Stream%20color%20swatch,,,,,,,,,,,,,,,,,,,,,,,,,,,,,,,,,,,,,,,,,,,,
DB,sherwinwilliams,Sherwin Williams 7613 Aqua‐Sphere,#9CB0B3,0.7427500426499285,0.022636723435911846,207.56936399297797,156,176,179,"[156, 176, 179]",13%,2%,0%,30%,"[13%, 2%, 0%, 30%]",70.35,-6.71,-4.02,"[70.35, -6.71, -4.02]",https://www.google.com/search?tbm=isch&q=sherwinWilliams%20Sherwin%20Williams%207613%20Aqua%E2%80%90Sphere%20color%20swatch,,,,,,,,,,,,,,,,,,,,,,,,,,,,,,,,,,,,,,,,,,,,
DB,sherwinwilliams,Sherwin Williams 7614 St. Bart's,#577C88,0.5630608667849459,0.045480122356987125,220.02867650127928,87,124,136,"[87, 124, 136]",36%,9%,0%,47%,"[36%, 9%, 0%, 47%]",49.57,-11.12,-10.96,"[49.57, -11.12, -10.96]",https://www.google.com/search?tbm=isch&q=sherwinWilliams%20Sherwin%20Williams%207614%20St.%20Bart's%20color%20swatch,,,,,,,,,,,,,,,,,,,,,,,,,,,,,,,,,,,,,,,,,,,,
DB,sherwinwilliams,Sherwin Williams 7615 Sea Serpent,#3E4B54,0.4049387379725173,0.022519926875472045,238.35202819435585,62,75,84,"[62, 75, 84]",26%,11%,0%,67%,"[26%, 11%, 0%, 67%]",31.00,-3.61,-7.18,"[31.00, -3.61, -7.18]",https://www.google.com/search?tbm=isch&q=sherwinWilliams%20Sherwin%20Williams%207615%20Sea%20Serpent%20color%20swatch,,,,,,,,,,,,,,,,,,,,,,,,,,,,,,,,,,,,,,,,,,,,
DB,sherwinwilliams,Sherwin Williams 7616 Breezy,#A0AEAF,0.7401584758403603,0.015769495222089838,201.9963455676782,160,174,175,"[160, 174, 175]",9%,1%,0%,31%,"[9%, 1%, 0%, 31%]",70.01,-4.92,-2.28,"[70.01, -4.92, -2.28]",https://www.google.com/search?tbm=isch&q=sherwinWilliams%20Sherwin%20Williams%207616%20Breezy%20color%20swatch,,,,,,,,,,,,,,,,,,,,,,,,,,,,,,,,,,,,,,,,,,,,
DB,sherwinwilliams,Sherwin Williams 7617 Mediterranean,#60797D,0.557768404853327,0.029694790801963473,208.29703056737753,96,121,125,"[96, 121, 125]",23%,3%,0%,51%,"[23%, 3%, 0%, 51%]",48.95,-8.68,-5.36,"[48.95, -8.68, -5.36]",https://www.google.com/search?tbm=isch&q=sherwinWilliams%20Sherwin%20Williams%207617%20Mediterranean%20color%20swatch,,,,,,,,,,,,,,,,,,,,,,,,,,,,,,,,,,,,,,,,,,,,
DB,sherwinwilliams,Sherwin Williams 7618 Deep Sea Dive,#376167,0.46442379960686375,0.04785845474046596,207.36581120331869,55,97,103,"[55, 97, 103]",47%,6%,0%,60%,"[47%, 6%, 0%, 60%]",38.27,-13.97,-8.28,"[38.27, -13.97, -8.28]",https://www.google.com/search?tbm=isch&q=sherwinWilliams%20Sherwin%20Williams%207618%20Deep%20Sea%20Dive%20color%20swatch,,,,,,,,,,,,,,,,,,,,,,,,,,,,,,,,,,,,,,,,,,,,
DB,sherwinwilliams,Sherwin Williams 7619 Labradorite,#657B83,0.5681654696657008,0.028507707344159344,221.89878435568016,101,123,131,"[101, 123, 131]",23%,6%,0%,49%,"[23%, 6%, 0%, 49%]",50.06,-6.88,-7.19,"[50.06, -6.88, -7.19]",https://www.google.com/search?tbm=isch&q=sherwinWilliams%20Sherwin%20Williams%207619%20Labradorite%20color%20swatch,,,,,,,,,,,,,,,,,,,,,,,,,,,,,,,,,,,,,,,,,,,,
DB,sherwinwilliams,Sherwin Williams 7620 Seaworthy,#314D58,0.4025721347227599,0.03836735520858156,224.67290809374845,49,77,88,"[49, 77, 88]",44%,12%,0%,65%,"[44%, 12%, 0%, 65%]",30.87,-8.46,-10.04,"[30.87, -8.46, -10.04]",https://www.google.com/search?tbm=isch&q=sherwinWilliams%20Sherwin%20Williams%207620%20Seaworthy%20color%20swatch,,,,,,,,,,,,,,,,,,,,,,,,,,,,,,,,,,,,,,,,,,,,
DB,sherwinwilliams,Sherwin Williams 7621 Silvermist,#B0B8B2,0.774523714239905,0.01223231222565909,153.60693331866253,176,184,178,"[176, 184, 178]",4%,0%,3%,28%,"[4%, 0%, 3%, 28%]",74.01,-3.74,2.04,"[74.01, -3.74, 2.04]",https://www.google.com/search?tbm=isch&q=sherwinWilliams%20Sherwin%20Williams%207621%20Silvermist%20color%20swatch,,,,,,,,,,,,,,,,,,,,,,,,,,,,,,,,,,,,,,,,,,,,
DB,sherwinwilliams,Sherwin Williams 7622 Homburg Gray,#666D69,0.5274344983942374,0.010543408511510302,161.09287245104815,102,109,105,"[102, 109, 105]",6%,0%,4%,57%,"[6%, 0%, 4%, 57%]",45.33,-3.40,1.27,"[45.33, -3.40, 1.27]",https://www.google.com/search?tbm=isch&q=sherwinWilliams%20Sherwin%20Williams%207622%20Homburg%20Gray%20color%20swatch,,,,,,,,,,,,,,,,,,,,,,,,,,,,,,,,,,,,,,,,,,,,
DB,sherwinwilliams,Sherwin Williams 7623 Cascades,#273E3E,0.3449067264142776,0.028741529924555233,195.8999280870919,39,62,62,"[39, 62, 62]",37%,0%,0%,76%,"[37%, 0%, 0%, 76%]",24.31,-9.33,-3.03,"[24.31, -9.33, -3.03]",https://www.google.com/search?tbm=isch&q=sherwinWilliams%20Sherwin%20Williams%207623%20Cascades%20color%20swatch,,,,,,,,,,,,,,,,,,,,,,,,,,,,,,,,,,,,,,,,,,,,
DB,sherwinwilliams,Sherwin Williams 7624 Slate Tile,#606E74,0.5286382288338478,0.019367829286420366,225.45921486101554,96,110,116,"[96, 110, 116]",17%,5%,0%,55%,"[17%, 5%, 0%, 55%]",45.41,-4.42,-5.23,"[45.41, -4.42, -5.23]",https://www.google.com/search?tbm=isch&q=sherwinWilliams%20Sherwin%20Williams%207624%20Slate%20Tile%20color%20swatch,,,,,,,,,,,,,,,,,,,,,,,,,,,,,,,,,,,,,,,,,,,,
DB,sherwinwilliams,Sherwin Williams 7625 Mount Etna,#3D484C,0.39336978468066996,0.01576500924424219,221.74552945016865,61,72,76,"[61, 72, 76]",20%,5%,0%,70%,"[20%, 5%, 0%, 70%]",29.72,-3.84,-3.98,"[29.72, -3.84, -3.98]",https://www.google.com/search?tbm=isch&q=sherwinWilliams%20Sherwin%20Williams%207625%20Mount%20Etna%20color%20swatch,,,,,,,,,,,,,,,,,,,,,,,,,,,,,,,,,,,,,,,,,,,,
DB,sherwinwilliams,Sherwin Williams 7626 Zurich White,#E6E1D9,0.9114493503695615,0.01207214770591843,79.78210533091396,230,225,217,"[230, 225, 217]",0%,2%,6%,10%,"[0%, 2%, 6%, 10%]",89.76,0.73,4.56,"[89.76, 0.73, 4.56]",https://www.google.com/search?tbm=isch&q=sherwinWilliams%20Sherwin%20Williams%207626%20Zurich%20White%20color%20swatch,,,,,,,,,,,,,,,,,,,,,,,,,,,,,,,,,,,,,,,,,,,,
DB,sherwinwilliams,Sherwin Williams 7627 White Heron,#E7E1D7,0.9117078333275804,0.014949743739466807,80.70525234631003,231,225,215,"[231, 225, 215]",0%,3%,7%,9%,"[0%, 3%, 7%, 9%]",89.80,0.83,5.67,"[89.80, 0.83, 5.67]",https://www.google.com/search?tbm=isch&q=sherwinWilliams%20Sherwin%20Williams%207627%20White%20Heron%20color%20swatch,,,,,,,,,,,,,,,,,,,,,,,,,,,,,,,,,,,,,,,,,,,,
DB,sherwinwilliams,Sherwin Williams 7628 Windfresh White,#DED8CF,0.8844897774633242,0.01387029678164128,78.25650138503289,222,216,207,"[222, 216, 207]",0%,3%,7%,13%,"[0%, 3%, 7%, 13%]",86.63,0.97,5.22,"[86.63, 0.97, 5.22]",https://www.google.com/search?tbm=isch&q=sherwinWilliams%20Sherwin%20Williams%207628%20Windfresh%20White%20color%20swatch,,,,,,,,,,,,,,,,,,,,,,,,,,,,,,,,,,,,,,,,,,,,
DB,sherwinwilliams,Sherwin Williams 7629 Grapy,#786E70,0.5480415938138659,0.012832016816729533,3.8109837054798845,120,110,112,"[120, 110, 112]",0%,8%,7%,53%,"[0%, 8%, 7%, 53%]",47.42,4.32,0.37,"[47.42, 4.32, 0.37]",https://www.google.com/search?tbm=isch&q=sherwinWilliams%20Sherwin%20Williams%207629%20Grapy%20color%20swatch,,,,,,,,,,,,,,,,,,,,,,,,,,,,,,,,,,,,,,,,,,,,
DB,sherwinwilliams,Sherwin Williams 7630 Raisin,#392B2D,0.30580832110782585,0.020987029084148272,8.780941741516301,57,43,45,"[57, 43, 45]",0%,25%,21%,78%,"[0%, 25%, 21%, 78%]",19.23,6.96,1.31,"[19.23, 6.96, 1.31]",https://www.google.com/search?tbm=isch&q=sherwinWilliams%20Sherwin%20Williams%207630%20Raisin%20color%20swatch,,,,,,,,,,,,,,,,,,,,,,,,,,,,,,,,,,,,,,,,,,,,
DB,sherwinwilliams,Sherwin Williams 7631 City Loft,#DFDAD1,0.8898146126586807,0.01335104767659562,82.40122472428499,223,218,209,"[223, 218, 209]",0%,2%,6%,13%,"[0%, 2%, 6%, 13%]",87.26,0.61,5.08,"[87.26, 0.61, 5.08]",https://www.google.com/search?tbm=isch&q=sherwinWilliams%20Sherwin%20Williams%207631%20City%20Loft%20color%20swatch,,,,,,,,,,,,,,,,,,,,,,,,,,,,,,,,,,,,,,,,,,,,
DB,sherwinwilliams,Sherwin Williams 7632 Modern Gray,#D6CEC3,0.8547917655239834,0.01745063768801261,76.09490256978336,214,206,195,"[214, 206, 195]",0%,4%,9%,16%,"[0%, 4%, 9%, 16%]",83.19,1.46,6.53,"[83.19, 1.46, 6.53]",https://www.google.com/search?tbm=isch&q=sherwinWilliams%20Sherwin%20Williams%207632%20Modern%20Gray%20color%20swatch,,,,,,,,,,,,,,,,,,,,,,,,,,,,,,,,,,,,,,,,,,,,
DB,sherwinwilliams,Sherwin Williams 7633 Taupe Tone,#ADA090,0.7124290013708681,0.02731050707177667,73.06975205416404,173,160,144,"[173, 160, 144]",0%,8%,17%,32%,"[0%, 8%, 17%, 32%]",66.66,2.89,10.17,"[66.66, 2.89, 10.17]",https://www.google.com/search?tbm=isch&q=sherwinWilliams%20Sherwin%20Williams%207633%20Taupe%20Tone%20color%20swatch,,,,,,,,,,,,,,,,,,,,,,,,,,,,,,,,,,,,,,,,,,,,
DB,sherwinwilliams,Sherwin Williams 7634 Pediment,#D3CCC4,0.8485944935932735,0.013463439930292514,71.30855371759412,211,204,196,"[211, 204, 196]",0%,3%,7%,17%,"[0%, 3%, 7%, 17%]",82.45,1.47,4.91,"[82.45, 1.47, 4.91]",https://www.google.com/search?tbm=isch&q=sherwinWilliams%20Sherwin%20Williams%207634%20Pediment%20color%20swatch,,,,,,,,,,,,,,,,,,,,,,,,,,,,,,,,,,,,,,,,,,,,
DB,sherwinwilliams,Sherwin Williams 7635 Palisade,#AA9E95,0.7069436831957061,0.019131364565941236,59.360852161034245,170,158,149,"[170, 158, 149]",0%,7%,12%,33%,"[0%, 7%, 12%, 33%]",65.96,3.36,6.38,"[65.96, 3.36, 6.38]",https://www.google.com/search?tbm=isch&q=sherwinWilliams%20Sherwin%20Williams%207635%20Palisade%20color%20swatch,,,,,,,,,,,,,,,,,,,,,,,,,,,,,,,,,,,,,,,,,,,,
DB,sherwinwilliams,Sherwin Williams 7636 Origami White,#E5E2DA,0.9129106076625151,0.011231144508937913,89.72768848919657,229,226,218,"[229, 226, 218]",0%,1%,5%,10%,"[0%, 1%, 5%, 10%]",89.95,0.01,4.30,"[89.95, 0.01, 4.30]",https://www.google.com/search?tbm=isch&q=sherwinWilliams%20Sherwin%20Williams%207636%20Origami%20White%20color%20swatch,,,,,,,,,,,,,,,,,,,,,,,,,,,,,,,,,,,,,,,,,,,,
DB,sherwinwilliams,Sherwin Williams 7637 Oyster White,#E2DDD0,0.8979203184507741,0.018309228491828856,89.3665349835627,226,221,208,"[226, 221, 208]",0%,2%,8%,11%,"[0%, 2%, 8%, 11%]",88.25,0.10,7.04,"[88.25, 0.10, 7.04]",https://www.google.com/search?tbm=isch&q=sherwinWilliams%20Sherwin%20Williams%207637%20Oyster%20White%20color%20swatch,,,,,,,,,,,,,,,,,,,,,,,,,,,,,,,,,,,,,,,,,,,,
DB,sherwinwilliams,Sherwin Williams 7638 Jogging Path,#C0B9A9,0.7870611694604983,0.023508237294109283,87.16790380864279,192,185,169,"[192, 185, 169]",0%,4%,12%,25%,"[0%, 4%, 12%, 25%]",75.40,0.50,9.08,"[75.40, 0.50, 9.08]",https://www.google.com/search?tbm=isch&q=sherwinWilliams%20Sherwin%20Williams%207638%20Jogging%20Path%20color%20swatch,,,,,,,,,,,,,,,,,,,,,,,,,,,,,,,,,,,,,,,,,,,,
DB,sherwinwilliams,Sherwin Williams 7639 Ethereal Mood,#AEA594,0.7247722219297577,0.02611650431466736,83.40197462263268,174,165,148,"[174, 165, 148]",0%,5%,15%,32%,"[0%, 5%, 15%, 32%]",68.16,1.19,10.08,"[68.16, 1.19, 10.08]",https://www.google.com/search?tbm=isch&q=sherwinWilliams%20Sherwin%20Williams%207639%20Ethereal%20Mood%20color%20swatch,,,,,,,,,,,,,,,,,,,,,,,,,,,,,,,,,,,,,,,,,,,,
DB,sherwinwilliams,Sherwin Williams 7640 Fawn Brindle,#A7A094,0.7082203652315756,0.018936691091902685,81.31196724222167,167,160,148,"[167, 160, 148]",0%,4%,11%,35%,"[0%, 4%, 11%, 35%]",66.21,1.04,7.23,"[66.21, 1.04, 7.23]",https://www.google.com/search?tbm=isch&q=sherwinWilliams%20Sherwin%20Williams%207640%20Fawn%20Brindle%20color%20swatch,,,,,,,,,,,,,,,,,,,,,,,,,,,,,,,,,,,,,,,,,,,,
DB,sherwinwilliams,Sherwin Williams 7641 Colonnade Gray,#C6C0B6,0.8098421406711773,0.015386141605012574,80.699040805847,198,192,182,"[198, 192, 182]",0%,3%,8%,22%,"[0%, 3%, 8%, 22%]",77.99,0.87,5.84,"[77.99, 0.87, 5.84]",https://www.google.com/search?tbm=isch&q=sherwinWilliams%20Sherwin%20Williams%207641%20Colonnade%20Gray%20color%20swatch,,,,,,,,,,,,,,,,,,,,,,,,,,,,,,,,,,,,,,,,,,,,
DB,sherwinwilliams,Sherwin Williams 7642 Pavestone,#A0998F,0.6860022279180041,0.016577484689896223,77.0239752419717,160,153,143,"[160, 153, 143]",0%,4%,11%,37%,"[0%, 4%, 11%, 37%]",63.61,1.31,6.24,"[63.61, 1.31, 6.24]",https://www.google.com/search?tbm=isch&q=sherwinWilliams%20Sherwin%20Williams%207642%20Pavestone%20color%20swatch,,,,,,,,,,,,,,,,,,,,,,,,,,,,,,,,,,,,,,,,,,,,
DB,sherwinwilliams,Sherwin Williams 7643 Pussywillow,#B2ADA4,0.7491676132170917,0.013920768807664128,82.39851532281654,178,173,164,"[178, 173, 164]",0%,3%,8%,30%,"[0%, 3%, 8%, 30%]",70.95,0.65,5.31,"[70.95, 0.65, 5.31]",https://www.google.com/search?tbm=isch&q=sherwinWilliams%20Sherwin%20Williams%207643%20Pussywillow%20color%20swatch,,,,,,,,,,,,,,,,,,,,,,,,,,,,,,,,,,,,,,,,,,,,
DB,sherwinwilliams,Sherwin Williams 7644 Gateway Gray,#B2AC9C,0.7449199420069316,0.023442875314848264,89.83451394741434,178,172,156,"[178, 172, 156]",0%,3%,12%,30%,"[0%, 3%, 12%, 30%]",70.52,0.14,9.07,"[70.52, 0.14, 9.07]",https://www.google.com/search?tbm=isch&q=sherwinWilliams%20Sherwin%20Williams%207644%20Gateway%20Gray%20color%20swatch,,,,,,,,,,,,,,,,,,,,,,,,,,,,,,,,,,,,,,,,,,,,
DB,sherwinwilliams,Sherwin Williams 7645 Thunder Gray,#57534C,0.44379865890287606,0.01236217826135025,81.76758490490874,87,83,76,"[87, 83, 76]",0%,5%,13%,66%,"[0%, 5%, 13%, 66%]",35.52,0.65,4.73,"[35.52, 0.65, 4.73]",https://www.google.com/search?tbm=isch&q=sherwinWilliams%20Sherwin%20Williams%207645%20Thunder%20Gray%20color%20swatch,,,,,,,,,,,,,,,,,,,,,,,,,,,,,,,,,,,,,,,,,,,,
DB,sherwinwilliams,Sherwin Williams 7646 First Star,#DAD9D4,0.8846761326650772,0.006860145718125157,97.36275610014769,218,217,212,"[218, 217, 212]",0%,0%,3%,15%,"[0%, 0%, 3%, 15%]",86.67,-0.31,2.60,"[86.67, -0.31, 2.60]",https://www.google.com/search?tbm=isch&q=sherwinWilliams%20Sherwin%20Williams%207646%20First%20Star%20color%20swatch,,,,,,,,,,,,,,,,,,,,,,,,,,,,,,,,,,,,,,,,,,,,
DB,sherwinwilliams,Sherwin Williams 7647 Crushed Ice,#D6D3CC,0.8672642958061576,0.010088910673275156,87.47766780001183,214,211,204,"[214, 211, 204]",0%,1%,5%,16%,"[0%, 1%, 5%, 16%]",84.65,0.15,3.86,"[84.65, 0.15, 3.86]",https://www.google.com/search?tbm=isch&q=sherwinWilliams%20Sherwin%20Williams%207647%20Crushed%20Ice%20color%20swatch,,,,,,,,,,,,,,,,,,,,,,,,,,,,,,,,,,,,,,,,,,,,
DB,sherwinwilliams,Sherwin Williams 7648 Big Chill,#D0CEC9,0.8515808206199856,0.007195653951699741,88.64992712690866,208,206,201,"[208, 206, 201]",0%,1%,3%,18%,"[0%, 1%, 3%, 18%]",82.82,0.05,2.75,"[82.82, 0.05, 2.75]",https://www.google.com/search?tbm=isch&q=sherwinWilliams%20Sherwin%20Williams%207648%20Big%20Chill%20color%20swatch,,,,,,,,,,,,,,,,,,,,,,,,,,,,,,,,,,,,,,,,,,,,
DB,sherwinwilliams,Sherwin Williams 7649 Silverplate,#C2C0BA,0.8076797613861996,0.008610431363662732,91.50063640446638,194,192,186,"[194, 192, 186]",0%,1%,4%,24%,"[0%, 1%, 4%, 24%]",77.74,-0.08,3.29,"[77.74, -0.08, 3.29]",https://www.google.com/search?tbm=isch&q=sherwinWilliams%20Sherwin%20Williams%207649%20Silverplate%20color%20swatch,,,,,,,,,,,,,,,,,,,,,,,,,,,,,,,,,,,,,,,,,,,,
DB,sherwinwilliams,Sherwin Williams 7650 Ellie Gray,#AAA9A4,0.734155851737878,0.007182228797893864,97.3892431062153,170,169,164,"[170, 169, 164]",0%,1%,4%,33%,"[0%, 1%, 4%, 33%]",69.21,-0.32,2.72,"[69.21, -0.32, 2.72]",https://www.google.com/search?tbm=isch&q=sherwinWilliams%20Sherwin%20Williams%207650%20Ellie%20Gray%20color%20swatch,,,,,,,,,,,,,,,,,,,,,,,,,,,,,,,,,,,,,,,,,,,,
DB,sherwinwilliams,Sherwin Williams 7651 Front Porch,#CCCCC5,0.8432336451125753,0.009569751353897035,106.60306573198466,204,204,197,"[204, 204, 197]",0%,0%,3%,20%,"[0%, 0%, 3%, 20%]",81.90,-0.94,3.50,"[81.90, -0.94, 3.50]",https://www.google.com/search?tbm=isch&q=sherwinWilliams%20Sherwin%20Williams%207651%20Front%20Porch%20color%20swatch,,,,,,,,,,,,,,,,,,,,,,,,,,,,,,,,,,,,,,,,,,,,
DB,sherwinwilliams,Sherwin Williams 7652 Mineral Deposit,#ABB0AC,0.7520122605922724,0.007952716679795066,151.84663482767655,171,176,172,"[171, 176, 172]",3%,0%,2%,31%,"[3%, 0%, 2%, 31%]",71.34,-2.39,1.41,"[71.34, -2.39, 1.41]",https://www.google.com/search?tbm=isch&q=sherwinWilliams%20Sherwin%20Williams%207652%20Mineral%20Deposit%20color%20swatch,,,,,,,,,,,,,,,,,,,,,,,,,,,,,,,,,,,,,,,,,,,,
DB,sherwinwilliams,Sherwin Williams 7653 Silverpointe,#D1D2CB,0.8610139924124648,0.009576241359069197,113.1875069017446,209,210,203,"[209, 210, 203]",0%,0%,3%,18%,"[0%, 0%, 3%, 18%]",83.97,-1.29,3.35,"[83.97, -1.29, 3.35]",https://www.google.com/search?tbm=isch&q=sherwinWilliams%20Sherwin%20Williams%207653%20Silverpointe%20color%20swatch,,,,,,,,,,,,,,,,,,,,,,,,,,,,,,,,,,,,,,,,,,,,
DB,sherwinwilliams,Sherwin Williams 7654 Lattice,#CECEC6,0.8491570023612867,0.010912475139412776,106.62973598330035,206,206,198,"[206, 206, 198]",0%,0%,4%,19%,"[0%, 0%, 4%, 19%]",82.59,-1.07,3.99,"[82.59, -1.07, 3.99]",https://www.google.com/search?tbm=isch&q=sherwinWilliams%20Sherwin%20Williams%207654%20Lattice%20color%20swatch,,,,,,,,,,,,,,,,,,,,,,,,,,,,,,,,,,,,,,,,,,,,
DB,sherwinwilliams,Sherwin Williams 7655 Stamped Concrete,#A0A09A,0.7039766092550647,0.008578967944997852,106.61794458490164,160,160,154,"[160, 160, 154]",0%,0%,4%,37%,"[0%, 0%, 4%, 37%]",65.73,-0.84,3.14,"[65.73, -0.84, 3.14]",https://www.google.com/search?tbm=isch&q=sherwinWilliams%20Sherwin%20Williams%207655%20Stamped%20Concrete%20color%20swatch,,,,,,,,,,,,,,,,,,,,,,,,,,,,,,,,,,,,,,,,,,,,
DB,sherwinwilliams,Sherwin Williams 7656 Rhinestone,#DEE0DE,0.9045867555941035,0.003439523791866828,145.54745470778778,222,224,222,"[222, 224, 222]",1%,0%,1%,12%,"[1%, 0%, 1%, 12%]",88.98,-0.97,0.73,"[88.98, -0.97, 0.73]",https://www.google.com/search?tbm=isch&q=sherwinWilliams%20Sherwin%20Williams%207656%20Rhinestone%20color%20swatch,,,,,,,,,,,,,,,,,,,,,,,,,,,,,,,,,,,,,,,,,,,,
DB,sherwinwilliams,Sherwin Williams 7657 Tinsmith,#C5C8C4,0.8292758720183652,0.0063992039499505505,137.7760833028853,197,200,196,"[197, 200, 196]",1%,0%,2%,22%,"[1%, 0%, 2%, 22%]",80.28,-1.62,1.62,"[80.28, -1.62, 1.62]",https://www.google.com/search?tbm=isch&q=sherwinWilliams%20Sherwin%20Williams%207657%20Tinsmith%20color%20swatch,,,,,,,,,,,,,,,,,,,,,,,,,,,,,,,,,,,,,,,,,,,,
DB,sherwinwilliams,Sherwin Williams 7658 Gray Clouds,#B7B7B2,0.7779846981643088,0.006979757839209198,106.56073297187447,183,183,178,"[183, 183, 178]",0%,0%,3%,28%,"[0%, 0%, 3%, 28%]",74.31,-0.68,2.55,"[74.31, -0.68, 2.55]",https://www.google.com/search?tbm=isch&q=sherwinWilliams%20Sherwin%20Williams%207658%20Gray%20Clouds%20color%20swatch,,,,,,,,,,,,,,,,,,,,,,,,,,,,,,,,,,,,,,,,,,,,
DB,sherwinwilliams,Sherwin Williams 7659 Gris,#A5A9A8,0.7312705632303309,0.0047621125776979405,179.67984635226162,165,169,168,"[165, 169, 168]",2%,0%,1%,34%,"[2%, 0%, 1%, 34%]",68.89,-1.61,-0.01,"[68.89, -1.61, -0.01]",https://www.google.com/search?tbm=isch&q=sherwinWilliams%20Sherwin%20Williams%207659%20Gris%20color%20swatch,,,,,,,,,,,,,,,,,,,,,,,,,,,,,,,,,,,,,,,,,,,,
DB,sherwinwilliams,Sherwin Williams 7660 Earl Grey,#969A96,0.6817191836142387,0.007379668210175661,145.49409347952792,150,154,150,"[150, 154, 150]",3%,0%,3%,40%,"[3%, 0%, 3%, 40%]",63.18,-2.07,1.57,"[63.18, -2.07, 1.57]",https://www.google.com/search?tbm=isch&q=sherwinWilliams%20Sherwin%20Williams%207660%20Earl%20Grey%20color%20swatch,,,,,,,,,,,,,,,,,,,,,,,,,,,,,,,,,,,,,,,,,,,,
DB,sherwinwilliams,Sherwin Williams 7661 Reflection,#D3D5D3,0.870887620083295,0.0034722863064068064,145.5460558410274,211,213,211,"[211, 213, 211]",1%,0%,1%,16%,"[1%, 0%, 1%, 16%]",85.07,-0.98,0.74,"[85.07, -0.98, 0.74]",https://www.google.com/search?tbm=isch&q=sherwinWilliams%20Sherwin%20Williams%207661%20Reflection%20color%20swatch,,,,,,,,,,,,,,,,,,,,,,,,,,,,,,,,,,,,,,,,,,,,
DB,sherwinwilliams,Sherwin Williams 7662 Evening Shadow,#C9CCCD,0.8431616347612456,0.0035969580120422872,219.5382526478419,201,204,205,"[201, 204, 205]",2%,0%,0%,20%,"[2%, 0%, 0%, 20%]",81.83,-0.93,-0.88,"[81.83, -0.93, -0.88]",https://www.google.com/search?tbm=isch&q=sherwinWilliams%20Sherwin%20Williams%207662%20Evening%20Shadow%20color%20swatch,,,,,,,,,,,,,,,,,,,,,,,,,,,,,,,,,,,,,,,,,,,,
DB,sherwinwilliams,Sherwin Williams 7663 Monorail Silver,#B8BCBB,0.7917530644887172,0.004670280191835869,179.6974727255522,184,188,187,"[184, 188, 187]",2%,0%,1%,26%,"[2%, 0%, 1%, 26%]",75.90,-1.58,-0.01,"[75.90, -1.58, -0.01]",https://www.google.com/search?tbm=isch&q=sherwinWilliams%20Sherwin%20Williams%207663%20Monorail%20Silver%20color%20swatch,,,,,,,,,,,,,,,,,,,,,,,,,,,,,,,,,,,,,,,,,,,,
DB,sherwinwilliams,Sherwin Williams 7664 Steely Gray,#90979B,0.6719443390827229,0.010047689437712514,232.44347613443028,144,151,155,"[144, 151, 155]",7%,3%,0%,39%,"[7%, 3%, 0%, 39%]",61.98,-2.01,-3.03,"[61.98, -2.01, -3.03]",https://www.google.com/search?tbm=isch&q=sherwinWilliams%20Sherwin%20Williams%207664%20Steely%20Gray%20color%20swatch,,,,,,,,,,,,,,,,,,,,,,,,,,,,,,,,,,,,,,,,,,,,
DB,sherwinwilliams,Sherwin Williams 7665 Wall Street,#656D73,0.5299626717885069,0.013589851881610058,240.09735522229312,101,109,115,"[101, 109, 115]",12%,5%,0%,55%,"[12%, 5%, 0%, 55%]",45.49,-2.16,-4.46,"[45.49, -2.16, -4.46]",https://www.google.com/search?tbm=isch&q=sherwinWilliams%20Sherwin%20Williams%207665%20Wall%20Street%20color%20swatch,,,,,,,,,,,,,,,,,,,,,,,,,,,,,,,,,,,,,,,,,,,,
DB,sherwinwilliams,Sherwin Williams 7666 Fleur de Sel,#DCDDD8,0.895359396799783,0.006819364306227705,115.71819171023787,220,221,216,"[220, 221, 216]",0%,0%,2%,13%,"[0%, 0%, 2%, 13%]",87.93,-1.02,2.34,"[87.93, -1.02, 2.34]",https://www.google.com/search?tbm=isch&q=sherwinWilliams%20Sherwin%20Williams%207666%20Fleur%20de%20Sel%20color%20swatch,,,,,,,,,,,,,,,,,,,,,,,,,,,,,,,,,,,,,,,,,,,,
DB,sherwinwilliams,Sherwin Williams 7667 Zircon,#CAC9C6,0.8358356129625973,0.004277171856116948,91.45391293362354,202,201,198,"[202, 201, 198]",0%,0%,2%,21%,"[0%, 0%, 2%, 21%]",80.98,-0.05,1.63,"[80.98, -0.05, 1.63]",https://www.google.com/search?tbm=isch&q=sherwinWilliams%20Sherwin%20Williams%207667%20Zircon%20color%20swatch,,,,,,,,,,,,,,,,,,,,,,,,,,,,,,,,,,,,,,,,,,,,
DB,sherwinwilliams,Sherwin Williams 7668 March Wind,#BAB9B6,0.7856939298280682,0.0043432027693021055,91.4574570441572,186,185,182,"[186, 185, 182]",0%,1%,2%,27%,"[0%, 1%, 2%, 27%]",75.16,-0.05,1.66,"[75.16, -0.05, 1.66]",https://www.google.com/search?tbm=isch&q=sherwinWilliams%20Sherwin%20Williams%207668%20March%20Wind%20color%20swatch,,,,,,,,,,,,,,,,,,,,,,,,,,,,,,,,,,,,,,,,,,,,
DB,sherwinwilliams,Sherwin Williams 7669 Summit Gray,#959491,0.6664782238732312,0.004523561061351574,91.4682451985982,149,148,145,"[149, 148, 145]",0%,1%,3%,42%,"[0%, 1%, 3%, 42%]",61.34,-0.05,1.73,"[61.34, -0.05, 1.73]",https://www.google.com/search?tbm=isch&q=sherwinWilliams%20Sherwin%20Williams%207669%20Summit%20Gray%20color%20swatch,,,,,,,,,,,,,,,,,,,,,,,,,,,,,,,,,,,,,,,,,,,,
DB,sherwinwilliams,Sherwin Williams 7670 Gray Shingle,#949392,0.6637901665021284,0.001882538280297865,67.79034384070087,148,147,146,"[148, 147, 146]",0%,1%,1%,42%,"[0%, 1%, 1%, 42%]",61.00,0.24,0.67,"[61.00, 0.24, 0.67]",https://www.google.com/search?tbm=isch&q=sherwinWilliams%20Sherwin%20Williams%207670%20Gray%20Shingle%20color%20swatch,,,,,,,,,,,,,,,,,,,,,,,,,,,,,,,,,,,,,,,,,,,,
DB,sherwinwilliams,Sherwin Williams 7671 On the Rocks,#D0CEC8,0.851301497039362,0.008500107112994692,91.4950715404866,208,206,200,"[208, 206, 200]",0%,1%,4%,18%,"[0%, 1%, 4%, 18%]",82.80,-0.08,3.25,"[82.80, -0.08, 3.25]",https://www.google.com/search?tbm=isch&q=sherwinWilliams%20Sherwin%20Williams%207671%20On%20the%20Rocks%20color%20swatch,,,,,,,,,,,,,,,,,,,,,,,,,,,,,,,,,,,,,,,,,,,,
DB,sherwinwilliams,Sherwin Williams 7672 Knitting Needles,#C3C1BC,0.811096930565644,0.007282422877986454,88.65301359090495,195,193,188,"[195, 193, 188]",0%,1%,4%,24%,"[0%, 1%, 4%, 24%]",78.12,0.05,2.78,"[78.12, 0.05, 2.78]",https://www.google.com/search?tbm=isch&q=sherwinWilliams%20Sherwin%20Williams%207672%20Knitting%20Needles%20color%20swatch,,,,,,,,,,,,,,,,,,,,,,,,,,,,,,,,,,,,,,,,,,,,
DB,sherwinwilliams,Sherwin Williams 7673 Pewter Cast,#9B9893,0.6807113578621455,0.008052756647116386,80.71443642651775,155,152,147,"[155, 152, 147]",0%,2%,5%,39%,"[0%, 2%, 5%, 39%]",62.99,0.44,3.05,"[62.99, 0.44, 3.05]",https://www.google.com/search?tbm=isch&q=sherwinWilliams%20Sherwin%20Williams%207673%20Pewter%20Cast%20color%20swatch,,,,,,,,,,,,,,,,,,,,,,,,,,,,,,,,,,,,,,,,,,,,
DB,sherwinwilliams,Sherwin Williams 7674 Peppercorn,#585858,0.4603956066533819,0,0,88,88,88,"[88, 88, 88]",0%,0%,0%,65%,"[0%, 0%, 0%, 65%]",37.41,0.00,0.00,"[37.41, 0.00, 0.00]",https://www.google.com/search?tbm=isch&q=sherwinWilliams%20Sherwin%20Williams%207674%20Peppercorn%20color%20swatch,,,,,,,,,,,,,,,,,,,,,,,,,,,,,,,,,,,,,,,,,,,,
DB,sherwinwilliams,Sherwin Williams 7675 Sealskin,#48423C,0.3831180452476265,0.012923851319802306,67.42645264107921,72,66,60,"[72, 66, 60]",0%,8%,17%,72%,"[0%, 8%, 17%, 72%]",28.44,1.75,4.64,"[28.44, 1.75, 4.64]",https://www.google.com/search?tbm=isch&q=sherwinWilliams%20Sherwin%20Williams%207675%20Sealskin%20color%20swatch,,,,,,,,,,,,,,,,,,,,,,,,,,,,,,,,,,,,,,,,,,,,
DB,sherwinwilliams,Sherwin Williams 7676 Paper Lantern,#F2E0C4,0.9139889922699349,0.04198930979354531,78.95621571150832,242,224,196,"[242, 224, 196]",0%,7%,19%,5%,"[0%, 7%, 19%, 5%]",90.11,3.12,16.11,"[90.11, 3.12, 16.11]",https://www.google.com/search?tbm=isch&q=sherwinWilliams%20Sherwin%20Williams%207676%20Paper%20Lantern%20color%20swatch,,,,,,,,,,,,,,,,,,,,,,,,,,,,,,,,,,,,,,,,,,,,
DB,sherwinwilliams,Sherwin Williams 7677 Gold Vessel,#EABA8A,0.8207194221972659,0.08384050509739978,66.21350832736874,234,186,138,"[234, 186, 138]",0%,21%,41%,8%,"[0%, 21%, 41%, 8%]",79.07,13.32,31.28,"[79.07, 13.32, 31.28]",https://www.google.com/search?tbm=isch&q=sherwinWilliams%20Sherwin%20Williams%207677%20Gold%20Vessel%20color%20swatch,,,,,,,,,,,,,,,,,,,,,,,,,,,,,,,,,,,,,,,,,,,,
DB,sherwinwilliams,Sherwin Williams 7678 Cottage Cream,#EDDBBD,0.8983104073662617,0.044433801841717545,80.5637113735595,237,219,189,"[237, 219, 189]",0%,8%,20%,7%,"[0%, 8%, 20%, 7%]",88.31,2.93,17.17,"[88.31, 2.93, 17.17]",https://www.google.com/search?tbm=isch&q=sherwinWilliams%20Sherwin%20Williams%207678%20Cottage%20Cream%20color%20swatch,,,,,,,,,,,,,,,,,,,,,,,,,,,,,,,,,,,,,,,,,,,,
DB,sherwinwilliams,Sherwin Williams 7679 Golden Gate,#D9AD7F,0.776667395408506,0.07979768240057385,67.4558595343778,217,173,127,"[217, 173, 127]",0%,20%,41%,15%,"[0%, 20%, 41%, 15%]",73.99,12.17,30.08,"[73.99, 12.17, 30.08]",https://www.google.com/search?tbm=isch&q=sherwinWilliams%20Sherwin%20Williams%207679%20Golden%20Gate%20color%20swatch,,,,,,,,,,,,,,,,,,,,,,,,,,,,,,,,,,,,,,,,,,,,
DB,sherwinwilliams,Sherwin Williams 7680 Lanyard,#C09972,0.7095810634657478,0.0707214824513215,66.27372953449111,192,153,114,"[192, 153, 114]",0%,20%,41%,25%,"[0%, 20%, 41%, 25%]",66.20,11.17,26.34,"[66.20, 11.17, 26.34]",https://www.google.com/search?tbm=isch&q=sherwinWilliams%20Sherwin%20Williams%207680%20Lanyard%20color%20swatch,,,,,,,,,,,,,,,,,,,,,,,,,,,,,,,,,,,,,,,,,,,,
DB,sherwinwilliams,Sherwin Williams 7681 Tea Light,#F8E4C2,0.9264131455750002,0.04966808873084526,80.99369292010903,248,228,194,"[248, 228, 194]",0%,8%,22%,3%,"[0%, 8%, 22%, 3%]",91.58,3.21,19.27,"[91.58, 3.21, 19.27]",https://www.google.com/search?tbm=isch&q=sherwinWilliams%20Sherwin%20Williams%207681%20Tea%20Light%20color%20swatch,,,,,,,,,,,,,,,,,,,,,,,,,,,,,,,,,,,,,,,,,,,,
DB,sherwinwilliams,Sherwin Williams 7682 Bee's Wax,#EABF86,0.8296082970146517,0.08844491591318576,73.93029463958908,234,191,134,"[234, 191, 134]",0%,18%,43%,8%,"[0%, 18%, 43%, 8%]",80.24,10.51,34.85,"[80.24, 10.51, 34.85]",https://www.google.com/search?tbm=isch&q=sherwinWilliams%20Sherwin%20Williams%207682%20Bee's%20Wax%20color%20swatch,,,,,,,,,,,,,,,,,,,,,,,,,,,,,,,,,,,,,,,,,,,,
DB,sherwinwilliams,Sherwin Williams 7683 Buff,#F1DFC1,0.9104839296310296,0.044301396971602,80.56900528168228,241,223,193,"[241, 223, 193]",0%,7%,20%,5%,"[0%, 7%, 20%, 5%]",89.72,2.91,17.11,"[89.72, 2.91, 17.11]",https://www.google.com/search?tbm=isch&q=sherwinWilliams%20Sherwin%20Williams%207683%20Buff%20color%20swatch,,,,,,,,,,,,,,,,,,,,,,,,,,,,,,,,,,,,,,,,,,,,
DB,sherwinwilliams,Sherwin Williams 7684 Concord Buff,#EDD6B1,0.8857660716352629,0.05506490510842678,79.62557586714678,237,214,177,"[237, 214, 177]",0%,10%,25%,7%,"[0%, 10%, 25%, 7%]",86.86,4.13,21.41,"[86.86, 4.13, 21.41]",https://www.google.com/search?tbm=isch&q=sherwinWilliams%20Sherwin%20Williams%207684%20Concord%20Buff%20color%20swatch,,,,,,,,,,,,,,,,,,,,,,,,,,,,,,,,,,,,,,,,,,,,
DB,sherwinwilliams,Sherwin Williams 7685 White Raisin,#E5C28B,0.8315641847074359,0.08167320881859588,78.54357746907527,229,194,139,"[229, 194, 139]",0%,15%,39%,10%,"[0%, 15%, 39%, 10%]",80.56,7.42,32.57,"[80.56, 7.42, 32.57]",https://www.google.com/search?tbm=isch&q=sherwinWilliams%20Sherwin%20Williams%207685%20White%20Raisin%20color%20swatch,,,,,,,,,,,,,,,,,,,,,,,,,,,,,,,,,,,,,,,,,,,,
DB,sherwinwilliams,Sherwin Williams 7686 Hinoki,#F8DDB7,0.9103507074247363,0.05804032548762799,76.28838639979136,248,221,183,"[248, 221, 183]",0%,11%,26%,3%,"[0%, 11%, 26%, 3%]",89.67,5.48,22.32,"[89.67, 5.48, 22.32]",https://www.google.com/search?tbm=isch&q=sherwinWilliams%20Sherwin%20Williams%207686%20Hinoki%20color%20swatch,,,,,,,,,,,,,,,,,,,,,,,,,,,,,,,,,,,,,,,,,,,,
DB,sherwinwilliams,Sherwin Williams 7687 August Moon,#E7C7A0,0.8473481411773559,0.06312303825625627,72.31646432533694,231,199,160,"[231, 199, 160]",0%,14%,31%,9%,"[0%, 14%, 31%, 9%]",82.30,7.55,24.00,"[82.30, 7.55, 24.00]",https://www.google.com/search?tbm=isch&q=sherwinWilliams%20Sherwin%20Williams%207687%20August%20Moon%20color%20swatch,,,,,,,,,,,,,,,,,,,,,,,,,,,,,,,,,,,,,,,,,,,,
DB,sherwinwilliams,Sherwin Williams 7688 Sundew,#E1CDAE,0.8568799923840318,0.047091176348239165,78.79553021635923,225,205,174,"[225, 205, 174]",0%,9%,23%,12%,"[0%, 9%, 23%, 12%]",83.49,3.66,18.17,"[83.49, 3.66, 18.17]",https://www.google.com/search?tbm=isch&q=sherwinWilliams%20Sherwin%20Williams%207688%20Sundew%20color%20swatch,,,,,,,,,,,,,,,,,,,,,,,,,,,,,,,,,,,,,,,,,,,,
DB,sherwinwilliams,Sherwin Williams 7689 Row House Tan,#D2BB9D,0.8038548120829219,0.04841273019456096,74.3526851316741,210,187,157,"[210, 187, 157]",0%,11%,25%,18%,"[0%, 11%, 25%, 18%]",77.29,5.06,18.41,"[77.29, 5.06, 18.41]",https://www.google.com/search?tbm=isch&q=sherwinWilliams%20Sherwin%20Williams%207689%20Row%20House%20Tan%20color%20swatch,,,,,,,,,,,,,,,,,,,,,,,,,,,,,,,,,,,,,,,,,,,,
DB,sherwinwilliams,Sherwin Williams 7690 Townhall Tan,#C3AA8C,0.7520668814799216,0.05045669562800779,72.01387465063232,195,170,140,"[195, 170, 140]",0%,13%,28%,24%,"[0%, 13%, 28%, 24%]",71.25,6.02,19.05,"[71.25, 6.02, 19.05]",https://www.google.com/search?tbm=isch&q=sherwinWilliams%20Sherwin%20Williams%207690%20Townhall%20Tan%20color%20swatch,,,,,,,,,,,,,,,,,,,,,,,,,,,,,,,,,,,,,,,,,,,,
DB,sherwinwilliams,Sherwin Williams 7691 Biltmore Buff,#E3C9A1,0.84785718679315,0.060512899429978666,78.43729280002213,227,201,161,"[227, 201, 161]",0%,11%,29%,11%,"[0%, 11%, 29%, 11%]",82.44,5.10,23.59,"[82.44, 5.10, 23.59]",https://www.google.com/search?tbm=isch&q=sherwinWilliams%20Sherwin%20Williams%207691%20Biltmore%20Buff%20color%20swatch,,,,,,,,,,,,,,,,,,,,,,,,,,,,,,,,,,,,,,,,,,,,
DB,sherwinwilliams,Sherwin Williams 7692 Cupola Yellow,#DCBC8E,0.8118546784407166,0.07093098317971283,76.48046888711951,220,188,142,"[220, 188, 142]",0%,15%,35%,14%,"[0%, 15%, 35%, 14%]",78.24,7.07,27.80,"[78.24, 7.07, 27.80]",https://www.google.com/search?tbm=isch&q=sherwinWilliams%20Sherwin%20Williams%207692%20Cupola%20Yellow%20color%20swatch,,,,,,,,,,,,,,,,,,,,,,,,,,,,,,,,,,,,,,,,,,,,
DB,sherwinwilliams,Sherwin Williams 7693 Stonebriar,#CBA97E,0.754751007402592,0.07005648096727965,72.97716094125616,203,169,126,"[203, 169, 126]",0%,17%,38%,20%,"[0%, 17%, 38%, 20%]",71.55,8.45,27.12,"[71.55, 8.45, 27.12]",https://www.google.com/search?tbm=isch&q=sherwinWilliams%20Sherwin%20Williams%207693%20Stonebriar%20color%20swatch,,,,,,,,,,,,,,,,,,,,,,,,,,,,,,,,,,,,,,,,,,,,
DB,sherwinwilliams,Sherwin Williams 7694 Dromedary Camel,#CAAD87,0.7636064786408061,0.06143414544147749,74.16889208639157,202,173,135,"[202, 173, 135]",0%,14%,33%,21%,"[0%, 14%, 33%, 21%]",72.61,6.81,23.69,"[72.61, 6.81, 23.69]",https://www.google.com/search?tbm=isch&q=sherwinWilliams%20Sherwin%20Williams%207694%20Dromedary%20Camel%20color%20swatch,,,,,,,,,,,,,,,,,,,,,,,,,,,,,,,,,,,,,,,,,,,,
DB,sherwinwilliams,Sherwin Williams 7695 Mesa Tan,#BD9C77,0.713547248802139,0.06404535725979744,69.72165643049516,189,156,119,"[189, 156, 119]",0%,17%,37%,26%,"[0%, 17%, 37%, 26%]",66.73,8.81,24.26,"[66.73, 8.81, 24.26]",https://www.google.com/search?tbm=isch&q=sherwinWilliams%20Sherwin%20Williams%207695%20Mesa%20Tan%20color%20swatch,,,,,,,,,,,,,,,,,,,,,,,,,,,,,,,,,,,,,,,,,,,,
DB,sherwinwilliams,Sherwin Williams 7696 Toasted Pine Nut,#DCC6A6,0.8367679274113466,0.04957972948411818,77.17900776772791,220,198,166,"[220, 198, 166]",0%,10%,25%,14%,"[0%, 10%, 25%, 14%]",81.14,4.37,19.07,"[81.14, 4.37, 19.07]",https://www.google.com/search?tbm=isch&q=sherwinWilliams%20Sherwin%20Williams%207696%20Toasted%20Pine%20Nut%20color%20swatch,,,,,,,,,,,,,,,,,,,,,,,,,,,,,,,,,,,,,,,,,,,,
DB,sherwinwilliams,Sherwin Williams 7697 Safari,#CCB18B,0.7743536092686684,0.060006659136024015,76.09689277846218,204,177,139,"[204, 177, 139]",0%,13%,32%,20%,"[0%, 13%, 32%, 20%]",73.88,5.96,23.29,"[73.88, 5.96, 23.29]",https://www.google.com/search?tbm=isch&q=sherwinWilliams%20Sherwin%20Williams%207697%20Safari%20color%20swatch,,,,,,,,,,,,,,,,,,,,,,,,,,,,,,,,,,,,,,,,,,,,
DB,sherwinwilliams,Sherwin Williams 7698 Straw Harvest,#DBC8A2,0.8389911631182655,0.054901798646705274,84.49554798479335,219,200,162,"[219, 200, 162]",0%,9%,26%,14%,"[0%, 9%, 26%, 14%]",81.49,2.60,21.63,"[81.49, 2.60, 21.63]",https://www.google.com/search?tbm=isch&q=sherwinWilliams%20Sherwin%20Williams%207698%20Straw%20Harvest%20color%20swatch,,,,,,,,,,,,,,,,,,,,,,,,,,,,,,,,,,,,,,,,,,,,
DB,sherwinwilliams,Sherwin Williams 7699 Rustic City,#BA9A67,0.703473156146667,0.07784730345548181,78.62824474517362,186,154,103,"[186, 154, 103]",0%,17%,45%,27%,"[0%, 17%, 45%, 27%]",65.68,7.28,31.42,"[65.68, 7.28, 31.42]",https://www.google.com/search?tbm=isch&q=sherwinWilliams%20Sherwin%20Williams%207699%20Rustic%20City%20color%20swatch,,,,,,,,,,,,,,,,,,,,,,,,,,,,,,,,,,,,,,,,,,,,
DB,sherwinwilliams,Sherwin Williams 7700 Olde World Gold,#8F6C3E,0.5560910642519545,0.07690221907310583,72.67266657057019,143,108,62,"[143, 108, 62]",0%,24%,57%,44%,"[0%, 24%, 57%, 44%]",48.45,10.26,31.14,"[48.45, 10.26, 31.14]",https://www.google.com/search?tbm=isch&q=sherwinWilliams%20Sherwin%20Williams%207700%20Olde%20World%20Gold%20color%20swatch,,,,,,,,,,,,,,,,,,,,,,,,,,,,,,,,,,,,,,,,,,,,
DB,sherwinwilliams,Sherwin Williams 7701 Cavern Clay,#AC6B53,0.5927093411365005,0.09089899432830378,40.96459221002726,172,107,83,"[172, 107, 83]",0%,38%,52%,33%,"[0%, 38%, 52%, 33%]",52.11,24.77,24.87,"[52.11, 24.77, 24.87]",https://www.google.com/search?tbm=isch&q=sherwinWilliams%20Sherwin%20Williams%207701%20Cavern%20Clay%20color%20swatch,,,,,,,,,,,,,,,,,,,,,,,,,,,,,,,,,,,,,,,,,,,,
DB,sherwinwilliams,Sherwin Williams 7702 Spiced Cider,#B0785C,0.6235135003270292,0.08128664000781313,47.34513150000896,176,120,92,"[176, 120, 92]",0%,32%,48%,31%,"[0%, 32%, 48%, 31%]",55.86,20.16,24.69,"[55.86, 20.16, 24.69]",https://www.google.com/search?tbm=isch&q=sherwinWilliams%20Sherwin%20Williams%207702%20Spiced%20Cider%20color%20swatch,,,,,,,,,,,,,,,,,,,,,,,,,,,,,,,,,,,,,,,,,,,,
DB,sherwinwilliams,Sherwin Williams 7703 Earthen Jug,#A85E39,0.5599058175885625,0.1093000986019676,46.2023543421065,168,94,57,"[168, 94, 57]",0%,44%,66%,34%,"[0%, 44%, 66%, 34%]",48.24,28.49,34.61,"[48.24, 28.49, 34.61]",https://www.google.com/search?tbm=isch&q=sherwinWilliams%20Sherwin%20Williams%207703%20Earthen%20Jug%20color%20swatch,,,,,,,,,,,,,,,,,,,,,,,,,,,,,,,,,,,,,,,,,,,,
DB,sherwinwilliams,Sherwin Williams 7704 Tower Tan,#D5B59B,0.79426137280987,0.05136122722358774,61.064444770813054,213,181,155,"[213, 181, 155]",0%,15%,27%,16%,"[0%, 15%, 27%, 16%]",76.02,9.04,17.80,"[76.02, 9.04, 17.80]",https://www.google.com/search?tbm=isch&q=sherwinWilliams%20Sherwin%20Williams%207704%20Tower%20Tan%20color%20swatch,,,,,,,,,,,,,,,,,,,,,,,,,,,,,,,,,,,,,,,,,,,,
DB,sherwinwilliams,Sherwin Williams 7705 Wheat Penny,#976B53,0.567101958510266,0.06672758301180592,49.55673421963127,151,107,83,"[151, 107, 83]",0%,29%,45%,41%,"[0%, 29%, 45%, 41%]",49.44,15.85,20.80,"[49.44, 15.85, 20.80]",https://www.google.com/search?tbm=isch&q=sherwinWilliams%20Sherwin%20Williams%207705%20Wheat%20Penny%20color%20swatch,,,,,,,,,,,,,,,,,,,,,,,,,,,,,,,,,,,,,,,,,,,,
DB,sherwinwilliams,Sherwin Williams 7707 Copper Wire,#C67B57,0.654790382767876,0.10645887331643841,46.00506372035153,198,123,87,"[198, 123, 87]",0%,38%,56%,22%,"[0%, 38%, 56%, 22%]",59.29,27.38,32.46,"[59.29, 27.38, 32.46]",https://www.google.com/search?tbm=isch&q=sherwinWilliams%20Sherwin%20Williams%207707%20Copper%20Wire%20color%20swatch,,,,,,,,,,,,,,,,,,,,,,,,,,,,,,,,,,,,,,,,,,,,
DB,sherwinwilliams,Sherwin Williams 7709 Copper Pot,#B16A37,0.5930030534674078,0.1122494010599623,54.23366784904289,177,106,55,"[177, 106, 55]",0%,40%,69%,31%,"[0%, 40%, 69%, 31%]",52.23,25.88,40.46,"[52.23, 25.88, 40.46]",https://www.google.com/search?tbm=isch&q=sherwinWilliams%20Sherwin%20Williams%207709%20Copper%20Pot%20color%20swatch,,,,,,,,,,,,,,,,,,,,,,,,,,,,,,,,,,,,,,,,,,,,
DB,sherwinwilliams,Sherwin Williams 7710 Brandywine,#A56C4A,0.5841852643774648,0.08745351556499323,51.13556563957502,165,108,74,"[165, 108, 74]",0%,35%,55%,35%,"[0%, 35%, 55%, 35%]",51.31,20.68,28.72,"[51.31, 20.68, 28.72]",https://www.google.com/search?tbm=isch&q=sherwinWilliams%20Sherwin%20Williams%207710%20Brandywine%20color%20swatch,,,,,,,,,,,,,,,,,,,,,,,,,,,,,,,,,,,,,,,,,,,,
DB,sherwinwilliams,Sherwin Williams 7711 Pueblo,#E6D0BD,0.8707132882277518,0.03560744218784046,63.17220291097868,230,208,189,"[230, 208, 189]",0%,10%,18%,10%,"[0%, 10%, 18%, 10%]",84.95,5.69,12.40,"[84.95, 5.69, 12.40]",https://www.google.com/search?tbm=isch&q=sherwinWilliams%20Sherwin%20Williams%207711%20Pueblo%20color%20swatch,,,,,,,,,,,,,,,,,,,,,,,,,,,,,,,,,,,,,,,,,,,,
DB,sherwinwilliams,Sherwin Williams 7712 Townhouse Tan,#DFC8B5,0.846923919687854,0.03666686470428128,61.87068020291065,223,200,181,"[223, 200, 181]",0%,10%,19%,13%,"[0%, 10%, 19%, 13%]",82.18,6.12,12.64,"[82.18, 6.12, 12.64]",https://www.google.com/search?tbm=isch&q=sherwinWilliams%20Sherwin%20Williams%207712%20Townhouse%20Tan%20color%20swatch,,,,,,,,,,,,,,,,,,,,,,,,,,,,,,,,,,,,,,,,,,,,
DB,sherwinwilliams,Sherwin Williams 7713 Tawny Tan,#CCB299,0.779476152343527,0.04566932100282331,65.9597850710743,204,178,153,"[204, 178, 153]",0%,13%,25%,20%,"[0%, 13%, 25%, 20%]",74.37,6.83,16.46,"[74.37, 6.83, 16.46]",https://www.google.com/search?tbm=isch&q=sherwinWilliams%20Sherwin%20Williams%207713%20Tawny%20Tan%20color%20swatch,,,,,,,,,,,,,,,,,,,,,,,,,,,,,,,,,,,,,,,,,,,,
DB,sherwinwilliams,Sherwin Williams 7714 Oak Barrel,#BFA287,0.7310240920750236,0.05076012175777748,64.86042848131035,191,162,135,"[191, 162, 135]",0%,15%,29%,25%,"[0%, 15%, 29%, 25%]",68.72,8.02,18.26,"[68.72, 8.02, 18.26]",https://www.google.com/search?tbm=isch&q=sherwinWilliams%20Sherwin%20Williams%207714%20Oak%20Barrel%20color%20swatch,,,,,,,,,,,,,,,,,,,,,,,,,,,,,,,,,,,,,,,,,,,,
DB,sherwinwilliams,Sherwin Williams 7715 Pottery Urn,#AA866E,0.6479901260393677,0.05607121768188688,55.19391811774551,170,134,110,"[170, 134, 110]",0%,21%,35%,33%,"[0%, 21%, 35%, 33%]",58.96,11.68,18.49,"[58.96, 11.68, 18.49]",https://www.google.com/search?tbm=isch&q=sherwinWilliams%20Sherwin%20Williams%207715%20Pottery%20Urn%20color%20swatch,,,,,,,,,,,,,,,,,,,,,,,,,,,,,,,,,,,,,,,,,,,,
DB,sherwinwilliams,Sherwin Williams 7716 Croissant,#DBC5A7,0.8341229311033667,0.047402838496711806,75.55782409106877,219,197,167,"[219, 197, 167]",0%,10%,24%,14%,"[0%, 10%, 24%, 14%]",80.81,4.59,18.08,"[80.81, 4.59, 18.08]",https://www.google.com/search?tbm=isch&q=sherwinWilliams%20Sherwin%20Williams%207716%20Croissant%20color%20swatch,,,,,,,,,,,,,,,,,,,,,,,,,,,,,,,,,,,,,,,,,,,,
DB,sherwinwilliams,Sherwin Williams 7717 Ligonier Tan,#D2B18F,0.7808680495617825,0.059918911643916835,67.6041200596701,210,177,143,"[210, 177, 143]",0%,16%,32%,18%,"[0%, 16%, 32%, 18%]",74.52,8.72,22.14,"[74.52, 8.72, 22.14]",https://www.google.com/search?tbm=isch&q=sherwinWilliams%20Sherwin%20Williams%207717%20Ligonier%20Tan%20color%20swatch,,,,,,,,,,,,,,,,,,,,,,,,,,,,,,,,,,,,,,,,,,,,
DB,sherwinwilliams,Sherwin Williams 7718 Oak Creek,#BB8D6B,0.6793141901422796,0.07332421584716631,57.59953155326406,187,141,107,"[187, 141, 107]",0%,25%,43%,27%,"[0%, 25%, 43%, 27%]",62.54,14.79,25.29,"[62.54, 14.79, 25.29]",https://www.google.com/search?tbm=isch&q=sherwinWilliams%20Sherwin%20Williams%207718%20Oak%20Creek%20color%20swatch,,,,,,,,,,,,,,,,,,,,,,,,,,,,,,,,,,,,,,,,,,,,
DB,sherwinwilliams,Sherwin Williams 7719 Fresco Cream,#D8C4AE,0.8311508128381386,0.03751327021862702,69.93554484284283,216,196,174,"[216, 196, 174]",0%,9%,19%,15%,"[0%, 9%, 19%, 15%]",80.41,4.69,13.78,"[80.41, 4.69, 13.78]",https://www.google.com/search?tbm=isch&q=sherwinWilliams%20Sherwin%20Williams%207719%20Fresco%20Cream%20color%20swatch,,,,,,,,,,,,,,,,,,,,,,,,,,,,,,,,,,,,,,,,,,,,
DB,sherwinwilliams,Sherwin Williams 7720 Deer Valley,#C7A485,0.7423452001901358,0.05936462653438276,63.24553271568607,199,164,133,"[199, 164, 133]",0%,18%,33%,22%,"[0%, 18%, 33%, 22%]",70.00,10.01,21.22,"[70.00, 10.01, 21.22]",https://www.google.com/search?tbm=isch&q=sherwinWilliams%20Sherwin%20Williams%207720%20Deer%20Valley%20color%20swatch,,,,,,,,,,,,,,,,,,,,,,,,,,,,,,,,,,,,,,,,,,,,
DB,sherwinwilliams,Sherwin Williams 7721 Crescent Cream,#EDD1B1,0.8759838520039304,0.05285684479600786,70.77850464819835,237,209,177,"[237, 209, 177]",0%,12%,25%,7%,"[0%, 12%, 25%, 7%]",85.61,6.57,19.72,"[85.61, 6.57, 19.72]",https://www.google.com/search?tbm=isch&q=sherwinWilliams%20Sherwin%20Williams%207721%20Crescent%20Cream%20color%20swatch,,,,,,,,,,,,,,,,,,,,,,,,,,,,,,,,,,,,,,,,,,,,
DB,sherwinwilliams,Sherwin Williams 7722 Travertine,#ECD3B3,0.8794548182258526,0.050840701405093294,73.88488254755293,236,211,179,"[236, 211, 179]",0%,11%,24%,7%,"[0%, 11%, 24%, 7%]",86.05,5.41,19.26,"[86.05, 5.41, 19.26]",https://www.google.com/search?tbm=isch&q=sherwinWilliams%20Sherwin%20Williams%207722%20Travertine%20color%20swatch,,,,,,,,,,,,,,,,,,,,,,,,,,,,,,,,,,,,,,,,,,,,
DB,sherwinwilliams,Sherwin Williams 7723 Colony Buff,#DDC6AB,0.8388049349996933,0.04475170375468679,71.6131797622001,221,198,171,"[221, 198, 171]",0%,10%,23%,13%,"[0%, 10%, 23%, 13%]",81.31,5.27,16.70,"[81.31, 5.27, 16.70]",https://www.google.com/search?tbm=isch&q=sherwinWilliams%20Sherwin%20Williams%207723%20Colony%20Buff%20color%20swatch,,,,,,,,,,,,,,,,,,,,,,,,,,,,,,,,,,,,,,,,,,,,
DB,sherwinwilliams,Sherwin Williams 7724 Canoe,#B7987B,0.7003879350098413,0.05486077716101149,64.83341879219267,183,152,123,"[183, 152, 123]",0%,17%,33%,28%,"[0%, 17%, 33%, 28%]",65.16,8.79,19.86,"[65.16, 8.79, 19.86]",https://www.google.com/search?tbm=isch&q=sherwinWilliams%20Sherwin%20Williams%207724%20Canoe%20color%20swatch,,,,,,,,,,,,,,,,,,,,,,,,,,,,,,,,,,,,,,,,,,,,
DB,sherwinwilliams,Sherwin Williams 7725 Yearling,#AD896A,0.656301643163111,0.061909412236428464,62.154582212494745,173,137,106,"[173, 137, 106]",0%,21%,39%,32%,"[0%, 21%, 39%, 32%]",59.98,10.98,22.15,"[59.98, 10.98, 22.15]",https://www.google.com/search?tbm=isch&q=sherwinWilliams%20Sherwin%20Williams%207725%20Yearling%20color%20swatch,,,,,,,,,,,,,,,,,,,,,,,,,,,,,,,,,,,,,,,,,,,,
DB,sherwinwilliams,Sherwin Williams 7726 Lemon Verbena,#9D986F,0.6734274426276019,0.057219551576799484,101.93976031088516,157,152,111,"[157, 152, 111]",0%,3%,29%,38%,"[0%, 3%, 29%, 38%]",62.49,-3.04,22.35,"[62.49, -3.04, 22.35]",https://www.google.com/search?tbm=isch&q=sherwinWilliams%20Sherwin%20Williams%207726%20Lemon%20Verbena%20color%20swatch,,,,,,,,,,,,,,,,,,,,,,,,,,,,,,,,,,,,,,,,,,,,
DB,sherwinwilliams,Sherwin Williams 7727 Koi Pond,#B9B292,0.7609446026966161,0.044586936721486614,97.06262506166274,185,178,146,"[185, 178, 146]",0%,4%,21%,27%,"[0%, 4%, 21%, 27%]",72.53,-1.34,17.38,"[72.53, -1.34, 17.38]",https://www.google.com/search?tbm=isch&q=sherwinWilliams%20Sherwin%20Williams%207727%20Koi%20Pond%20color%20swatch,,,,,,,,,,,,,,,,,,,,,,,,,,,,,,,,,,,,,,,,,,,,
DB,sherwinwilliams,Sherwin Williams 7728 Green Sprout,#A29F80,0.6967161081787618,0.04353632020945298,102.87709833567425,162,159,128,"[162, 159, 128]",0%,2%,21%,36%,"[0%, 2%, 21%, 36%]",65.12,-2.79,16.67,"[65.12, -2.79, 16.67]",https://www.google.com/search?tbm=isch&q=sherwinWilliams%20Sherwin%20Williams%207728%20Green%20Sprout%20color%20swatch,,,,,,,,,,,,,,,,,,,,,,,,,,,,,,,,,,,,,,,,,,,,
DB,sherwinwilliams,Sherwin Williams 7729 Edamame,#827C5A,0.5826388356188739,0.049420509478023324,99.29187309248925,130,124,90,"[130, 124, 90]",0%,5%,31%,49%,"[0%, 5%, 31%, 49%]",51.88,-1.83,19.50,"[51.88, -1.83, 19.50]",https://www.google.com/search?tbm=isch&q=sherwinWilliams%20Sherwin%20Williams%207729%20Edamame%20color%20swatch,,,,,,,,,,,,,,,,,,,,,,,,,,,,,,,,,,,,,,,,,,,,
DB,sherwinwilliams,Sherwin Williams 7730 Forestwood,#4D5346,0.43269831738200626,0.022224388205845463,127.55563652247298,77,83,70,"[77, 83, 70]",7%,0%,16%,67%,"[7%, 0%, 16%, 67%]",34.44,-4.53,6.79,"[34.44, -4.53, 6.79]",https://www.google.com/search?tbm=isch&q=sherwinWilliams%20Sherwin%20Williams%207730%20Forestwood%20color%20swatch,,,,,,,,,,,,,,,,,,,,,,,,,,,,,,,,,,,,,,,,,,,,
DB,sherwinwilliams,Sherwin Williams 7731 San Antonio Sage,#A69474,0.6741579442118302,0.04959207425566111,81.85316979125895,166,148,116,"[166, 148, 116]",0%,11%,30%,35%,"[0%, 11%, 30%, 35%]",62.32,3.23,19.56,"[62.32, 3.23, 19.56]",https://www.google.com/search?tbm=isch&q=sherwinWilliams%20Sherwin%20Williams%207731%20San%20Antonio%20Sage%20color%20swatch,,,,,,,,,,,,,,,,,,,,,,,,,,,,,,,,,,,,,,,,,,,,
DB,sherwinwilliams,Sherwin Williams 7732 Lemongrass,#C8BD98,0.7979761966253794,0.0514188899059922,93.44925566048488,200,189,152,"[200, 189, 152]",0%,5%,24%,22%,"[0%, 5%, 24%, 22%]",76.82,-0.34,20.26,"[76.82, -0.34, 20.26]",https://www.google.com/search?tbm=isch&q=sherwinWilliams%20Sherwin%20Williams%207732%20Lemongrass%20color%20swatch,,,,,,,,,,,,,,,,,,,,,,,,,,,,,,,,,,,,,,,,,,,,
DB,sherwinwilliams,Sherwin Williams 7733 Bamboo Shoot,#B3A479,0.7208745867234453,0.06101805595385618,91.09233756045876,179,164,121,"[179, 164, 121]",0%,8%,32%,30%,"[0%, 8%, 32%, 30%]",67.87,0.79,24.47,"[67.87, 0.79, 24.47]",https://www.google.com/search?tbm=isch&q=sherwinWilliams%20Sherwin%20Williams%207733%20Bamboo%20Shoot%20color%20swatch,,,,,,,,,,,,,,,,,,,,,,,,,,,,,,,,,,,,,,,,,,,,
DB,sherwinwilliams,Sherwin Williams 7734 Olive Grove,#857C5D,0.5860986524531674,0.045992008871594645,93.81961952903714,133,124,93,"[133, 124, 93]",0%,7%,30%,48%,"[0%, 7%, 30%, 48%]",52.21,-0.24,18.30,"[52.21, -0.24, 18.30]",https://www.google.com/search?tbm=isch&q=sherwinWilliams%20Sherwin%20Williams%207734%20Olive%20Grove%20color%20swatch,,,,,,,,,,,,,,,,,,,,,,,,,,,,,,,,,,,,,,,,,,,,
DB,sherwinwilliams,Sherwin Williams 7735 Palm Leaf,#635936,0.4646618290619791,0.053056532174590894,94.00927588637046,99,89,54,"[99, 89, 54]",0%,10%,45%,61%,"[0%, 10%, 45%, 61%]",38.13,0.14,21.78,"[38.13, 0.14, 21.78]",https://www.google.com/search?tbm=isch&q=sherwinWilliams%20Sherwin%20Williams%207735%20Palm%20Leaf%20color%20swatch,,,,,,,,,,,,,,,,,,,,,,,,,,,,,,,,,,,,,,,,,,,,
DB,sherwinwilliams,Sherwin Williams 7736 Garden Sage,#B1A584,0.7235298760679622,0.04762950217192364,90.42961129597052,177,165,132,"[177, 165, 132]",0%,7%,25%,31%,"[0%, 7%, 25%, 31%]",68.13,0.57,18.83,"[68.13, 0.57, 18.83]",https://www.google.com/search?tbm=isch&q=sherwinWilliams%20Sherwin%20Williams%207736%20Garden%20Sage%20color%20swatch,,,,,,,,,,,,,,,,,,,,,,,,,,,,,,,,,,,,,,,,,,,,
DB,sherwinwilliams,Sherwin Williams 7737 Meadow Trail,#8D8168,0.6071701146607619,0.038952040103887156,85.34479167674561,141,129,104,"[141, 129, 104]",0%,9%,26%,45%,"[0%, 9%, 26%, 45%]",54.56,1.63,15.35,"[54.56, 1.63, 15.35]",https://www.google.com/search?tbm=isch&q=sherwinWilliams%20Sherwin%20Williams%207737%20Meadow%20Trail%20color%20swatch,,,,,,,,,,,,,,,,,,,,,,,,,,,,,,,,,,,,,,,,,,,,
DB,sherwinwilliams,Sherwin Williams 7738 Cargo Pants,#CDC4AE,0.8217194174567505,0.03161116195682565,88.39148538591007,205,196,174,"[205, 196, 174]",0%,4%,15%,20%,"[0%, 4%, 15%, 20%]",79.46,0.53,12.28,"[79.46, 0.53, 12.28]",https://www.google.com/search?tbm=isch&q=sherwinWilliams%20Sherwin%20Williams%207738%20Cargo%20Pants%20color%20swatch,,,,,,,,,,,,,,,,,,,,,,,,,,,,,,,,,,,,,,,,,,,,
DB,sherwinwilliams,Sherwin Williams 7739 Herbal Wash,#A49B82,0.6903784425184185,0.03677266581648322,90.5718691319588,164,155,130,"[164, 155, 130]",0%,5%,21%,36%,"[0%, 5%, 21%, 36%]",64.25,0.28,14.42,"[64.25, 0.28, 14.42]",https://www.google.com/search?tbm=isch&q=sherwinWilliams%20Sherwin%20Williams%207739%20Herbal%20Wash%20color%20swatch,,,,,,,,,,,,,,,,,,,,,,,,,,,,,,,,,,,,,,,,,,,,
DB,sherwinwilliams,Sherwin Williams 7740 Messenger Bag,#7D745E,0.5609542330873458,0.03433186055405571,88.41051350860386,125,116,94,"[125, 116, 94]",0%,7%,25%,51%,"[0%, 7%, 25%, 51%]",49.21,0.78,13.53,"[49.21, 0.78, 13.53]",https://www.google.com/search?tbm=isch&q=sherwinWilliams%20Sherwin%20Williams%207740%20Messenger%20Bag%20color%20swatch,,,,,,,,,,,,,,,,,,,,,,,,,,,,,,,,,,,,,,,,,,,,
DB,sherwinwilliams,Sherwin Williams 7741 Willow Tree,#AAAD9C,0.7403835306342356,0.024091622357004173,115.1140013792101,170,173,156,"[170, 173, 156]",2%,0%,10%,32%,"[2%, 0%, 10%, 32%]",70.12,-3.40,8.39,"[70.12, -3.40, 8.39]",https://www.google.com/search?tbm=isch&q=sherwinWilliams%20Sherwin%20Williams%207741%20Willow%20Tree%20color%20swatch,,,,,,,,,,,,,,,,,,,,,,,,,,,,,,,,,,,,,,,,,,,,
DB,sherwinwilliams,Sherwin Williams 7742 Agate Green,#8EA486,0.6932403914531373,0.04954782029295292,137.37027474989912,142,164,134,"[142, 164, 134]",13%,0%,18%,36%,"[13%, 0%, 18%, 36%]",65.02,-12.32,12.94,"[65.02, -12.32, 12.94]",https://www.google.com/search?tbm=isch&q=sherwinWilliams%20Sherwin%20Williams%207742%20Agate%20Green%20color%20swatch,,,,,,,,,,,,,,,,,,,,,,,,,,,,,,,,,,,,,,,,,,,,
DB,sherwinwilliams,Sherwin Williams 7743 Mountain Road,#868578,0.6137229333645393,0.019139146160657868,103.35797400361542,134,133,120,"[134, 133, 120]",0%,1%,10%,47%,"[0%, 1%, 10%, 47%]",55.34,-1.42,7.18,"[55.34, -1.42, 7.18]",https://www.google.com/search?tbm=isch&q=sherwinWilliams%20Sherwin%20Williams%207743%20Mountain%20Road%20color%20swatch,,,,,,,,,,,,,,,,,,,,,,,,,,,,,,,,,,,,,,,,,,,,
DB,sherwinwilliams,Sherwin Williams 7744 Zeus,#99907E,0.6560792312124428,0.02800775999209365,84.57977895315861,153,144,126,"[153, 144, 126]",0%,6%,18%,40%,"[0%, 6%, 18%, 40%]",60.20,1.13,10.87,"[60.20, 1.13, 10.87]",https://www.google.com/search?tbm=isch&q=sherwinWilliams%20Sherwin%20Williams%207744%20Zeus%20color%20swatch,,,,,,,,,,,,,,,,,,,,,,,,,,,,,,,,,,,,,,,,,,,,
DB,sherwinwilliams,Sherwin Williams 7745 Muddled Basil,#5A5243,0.44186568755330696,0.025819797712090007,83.15757214358803,90,82,67,"[90, 82, 67]",0%,9%,26%,65%,"[0%, 9%, 26%, 65%]",35.33,1.37,10.10,"[35.33, 1.37, 10.10]",https://www.google.com/search?tbm=isch&q=sherwinWilliams%20Sherwin%20Williams%207745%20Muddled%20Basil%20color%20swatch,,,,,,,,,,,,,,,,,,,,,,,,,,,,,,,,,,,,,,,,,,,,
DB,sherwinwilliams,Sherwin Williams 7746 Rushing River,#A19C8F,0.6932279536359911,0.0194678324921429,89.40476061041306,161,156,143,"[161, 156, 143]",0%,3%,11%,37%,"[0%, 3%, 11%, 37%]",64.51,0.15,7.52,"[64.51, 0.15, 7.52]",https://www.google.com/search?tbm=isch&q=sherwinWilliams%20Sherwin%20Williams%207746%20Rushing%20River%20color%20swatch,,,,,,,,,,,,,,,,,,,,,,,,,,,,,,,,,,,,,,,,,,,,
DB,sherwinwilliams,Sherwin Williams 7747 Recycled Glass,#BDC0A0,0.796903728363611,0.04377708528140401,111.74059322615182,189,192,160,"[189, 192, 160]",2%,0%,17%,25%,"[2%, 0%, 17%, 25%]",76.83,-5.17,15.84,"[76.83, -5.17, 15.84]",https://www.google.com/search?tbm=isch&q=sherwinWilliams%20Sherwin%20Williams%207747%20Recycled%20Glass%20color%20swatch,,,,,,,,,,,,,,,,,,,,,,,,,,,,,,,,,,,,,,,,,,,,
DB,sherwinwilliams,Sherwin Williams 7748 Green Earth,#9A9883,0.6754673859816998,0.030025072503502864,102.69890728162886,154,152,131,"[154, 152, 131]",0%,1%,15%,40%,"[0%, 1%, 15%, 40%]",62.57,-2.02,11.38,"[62.57, -2.02, 11.38]",https://www.google.com/search?tbm=isch&q=sherwinWilliams%20Sherwin%20Williams%207748%20Green%20Earth%20color%20swatch,,,,,,,,,,,,,,,,,,,,,,,,,,,,,,,,,,,,,,,,,,,,
DB,sherwinwilliams,Sherwin Williams 7749 Laurel Woods,#44493D,0.39688406616093846,0.020709077694726505,125.78209520345604,68,73,61,"[68, 73, 61]",7%,0%,16%,71%,"[7%, 0%, 16%, 71%]",30.27,-4.04,6.49,"[30.27, -4.04, 6.49]",https://www.google.com/search?tbm=isch&q=sherwinWilliams%20Sherwin%20Williams%207749%20Laurel%20Woods%20color%20swatch,,,,,,,,,,,,,,,,,,,,,,,,,,,,,,,,,,,,,,,,,,,,
DB,sherwinwilliams,Sherwin Williams 7750 Olympic Range,#424C44,0.40490682680518625,0.018457301178597223,151.30174890406556,66,76,68,"[66, 76, 68]",13%,0%,11%,70%,"[13%, 0%, 11%, 70%]",31.22,-5.54,3.35,"[31.22, -5.54, 3.35]",https://www.google.com/search?tbm=isch&q=sherwinWilliams%20Sherwin%20Williams%207750%20Olympic%20Range%20color%20swatch,,,,,,,,,,,,,,,,,,,,,,,,,,,,,,,,,,,,,,,,,,,,
DB,sherwinwilliams,Sherwin Williams 7757 High Reflective White,#F7F7F1,0.9744848855906235,0.007919236644211895,106.54564956672561,247,247,241,"[247, 247, 241]",0%,0%,2%,3%,"[0%, 0%, 2%, 3%]",97.11,-0.78,2.89,"[97.11, -0.78, 2.89]",https://www.google.com/search?tbm=isch&q=sherwinWilliams%20Sherwin%20Williams%207757%20High%20Reflective%20White%20color%20swatch,,,,,,,,,,,,,,,,,,,,,,,,,,,,,,,,,,,,,,,,,,,,
DB,sherwinwilliams,Sherwin Williams 8917 Shell White,#F0EBE0,0.9409545667750382,0.01561278612763525,86.4264366421072,240,235,224,"[240, 235, 224]",0%,2%,7%,6%,"[0%, 2%, 7%, 6%]",93.22,0.34,5.98,"[93.22, 0.34, 5.98]",https://www.google.com/search?tbm=isch&q=sherwinWilliams%20Sherwin%20Williams%208917%20Shell%20White%20color%20swatch,,,,,,,,,,,,,,,,,,,,,,,,,,,,,,,,,,,,,,,,,,,,
DB,sherwinwilliams,Sherwin Williams 9001 Audrey's Blush,#AE8087,0.6469819675234204,0.05765434490083853,8.677364749225035,174,128,135,"[174, 128, 135]",0%,26%,22%,32%,"[0%, 26%, 22%, 32%]",58.38,19.10,3.57,"[58.38, 19.10, 3.57]",https://www.google.com/search?tbm=isch&q=sherwinWilliams%20Sherwin%20Williams%209001%20Audrey's%20Blush%20color%20swatch,,,,,,,,,,,,,,,,,,,,,,,,,,,,,,,,,,,,,,,,,,,,
DB,sherwinwilliams,Sherwin Williams 9002 Carley's Rose,#A87376,0.6108748711127786,0.06725505677307679,15.495894291367847,168,115,118,"[168, 115, 118]",0%,32%,30%,34%,"[0%, 32%, 30%, 34%]",54.13,21.83,7.25,"[54.13, 21.83, 7.25]",https://www.google.com/search?tbm=isch&q=sherwinWilliams%20Sherwin%20Williams%209002%20Carley's%20Rose%20color%20swatch,,,,,,,,,,,,,,,,,,,,,,,,,,,,,,,,,,,,,,,,,,,,
DB,sherwinwilliams,Sherwin Williams 9003 Rita's Rouge,#BA7176,0.6289080486576697,0.09263677820918467,15.633245989035117,186,113,118,"[186, 113, 118]",0%,39%,37%,27%,"[0%, 39%, 37%, 27%]",55.95,30.04,10.19,"[55.95, 30.04, 10.19]",https://www.google.com/search?tbm=isch&q=sherwinWilliams%20Sherwin%20Williams%209003%20Rita's%20Rouge%20color%20swatch,,,,,,,,,,,,,,,,,,,,,,,,,,,,,,,,,,,,,,,,,,,,
DB,sherwinwilliams,Sherwin Williams 9004 Coral Rose,#C37F7A,0.6654637550963463,0.08546658605015421,24.21822680851426,195,127,122,"[195, 127, 122]",0%,35%,37%,24%,"[0%, 35%, 37%, 24%]",60.37,26.65,14.20,"[60.37, 26.65, 14.20]",https://www.google.com/search?tbm=isch&q=sherwinWilliams%20Sherwin%20Williams%209004%20Coral%20Rose%20color%20swatch,,,,,,,,,,,,,,,,,,,,,,,,,,,,,,,,,,,,,,,,,,,,
DB,sherwinwilliams,Sherwin Williams 9005 Coral Clay,#BF796E,0.6471363985783841,0.09005239649916524,29.44516300601242,191,121,110,"[191, 121, 110]",0%,37%,42%,25%,"[0%, 37%, 42%, 25%]",58.27,27.17,18.08,"[58.27, 27.17, 18.08]",https://www.google.com/search?tbm=isch&q=sherwinWilliams%20Sherwin%20Williams%209005%20Coral%20Clay%20color%20swatch,,,,,,,,,,,,,,,,,,,,,,,,,,,,,,,,,,,,,,,,,,,,
DB,sherwinwilliams,Sherwin Williams 9006 Rojo Dust,#B57466,0.6241820469608157,0.08548951420312018,32.78565172741048,181,116,102,"[181, 116, 102]",0%,36%,44%,29%,"[0%, 36%, 44%, 29%]",55.69,25.11,18.94,"[55.69, 25.11, 18.94]",https://www.google.com/search?tbm=isch&q=sherwinWilliams%20Sherwin%20Williams%209006%20Rojo%20Dust%20color%20swatch,,,,,,,,,,,,,,,,,,,,,,,,,,,,,,,,,,,,,,,,,,,,
DB,sherwinwilliams,Sherwin Williams 9007 Melón Meloso,#F2B88C,0.8253905180023827,0.08894515571969219,58.31754854956063,242,184,140,"[242, 184, 140]",0%,24%,42%,5%,"[0%, 24%, 42%, 5%]",79.45,17.65,30.92,"[79.45, 17.65, 30.92]",https://www.google.com/search?tbm=isch&q=sherwinWilliams%20Sherwin%20Williams%209007%20Mel%C3%B3n%20Meloso%20color%20swatch,,,,,,,,,,,,,,,,,,,,,,,,,,,,,,,,,,,,,,,,,,,,
DB,sherwinwilliams,Sherwin Williams 9008 Bellini Fizz,#F5C78E,0.8570733536822098,0.08992783635047603,72.14015346356894,245,199,142,"[245, 199, 142]",0%,19%,42%,4%,"[0%, 19%, 42%, 4%]",83.39,11.53,35.03,"[83.39, 11.53, 35.03]",https://www.google.com/search?tbm=isch&q=sherwinWilliams%20Sherwin%20Williams%209008%20Bellini%20Fizz%20color%20swatch,,,,,,,,,,,,,,,,,,,,,,,,,,,,,,,,,,,,,,,,,,,,
DB,sherwinwilliams,Sherwin Williams 9009 Subdued Sienna,#CC896C,0.691021386941076,0.09223360027856756,44.17777994455332,204,137,108,"[204, 137, 108]",0%,33%,47%,20%,"[0%, 33%, 47%, 20%]",63.57,23.95,26.53,"[63.57, 23.95, 26.53]",https://www.google.com/search?tbm=isch&q=sherwinWilliams%20Sherwin%20Williams%209009%20Subdued%20Sienna%20color%20swatch,,,,,,,,,,,,,,,,,,,,,,,,,,,,,,,,,,,,,,,,,,,,
DB,sherwinwilliams,Sherwin Williams 9010 Windswept Canyon,#DBA480,0.7616920665146675,0.08165191213483833,54.345487380292866,219,164,128,"[219, 164, 128]",0%,25%,42%,14%,"[0%, 25%, 42%, 14%]",72.02,17.64,27.04,"[72.02, 17.64, 27.04]",https://www.google.com/search?tbm=isch&q=sherwinWilliams%20Sherwin%20Williams%209010%20Windswept%20Canyon%20color%20swatch,,,,,,,,,,,,,,,,,,,,,,,,,,,,,,,,,,,,,,,,,,,,
DB,sherwinwilliams,Sherwin Williams 9011 Sun Bleached Ochre,#E3AB7B,0.7823692573147719,0.09130856675628828,61.489800054435705,227,171,123,"[227, 171, 123]",0%,25%,46%,11%,"[0%, 25%, 46%, 11%]",74.50,16.93,33.09,"[74.50, 16.93, 33.09]",https://www.google.com/search?tbm=isch&q=sherwinWilliams%20Sherwin%20Williams%209011%20Sun%20Bleached%20Ochre%20color%20swatch,,,,,,,,,,,,,,,,,,,,,,,,,,,,,,,,,,,,,,,,,,,,
DB,sherwinwilliams,Sherwin Williams 9012 Polvo de Oro,#E8B87F,0.8129339172138155,0.09208311844725346,70.74249058543842,232,184,127,"[232, 184, 127]",0%,21%,45%,9%,"[0%, 21%, 45%, 9%]",78.23,12.69,35.86,"[78.23, 12.69, 35.86]",https://www.google.com/search?tbm=isch&q=sherwinWilliams%20Sherwin%20Williams%209012%20Polvo%20de%20Oro%20color%20swatch,,,,,,,,,,,,,,,,,,,,,,,,,,,,,,,,,,,,,,,,,,,,
DB,sherwinwilliams,Sherwin Williams 9013 Olden Amber,#EEB76B,0.8140384723234805,0.11332192808458912,73.98889528167263,238,183,107,"[238, 183, 107]",0%,23%,55%,7%,"[0%, 23%, 55%, 7%]",78.38,14.34,46.28,"[78.38, 14.34, 46.28]",https://www.google.com/search?tbm=isch&q=sherwinWilliams%20Sherwin%20Williams%209013%20Olden%20Amber%20color%20swatch,,,,,,,,,,,,,,,,,,,,,,,,,,,,,,,,,,,,,,,,,,,,
DB,sherwinwilliams,Sherwin Williams 9014 Pollen Powder,#FBD187,0.880865402717965,0.10353706715157483,80.92079377422198,251,209,135,"[251, 209, 135]",0%,17%,46%,2%,"[0%, 17%, 46%, 2%]",86.33,8.50,42.39,"[86.33, 8.50, 42.39]",https://www.google.com/search?tbm=isch&q=sherwinWilliams%20Sherwin%20Williams%209014%20Pollen%20Powder%20color%20swatch,,,,,,,,,,,,,,,,,,,,,,,,,,,,,,,,,,,,,,,,,,,,
DB,sherwinwilliams,Sherwin Williams 9015 They call it Mellow,#FBE4B3,0.9257505912880246,0.06805787305159756,85.74852844709778,251,228,179,"[251, 228, 179]",0%,9%,29%,2%,"[0%, 9%, 29%, 2%]",91.60,2.86,27.02,"[91.60, 2.86, 27.02]",https://www.google.com/search?tbm=isch&q=sherwinWilliams%20Sherwin%20Williams%209015%20They%20call%20it%20Mellow%20color%20swatch,,,,,,,,,,,,,,,,,,,,,,,,,,,,,,,,,,,,,,,,,,,,
DB,sherwinwilliams,Sherwin Williams 9016 La Luna Amarilla,#FDDFA0,0.9140865848562894,0.08649822984182039,85.27062611711193,253,223,160,"[253, 223, 160]",0%,12%,37%,1%,"[0%, 12%, 37%, 1%]",90.27,4.37,34.93,"[90.27, 4.37, 34.93]",https://www.google.com/search?tbm=isch&q=sherwinWilliams%20Sherwin%20Williams%209016%20La%20Luna%20Amarilla%20color%20swatch,,,,,,,,,,,,,,,,,,,,,,,,,,,,,,,,,,,,,,,,,,,,
DB,sherwinwilliams,Sherwin Williams 9017 Sunny Veranda,#FEDF94,0.9129143202903093,0.09960481274750382,87.93127914102877,254,223,148,"[254, 223, 148]",0%,12%,42%,0%,"[0%, 12%, 42%, 0%]",90.20,3.82,40.86,"[90.20, 3.82, 40.86]",https://www.google.com/search?tbm=isch&q=sherwinWilliams%20Sherwin%20Williams%209017%20Sunny%20Veranda%20color%20swatch,,,,,,,,,,,,,,,,,,,,,,,,,,,,,,,,,,,,,,,,,,,,
DB,sherwinwilliams,Sherwin Williams 9018 Honey Bees,#FBD682,0.8898105419274459,0.11104621698062514,86.4054134293412,251,214,130,"[251, 214, 130]",0%,15%,48%,2%,"[0%, 15%, 48%, 2%]",87.50,5.73,46.27,"[87.50, 5.73, 46.27]",https://www.google.com/search?tbm=isch&q=sherwinWilliams%20Sherwin%20Williams%209018%20Honey%20Bees%20color%20swatch,,,,,,,,,,,,,,,,,,,,,,,,,,,,,,,,,,,,,,,,,,,,
DB,sherwinwilliams,Sherwin Williams 9019 Golden Plumeria,#FBD073,0.8760735901315102,0.12175501950691185,85.00888518355595,251,208,115,"[251, 208, 115]",0%,17%,54%,2%,"[0%, 17%, 54%, 2%]",85.87,7.73,51.54,"[85.87, 7.73, 51.54]",https://www.google.com/search?tbm=isch&q=sherwinWilliams%20Sherwin%20Williams%209019%20Golden%20Plumeria%20color%20swatch,,,,,,,,,,,,,,,,,,,,,,,,,,,,,,,,,,,,,,,,,,,,
DB,sherwinwilliams,Sherwin Williams 9020 Rayo de Sol,#F4C454,0.8424689197208733,0.13874524040820616,85.56433367533401,244,196,84,"[244, 196, 84]",0%,20%,66%,4%,"[0%, 20%, 66%, 4%]",81.97,9.22,61.03,"[81.97, 9.22, 61.03]",https://www.google.com/search?tbm=isch&q=sherwinWilliams%20Sherwin%20Williams%209020%20Rayo%20de%20Sol%20color%20swatch,,,,,,,,,,,,,,,,,,,,,,,,,,,,,,,,,,,,,,,,,,,,
DB,sherwinwilliams,Sherwin Williams 9021 Naples Yellow,#F6D58F,0.8852827242527433,0.09549483230445725,85.30149986913386,246,213,143,"[246, 213, 143]",0%,13%,42%,4%,"[0%, 13%, 42%, 4%]",86.93,5.14,39.04,"[86.93, 5.14, 39.04]",https://www.google.com/search?tbm=isch&q=sherwinWilliams%20Sherwin%20Williams%209021%20Naples%20Yellow%20color%20swatch,,,,,,,,,,,,,,,,,,,,,,,,,,,,,,,,,,,,,,,,,,,,
DB,sherwinwilliams,Sherwin Williams 9022 Yellow Bird,#F1CD7B,0.8618405042231138,0.10897578154566215,86.43773332817068,241,205,123,"[241, 205, 123]",0%,15%,49%,5%,"[0%, 15%, 49%, 5%]",84.24,5.65,45.50,"[84.24, 5.65, 45.50]",https://www.google.com/search?tbm=isch&q=sherwinWilliams%20Sherwin%20Williams%209022%20Yellow%20Bird%20color%20swatch,,,,,,,,,,,,,,,,,,,,,,,,,,,,,,,,,,,,,,,,,,,,
DB,sherwinwilliams,Sherwin Williams 9023 Dakota Wheat,#E1BD8E,0.8185407762897451,0.07432603544344013,73.87728513980352,225,189,142,"[225, 189, 142]",0%,16%,37%,12%,"[0%, 16%, 37%, 12%]",78.97,8.56,28.86,"[78.97, 8.56, 28.86]",https://www.google.com/search?tbm=isch&q=sherwinWilliams%20Sherwin%20Williams%209023%20Dakota%20Wheat%20color%20swatch,,,,,,,,,,,,,,,,,,,,,,,,,,,,,,,,,,,,,,,,,,,,
DB,sherwinwilliams,Sherwin Williams 9024 Vintage Gold,#CBA576,0.7452767142378007,0.07692605599194709,72.13193364786332,203,165,118,"[203, 165, 118]",0%,19%,42%,20%,"[0%, 19%, 42%, 20%]",70.43,9.84,29.92,"[70.43, 9.84, 29.92]",https://www.google.com/search?tbm=isch&q=sherwinWilliams%20Sherwin%20Williams%209024%20Vintage%20Gold%20color%20swatch,,,,,,,,,,,,,,,,,,,,,,,,,,,,,,,,,,,,,,,,,,,,
DB,sherwinwilliams,Sherwin Williams 9025 Coriander Powder,#BA9C75,0.7101759676147249,0.06401883056290425,73.77591065620788,186,156,117,"[186, 156, 117]",0%,16%,37%,27%,"[0%, 16%, 37%, 27%]",66.39,7.40,24.83,"[66.39, 7.40, 24.83]",https://www.google.com/search?tbm=isch&q=sherwinWilliams%20Sherwin%20Williams%209025%20Coriander%20Powder%20color%20swatch,,,,,,,,,,,,,,,,,,,,,,,,,,,,,,,,,,,,,,,,,,,,
DB,sherwinwilliams,Sherwin Williams 9026 Tarnished Trumpet,#D5B176,0.7789639167602319,0.08708616989266948,79.29695358935163,213,177,118,"[213, 177, 118]",0%,17%,45%,16%,"[0%, 17%, 45%, 16%]",74.46,7.84,35.27,"[74.46, 7.84, 35.27]",https://www.google.com/search?tbm=isch&q=sherwinWilliams%20Sherwin%20Williams%209026%20Tarnished%20Trumpet%20color%20swatch,,,,,,,,,,,,,,,,,,,,,,,,,,,,,,,,,,,,,,,,,,,,
DB,sherwinwilliams,Sherwin Williams 9027 Pale Moss,#DCC797,0.8355631923578127,0.0673995021606165,87.09586927214832,220,199,151,"[220, 199, 151]",0%,10%,31%,14%,"[0%, 10%, 31%, 14%]",81.15,2.42,26.94,"[81.15, 2.42, 26.94]",https://www.google.com/search?tbm=isch&q=sherwinWilliams%20Sherwin%20Williams%209027%20Pale%20Moss%20color%20swatch,,,,,,,,,,,,,,,,,,,,,,,,,,,,,,,,,,,,,,,,,,,,
DB,sherwinwilliams,Sherwin Williams 9028 Dusted Olive,#BEA775,0.7365152853302341,0.07189297104192635,85.95125873289112,190,167,117,"[190, 167, 117]",0%,12%,38%,25%,"[0%, 12%, 38%, 25%]",69.64,3.40,29.13,"[69.64, 3.40, 29.13]",https://www.google.com/search?tbm=isch&q=sherwinWilliams%20Sherwin%20Williams%209028%20Dusted%20Olive%20color%20swatch,,,,,,,,,,,,,,,,,,,,,,,,,,,,,,,,,,,,,,,,,,,,
DB,sherwinwilliams,Sherwin Williams 9029 Cool Avocado,#C4B47D,0.770375680000005,0.07494251671475047,93.80558002719647,196,180,125,"[196, 180, 125]",0%,8%,36%,23%,"[0%, 8%, 36%, 23%]",73.70,-0.03,30.29,"[73.70, -0.03, 30.29]",https://www.google.com/search?tbm=isch&q=sherwinWilliams%20Sherwin%20Williams%209029%20Cool%20Avocado%20color%20swatch,,,,,,,,,,,,,,,,,,,,,,,,,,,,,,,,,,,,,,,,,,,,
DB,sherwinwilliams,Sherwin Williams 9030 Limón Fresco,#CEBC55,0.7902227008197098,0.12502944076617536,99.49225611907696,206,188,85,"[206, 188, 85]",0%,9%,59%,19%,"[0%, 9%, 59%, 19%]",76.27,-2.62,53.25,"[76.27, -2.62, 53.25]",https://www.google.com/search?tbm=isch&q=sherwinWilliams%20Sherwin%20Williams%209030%20Lim%C3%B3n%20Fresco%20color%20swatch,,,,,,,,,,,,,,,,,,,,,,,,,,,,,,,,,,,,,,,,,,,,
DB,sherwinwilliams,Sherwin Williams 9031 Primavera,#D2D083,0.8418260099262241,0.09851170759138315,107.0557250766816,210,208,131,"[210, 208, 131]",0%,1%,38%,18%,"[0%, 1%, 38%, 18%]",82.34,-7.62,38.48,"[82.34, -7.62, 38.48]",https://www.google.com/search?tbm=isch&q=sherwinWilliams%20Sherwin%20Williams%209031%20Primavera%20color%20swatch,,,,,,,,,,,,,,,,,,,,,,,,,,,,,,,,,,,,,,,,,,,,
DB,sherwinwilliams,Sherwin Williams 9032 Stay in Lime,#9FAC5C,0.7161745372594469,0.10581759027423535,116.73563744862855,159,172,92,"[159, 172, 92]",8%,0%,47%,33%,"[8%, 0%, 47%, 33%]",67.97,-13.86,39.23,"[67.97, -13.86, 39.23]",https://www.google.com/search?tbm=isch&q=sherwinWilliams%20Sherwin%20Williams%209032%20Stay%20in%20Lime%20color%20swatch,,,,,,,,,,,,,,,,,,,,,,,,,,,,,,,,,,,,,,,,,,,,
DB,sherwinwilliams,Sherwin Williams 9033 Oh Pistachio,#ABCA99,0.8033658621337205,0.07495255351449512,134.21199912772278,171,202,153,"[171, 202, 153]",15%,0%,24%,21%,"[15%, 0%, 24%, 21%]",78.07,-17.47,20.97,"[78.07, -17.47, 20.97]",https://www.google.com/search?tbm=isch&q=sherwinWilliams%20Sherwin%20Williams%209033%20Oh%20Pistachio%20color%20swatch,,,,,,,,,,,,,,,,,,,,,,,,,,,,,,,,,,,,,,,,,,,,
DB,sherwinwilliams,Sherwin Williams 9034 Seawashed Glass,#A9C095,0.7790159250641626,0.06436968293049297,130.7095075612524,169,192,149,"[169, 192, 149]",12%,0%,22%,25%,"[12%, 0%, 22%, 25%]",75.10,-13.96,19.02,"[75.10, -13.96, 19.02]",https://www.google.com/search?tbm=isch&q=sherwinWilliams%20Sherwin%20Williams%209034%20Seawashed%20Glass%20color%20swatch,,,,,,,,,,,,,,,,,,,,,,,,,,,,,,,,,,,,,,,,,,,,
DB,sherwinwilliams,Sherwin Williams 9035 Frosted Emerald,#78B185,0.7088314075230834,0.08756569949138521,150.8245283316818,120,177,133,"[120, 177, 133]",32%,0%,25%,31%,"[32%, 0%, 25%, 31%]",67.37,-26.36,16.43,"[67.37, -26.36, 16.43]",https://www.google.com/search?tbm=isch&q=sherwinWilliams%20Sherwin%20Williams%209035%20Frosted%20Emerald%20color%20swatch,,,,,,,,,,,,,,,,,,,,,,,,,,,,,,,,,,,,,,,,,,,,
DB,sherwinwilliams,Sherwin Williams 9036 Retro Mint,#9FCDB1,0.8078267564049927,0.06239934205094538,157.94672841058184,159,205,177,"[159, 205, 177]",22%,0%,14%,20%,"[22%, 0%, 14%, 20%]",78.55,-19.92,8.82,"[78.55, -19.92, 8.82]",https://www.google.com/search?tbm=isch&q=sherwinWilliams%20Sherwin%20Williams%209036%20Retro%20Mint%20color%20swatch,,,,,,,,,,,,,,,,,,,,,,,,,,,,,,,,,,,,,,,,,,,,
DB,sherwinwilliams,Sherwin Williams 9037 Baby Bok Choy,#BBB98A,0.7756072744871684,0.06334210248952096,105.74443967242917,187,185,138,"[187, 185, 138]",0%,1%,26%,27%,"[0%, 1%, 26%, 27%]",74.43,-4.88,24.23,"[74.43, -4.88, 24.23]",https://www.google.com/search?tbm=isch&q=sherwinWilliams%20Sherwin%20Williams%209037%20Baby%20Bok%20Choy%20color%20swatch,,,,,,,,,,,,,,,,,,,,,,,,,,,,,,,,,,,,,,,,,,,,
DB,sherwinwilliams,Sherwin Williams 9038 Cucuzza Verde,#9BA373,0.6967806190763594,0.06697962555947141,115.86422741015696,155,163,115,"[155, 163, 115]",5%,0%,29%,36%,"[5%, 0%, 29%, 36%]",65.43,-9.00,24.02,"[65.43, -9.00, 24.02]",https://www.google.com/search?tbm=isch&q=sherwinWilliams%20Sherwin%20Williams%209038%20Cucuzza%20Verde%20color%20swatch,,,,,,,,,,,,,,,,,,,,,,,,,,,,,,,,,,,,,,,,,,,,
DB,sherwinwilliams,Sherwin Williams 9039 Broccoflower,#8FA277,0.6859394032414927,0.06436384249615393,127.38595756034817,143,162,119,"[143, 162, 119]",12%,0%,27%,36%,"[12%, 0%, 27%, 36%]",64.27,-12.80,20.12,"[64.27, -12.80, 20.12]",https://www.google.com/search?tbm=isch&q=sherwinWilliams%20Sherwin%20Williams%209039%20Broccoflower%20color%20swatch,,,,,,,,,,,,,,,,,,,,,,,,,,,,,,,,,,,,,,,,,,,,
DB,sherwinwilliams,Sherwin Williams 9040 Reseda Green,#75946B,0.6316900853444245,0.0692503030734944,138.1686754737014,117,148,107,"[117, 148, 107]",21%,0%,28%,42%,"[21%, 0%, 28%, 42%]",58.11,-17.36,18.06,"[58.11, -17.36, 18.06]",https://www.google.com/search?tbm=isch&q=sherwinWilliams%20Sherwin%20Williams%209040%20Reseda%20Green%20color%20swatch,,,,,,,,,,,,,,,,,,,,,,,,,,,,,,,,,,,,,,,,,,,,
DB,sherwinwilliams,Sherwin Williams 9041 Parisian Patina,#7D9B89,0.6613075111026954,0.04277107627254283,158.65478584386767,125,155,137,"[125, 155, 137]",19%,0%,12%,39%,"[19%, 0%, 12%, 39%]",61.29,-13.69,5.85,"[61.29, -13.69, 5.85]",https://www.google.com/search?tbm=isch&q=sherwinWilliams%20Sherwin%20Williams%209041%20Parisian%20Patina%20color%20swatch,,,,,,,,,,,,,,,,,,,,,,,,,,,,,,,,,,,,,,,,,,,,
DB,sherwinwilliams,Sherwin Williams 9042 Verdigreen,#81A595,0.6904531713922735,0.04594645067633452,166.11854679306305,129,165,149,"[129, 165, 149]",22%,0%,10%,35%,"[22%, 0%, 10%, 35%]",64.71,-15.35,4.07,"[64.71, -15.35, 4.07]",https://www.google.com/search?tbm=isch&q=sherwinWilliams%20Sherwin%20Williams%209042%20Verdigreen%20color%20swatch,,,,,,,,,,,,,,,,,,,,,,,,,,,,,,,,,,,,,,,,,,,,
DB,sherwinwilliams,Sherwin Williams 9043 Aquastone,#89C6B7,0.7806316225323476,0.06638987699202145,177.41438059393147,137,198,183,"[137, 198, 183]",31%,0%,8%,22%,"[31%, 0%, 8%, 22%]",75.40,-22.84,0.94,"[75.40, -22.84, 0.94]",https://www.google.com/search?tbm=isch&q=sherwinWilliams%20Sherwin%20Williams%209043%20Aquastone%20color%20swatch,,,,,,,,,,,,,,,,,,,,,,,,,,,,,,,,,,,,,,,,,,,,
DB,sherwinwilliams,Sherwin Williams 9044 Little Blue Box,#8AC5BA,0.7798147069359592,0.062919152045845,181.71502014011662,138,197,186,"[138, 197, 186]",30%,0%,6%,23%,"[30%, 0%, 6%, 23%]",75.24,-21.58,-0.90,"[75.24, -21.58, -0.90]",https://www.google.com/search?tbm=isch&q=sherwinWilliams%20Sherwin%20Williams%209044%20Little%20Blue%20Box%20color%20swatch,,,,,,,,,,,,,,,,,,,,,,,,,,,,,,,,,,,,,,,,,,,,
DB,sherwinwilliams,Sherwin Williams 9045 Bora Bora Shore,#92D0D0,0.8157630176774763,0.0631189919441471,195.98351388648337,146,208,208,"[146, 208, 208]",30%,0%,0%,18%,"[30%, 0%, 0%, 18%]",79.29,-20.48,-6.70,"[79.29, -20.48, -6.70]",https://www.google.com/search?tbm=isch&q=sherwinWilliams%20Sherwin%20Williams%209045%20Bora%20Bora%20Shore%20color%20swatch,,,,,,,,,,,,,,,,,,,,,,,,,,,,,,,,,,,,,,,,,,,,
DB,sherwinwilliams,Sherwin Williams 9046 Gentle Aquamarine,#97CBD2,0.8082440292859514,0.05480086726803777,206.4620851169028,151,203,210,"[151, 203, 210]",28%,3%,0%,18%,"[28%, 3%, 0%, 18%]",78.23,-16.29,-9.28,"[78.23, -16.29, -9.28]",https://www.google.com/search?tbm=isch&q=sherwinWilliams%20Sherwin%20Williams%209046%20Gentle%20Aquamarine%20color%20swatch,,,,,,,,,,,,,,,,,,,,,,,,,,,,,,,,,,,,,,,,,,,,
DB,sherwinwilliams,Sherwin Williams 9047 After the Rain,#8BC4D1,0.7855499732125061,0.06156218667876518,213.42792032555258,139,196,209,"[139, 196, 209]",33%,6%,0%,18%,"[33%, 6%, 0%, 18%]",75.56,-16.75,-12.77,"[75.56, -16.75, -12.77]",https://www.google.com/search?tbm=isch&q=sherwinWilliams%20Sherwin%20Williams%209047%20After%20the%20Rain%20color%20swatch,,,,,,,,,,,,,,,,,,,,,,,,,,,,,,,,,,,,,,,,,,,,
DB,sherwinwilliams,Sherwin Williams 9048 Surfin',#73C0D2,0.7644830788197139,0.08027064113099995,214.38834567380866,115,192,210,"[115, 192, 210]",45%,9%,0%,18%,"[45%, 9%, 0%, 18%]",73.23,-21.27,-16.95,"[73.23, -21.27, -16.95]",https://www.google.com/search?tbm=isch&q=sherwinWilliams%20Sherwin%20Williams%209048%20Surfin'%20color%20swatch,,,,,,,,,,,,,,,,,,,,,,,,,,,,,,,,,,,,,,,,,,,,
DB,sherwinwilliams,Sherwin Williams 9049 Sky Fall,#89C6DF,0.7938412480022249,0.07176570356115683,225.52853614751768,137,198,223,"[137, 198, 223]",39%,11%,0%,13%,"[39%, 11%, 0%, 13%]",76.39,-15.59,-19.07,"[76.39, -15.59, -19.07]",https://www.google.com/search?tbm=isch&q=sherwinWilliams%20Sherwin%20Williams%209049%20Sky%20Fall%20color%20swatch,,,,,,,,,,,,,,,,,,,,,,,,,,,,,,,,,,,,,,,,,,,,
DB,sherwinwilliams,Sherwin Williams 9050 Vintage Vessel,#94B2A6,0.7375336964507535,0.0370877427446803,169.10062734323787,148,178,166,"[148, 178, 166]",17%,0%,7%,30%,"[17%, 0%, 7%, 30%]",70.05,-12.49,2.56,"[70.05, -12.49, 2.56]",https://www.google.com/search?tbm=isch&q=sherwinWilliams%20Sherwin%20Williams%209050%20Vintage%20Vessel%20color%20swatch,,,,,,,,,,,,,,,,,,,,,,,,,,,,,,,,,,,,,,,,,,,,
DB,sherwinwilliams,Sherwin Williams 9051 Aquaverde,#A3C0BD,0.7853302766713325,0.03167835282998479,188.88957989484777,163,192,189,"[163, 192, 189]",15%,0%,2%,25%,"[15%, 0%, 2%, 25%]",75.46,-10.62,-1.95,"[75.46, -10.62, -1.95]",https://www.google.com/search?tbm=isch&q=sherwinWilliams%20Sherwin%20Williams%209051%20Aquaverde%20color%20swatch,,,,,,,,,,,,,,,,,,,,,,,,,,,,,,,,,,,,,,,,,,,,
DB,sherwinwilliams,Sherwin Williams 9052 Blithe Blue,#90BDBD,0.7663484075750037,0.04763727250847753,196.2011353486157,144,189,189,"[144, 189, 189]",24%,0%,0%,26%,"[24%, 0%, 0%, 26%]",73.40,-15.44,-5.14,"[73.40, -15.44, -5.14]",https://www.google.com/search?tbm=isch&q=sherwinWilliams%20Sherwin%20Williams%209052%20Blithe%20Blue%20color%20swatch,,,,,,,,,,,,,,,,,,,,,,,,,,,,,,,,,,,,,,,,,,,,
DB,sherwinwilliams,Sherwin Williams 9053 Agua Fría,#9FC5CC,0.7981731075326137,0.04163541258646798,210.03573011681044,159,197,204,"[159, 197, 204]",22%,3%,0%,20%,"[22%, 3%, 0%, 20%]",76.92,-11.94,-7.93,"[76.92, -11.94, -7.93]",https://www.google.com/search?tbm=isch&q=sherwinWilliams%20Sherwin%20Williams%209053%20Agua%20Fr%C3%ADa%20color%20swatch,,,,,,,,,,,,,,,,,,,,,,,,,,,,,,,,,,,,,,,,,,,,
DB,sherwinwilliams,Sherwin Williams 9054 Little Boy Blu,#C7D8DB,0.8703275408821459,0.0187925164769829,209.43035691287741,199,216,219,"[199, 216, 219]",9%,1%,0%,14%,"[9%, 1%, 0%, 14%]",85.11,-5.47,-3.54,"[85.11, -5.47, -3.54]",https://www.google.com/search?tbm=isch&q=sherwinWilliams%20Sherwin%20Williams%209054%20Little%20Boy%20Blu%20color%20swatch,,,,,,,,,,,,,,,,,,,,,,,,,,,,,,,,,,,,,,,,,,,,
DB,sherwinwilliams,Sherwin Williams 9055 Billowy Breeze,#AFC7CD,0.8135468027059882,0.027356425923956026,214.4630739032391,175,199,205,"[175, 199, 205]",15%,3%,0%,20%,"[15%, 3%, 0%, 20%]",78.57,-7.48,-5.90,"[78.57, -7.48, -5.90]",https://www.google.com/search?tbm=isch&q=sherwinWilliams%20Sherwin%20Williams%209055%20Billowy%20Breeze%20color%20swatch,,,,,,,,,,,,,,,,,,,,,,,,,,,,,,,,,,,,,,,,,,,,
DB,sherwinwilliams,Sherwin Williams 9056 French Moire,#9FBBC3,0.773689501897304,0.032547108451973575,216.88914956646568,159,187,195,"[159, 187, 195]",18%,4%,0%,24%,"[18%, 4%, 0%, 24%]",73.96,-8.56,-7.42,"[73.96, -8.56, -7.42]",https://www.google.com/search?tbm=isch&q=sherwinWilliams%20Sherwin%20Williams%209056%20French%20Moire%20color%20swatch,,,,,,,,,,,,,,,,,,,,,,,,,,,,,,,,,,,,,,,,,,,,
DB,sherwinwilliams,Sherwin Williams 9057 Aquitaine,#88ABB4,0.7183340973833983,0.040310488356135106,215.1493280420002,136,171,180,"[136, 171, 180]",24%,5%,0%,29%,"[24%, 5%, 0%, 29%]",67.61,-10.81,-8.78,"[67.61, -10.81, -8.78]",https://www.google.com/search?tbm=isch&q=sherwinWilliams%20Sherwin%20Williams%209057%20Aquitaine%20color%20swatch,,,,,,,,,,,,,,,,,,,,,,,,,,,,,,,,,,,,,,,,,,,,
DB,sherwinwilliams,Sherwin Williams 9058 Secret Cove,#68909D,0.6285889476156242,0.048105302769322636,219.97854804017788,104,144,157,"[104, 144, 157]",34%,8%,0%,38%,"[34%, 8%, 0%, 38%]",57.19,-11.80,-11.59,"[57.19, -11.80, -11.59]",https://www.google.com/search?tbm=isch&q=sherwinWilliams%20Sherwin%20Williams%209058%20Secret%20Cove%20color%20swatch,,,,,,,,,,,,,,,,,,,,,,,,,,,,,,,,,,,,,,,,,,,,
DB,sherwinwilliams,Sherwin Williams 9059 Silken Peacock,#427584,0.5326652906098862,0.0595281031921163,218.89419450559967,66,117,132,"[66, 117, 132]",50%,11%,0%,48%,"[50%, 11%, 0%, 48%]",46.13,-14.55,-13.90,"[46.13, -14.55, -13.90]",https://www.google.com/search?tbm=isch&q=sherwinWilliams%20Sherwin%20Williams%209059%20Silken%20Peacock%20color%20swatch,,,,,,,,,,,,,,,,,,,,,,,,,,,,,,,,,,,,,,,,,,,,
DB,sherwinwilliams,Sherwin Williams 9060 Connor's Lakefront,#175A6C,0.43540490477257204,0.07035466921801731,220.06354090237164,23,90,108,"[23, 90, 108]",79%,17%,0%,58%,"[79%, 17%, 0%, 58%]",34.86,-16.19,-16.64,"[34.86, -16.19, -16.64]",https://www.google.com/search?tbm=isch&q=sherwinWilliams%20Sherwin%20Williams%209060%20Connor's%20Lakefront%20color%20swatch,,,,,,,,,,,,,,,,,,,,,,,,,,,,,,,,,,,,,,,,,,,,
DB,sherwinwilliams,Sherwin Williams 9061 Rest Assured,#9BBFC9,0.7816148437674573,0.041137104187353966,216.48964405984077,155,191,201,"[155, 191, 201]",23%,5%,0%,21%,"[23%, 5%, 0%, 21%]",74.94,-10.83,-9.26,"[74.94, -10.83, -9.26]",https://www.google.com/search?tbm=isch&q=sherwinWilliams%20Sherwin%20Williams%209061%20Rest%20Assured%20color%20swatch,,,,,,,,,,,,,,,,,,,,,,,,,,,,,,,,,,,,,,,,,,,,
DB,sherwinwilliams,Sherwin Williams 9062 Bluebird Feather,#6F9DB3,0.6710022614127417,0.05929278197877652,229.2634365263698,111,157,179,"[111, 157, 179]",38%,12%,0%,30%,"[38%, 12%, 0%, 30%]",62.03,-11.82,-16.71,"[62.03, -11.82, -16.71]",https://www.google.com/search?tbm=isch&q=sherwinWilliams%20Sherwin%20Williams%209062%20Bluebird%20Feather%20color%20swatch,,,,,,,,,,,,,,,,,,,,,,,,,,,,,,,,,,,,,,,,,,,,
DB,sherwinwilliams,Sherwin Williams 9063 Porch Ceiling,#9BC8DE,0.8082195214106811,0.05666137879458967,229.36372305328246,155,200,222,"[155, 200, 222]",30%,10%,0%,13%,"[30%, 10%, 0%, 13%]",77.95,-11.49,-16.08,"[77.95, -11.49, -16.08]",https://www.google.com/search?tbm=isch&q=sherwinWilliams%20Sherwin%20Williams%209063%20Porch%20Ceiling%20color%20swatch,,,,,,,,,,,,,,,,,,,,,,,,,,,,,,,,,,,,,,,,,,,,
DB,sherwinwilliams,Sherwin Williams 9064 Bluesy Note,#7C9AB5,0.6731470583594059,0.052358797546099185,245.84602163822456,124,154,181,"[124, 154, 181]",31%,15%,0%,29%,"[31%, 15%, 0%, 29%]",62.04,-5.90,-17.72,"[62.04, -5.90, -17.72]",https://www.google.com/search?tbm=isch&q=sherwinWilliams%20Sherwin%20Williams%209064%20Bluesy%20Note%20color%20swatch,,,,,,,,,,,,,,,,,,,,,,,,,,,,,,,,,,,,,,,,,,,,
DB,sherwinwilliams,Sherwin Williams 9065 Perfect Periwinkle,#6487B0,0.6133726597865584,0.0740709341600473,252.88406704796978,100,135,176,"[100, 135, 176]",43%,23%,0%,31%,"[43%, 23%, 0%, 31%]",54.90,-4.32,-25.90,"[54.90, -4.32, -25.90]",https://www.google.com/search?tbm=isch&q=sherwinWilliams%20Sherwin%20Williams%209065%20Perfect%20Periwinkle%20color%20swatch,,,,,,,,,,,,,,,,,,,,,,,,,,,,,,,,,,,,,,,,,,,,
DB,sherwinwilliams,Sherwin Williams 9066 Agapanthus,#BBC5DE,0.8236557342625771,0.03679284561945404,268.23423627092234,187,197,222,"[187, 197, 222]",16%,11%,0%,13%,"[16%, 11%, 0%, 13%]",79.33,0.25,-13.74,"[79.33, 0.25, -13.74]",https://www.google.com/search?tbm=isch&q=sherwinWilliams%20Sherwin%20Williams%209066%20Agapanthus%20color%20swatch,,,,,,,,,,,,,,,,,,,,,,,,,,,,,,,,,,,,,,,,,,,,
DB,sherwinwilliams,Sherwin Williams 9067 Forever Lilac,#AFA5C7,0.7415974478722752,0.049541701733945814,298.6382144036603,175,165,199,"[175, 165, 199]",12%,17%,0%,22%,"[12%, 17%, 0%, 22%]",69.45,8.74,-16.12,"[69.45, 8.74, -16.12]",https://www.google.com/search?tbm=isch&q=sherwinWilliams%20Sherwin%20Williams%209067%20Forever%20Lilac%20color%20swatch,,,,,,,,,,,,,,,,,,,,,,,,,,,,,,,,,,,,,,,,,,,,
DB,sherwinwilliams,Sherwin Williams 9068 Berry Frappé,#B3A1C6,0.736759365274604,0.056089547065248296,307.0368030920498,179,161,198,"[179, 161, 198]",10%,19%,0%,22%,"[10%, 19%, 0%, 22%]",68.75,12.07,-16.57,"[68.75, 12.07, -16.57]",https://www.google.com/search?tbm=isch&q=sherwinWilliams%20Sherwin%20Williams%209068%20Berry%20Frapp%C3%A9%20color%20swatch,,,,,,,,,,,,,,,,,,,,,,,,,,,,,,,,,,,,,,,,,,,,
DB,sherwinwilliams,Sherwin Williams 9069 Veri Berri,#937496,0.6005528663881516,0.06228218600449257,323.42356386425513,147,116,150,"[147, 116, 150]",2%,23%,0%,41%,"[2%, 23%, 0%, 41%]",52.80,17.16,-13.68,"[52.80, 17.16, -13.68]",https://www.google.com/search?tbm=isch&q=sherwinWilliams%20Sherwin%20Williams%209069%20Veri%20Berri%20color%20swatch,,,,,,,,,,,,,,,,,,,,,,,,,,,,,,,,,,,,,,,,,,,,
DB,sherwinwilliams,Sherwin Williams 9070 Baby Blue Eyes,#83A2B4,0.6950967428925808,0.043345643307010046,233.6975268929409,131,162,180,"[131, 162, 180]",27%,10%,0%,29%,"[27%, 10%, 0%, 29%]",64.74,-7.92,-13.07,"[64.74, -7.92, -13.07]",https://www.google.com/search?tbm=isch&q=sherwinWilliams%20Sherwin%20Williams%209070%20Baby%20Blue%20Eyes%20color%20swatch,,,,,,,,,,,,,,,,,,,,,,,,,,,,,,,,,,,,,,,,,,,,
DB,sherwinwilliams,Sherwin Williams 9071 Dyer's Woad,#7B99B0,0.6683399472332829,0.04795450824657208,241.4321915535702,123,153,176,"[123, 153, 176]",30%,13%,0%,31%,"[30%, 13%, 0%, 31%]",61.55,-6.67,-15.67,"[61.55, -6.67, -15.67]",https://www.google.com/search?tbm=isch&q=sherwinWilliams%20Sherwin%20Williams%209071%20Dyer's%20Woad%20color%20swatch,,,,,,,,,,,,,,,,,,,,,,,,,,,,,,,,,,,,,,,,,,,,
DB,sherwinwilliams,Sherwin Williams 9072 Dried Lavender,#8595AA,0.664318505349254,0.03628610952360852,255.2703252033291,133,149,170,"[133, 149, 170]",22%,12%,0%,33%,"[22%, 12%, 0%, 33%]",60.96,-2.39,-13.09,"[60.96, -2.39, -13.09]",https://www.google.com/search?tbm=isch&q=sherwinWilliams%20Sherwin%20Williams%209072%20Dried%20Lavender%20color%20swatch,,,,,,,,,,,,,,,,,,,,,,,,,,,,,,,,,,,,,,,,,,,,
DB,sherwinwilliams,Sherwin Williams 9073 Dusty Heather,#8990A3,0.6540072482734974,0.02941031049424323,269.50150399946074,137,144,163,"[137, 144, 163]",16%,12%,0%,36%,"[16%, 12%, 0%, 36%]",59.69,0.42,-10.98,"[59.69, 0.42, -10.98]",https://www.google.com/search?tbm=isch&q=sherwinWilliams%20Sherwin%20Williams%209073%20Dusty%20Heather%20color%20swatch,,,,,,,,,,,,,,,,,,,,,,,,,,,,,,,,,,,,,,,,,,,,
DB,sherwinwilliams,Sherwin Williams 9074 Gentle Grape,#908A9B,0.6442008092259544,0.02591117456907389,301.711928167666,144,138,155,"[144, 138, 155]",7%,11%,0%,39%,"[7%, 11%, 0%, 39%]",58.43,4.84,-8.23,"[58.43, 4.84, -8.23]",https://www.google.com/search?tbm=isch&q=sherwinWilliams%20Sherwin%20Williams%209074%20Gentle%20Grape%20color%20swatch,,,,,,,,,,,,,,,,,,,,,,,,,,,,,,,,,,,,,,,,,,,,
DB,sherwinwilliams,Sherwin Williams 9075 Berry Cream,#9A8CA2,0.6596297667629689,0.03584168704211139,313.3910323920886,154,140,162,"[154, 140, 162]",5%,14%,0%,36%,"[5%, 14%, 0%, 36%]",60.05,8.57,-9.69,"[60.05, 8.57, -9.69]",https://www.google.com/search?tbm=isch&q=sherwinWilliams%20Sherwin%20Williams%209075%20Berry%20Cream%20color%20swatch,,,,,,,,,,,,,,,,,,,,,,,,,,,,,,,,,,,,,,,,,,,,
DB,sherwinwilliams,Sherwin Williams 9076 Ruby Violet,#9B7E8B,0.6244528101186246,0.04002583774571047,349.58904058146516,155,126,139,"[155, 126, 139]",0%,19%,10%,39%,"[0%, 19%, 10%, 39%]",55.90,13.19,-2.61,"[55.90, 13.19, -2.61]",https://www.google.com/search?tbm=isch&q=sherwinWilliams%20Sherwin%20Williams%209076%20Ruby%20Violet%20color%20swatch,,,,,,,,,,,,,,,,,,,,,,,,,,,,,,,,,,,,,,,,,,,,
DB,sherwinwilliams,Sherwin Williams 9077 Rosaline Pearl,#A38887,0.6513055422304752,0.03301696379248967,20.538591073821692,163,136,135,"[163, 136, 135]",0%,17%,17%,36%,"[0%, 17%, 17%, 36%]",59.22,10.45,4.57,"[59.22, 10.45, 4.57]",https://www.google.com/search?tbm=isch&q=sherwinWilliams%20Sherwin%20Williams%209077%20Rosaline%20Pearl%20color%20swatch,,,,,,,,,,,,,,,,,,,,,,,,,,,,,,,,,,,,,,,,,,,,
DB,sherwinwilliams,Sherwin Williams 9078 Cocoa Berry,#A08882,0.6469456535584519,0.030679907587468577,34.32831164749473,160,136,130,"[160, 136, 130]",0%,15%,19%,37%,"[0%, 15%, 19%, 37%]",58.81,8.65,6.79,"[58.81, 8.65, 6.79]",https://www.google.com/search?tbm=isch&q=sherwinWilliams%20Sherwin%20Williams%209078%20Cocoa%20Berry%20color%20swatch,,,,,,,,,,,,,,,,,,,,,,,,,,,,,,,,,,,,,,,,,,,,
DB,sherwinwilliams,Sherwin Williams 9079 Velvety Chestnut,#A2877D,0.6455129164823659,0.036277740905633245,41.35650087487738,162,135,125,"[162, 135, 125]",0%,17%,23%,36%,"[0%, 17%, 23%, 36%]",58.65,9.41,9.43,"[58.65, 9.41, 9.43]",https://www.google.com/search?tbm=isch&q=sherwinWilliams%20Sherwin%20Williams%209079%20Velvety%20Chestnut%20color%20swatch,,,,,,,,,,,,,,,,,,,,,,,,,,,,,,,,,,,,,,,,,,,,
DB,sherwinwilliams,Sherwin Williams 9080 Hushed Auburn,#A8857A,0.6467912599137308,0.04622902617358209,38.16287604806371,168,133,122,"[168, 133, 122]",0%,21%,27%,34%,"[0%, 21%, 27%, 34%]",58.70,12.59,11.32,"[58.70, 12.59, 11.32]",https://www.google.com/search?tbm=isch&q=sherwinWilliams%20Sherwin%20Williams%209080%20Hushed%20Auburn%20color%20swatch,,,,,,,,,,,,,,,,,,,,,,,,,,,,,,,,,,,,,,,,,,,,
DB,sherwinwilliams,Sherwin Williams 9081 Redend Point,#AE8E7E,0.6719643967799693,0.04531175712164442,48.02561810955285,174,142,126,"[174, 142, 126]",0%,18%,28%,32%,"[0%, 18%, 28%, 32%]",61.72,10.67,13.34,"[61.72, 10.67, 13.34]",https://www.google.com/search?tbm=isch&q=sherwinWilliams%20Sherwin%20Williams%209081%20Redend%20Point%20color%20swatch,,,,,,,,,,,,,,,,,,,,,,,,,,,,,,,,,,,,,,,,,,,,
DB,sherwinwilliams,Sherwin Williams 9082 Chocolate Powder,#A58C7B,0.6582048192433085,0.03905881133593159,56.155238138039635,165,140,123,"[165, 140, 123]",0%,15%,25%,35%,"[0%, 15%, 25%, 35%]",60.22,7.75,12.80,"[60.22, 7.75, 12.80]",https://www.google.com/search?tbm=isch&q=sherwinWilliams%20Sherwin%20Williams%209082%20Chocolate%20Powder%20color%20swatch,,,,,,,,,,,,,,,,,,,,,,,,,,,,,,,,,,,,,,,,,,,,
DB,sherwinwilliams,Sherwin Williams 9083 Dusted Truffle,#9C8373,0.6287098578536932,0.038659291651612464,54.46704890091553,156,131,115,"[156, 131, 115]",0%,16%,26%,39%,"[0%, 16%, 26%, 39%]",56.79,7.99,12.43,"[56.79, 7.99, 12.43]",https://www.google.com/search?tbm=isch&q=sherwinWilliams%20Sherwin%20Williams%209083%20Dusted%20Truffle%20color%20swatch,,,,,,,,,,,,,,,,,,,,,,,,,,,,,,,,,,,,,,,,,,,,
DB,sherwinwilliams,Sherwin Williams 9084 Cocoa Whip,#A08E7E,0.6583001174874882,0.03168620035464236,63.886289661001626,160,142,126,"[160, 142, 126]",0%,11%,21%,37%,"[0%, 11%, 21%, 37%]",60.32,5.00,11.15,"[60.32, 5.00, 11.15]",https://www.google.com/search?tbm=isch&q=sherwinWilliams%20Sherwin%20Williams%209084%20Cocoa%20Whip%20color%20swatch,,,,,,,,,,,,,,,,,,,,,,,,,,,,,,,,,,,,,,,,,,,,
DB,sherwinwilliams,Sherwin Williams 9085 Touch of Sand,#D5C7BA,0.8375766193193088,0.023792797628041158,65.40611234783137,213,199,186,"[213, 199, 186]",0%,7%,13%,16%,"[0%, 7%, 13%, 16%]",81.14,3.45,8.38,"[81.14, 3.45, 8.38]",https://www.google.com/search?tbm=isch&q=sherwinWilliams%20Sherwin%20Williams%209085%20Touch%20of%20Sand%20color%20swatch,,,,,,,,,,,,,,,,,,,,,,,,,,,,,,,,,,,,,,,,,,,,
DB,sherwinwilliams,Sherwin Williams 9086 Cool Beige,#C6B5A7,0.7835558656102298,0.027597682808595324,61.899654381082655,198,181,167,"[198, 181, 167]",0%,9%,16%,22%,"[0%, 9%, 16%, 22%]",74.85,4.55,9.47,"[74.85, 4.55, 9.47]",https://www.google.com/search?tbm=isch&q=sherwinWilliams%20Sherwin%20Williams%209086%20Cool%20Beige%20color%20swatch,,,,,,,,,,,,,,,,,,,,,,,,,,,,,,,,,,,,,,,,,,,,
DB,sherwinwilliams,Sherwin Williams 9087 Smoky Beige,#B9A796,0.739180506881339,0.03180951485028514,65.68567336090939,185,167,150,"[185, 167, 150]",0%,10%,19%,27%,"[0%, 10%, 19%, 27%]",69.72,4.68,11.33,"[69.72, 4.68, 11.33]",https://www.google.com/search?tbm=isch&q=sherwinWilliams%20Sherwin%20Williams%209087%20Smoky%20Beige%20color%20swatch,,,,,,,,,,,,,,,,,,,,,,,,,,,,,,,,,,,,,,,,,,,,
DB,sherwinwilliams,Sherwin Williams 9088 Utaupeia,#A58F7B,0.6643970399973035,0.03903322783176072,64.36107077558034,165,143,123,"[165, 143, 123]",0%,13%,25%,35%,"[0%, 13%, 25%, 35%]",61.01,6.17,13.89,"[61.01, 6.17, 13.89]",https://www.google.com/search?tbm=isch&q=sherwinWilliams%20Sherwin%20Williams%209088%20Utaupeia%20color%20swatch,,,,,,,,,,,,,,,,,,,,,,,,,,,,,,,,,,,,,,,,,,,,
DB,sherwinwilliams,Sherwin Williams 9089 Llama Wool,#917864,0.5909080035860264,0.042866949592437115,60.49096696760978,145,120,100,"[145, 120, 100]",0%,17%,31%,43%,"[0%, 17%, 31%, 43%]",52.44,7.74,14.85,"[52.44, 7.74, 14.85]",https://www.google.com/search?tbm=isch&q=sherwinWilliams%20Sherwin%20Williams%209089%20Llama%20Wool%20color%20swatch,,,,,,,,,,,,,,,,,,,,,,,,,,,,,,,,,,,,,,,,,,,,
DB,sherwinwilliams,Sherwin Williams 9090 Caraïbe,#785F4C,0.5053681996572732,0.043537651972611856,58.80386421484843,120,95,76,"[120, 95, 76]",0%,21%,37%,53%,"[0%, 21%, 37%, 53%]",42.49,8.35,14.97,"[42.49, 8.35, 14.97]",https://www.google.com/search?tbm=isch&q=sherwinWilliams%20Sherwin%20Williams%209090%20Cara%C3%AFbe%20color%20swatch,,,,,,,,,,,,,,,,,,,,,,,,,,,,,,,,,,,,,,,,,,,,
DB,sherwinwilliams,Sherwin Williams 9091 Half‐Caff,#604C3D,0.43302071164170763,0.0360204236116902,58.488437461404374,96,76,61,"[96, 76, 61]",0%,21%,36%,62%,"[0%, 21%, 36%, 62%]",34.12,6.94,12.31,"[34.12, 6.94, 12.31]",https://www.google.com/search?tbm=isch&q=sherwinWilliams%20Sherwin%20Williams%209091%20Half%E2%80%90Caff%20color%20swatch,,,,,,,,,,,,,,,,,,,,,,,,,,,,,,,,,,,,,,,,,,,,
DB,sherwinwilliams,Sherwin Williams 9092 Iced Mocha,#A3846C,0.6362005479800602,0.051395509135223116,59.42027352347725,163,132,108,"[163, 132, 108]",0%,19%,34%,36%,"[0%, 19%, 34%, 36%]",57.65,9.64,17.71,"[57.65, 9.64, 17.71]",https://www.google.com/search?tbm=isch&q=sherwinWilliams%20Sherwin%20Williams%209092%20Iced%20Mocha%20color%20swatch,,,,,,,,,,,,,,,,,,,,,,,,,,,,,,,,,,,,,,,,,,,,
DB,sherwinwilliams,Sherwin Williams 9093 Nearly Brown,#A88E76,0.6640600692308701,0.046403246051965885,64.60813532671887,168,142,118,"[168, 142, 118]",0%,15%,30%,34%,"[0%, 15%, 30%, 34%]",60.96,7.40,16.67,"[60.96, 7.40, 16.67]",https://www.google.com/search?tbm=isch&q=sherwinWilliams%20Sherwin%20Williams%209093%20Nearly%20Brown%20color%20swatch,,,,,,,,,,,,,,,,,,,,,,,,,,,,,,,,,,,,,,,,,,,,
DB,sherwinwilliams,Sherwin Williams 9094 Playa Arenosa,#DCC7B3,0.8418266473773705,0.036090866392113674,65.92525960040979,220,199,179,"[220, 199, 179]",0%,10%,19%,14%,"[0%, 10%, 19%, 14%]",81.62,5.26,12.88,"[81.62, 5.26, 12.88]",https://www.google.com/search?tbm=isch&q=sherwinWilliams%20Sherwin%20Williams%209094%20Playa%20Arenosa%20color%20swatch,,,,,,,,,,,,,,,,,,,,,,,,,,,,,,,,,,,,,,,,,,,,
DB,sherwinwilliams,Sherwin Williams 9095 Ginger Root,#D2B79E,0.7961205213900846,0.046233484230770006,64.89468909208682,210,183,158,"[210, 183, 158]",0%,13%,25%,18%,"[0%, 13%, 25%, 18%]",76.29,7.17,16.51,"[76.29, 7.17, 16.51]",https://www.google.com/search?tbm=isch&q=sherwinWilliams%20Sherwin%20Williams%209095%20Ginger%20Root%20color%20swatch,,,,,,,,,,,,,,,,,,,,,,,,,,,,,,,,,,,,,,,,,,,,
DB,sherwinwilliams,Sherwin Williams 9096 Beige Intenso,#C5A88D,0.7501589752997324,0.050457453165385406,64.89835692679327,197,168,141,"[197, 168, 141]",0%,15%,28%,23%,"[0%, 15%, 28%, 23%]",70.95,7.94,18.13,"[70.95, 7.94, 18.13]",https://www.google.com/search?tbm=isch&q=sherwinWilliams%20Sherwin%20Williams%209096%20Beige%20Intenso%20color%20swatch,,,,,,,,,,,,,,,,,,,,,,,,,,,,,,,,,,,,,,,,,,,,
DB,sherwinwilliams,Sherwin Williams 9097 Soft Fawn,#B59778,0.6957295574878436,0.05608451590141823,67.61319990478518,181,151,120,"[181, 151, 120]",0%,17%,34%,29%,"[0%, 17%, 34%, 29%]",64.65,8.21,20.78,"[64.65, 8.21, 20.78]",https://www.google.com/search?tbm=isch&q=sherwinWilliams%20Sherwin%20Williams%209097%20Soft%20Fawn%20color%20swatch,,,,,,,,,,,,,,,,,,,,,,,,,,,,,,,,,,,,,,,,,,,,
DB,sherwinwilliams,Sherwin Williams 9098 Baked Cookie,#89674A,0.5409581954470178,0.06076051469853896,61.466299975415154,137,103,74,"[137, 103, 74]",0%,25%,46%,46%,"[0%, 25%, 46%, 46%]",46.58,11.22,21.93,"[46.58, 11.22, 21.93]",https://www.google.com/search?tbm=isch&q=sherwinWilliams%20Sherwin%20Williams%209098%20Baked%20Cookie%20color%20swatch,,,,,,,,,,,,,,,,,,,,,,,,,,,,,,,,,,,,,,,,,,,,
DB,sherwinwilliams,Sherwin Williams 9099 Saddle Up,#725237,0.466080136319388,0.058767880648405935,60.79128053921346,114,82,55,"[114, 82, 55]",0%,28%,52%,55%,"[0%, 28%, 52%, 55%]",37.89,11.21,21.33,"[37.89, 11.21, 21.33]",https://www.google.com/search?tbm=isch&q=sherwinWilliams%20Sherwin%20Williams%209099%20Saddle%20Up%20color%20swatch,,,,,,,,,,,,,,,,,,,,,,,,,,,,,,,,,,,,,,,,,,,,
DB,sherwinwilliams,Sherwin Williams 9100 Umber Rust,#765138,0.46911349489287013,0.062373715884391376,54.63824009395455,118,81,56,"[118, 81, 56]",0%,31%,53%,54%,"[0%, 31%, 53%, 54%]",38.14,13.69,21.19,"[38.14, 13.69, 21.19]",https://www.google.com/search?tbm=isch&q=sherwinWilliams%20Sherwin%20Williams%209100%20Umber%20Rust%20color%20swatch,,,,,,,,,,,,,,,,,,,,,,,,,,,,,,,,,,,,,,,,,,,,
DB,sherwinwilliams,Sherwin Williams 9101 Tres Naturale,#DCC7AD,0.8403755843462822,0.042343944393489374,73.090491750909,220,199,173,"[220, 199, 173]",0%,10%,21%,14%,"[0%, 10%, 21%, 14%]",81.51,4.61,15.90,"[81.51, 4.61, 15.90]",https://www.google.com/search?tbm=isch&q=sherwinWilliams%20Sherwin%20Williams%209101%20Tres%20Naturale%20color%20swatch,,,,,,,,,,,,,,,,,,,,,,,,,,,,,,,,,,,,,,,,,,,,
DB,sherwinwilliams,Sherwin Williams 9102 Quinoa,#CFB597,0.7877674024113472,0.050637383297372794,70.9822856592611,207,181,151,"[207, 181, 151]",0%,13%,27%,19%,"[0%, 13%, 27%, 19%]",75.38,6.29,18.96,"[75.38, 6.29, 18.96]",https://www.google.com/search?tbm=isch&q=sherwinWilliams%20Sherwin%20Williams%209102%20Quinoa%20color%20swatch,,,,,,,,,,,,,,,,,,,,,,,,,,,,,,,,,,,,,,,,,,,,
DB,sherwinwilliams,Sherwin Williams 9103 Farro,#C1A485,0.7365180268748177,0.054628842826439296,68.68915383031748,193,164,133,"[193, 164, 133]",0%,15%,31%,24%,"[0%, 15%, 31%, 24%]",69.40,7.60,20.30,"[69.40, 7.60, 20.30]",https://www.google.com/search?tbm=isch&q=sherwinWilliams%20Sherwin%20Williams%209103%20Farro%20color%20swatch,,,,,,,,,,,,,,,,,,,,,,,,,,,,,,,,,,,,,,,,,,,,
DB,sherwinwilliams,Sherwin Williams 9104 Woven Wicker,#B99974,0.7029074851515742,0.06349454225755378,70.56657628899819,185,153,116,"[185, 153, 116]",0%,17%,37%,27%,"[0%, 17%, 37%, 27%]",65.51,8.45,24.19,"[65.51, 8.45, 24.19]",https://www.google.com/search?tbm=isch&q=sherwinWilliams%20Sherwin%20Williams%209104%20Woven%20Wicker%20color%20swatch,,,,,,,,,,,,,,,,,,,,,,,,,,,,,,,,,,,,,,,,,,,,
DB,sherwinwilliams,Sherwin Williams 9105 Almond Roca,#A78361,0.6360042419374214,0.065066767316127,64.59013430081967,167,131,97,"[167, 131, 97]",0%,22%,42%,35%,"[0%, 22%, 42%, 35%]",57.65,10.87,23.96,"[57.65, 10.87, 23.96]",https://www.google.com/search?tbm=isch&q=sherwinWilliams%20Sherwin%20Williams%209105%20Almond%20Roca%20color%20swatch,,,,,,,,,,,,,,,,,,,,,,,,,,,,,,,,,,,,,,,,,,,,
DB,sherwinwilliams,Sherwin Williams 9106 El Caramelo,#946E48,0.5675689436867217,0.07185415192904417,65.52032706242119,148,110,72,"[148, 110, 72]",0%,26%,51%,42%,"[0%, 26%, 51%, 42%]",49.69,12.06,27.29,"[49.69, 12.06, 27.29]",https://www.google.com/search?tbm=isch&q=sherwinWilliams%20Sherwin%20Williams%209106%20El%20Caramelo%20color%20swatch,,,,,,,,,,,,,,,,,,,,,,,,,,,,,,,,,,,,,,,,,,,,
DB,sherwinwilliams,Sherwin Williams 9107 Über Umber,#7B5838,0.48983682525178157,0.0655076880901899,62.778483465289355,123,88,56,"[123, 88, 56]",0%,28%,54%,52%,"[0%, 28%, 54%, 52%]",40.64,11.98,24.45,"[40.64, 11.98, 24.45]",https://www.google.com/search?tbm=isch&q=sherwinWilliams%20Sherwin%20Williams%209107%20%C3%9Cber%20Umber%20color%20swatch,,,,,,,,,,,,,,,,,,,,,,,,,,,,,,,,,,,,,,,,,,,,
DB,sherwinwilliams,Sherwin Williams 9108 Double Latte,#A78C71,0.6578059264041385,0.0503273368745432,66.76332958338423,167,140,113,"[167, 140, 113]",0%,16%,32%,35%,"[0%, 16%, 32%, 35%]",60.25,7.54,18.48,"[60.25, 7.54, 18.48]",https://www.google.com/search?tbm=isch&q=sherwinWilliams%20Sherwin%20Williams%209108%20Double%20Latte%20color%20swatch,,,,,,,,,,,,,,,,,,,,,,,,,,,,,,,,,,,,,,,,,,,,
DB,sherwinwilliams,Sherwin Williams 9109 Natural Linen,#DFD3C3,0.8722005478874235,0.02540863572081583,75.24985634401185,223,211,195,"[223, 211, 195]",0%,5%,13%,13%,"[0%, 5%, 13%, 13%]",85.21,2.31,9.52,"[85.21, 2.31, 9.52]",https://www.google.com/search?tbm=isch&q=sherwinWilliams%20Sherwin%20Williams%209109%20Natural%20Linen%20color%20swatch,,,,,,,,,,,,,,,,,,,,,,,,,,,,,,,,,,,,,,,,,,,,
DB,sherwinwilliams,Sherwin Williams 9110 Malabar,#CFBEA9,0.8100624940729735,0.03462655482992067,73.11943580748607,207,190,169,"[207, 190, 169]",0%,8%,18%,19%,"[0%, 8%, 18%, 19%]",77.99,3.69,12.94,"[77.99, 3.69, 12.94]",https://www.google.com/search?tbm=isch&q=sherwinWilliams%20Sherwin%20Williams%209110%20Malabar%20color%20swatch,,,,,,,,,,,,,,,,,,,,,,,,,,,,,,,,,,,,,,,,,,,,
DB,sherwinwilliams,Sherwin Williams 9111 Antler Velvet,#C0AD96,0.7577321632640743,0.038719260340901895,72.47618723337291,192,173,150,"[192, 173, 150]",0%,10%,22%,25%,"[0%, 10%, 22%, 25%]",71.92,4.36,14.49,"[71.92, 4.36, 14.49]",https://www.google.com/search?tbm=isch&q=sherwinWilliams%20Sherwin%20Williams%209111%20Antler%20Velvet%20color%20swatch,,,,,,,,,,,,,,,,,,,,,,,,,,,,,,,,,,,,,,,,,,,,
DB,sherwinwilliams,Sherwin Williams 9112 Song Thrush,#AF987F,0.6935225443697306,0.04456977769765765,69.3254709270791,175,152,127,"[175, 152, 127]",0%,13%,27%,31%,"[0%, 13%, 27%, 31%]",64.43,5.94,16.52,"[64.43, 5.94, 16.52]",https://www.google.com/search?tbm=isch&q=sherwinWilliams%20Sherwin%20Williams%209112%20Song%20Thrush%20color%20swatch,,,,,,,,,,,,,,,,,,,,,,,,,,,,,,,,,,,,,,,,,,,,
DB,sherwinwilliams,Sherwin Williams 9113 Mudslide,#A08568,0.6342990980879708,0.05276487793756361,68.65267608035867,160,133,104,"[160, 133, 104]",0%,17%,35%,37%,"[0%, 17%, 35%, 37%]",57.54,7.47,19.74,"[57.54, 7.47, 19.74]",https://www.google.com/search?tbm=isch&q=sherwinWilliams%20Sherwin%20Williams%209113%20Mudslide%20color%20swatch,,,,,,,,,,,,,,,,,,,,,,,,,,,,,,,,,,,,,,,,,,,,
DB,sherwinwilliams,Sherwin Williams 9114 Fallen Leaves,#8F7659,0.5821142028281746,0.05212378246102239,70.67308392421154,143,118,89,"[143, 118, 89]",0%,17%,38%,44%,"[0%, 17%, 38%, 44%]",51.50,6.90,19.86,"[51.50, 6.90, 19.86]",https://www.google.com/search?tbm=isch&q=sherwinWilliams%20Sherwin%20Williams%209114%20Fallen%20Leaves%20color%20swatch,,,,,,,,,,,,,,,,,,,,,,,,,,,,,,,,,,,,,,,,,,,,
DB,sherwinwilliams,Sherwin Williams 9115 Cowboy Boots,#695239,0.45581956555238173,0.04860876640689982,68.45303757095007,105,82,57,"[105, 82, 57]",0%,22%,46%,59%,"[0%, 22%, 46%, 59%]",36.82,7.21,18.52,"[36.82, 7.21, 18.52]",https://www.google.com/search?tbm=isch&q=sherwinWilliams%20Sherwin%20Williams%209115%20Cowboy%20Boots%20color%20swatch,,,,,,,,,,,,,,,,,,,,,,,,,,,,,,,,,,,,,,,,,,,,
DB,sherwinwilliams,Sherwin Williams 9116 Serengeti Grass,#AB9579,0.6821201659617341,0.047261019987302144,73.57138520160453,171,149,121,"[171, 149, 121]",0%,13%,29%,33%,"[0%, 13%, 29%, 33%]",63.15,5.26,18.02,"[63.15, 5.26, 18.02]",https://www.google.com/search?tbm=isch&q=sherwinWilliams%20Sherwin%20Williams%209116%20Serengeti%20Grass%20color%20swatch,,,,,,,,,,,,,,,,,,,,,,,,,,,,,,,,,,,,,,,,,,,,
DB,sherwinwilliams,Sherwin Williams 9117 Urban Jungle,#A4947E,0.6746158781429438,0.03660889797157936,75.8014929427323,164,148,126,"[164, 148, 126]",0%,10%,23%,36%,"[0%, 10%, 23%, 36%]",62.30,3.47,13.96,"[62.30, 3.47, 13.96]",https://www.google.com/search?tbm=isch&q=sherwinWilliams%20Sherwin%20Williams%209117%20Urban%20Jungle%20color%20swatch,,,,,,,,,,,,,,,,,,,,,,,,,,,,,,,,,,,,,,,,,,,,
DB,sherwinwilliams,Sherwin Williams 9118 Tarnished Treasure,#B9A47E,0.7274392030116524,0.057377838987288945,82.20096197399863,185,164,126,"[185, 164, 126]",0%,11%,32%,27%,"[0%, 11%, 32%, 27%]",68.51,3.70,22.74,"[68.51, 3.70, 22.74]",https://www.google.com/search?tbm=isch&q=sherwinWilliams%20Sherwin%20Williams%209118%20Tarnished%20Treasure%20color%20swatch,,,,,,,,,,,,,,,,,,,,,,,,,,,,,,,,,,,,,,,,,,,,
DB,sherwinwilliams,Sherwin Williams 9119 Dirty Martini,#DDD0B6,0.8613136679209268,0.037772750192218575,84.57746409299023,221,208,182,"[221, 208, 182]",0%,6%,18%,13%,"[0%, 6%, 18%, 13%]",84.04,1.54,14.67,"[84.04, 1.54, 14.67]",https://www.google.com/search?tbm=isch&q=sherwinWilliams%20Sherwin%20Williams%209119%20Dirty%20Martini%20color%20swatch,,,,,,,,,,,,,,,,,,,,,,,,,,,,,,,,,,,,,,,,,,,,
DB,sherwinwilliams,Sherwin Williams 9120 Tumblin' Tumbleweed,#CDBB9C,0.7991603974723398,0.04674775184339669,81.25712143414637,205,187,156,"[205, 187, 156]",0%,9%,24%,20%,"[0%, 9%, 24%, 20%]",76.81,3.01,18.21,"[76.81, 3.01, 18.21]",https://www.google.com/search?tbm=isch&q=sherwinWilliams%20Sherwin%20Williams%209120%20Tumblin'%20Tumbleweed%20color%20swatch,,,,,,,,,,,,,,,,,,,,,,,,,,,,,,,,,,,,,,,,,,,,
DB,sherwinwilliams,Sherwin Williams 9121 Sawgrass Basket,#C3B090,0.7651491213532589,0.04886258968918057,80.69573021434093,195,176,144,"[195, 176, 144]",0%,10%,26%,24%,"[0%, 10%, 26%, 24%]",72.86,3.38,19.08,"[72.86, 3.38, 19.08]",https://www.google.com/search?tbm=isch&q=sherwinWilliams%20Sherwin%20Williams%209121%20Sawgrass%20Basket%20color%20swatch,,,,,,,,,,,,,,,,,,,,,,,,,,,,,,,,,,,,,,,,,,,,
DB,sherwinwilliams,Sherwin Williams 9122 Dried Edamame,#B19F80,0.7101009259643889,0.047905379234751924,81.1819317795364,177,159,128,"[177, 159, 128]",0%,10%,28%,31%,"[0%, 10%, 28%, 31%]",66.48,3.22,18.78,"[66.48, 3.22, 18.78]",https://www.google.com/search?tbm=isch&q=sherwinWilliams%20Sherwin%20Williams%209122%20Dried%20Edamame%20color%20swatch,,,,,,,,,,,,,,,,,,,,,,,,,,,,,,,,,,,,,,,,,,,,
DB,sherwinwilliams,Sherwin Williams 9123 Barro Verde,#9F8E71,0.6542026602640965,0.045763936756543534,80.93638554764954,159,142,113,"[159, 142, 113]",0%,11%,29%,38%,"[0%, 11%, 29%, 38%]",59.98,3.18,17.96,"[59.98, 3.18, 17.96]",https://www.google.com/search?tbm=isch&q=sherwinWilliams%20Sherwin%20Williams%209123%20Barro%20Verde%20color%20swatch,,,,,,,,,,,,,,,,,,,,,,,,,,,,,,,,,,,,,,,,,,,,
DB,sherwinwilliams,Sherwin Williams 9124 Verde Marrón,#877459,0.5696040039795359,0.04583355367145051,76.29960660200015,135,116,89,"[135, 116, 89]",0%,14%,34%,47%,"[0%, 14%, 34%, 47%]",50.12,4.53,17.85,"[50.12, 4.53, 17.85]",https://www.google.com/search?tbm=isch&q=sherwinWilliams%20Sherwin%20Williams%209124%20Verde%20Marr%C3%B3n%20color%20swatch,,,,,,,,,,,,,,,,,,,,,,,,,,,,,,,,,,,,,,,,,,,,
DB,sherwinwilliams,Sherwin Williams 9125 Oliva Oscuro,#665439,0.45691680561183934,0.04697276041084841,77.27115180340604,102,84,57,"[102, 84, 57]",0%,18%,44%,60%,"[0%, 18%, 44%, 60%]",37.04,4.66,18.72,"[37.04, 4.66, 18.72]",https://www.google.com/search?tbm=isch&q=sherwinWilliams%20Sherwin%20Williams%209125%20Oliva%20Oscuro%20color%20swatch,,,,,,,,,,,,,,,,,,,,,,,,,,,,,,,,,,,,,,,,,,,,
DB,sherwinwilliams,Sherwin Williams 9126 Honed Soapstone,#9D9887,0.6790956980431924,0.024987387186645463,93.43216752293017,157,152,135,"[157, 152, 135]",0%,3%,14%,38%,"[0%, 3%, 14%, 38%]",62.91,-0.35,9.67,"[62.91, -0.35, 9.67]",https://www.google.com/search?tbm=isch&q=sherwinWilliams%20Sherwin%20Williams%209126%20Honed%20Soapstone%20color%20swatch,,,,,,,,,,,,,,,,,,,,,,,,,,,,,,,,,,,,,,,,,,,,
DB,sherwinwilliams,Sherwin Williams 9127 At Ease Soldier,#9E9985,0.6815866625253855,0.029052488393144088,95.47865743569298,158,153,133,"[158, 153, 133]",0%,3%,16%,38%,"[0%, 3%, 16%, 38%]",63.23,-0.72,11.25,"[63.23, -0.72, 11.25]",https://www.google.com/search?tbm=isch&q=sherwinWilliams%20Sherwin%20Williams%209127%20At%20Ease%20Soldier%20color%20swatch,,,,,,,,,,,,,,,,,,,,,,,,,,,,,,,,,,,,,,,,,,,,
DB,sherwinwilliams,Sherwin Williams 9128 Green Onyx,#989A82,0.6778666134808219,0.03422972612313384,111.17669102855672,152,154,130,"[152, 154, 130]",1%,0%,16%,40%,"[1%, 0%, 16%, 40%]",62.93,-3.96,12.40,"[62.93, -3.96, 12.40]",https://www.google.com/search?tbm=isch&q=sherwinWilliams%20Sherwin%20Williams%209128%20Green%20Onyx%20color%20swatch,,,,,,,,,,,,,,,,,,,,,,,,,,,,,,,,,,,,,,,,,,,,
DB,sherwinwilliams,Sherwin Williams 9129 Jade Dragon,#909886,0.6679360192684793,0.02753503959641999,126.74362726334215,144,152,134,"[144, 152, 134]",5%,0%,12%,40%,"[5%, 0%, 12%, 40%]",61.79,-5.54,8.47,"[61.79, -5.54, 8.47]",https://www.google.com/search?tbm=isch&q=sherwinWilliams%20Sherwin%20Williams%209129%20Jade%20Dragon%20color%20swatch,,,,,,,,,,,,,,,,,,,,,,,,,,,,,,,,,,,,,,,,,,,,
DB,sherwinwilliams,Sherwin Williams 9130 Evergreen Fog,#95978A,0.6709384334377625,0.01886013292750426,114.00476111097407,149,151,138,"[149, 151, 138]",1%,0%,9%,41%,"[1%, 0%, 9%, 41%]",62.01,-2.56,6.61,"[62.01, -2.56, 6.61]",https://www.google.com/search?tbm=isch&q=sherwinWilliams%20Sherwin%20Williams%209130%20Evergreen%20Fog%20color%20swatch,,,,,,,,,,,,,,,,,,,,,,,,,,,,,,,,,,,,,,,,,,,,
DB,sherwinwilliams,Sherwin Williams 9131 Cornwall Slate,#949488,0.6630282502959596,0.017332172309488827,106.86311715261246,148,148,136,"[148, 148, 136]",0%,0%,8%,42%,"[0%, 0%, 8%, 42%]",61.06,-1.66,6.37,"[61.06, -1.66, 6.37]",https://www.google.com/search?tbm=isch&q=sherwinWilliams%20Sherwin%20Williams%209131%20Cornwall%20Slate%20color%20swatch,,,,,,,,,,,,,,,,,,,,,,,,,,,,,,,,,,,,,,,,,,,,
DB,sherwinwilliams,Sherwin Williams 9132 Acacia Haze,#969C92,0.6848812720905828,0.015943279446877203,132.5347106830552,150,156,146,"[150, 156, 146]",4%,0%,6%,39%,"[4%, 0%, 6%, 39%]",63.64,-3.67,4.47,"[63.64, -3.67, 4.47]",https://www.google.com/search?tbm=isch&q=sherwinWilliams%20Sherwin%20Williams%209132%20Acacia%20Haze%20color%20swatch,,,,,,,,,,,,,,,,,,,,,,,,,,,,,,,,,,,,,,,,,,,,
DB,sherwinwilliams,Sherwin Williams 9133 Jasper Stone,#8D9E97,0.6837161494313884,0.021793542709475158,169.01420972018138,141,158,151,"[141, 158, 151]",11%,0%,4%,38%,"[11%, 0%, 4%, 38%]",63.60,-7.31,1.51,"[63.60, -7.31, 1.51]",https://www.google.com/search?tbm=isch&q=sherwinWilliams%20Sherwin%20Williams%209133%20Jasper%20Stone%20color%20swatch,,,,,,,,,,,,,,,,,,,,,,,,,,,,,,,,,,,,,,,,,,,,
DB,sherwinwilliams,Sherwin Williams 9134 Delft,#8B9FA0,0.6872282474886942,0.02261948558838562,200.3199927750593,139,159,160,"[139, 159, 160]",13%,1%,0%,37%,"[13%, 1%, 0%, 37%]",63.94,-7.13,-3.03,"[63.94, -7.13, -3.03]",https://www.google.com/search?tbm=isch&q=sherwinWilliams%20Sherwin%20Williams%209134%20Delft%20color%20swatch,,,,,,,,,,,,,,,,,,,,,,,,,,,,,,,,,,,,,,,,,,,,
DB,sherwinwilliams,Sherwin Williams 9135 Whirlpool,#80969D,0.6582652016550639,0.027062391205201698,218.9589079319527,128,150,157,"[128, 150, 157]",18%,4%,0%,38%,"[18%, 4%, 0%, 38%]",60.53,-6.90,-6.45,"[60.53, -6.90, -6.45]",https://www.google.com/search?tbm=isch&q=sherwinWilliams%20Sherwin%20Williams%209135%20Whirlpool%20color%20swatch,,,,,,,,,,,,,,,,,,,,,,,,,,,,,,,,,,,,,,,,,,,,
DB,sherwinwilliams,Sherwin Williams 9136 Lullaby,#CBD4D4,0.8630241087090178,0.009799739636277041,196.97477187885966,203,212,212,"[203, 212, 212]",4%,0%,0%,17%,"[4%, 0%, 0%, 17%]",84.21,-3.16,-1.12,"[84.21, -3.16, -1.12]",https://www.google.com/search?tbm=isch&q=sherwinWilliams%20Sherwin%20Williams%209136%20Lullaby%20color%20swatch,,,,,,,,,,,,,,,,,,,,,,,,,,,,,,,,,,,,,,,,,,,,
DB,sherwinwilliams,Sherwin Williams 9137 Niebla Azul,#B6C3C4,0.8074537163413126,0.01438732725061534,202.42410712983008,182,195,196,"[182, 195, 196]",7%,1%,0%,23%,"[7%, 1%, 0%, 23%]",77.80,-4.47,-2.12,"[77.80, -4.47, -2.12]",https://www.google.com/search?tbm=isch&q=sherwinWilliams%20Sherwin%20Williams%209137%20Niebla%20Azul%20color%20swatch,,,,,,,,,,,,,,,,,,,,,,,,,,,,,,,,,,,,,,,,,,,,
DB,sherwinwilliams,Sherwin Williams 9138 Stardew,#A6B2B5,0.75507389015688,0.014125924130092893,214.3789942351341,166,178,181,"[166, 178, 181]",8%,2%,0%,29%,"[8%, 2%, 0%, 29%]",71.69,-3.89,-3.05,"[71.69, -3.89, -3.05]",https://www.google.com/search?tbm=isch&q=sherwinWilliams%20Sherwin%20Williams%209138%20Stardew%20color%20swatch,,,,,,,,,,,,,,,,,,,,,,,,,,,,,,,,,,,,,,,,,,,,
DB,sherwinwilliams,Sherwin Williams 9139 Debonair,#90A0A6,0.6950576270871871,0.020185312675802796,222.27417956500653,144,160,166,"[144, 160, 166]",13%,4%,0%,35%,"[13%, 4%, 0%, 35%]",64.74,-4.91,-5.16,"[64.74, -4.91, -5.16]",https://www.google.com/search?tbm=isch&q=sherwinWilliams%20Sherwin%20Williams%209139%20Debonair%20color%20swatch,,,,,,,,,,,,,,,,,,,,,,,,,,,,,,,,,,,,,,,,,,,,
DB,sherwinwilliams,Sherwin Williams 9140 Blustery Sky,#6F848C,0.5993973770652405,0.027221079617613025,222.85905181726434,111,132,140,"[111, 132, 140]",21%,6%,0%,45%,"[21%, 6%, 0%, 45%]",53.67,-6.48,-7.00,"[53.67, -6.48, -7.00]",https://www.google.com/search?tbm=isch&q=sherwinWilliams%20Sherwin%20Williams%209140%20Blustery%20Sky%20color%20swatch,,,,,,,,,,,,,,,,,,,,,,,,,,,,,,,,,,,,,,,,,,,,
DB,sherwinwilliams,Sherwin Williams 9141 Waterloo,#536872,0.5038925082323558,0.029766251626960387,228.45762783863302,83,104,114,"[83, 104, 114]",27%,9%,0%,55%,"[27%, 9%, 0%, 55%]",42.56,-6.24,-8.36,"[42.56, -6.24, -8.36]",https://www.google.com/search?tbm=isch&q=sherwinWilliams%20Sherwin%20Williams%209141%20Waterloo%20color%20swatch,,,,,,,,,,,,,,,,,,,,,,,,,,,,,,,,,,,,,,,,,,,,
DB,sherwinwilliams,Sherwin Williams 9142 Moscow Midnight,#204652,0.37174200076789,0.047691953542642926,221.04856506919361,32,70,82,"[32, 70, 82]",61%,15%,0%,68%,"[61%, 15%, 0%, 68%]",27.36,-11.04,-11.58,"[27.36, -11.04, -11.58]",https://www.google.com/search?tbm=isch&q=sherwinWilliams%20Sherwin%20Williams%209142%20Moscow%20Midnight%20color%20swatch,,,,,,,,,,,,,,,,,,,,,,,,,,,,,,,,,,,,,,,,,,,,
DB,sherwinwilliams,Sherwin Williams 9143 Cadet,#91999C,0.6773900271061122,0.010259404807123399,222.11225205330027,145,153,156,"[145, 153, 156]",7%,2%,0%,39%,"[7%, 2%, 0%, 39%]",62.64,-2.53,-2.63,"[62.64, -2.53, -2.63]",https://www.google.com/search?tbm=isch&q=sherwinWilliams%20Sherwin%20Williams%209143%20Cadet%20color%20swatch,,,,,,,,,,,,,,,,,,,,,,,,,,,,,,,,,,,,,,,,,,,,
DB,sherwinwilliams,Sherwin Williams 9144 Moonmist,#C9D9E0,0.875335409863883,0.01979680246017853,225.74851249979383,201,217,224,"[201, 217, 224]",10%,3%,0%,12%,"[10%, 3%, 0%, 12%]",85.63,-4.54,-5.39,"[85.63, -4.54, -5.39]",https://www.google.com/search?tbm=isch&q=sherwinWilliams%20Sherwin%20Williams%209144%20Moonmist%20color%20swatch,,,,,,,,,,,,,,,,,,,,,,,,,,,,,,,,,,,,,,,,,,,,
DB,sherwinwilliams,Sherwin Williams 9145 Sleepy Hollow,#B7C9D1,0.8246898053731773,0.022624869790708543,226.19703550386635,183,201,209,"[183, 201, 209]",12%,4%,0%,18%,"[12%, 4%, 0%, 18%]",79.77,-5.12,-6.20,"[79.77, -5.12, -6.20]",https://www.google.com/search?tbm=isch&q=sherwinWilliams%20Sherwin%20Williams%209145%20Sleepy%20Hollow%20color%20swatch,,,,,,,,,,,,,,,,,,,,,,,,,,,,,,,,,,,,,,,,,,,,
DB,sherwinwilliams,Sherwin Williams 9146 Faded Flaxflower,#9EB4C0,0.7569951938714662,0.029812479417701526,231.59715538938337,158,180,192,"[158, 180, 192]",18%,6%,0%,25%,"[18%, 6%, 0%, 25%]",71.91,-5.92,-8.82,"[71.91, -5.92, -8.82]",https://www.google.com/search?tbm=isch&q=sherwinWilliams%20Sherwin%20Williams%209146%20Faded%20Flaxflower%20color%20swatch,,,,,,,,,,,,,,,,,,,,,,,,,,,,,,,,,,,,,,,,,,,,
DB,sherwinwilliams,Sherwin Williams 9147 Favorite Jeans,#8AA3B1,0.7010015575535529,0.034664619981042,232.4771683591299,138,163,177,"[138, 163, 177]",22%,8%,0%,31%,"[22%, 8%, 0%, 31%]",65.42,-6.66,-10.33,"[65.42, -6.66, -10.33]",https://www.google.com/search?tbm=isch&q=sherwinWilliams%20Sherwin%20Williams%209147%20Favorite%20Jeans%20color%20swatch,,,,,,,,,,,,,,,,,,,,,,,,,,,,,,,,,,,,,,,,,,,,
DB,sherwinwilliams,Sherwin Williams 9148 Smoky Azurite,#708D9E,0.6272034512326901,0.041661687260761554,234.0375177419528,112,141,158,"[112, 141, 158]",29%,11%,0%,38%,"[29%, 11%, 0%, 38%]",56.85,-7.50,-12.60,"[56.85, -7.50, -12.60]",https://www.google.com/search?tbm=isch&q=sherwinWilliams%20Sherwin%20Williams%209148%20Smoky%20Azurite%20color%20swatch,,,,,,,,,,,,,,,,,,,,,,,,,,,,,,,,,,,,,,,,,,,,
DB,sherwinwilliams,Sherwin Williams 9149 Inky Blue,#4E7287,0.5331820199033762,0.05258873126632849,234.6867498763246,78,114,135,"[78, 114, 135]",42%,16%,0%,47%,"[42%, 16%, 0%, 47%]",45.94,-8.86,-15.88,"[45.94, -8.86, -15.88]",https://www.google.com/search?tbm=isch&q=sherwinWilliams%20Sherwin%20Williams%209149%20Inky%20Blue%20color%20swatch,,,,,,,,,,,,,,,,,,,,,,,,,,,,,,,,,,,,,,,,,,,,
DB,sherwinwilliams,Sherwin Williams 9150 Endless Sea,#32586E,0.4416683949068704,0.056546737347391435,235.43089430014982,50,88,110,"[50, 88, 110]",55%,20%,0%,57%,"[55%, 20%, 0%, 57%]",35.30,-8.85,-17.09,"[35.30, -8.85, -17.09]",https://www.google.com/search?tbm=isch&q=sherwinWilliams%20Sherwin%20Williams%209150%20Endless%20Sea%20color%20swatch,,,,,,,,,,,,,,,,,,,,,,,,,,,,,,,,,,,,,,,,,,,,
DB,sherwinwilliams,Sherwin Williams 9151 Daphne,#899CAA,0.6825188942976904,0.029887917863861788,239.87793903774696,137,156,170,"[137, 156, 170]",19%,8%,0%,33%,"[19%, 8%, 0%, 33%]",63.21,-4.64,-9.71,"[63.21, -4.64, -9.71]",https://www.google.com/search?tbm=isch&q=sherwinWilliams%20Sherwin%20Williams%209151%20Daphne%20color%20swatch,,,,,,,,,,,,,,,,,,,,,,,,,,,,,,,,,,,,,,,,,,,,
DB,sherwinwilliams,Sherwin Williams 9152 Let it Rain,#979FA5,0.6979374786935653,0.012707720982655206,239.99044932455888,151,159,165,"[151, 159, 165]",8%,4%,0%,35%,"[8%, 4%, 0%, 35%]",64.98,-2.05,-4.18,"[64.98, -2.05, -4.18]",https://www.google.com/search?tbm=isch&q=sherwinWilliams%20Sherwin%20Williams%209152%20Let%20it%20Rain%20color%20swatch,,,,,,,,,,,,,,,,,,,,,,,,,,,,,,,,,,,,,,,,,,,,
DB,sherwinwilliams,Sherwin Williams 9153 Moonlit Orchid,#949194,0.6601325777622893,0.005585382003552276,325.6397173074715,148,145,148,"[148, 145, 148]",0%,2%,0%,42%,"[0%, 2%, 0%, 42%]",60.50,1.57,-1.18,"[60.50, 1.57, -1.18]",https://www.google.com/search?tbm=isch&q=sherwinWilliams%20Sherwin%20Williams%209153%20Moonlit%20Orchid%20color%20swatch,,,,,,,,,,,,,,,,,,,,,,,,,,,,,,,,,,,,,,,,,,,,
DB,sherwinwilliams,Sherwin Williams 9154 Perle Noir,#4F4D51,0.4235447014074393,0.007000159587226483,308.27689322486594,79,77,81,"[79, 77, 81]",2%,5%,0%,68%,"[2%, 5%, 0%, 68%]",33.05,1.50,-2.07,"[33.05, 1.50, -2.07]",https://www.google.com/search?tbm=isch&q=sherwinWilliams%20Sherwin%20Williams%209154%20Perle%20Noir%20color%20swatch,,,,,,,,,,,,,,,,,,,,,,,,,,,,,,,,,,,,,,,,,,,,
DB,sherwinwilliams,Sherwin Williams 9155 Slate Violet,#989192,0.6629696012749603,0.008403743678885162,7.40351440394295,152,145,146,"[152, 145, 146]",0%,5%,4%,40%,"[0%, 5%, 4%, 40%]",60.81,2.81,0.44,"[60.81, 2.81, 0.44]",https://www.google.com/search?tbm=isch&q=sherwinWilliams%20Sherwin%20Williams%209155%20Slate%20Violet%20color%20swatch,,,,,,,,,,,,,,,,,,,,,,,,,,,,,,,,,,,,,,,,,,,,
DB,sherwinwilliams,Sherwin Williams 9156 Gris Morado,#8F8A91,0.6399540422776696,0.011806127985384109,316.46952552627727,143,138,145,"[143, 138, 145]",1%,5%,0%,43%,"[1%, 5%, 0%, 43%]",58.08,2.94,-3.05,"[58.08, 2.94, -3.05]",https://www.google.com/search?tbm=isch&q=sherwinWilliams%20Sherwin%20Williams%209156%20Gris%20Morado%20color%20swatch,,,,,,,,,,,,,,,,,,,,,,,,,,,,,,,,,,,,,,,,,,,,
DB,sherwinwilliams,Sherwin Williams 9157 Autumn Orchid,#9D9093,0.6656247083280531,0.01602910749561841,1.7927961969388093,157,144,147,"[157, 144, 147]",0%,8%,6%,38%,"[0%, 8%, 6%, 38%]",61.01,5.40,0.25,"[61.01, 5.40, 0.25]",https://www.google.com/search?tbm=isch&q=sherwinWilliams%20Sherwin%20Williams%209157%20Autumn%20Orchid%20color%20swatch,,,,,,,,,,,,,,,,,,,,,,,,,,,,,,,,,,,,,,,,,,,,
DB,sherwinwilliams,Sherwin Williams 9158 Coquina,#9D8D8E,0.657877477420525,0.019256863269515315,13.328815586646726,157,141,142,"[157, 141, 142]",0%,10%,10%,38%,"[0%, 10%, 10%, 38%]",60.10,6.32,1.76,"[60.10, 6.32, 1.76]",https://www.google.com/search?tbm=isch&q=sherwinWilliams%20Sherwin%20Williams%209158%20Coquina%20color%20swatch,,,,,,,,,,,,,,,,,,,,,,,,,,,,,,,,,,,,,,,,,,,,
DB,sherwinwilliams,Sherwin Williams 9159 Auger Shell,#9F9291,0.6709912985612504,0.015581883693969307,22.863231581670846,159,146,145,"[159, 146, 145]",0%,8%,9%,38%,"[0%, 8%, 9%, 38%]",61.69,4.85,2.37,"[61.69, 4.85, 2.37]",https://www.google.com/search?tbm=isch&q=sherwinWilliams%20Sherwin%20Williams%209159%20Auger%20Shell%20color%20swatch,,,,,,,,,,,,,,,,,,,,,,,,,,,,,,,,,,,,,,,,,,,,
DB,sherwinwilliams,Sherwin Williams 9160 Armadillo,#9E9089,0.6635920833854257,0.01968465146438679,48.40800075614993,158,144,137,"[158, 144, 137]",0%,9%,13%,38%,"[0%, 9%, 13%, 38%]",60.89,4.47,5.72,"[60.89, 4.47, 5.72]",https://www.google.com/search?tbm=isch&q=sherwinWilliams%20Sherwin%20Williams%209160%20Armadillo%20color%20swatch,,,,,,,,,,,,,,,,,,,,,,,,,,,,,,,,,,,,,,,,,,,,
DB,sherwinwilliams,Sherwin Williams 9161 Dustblu,#959BA0,0.6861632391587581,0.01009766818133996,242.9037956247514,149,155,160,"[149, 155, 160]",7%,3%,0%,37%,"[7%, 3%, 0%, 37%]",63.60,-1.48,-3.41,"[63.60, -1.48, -3.41]",https://www.google.com/search?tbm=isch&q=sherwinWilliams%20Sherwin%20Williams%209161%20Dustblu%20color%20swatch,,,,,,,,,,,,,,,,,,,,,,,,,,,,,,,,,,,,,,,,,,,,
DB,sherwinwilliams,Sherwin Williams 9162 African Gray,#939899,0.6758827772556707,0.005997002104133306,211.0379538917133,147,152,153,"[147, 152, 153]",4%,1%,0%,40%,"[4%, 1%, 0%, 40%]",62.45,-1.72,-1.19,"[62.45, -1.72, -1.19]",https://www.google.com/search?tbm=isch&q=sherwinWilliams%20Sherwin%20Williams%209162%20African%20Gray%20color%20swatch,,,,,,,,,,,,,,,,,,,,,,,,,,,,,,,,,,,,,,,,,,,,
DB,sherwinwilliams,Sherwin Williams 9163 Tin Lizzie,#939591,0.6669575451532723,0.006239982908321705,128.5651741041304,147,149,145,"[147, 149, 145]",1%,0%,3%,42%,"[1%, 0%, 3%, 42%]",61.44,-1.33,1.85,"[61.44, -1.33, 1.85]",https://www.google.com/search?tbm=isch&q=sherwinWilliams%20Sherwin%20Williams%209163%20Tin%20Lizzie%20color%20swatch,,,,,,,,,,,,,,,,,,,,,,,,,,,,,,,,,,,,,,,,,,,,
DB,sherwinwilliams,Sherwin Williams 9164 Illusive Green,#92948D,0.6627773410828182,0.010407452207079046,119.6783861366323,146,148,141,"[146, 148, 141]",1%,0%,5%,42%,"[1%, 0%, 5%, 42%]",60.99,-1.75,3.45,"[60.99, -1.75, 3.45]",https://www.google.com/search?tbm=isch&q=sherwinWilliams%20Sherwin%20Williams%209164%20Illusive%20Green%20color%20swatch,,,,,,,,,,,,,,,,,,,,,,,,,,,,,,,,,,,,,,,,,,,,
DB,sherwinwilliams,Sherwin Williams 9165 Gossamer Veil,#D3CEC4,0.852615253959788,0.014731804268446511,84.5864857937849,211,206,196,"[211, 206, 196]",0%,2%,7%,17%,"[0%, 2%, 7%, 17%]",82.96,0.49,5.63,"[82.96, 0.49, 5.63]",https://www.google.com/search?tbm=isch&q=sherwinWilliams%20Sherwin%20Williams%209165%20Gossamer%20Veil%20color%20swatch,,,,,,,,,,,,,,,,,,,,,,,,,,,,,,,,,,,,,,,,,,,,
DB,sherwinwilliams,Sherwin Williams 9166 Drift of Mist,#DCD8D0,0.8831587879567967,0.011699098724083954,84.58075250191524,220,216,208,"[220, 216, 208]",0%,2%,5%,14%,"[0%, 2%, 5%, 14%]",86.49,0.37,4.47,"[86.49, 0.37, 4.47]",https://www.google.com/search?tbm=isch&q=sherwinWilliams%20Sherwin%20Williams%209166%20Drift%20of%20Mist%20color%20swatch,,,,,,,,,,,,,,,,,,,,,,,,,,,,,,,,,,,,,,,,,,,,
DB,sherwinwilliams,Sherwin Williams 9167 Polished Concrete,#9E9793,0.6811751041480086,0.010121342863026232,52.03276596603797,158,151,147,"[158, 151, 147]",0%,4%,7%,38%,"[0%, 4%, 7%, 38%]",62.98,2.11,3.08,"[62.98, 2.11, 3.08]",https://www.google.com/search?tbm=isch&q=sherwinWilliams%20Sherwin%20Williams%209167%20Polished%20Concrete%20color%20swatch,,,,,,,,,,,,,,,,,,,,,,,,,,,,,,,,,,,,,,,,,,,,
DB,sherwinwilliams,Sherwin Williams 9168 Elephant Ear,#988F85,0.6549266816991213,0.018098176108356186,70.42284286874406,152,143,133,"[152, 143, 133]",0%,6%,12%,40%,"[0%, 6%, 12%, 40%]",59.98,2.13,6.60,"[59.98, 2.13, 6.60]",https://www.google.com/search?tbm=isch&q=sherwinWilliams%20Sherwin%20Williams%209168%20Elephant%20Ear%20color%20swatch,,,,,,,,,,,,,,,,,,,,,,,,,,,,,,,,,,,,,,,,,,,,
DB,sherwinwilliams,Sherwin Williams 9169 Chatura Gray,#A09287,0.6690586160849109,0.023121688024229755,60.57275598545391,160,146,135,"[160, 146, 135]",0%,9%,16%,37%,"[0%, 9%, 16%, 37%]",61.56,3.96,7.83,"[61.56, 3.96, 7.83]",https://www.google.com/search?tbm=isch&q=sherwinWilliams%20Sherwin%20Williams%209169%20Chatura%20Gray%20color%20swatch,,,,,,,,,,,,,,,,,,,,,,,,,,,,,,,,,,,,,,,,,,,,
DB,sherwinwilliams,Sherwin Williams 9170 Acier,#9E9991,0.6848304656099627,0.01294400416264085,79.76490595207088,158,153,145,"[158, 153, 145]",0%,3%,8%,38%,"[0%, 3%, 8%, 38%]",63.47,0.80,4.90,"[63.47, 0.80, 4.90]",https://www.google.com/search?tbm=isch&q=sherwinWilliams%20Sherwin%20Williams%209170%20Acier%20color%20swatch,,,,,,,,,,,,,,,,,,,,,,,,,,,,,,,,,,,,,,,,,,,,
DB,sherwinwilliams,Sherwin Williams 9171 Felted Wool,#979083,0.655621602954481,0.020577402891220817,83.05076525005632,151,144,131,"[151, 144, 131]",0%,5%,13%,41%,"[0%, 5%, 13%, 41%]",60.12,0.95,7.91,"[60.12, 0.95, 7.91]",https://www.google.com/search?tbm=isch&q=sherwinWilliams%20Sherwin%20Williams%209171%20Felted%20Wool%20color%20swatch,,,,,,,,,,,,,,,,,,,,,,,,,,,,,,,,,,,,,,,,,,,,
DB,sherwinwilliams,Sherwin Williams 9172 Studio Clay,#958D7F,0.6463184833414979,0.022445026836724728,81.74688548635066,149,141,127,"[149, 141, 127]",0%,5%,15%,42%,"[0%, 5%, 15%, 42%]",59.04,1.23,8.62,"[59.04, 1.23, 8.62]",https://www.google.com/search?tbm=isch&q=sherwinWilliams%20Sherwin%20Williams%209172%20Studio%20Clay%20color%20swatch,,,,,,,,,,,,,,,,,,,,,,,,,,,,,,,,,,,,,,,,,,,,
DB,sherwinwilliams,Sherwin Williams 9173 Shiitake,#C8BCAB,0.800481997119743,0.027090832411673777,76.7493043074233,200,188,171,"[200, 188, 171]",0%,6%,15%,22%,"[0%, 6%, 15%, 22%]",76.90,2.26,10.24,"[76.90, 2.26, 10.24]",https://www.google.com/search?tbm=isch&q=sherwinWilliams%20Sherwin%20Williams%209173%20Shiitake%20color%20swatch,,,,,,,,,,,,,,,,,,,,,,,,,,,,,,,,,,,,,,,,,,,,
DB,sherwinwilliams,Sherwin Williams 9174 Moth Wing,#A0907F,0.6627479862291951,0.031077315389646518,68.94829348132134,160,144,127,"[160, 144, 127]",0%,10%,21%,37%,"[0%, 10%, 21%, 37%]",60.87,4.06,11.36,"[60.87, 4.06, 11.36]",https://www.google.com/search?tbm=isch&q=sherwinWilliams%20Sherwin%20Williams%209174%20Moth%20Wing%20color%20swatch,,,,,,,,,,,,,,,,,,,,,,,,,,,,,,,,,,,,,,,,,,,,
DB,sherwinwilliams,Sherwin Williams 9175 Deep Forest Brown,#393437,0.3313297643116525,0.008695960815339066,340.8196577935398,57,52,55,"[57, 52, 55]",0%,9%,4%,78%,"[0%, 9%, 4%, 78%]",22.32,2.78,-1.06,"[22.32, 2.78, -1.06]",https://www.google.com/search?tbm=isch&q=sherwinWilliams%20Sherwin%20Williams%209175%20Deep%20Forest%20Brown%20color%20swatch,,,,,,,,,,,,,,,,,,,,,,,,,,,,,,,,,,,,,,,,,,,,
DB,sherwinwilliams,Sherwin Williams 9176 Dress Blues,#2B4360,0.37703907691060945,0.058325105771337184,253.8254329261904,43,67,96,"[43, 67, 96]",55%,30%,0%,62%,"[55%, 30%, 0%, 62%]",27.49,-2.41,-20.33,"[27.49, -2.41, -20.33]",https://www.google.com/search?tbm=isch&q=sherwinWilliams%20Sherwin%20Williams%209176%20Dress%20Blues%20color%20swatch,,,,,,,,,,,,,,,,,,,,,,,,,,,,,,,,,,,,,,,,,,,,
DB,sherwinwilliams,Sherwin Williams 9177 Salty Dog,#234058,0.36019813792112887,0.05456951836787457,245.0981137020184,35,64,88,"[35, 64, 88]",60%,27%,0%,65%,"[60%, 27%, 0%, 65%]",25.69,-5.12,-18.01,"[25.69, -5.12, -18.01]",https://www.google.com/search?tbm=isch&q=sherwinWilliams%20Sherwin%20Williams%209177%20Salty%20Dog%20color%20swatch,,,,,,,,,,,,,,,,,,,,,,,,,,,,,,,,,,,,,,,,,,,,
DB,sherwinwilliams,Sherwin Williams 9178 In the Navy,#283849,0.3343585304939565,0.03681162727660361,250.47145376357366,40,56,73,"[40, 56, 73]",45%,23%,0%,71%,"[45%, 23%, 0%, 71%]",22.69,-2.79,-12.73,"[22.69, -2.79, -12.73]",https://www.google.com/search?tbm=isch&q=sherwinWilliams%20Sherwin%20Williams%209178%20In%20the%20Navy%20color%20swatch,,,,,,,,,,,,,,,,,,,,,,,,,,,,,,,,,,,,,,,,,,,,
DB,sherwinwilliams,Sherwin Williams 9179 Anchors Aweigh,#2B3441,0.3222621247673372,0.026331289875341717,257.5259619953906,43,52,65,"[43, 52, 65]",34%,20%,0%,75%,"[34%, 20%, 0%, 75%]",21.28,-1.16,-9.50,"[21.28, -1.16, -9.50]",https://www.google.com/search?tbm=isch&q=sherwinWilliams%20Sherwin%20Williams%209179%20Anchors%20Aweigh%20color%20swatch,,,,,,,,,,,,,,,,,,,,,,,,,,,,,,,,,,,,,,,,,,,,
DB,sherwinwilliams,Sherwin Williams 9180 Aged White,#E8DECD,0.9039710097537681,0.025268530416589205,81.12046246917635,232,222,205,"[232, 222, 205]",0%,4%,12%,9%,"[0%, 4%, 12%, 9%]",88.93,1.43,9.65,"[88.93, 1.43, 9.65]",https://www.google.com/search?tbm=isch&q=sherwinWilliams%20Sherwin%20Williams%209180%20Aged%20White%20color%20swatch,,,,,,,,,,,,,,,,,,,,,,,,,,,,,,,,,,,,,,,,,,,,
DB,sherwinwilliams,Sherwin Williams 9182 Rojo Marrón,#4B3029,0.33958610237197884,0.041738079952314364,35.16586288433655,75,48,41,"[75, 48, 41]",0%,36%,45%,71%,"[0%, 36%, 45%, 71%]",23.06,11.95,9.78,"[23.06, 11.95, 9.78]",https://www.google.com/search?tbm=isch&q=sherwinWilliams%20Sherwin%20Williams%209182%20Rojo%20Marr%C3%B3n%20color%20swatch,,,,,,,,,,,,,,,,,,,,,,,,,,,,,,,,,,,,,,,,,,,,
DB,sherwinwilliams,Sherwin Williams 9183 Dark Clove,#4C3D31,0.37243513365346104,0.028848003134520198,60.403984199776914,76,61,49,"[76, 61, 49]",0%,20%,36%,70%,"[0%, 20%, 36%, 70%]",27.13,5.25,10.02,"[27.13, 5.25, 10.02]",https://www.google.com/search?tbm=isch&q=sherwinWilliams%20Sherwin%20Williams%209183%20Dark%20Clove%20color%20swatch,,,,,,,,,,,,,,,,,,,,,,,,,,,,,,,,,,,,,,,,,,,,
DB,sherwinwilliams,Sherwin Williams 9184 Foxhall Green,#454B40,0.40374410544198003,0.019616195706370267,130.73536218517228,69,75,64,"[69, 75, 64]",8%,0%,15%,71%,"[8%, 0%, 15%, 71%]",31.06,-4.31,5.71,"[31.06, -4.31, 5.71]",https://www.google.com/search?tbm=isch&q=sherwinWilliams%20Sherwin%20Williams%209184%20Foxhall%20Green%20color%20swatch,,,,,,,,,,,,,,,,,,,,,,,,,,,,,,,,,,,,,,,,,,,,
DB,sherwinwilliams,Sherwin Williams 9185 Marea Baja,#2E5464,0.4245477997571844,0.050781949521342386,227.17304312472788,46,84,100,"[46, 84, 100]",54%,16%,0%,61%,"[54%, 16%, 0%, 61%]",33.43,-10.30,-13.75,"[33.43, -10.30, -13.75]",https://www.google.com/search?tbm=isch&q=sherwinWilliams%20Sherwin%20Williams%209185%20Marea%20Baja%20color%20swatch,,,,,,,,,,,,,,,,,,,,,,,,,,,,,,,,,,,,,,,,,,,,
DB,sherwinwilliams,Sherwin Williams 9186 Caramelized,#C29871,0.7094718534691431,0.07321961101445901,64.08813029733352,194,152,113,"[194, 152, 113]",0%,22%,42%,24%,"[0%, 22%, 42%, 24%]",66.15,12.43,26.86,"[66.15, 12.43, 26.86]",https://www.google.com/search?tbm=isch&q=sherwinWilliams%20Sherwin%20Williams%209186%20Caramelized%20color%20swatch,,,,,,,,,,,,,,,,,,,,,,,,,,,,,,,,,,,,,,,,,,,,